id_partido,fecha,liga,temporada,equipo_home,rival_home,es_local_home,goles_favor_home,goles_contra_home,xg_favor_home,xg_contra_home,xg_favor_roll_5_home,xg_contra_roll_5_home,xg_diff_roll_5_home,xg_favor_roll_10_home,xg_contra_roll_10_home,xg_diff_roll_10_home,conversion_ratio_10_home,equipo_away,rival_away,es_local_away,goles_favor_away,goles_contra_away,xg_favor_away,xg_contra_away,xg_favor_roll_5_away,xg_contra_roll_5_away,xg_diff_roll_5_away,xg_favor_roll_10_away,xg_contra_roll_10_away,xg_diff_roll_10_away,conversion_ratio_10_away,cuota_home,cuota_draw,cuota_away
20210814_Chelsea_Crystal Palace,2021-08-14 14:00:00,ENG-Premier League,2122,Chelsea,Crystal Palace,1,3,0,1.18709,0.321701,,,,,,,,Crystal Palace,Chelsea,0,0,3,0.321701,1.18709,,,,,,,,1.3473684210526315,5.2,12.465789473684211
20210814_Everton_Southampton,2021-08-14 14:00:00,ENG-Premier League,2122,Everton,Southampton,1,3,1,2.38863,0.580601,,,,,,,,Southampton,Everton,0,1,3,0.580601,2.38863,,,,,,,,2.9257894736842105,3.392631578947368,3.488421052631579
20210815_Newcastle United_West Ham,2021-08-15 13:00:00,ENG-Premier League,2122,Newcastle United,West Ham,1,2,4,1.67926,3.00939,,,,,,,,West Ham,Newcastle United,0,4,2,3.00939,1.67926,,,,,,,,2.312105263157895,3.3131578947368423,3.8242105263157895
20210815_Tottenham_Manchester City,2021-08-15 15:30:00,ENG-Premier League,2122,Tottenham,Manchester City,1,1,0,1.06014,2.10585,,,,,,,,Manchester City,Tottenham,0,0,1,2.10585,1.06014,,,,,,,,1.9742105263157894,3.488421052631579,5.1147368421052635
20210821_Liverpool_Burnley,2021-08-21 11:30:00,ENG-Premier League,2122,Liverpool,Burnley,1,2,0,2.63945,0.690464,,,,,,,,Burnley,Liverpool,0,0,2,0.690464,2.63945,,,,,,,,1.6636842105263157,3.8426315789473686,7.0
20210821_Aston Villa_Newcastle United,2021-08-21 14:00:00,ENG-Premier League,2122,Aston Villa,Newcastle United,1,2,0,1.18426,0.63163,,,,,,,,Newcastle United,Aston Villa,0,0,2,0.63163,1.18426,,,,,,,,2.789473684210526,3.3342105263157897,3.226842105263158
20210822_Arsenal_Chelsea,2021-08-22 15:30:00,ENG-Premier League,2122,Arsenal,Chelsea,1,0,2,0.630099,3.64132,,,,,,,,Chelsea,Arsenal,0,2,0,3.64132,0.630099,,,,,,,,1.54,4.433684210526316,8.544736842105262
20210823_West Ham_Leicester,2021-08-23 19:00:00,ENG-Premier League,2122,West Ham,Leicester,1,4,1,2.28613,0.62676,,,,,,,,Leicester,West Ham,0,1,4,0.62676,2.28613,,,,,,,,3.0710526315789473,3.3394736842105264,3.0805263157894736
20210828_Newcastle United_Southampton,2021-08-28 14:00:00,ENG-Premier League,2122,Newcastle United,Southampton,1,2,2,1.19077,3.46036,,,,,,,,Southampton,Newcastle United,0,2,2,3.46036,1.19077,,,,,,,,2.312105263157895,3.3131578947368423,3.8242105263157895
20210828_Aston Villa_Brentford,2021-08-28 14:00:00,ENG-Premier League,2122,Aston Villa,Brentford,1,1,1,0.431464,1.13312,,,,,,,,Brentford,Aston Villa,0,1,1,1.13312,0.431464,,,,,,,,2.789473684210526,3.3342105263157897,3.226842105263158
20210828_West Ham_Crystal Palace,2021-08-28 14:00:00,ENG-Premier League,2122,West Ham,Crystal Palace,1,2,2,1.44748,1.67658,,,,,,,,Crystal Palace,West Ham,0,2,2,1.67658,1.44748,,,,,,,,3.0710526315789473,3.3394736842105264,3.0805263157894736
20210828_Liverpool_Chelsea,2021-08-28 16:30:00,ENG-Premier League,2122,Liverpool,Chelsea,1,1,1,2.08462,0.573638,,,,,,,,Chelsea,Liverpool,0,1,1,0.573638,2.08462,,,,,,,,1.6636842105263157,3.8426315789473686,7.0
20210829_Tottenham_Watford,2021-08-29 13:00:00,ENG-Premier League,2122,Tottenham,Watford,1,1,0,0.920963,0.596016,,,,,,,,Watford,Tottenham,0,0,1,0.596016,0.920963,,,,,,,,1.9742105263157894,3.488421052631579,5.1147368421052635
20210911_Arsenal_Norwich,2021-09-11 14:00:00,ENG-Premier League,2122,Arsenal,Norwich,1,1,0,2.68515,0.577292,0.5902513333333334,3.334076666666667,-2.7438253333333336,0.5902513333333334,3.334076666666667,-2.7438253333333336,0.0,Norwich,Arsenal,0,0,1,0.577292,2.68515,0.9330496,1.8334233333333332,-0.9003737333333335,0.9330496,1.8334233333333332,-0.9003737333333335,0.3572501853056711,1.54,4.433684210526316,8.544736842105262
20210911_Chelsea_Aston Villa,2021-09-11 16:30:00,ENG-Premier League,2122,Chelsea,Aston Villa,1,3,0,1.22153,1.17349,1.8006826666666669,1.01214,0.7885426666666666,1.8006826666666669,1.01214,0.7885426666666666,1.1106878156435938,Aston Villa,Chelsea,0,0,3,1.17349,1.22153,0.9176346666666668,1.03837,-0.1207353333333333,0.9176346666666668,1.03837,-0.1207353333333333,1.8162572459582824,1.3473684210526315,5.2,12.465789473684211
20210913_Everton_Burnley,2021-09-13 19:00:00,ENG-Premier League,2122,Everton,Burnley,1,3,1,1.80386,1.82061,1.93148,0.7494386666666667,1.1820413333333333,1.93148,0.7494386666666667,1.1820413333333333,1.2080525330272935,Burnley,Everton,0,1,3,1.82061,1.80386,1.398988,1.94851,-0.5495220000000001,1.398988,1.94851,-0.5495220000000001,0.4765338074527029,2.9257894736842105,3.392631578947368,3.488421052631579
20210917_Newcastle United_Leeds,2021-09-17 19:00:00,ENG-Premier League,2122,Newcastle United,Leeds,1,1,1,1.17668,1.42995,1.0309255,2.6068175,-1.575892,1.0309255,2.6068175,-1.575892,1.2124998060000312,Leeds,Newcastle United,0,1,1,1.42995,1.17668,0.92693225,2.4030575,-1.47612525,0.92693225,2.4030575,-1.47612525,1.0788245882463678,2.312105263157895,3.3131578947368423,3.8242105263157895
20210918_Liverpool_Crystal Palace,2021-09-18 14:00:00,ENG-Premier League,2122,Liverpool,Crystal Palace,1,3,0,2.76793,0.644168,2.7282375,0.812479,1.9157585,2.7282375,0.812479,1.9157585,0.824707503738674,Crystal Palace,Liverpool,0,0,3,0.644168,2.76793,1.3745785,0.8561434,0.5184351000000001,1.3745785,0.8561434,0.5184351000000001,0.9093680183270392,1.6636842105263157,3.8426315789473686,7.0
20210918_Aston Villa_Everton,2021-09-18 16:30:00,ENG-Premier League,2122,Aston Villa,Everton,1,3,0,0.777716,0.755035,0.9815985,1.08416,-0.1025614999999999,0.9815985,1.08416,-0.1025614999999999,1.273429835544177,Everton,Aston Villa,0,0,3,0.755035,0.777716,1.899575,1.0172315,0.8823435,1.899575,1.0172315,0.8823435,1.316082128789165,2.789473684210526,3.3342105263157897,3.226842105263158
20210919_West Ham_Manchester United,2021-09-19 13:00:00,ENG-Premier League,2122,West Ham,Manchester United,1,1,2,1.6671,1.8954,1.86710175,1.16868375,0.698418,1.86710175,1.16868375,0.698418,1.33897183298683,Manchester United,West Ham,0,2,1,1.8954,1.6671,1.90538825,0.893415,1.01197325,1.90538825,0.893415,1.01197325,1.4432735122703837,3.0710526315789473,3.3394736842105264,3.0805263157894736
20210919_Tottenham_Chelsea,2021-09-19 15:30:00,ENG-Premier League,2122,Tottenham,Chelsea,1,0,3,0.70567,2.5869,0.9462569,1.776714,-0.8304571000000002,0.9462569,1.776714,-0.8304571000000002,0.7925945042131154,Chelsea,Tottenham,0,3,0,2.5869,0.70567,1.6558945,1.0524775,0.6034170000000001,1.6558945,1.0524775,0.6034170000000001,1.358780165674556,1.9742105263157894,3.488421052631579,5.1147368421052635
20210925_Chelsea_Manchester City,2021-09-25 11:30:00,ENG-Premier League,2122,Chelsea,Manchester City,1,0,1,0.194202,1.69244,1.8420956,0.983116,0.8589795999999998,1.8420956,0.983116,0.8589795999999998,1.302862562765404,Manchester City,Chelsea,0,1,0,1.69244,0.194202,2.59859,0.49859536,2.09999464,2.59859,0.49859536,2.09999464,0.8466123192867522,1.3473684210526315,5.2,12.465789473684211
20210925_Everton_Norwich,2021-09-25 14:00:00,ENG-Premier League,2122,Everton,Norwich,1,2,0,2.26681,0.800903,1.670667,0.9693284,0.7013385999999999,1.670667,0.9693284,0.7013385999999999,1.1971252234883152,Norwich,Everton,0,0,2,0.800903,2.26681,0.83182116,2.122058,-1.29023684,0.83182116,2.122058,-1.29023684,0.4808714390688521,2.9257894736842105,3.392631578947368,3.488421052631579
20210926_Arsenal_Tottenham,2021-09-26 15:30:00,ENG-Premier League,2122,Arsenal,Tottenham,1,3,1,1.44499,0.980166,1.1110368000000002,2.2710192,-1.1599824,1.1110368000000002,2.2710192,-1.1599824,0.3600234303248455,Tottenham,Arsenal,0,1,3,0.980166,1.44499,0.89813952,1.9387512,-1.04061168,0.89813952,1.9387512,-1.04061168,0.6680461671563743,1.54,4.433684210526316,8.544736842105262
20211002_Chelsea_Southampton,2021-10-02 14:00:00,ENG-Premier League,2122,Chelsea,Southampton,1,3,1,3.79243,1.52634,1.6435179999999998,1.2572638,0.3862541999999997,1.5674466666666664,1.1013366666666666,0.4661099999999998,1.2759591225229117,Southampton,Chelsea,0,1,3,1.52634,3.79243,1.2280572,1.26245,-0.0343928,1.1201478333333337,1.4501466666666667,-0.3299988333333332,0.5951586521858615,1.3473684210526315,5.2,12.465789473684211
20211003_West Ham_Brentford,2021-10-03 13:00:00,ENG-Premier League,2122,West Ham,Brentford,1,1,2,1.37258,1.30098,1.6231474,1.217515,0.4056324,1.8541878333333333,1.2944725,0.5597153333333331,1.1685249359176433,Brentford,West Ham,0,2,1,1.30098,1.37258,1.568667,0.9212398,0.6474272,1.6219191666666666,0.9383415,0.6835776666666666,0.8220705387901691,3.0710526315789473,3.3394736842105264,3.0805263157894736
20211003_Tottenham_Aston Villa,2021-10-03 13:00:00,ENG-Premier League,2122,Tottenham,Aston Villa,1,2,1,1.78187,1.07395,0.88214472,1.8065792,-0.9244344799999998,0.9118106,1.8564576666666663,-0.9446470666666666,0.731144656677866,Aston Villa,Tottenham,0,1,2,1.07395,1.78187,1.027884,1.133283,-0.105399,1.0461,1.1694625,-0.1233625,1.4338950484417543,1.9742105263157894,3.488421052631579,5.1147368421052635
20211003_Liverpool_Manchester City,2021-10-03 15:30:00,ENG-Premier League,2122,Liverpool,Manchester City,1,2,2,0.949368,1.04319,2.830192,1.1002728000000002,1.7299191999999997,2.6563733333333333,1.1391106666666666,1.5172626666666666,0.941132182014964,Manchester City,Liverpool,0,2,2,1.04319,0.949368,2.515908,0.32540776,2.19050024,2.447565,0.4478631333333334,1.9997018666666664,0.8171381099595517,1.6636842105263157,3.8426315789473686,7.0
20211016_Aston Villa_Wolverhampton Wanderers,2021-10-16 14:00:00,ENG-Premier League,2122,Aston Villa,Wolverhampton Wanderers,1,2,3,1.21276,2.19633,1.005822,1.363331,-0.3575090000000001,1.0500785714285714,1.256949285714286,-0.2068707142857144,1.3604405650725933,Wolverhampton Wanderers,Aston Villa,0,3,2,2.19633,1.21276,1.4892906,1.0462918,0.4429987999999998,1.4692661428571427,1.0894144285714285,0.3798517142857143,0.4861508742013635,2.789473684210526,3.3342105263157897,3.226842105263158
20211017_Everton_West Ham,2021-10-17 13:00:00,ENG-Premier League,2122,Everton,West Ham,1,0,1,0.854165,2.03034,1.5392990000000002,1.0300902,0.5092088000000001,1.7060364285714285,0.956735,0.7493014285714285,1.0885707192061138,West Ham,Everton,0,1,0,2.03034,0.854165,1.4404374,1.352359,0.0880784000000001,1.7853867142857145,1.2954021428571427,0.4899845714285715,1.1202045941670786,2.9257894736842105,3.392631578947368,3.488421052631579
20211017_Newcastle United_Tottenham,2021-10-17 15:30:00,ENG-Premier League,2122,Newcastle United,Tottenham,1,2,3,0.645658,1.55008,1.2756178000000002,1.9452242,-0.6696063999999999,1.2412827142857144,1.9885387142857145,-0.7472560000000001,0.9207055044033317,Tottenham,Newcastle United,0,3,2,1.55008,0.645658,0.8932467200000002,1.7191151999999998,-0.8258684799999997,1.0361048,1.744670857142857,-0.7085660571428571,0.8272731439175652,2.312105263157895,3.3131578947368423,3.8242105263157895
20211018_Arsenal_Crystal Palace,2021-10-18 19:00:00,ENG-Premier League,2122,Arsenal,Crystal Palace,1,2,2,1.7436,0.492239,1.142107,1.5842544,-0.4421474000000001,1.052069142857143,1.921538857142857,-0.8694697142857144,0.6789332709076822,Crystal Palace,Arsenal,0,2,2,0.492239,1.7436,1.5506256,1.1971521199999997,0.3534734800000003,1.240163142857143,1.126469942857143,0.1136931999999997,0.9215366808460445,1.54,4.433684210526316,8.544736842105262
20211022_Arsenal_Aston Villa,2021-10-22 19:00:00,ENG-Premier League,2122,Arsenal,Aston Villa,1,3,1,3.4984,1.41088,1.467466,0.7881562,0.6793098,1.1385105,1.742876375,-0.604365875,0.7685471845152235,Aston Villa,Arsenal,0,1,3,1.41088,3.4984,1.1620812,1.575973,-0.4138918,1.07041375,1.374371875,-0.3039581250000001,1.401325654068749,1.54,4.433684210526316,8.544736842105262
20211023_Chelsea_Norwich,2021-10-23 11:30:00,ENG-Premier League,2122,Chelsea,Norwich,1,7,0,3.10509,0.267429,1.6086636,1.343926,0.2647375999999999,1.68067075,1.21950625,0.4611645,1.1900001904000306,Norwich,Chelsea,0,0,7,0.267429,3.10509,0.7990714000000001,1.827455,-1.0283835999999995,0.849313225,1.829693125,-0.9803799,0.2943550444021339,1.3473684210526315,5.2,12.465789473684211
20211023_Everton_Watford,2021-10-23 14:00:00,ENG-Premier League,2122,Everton,Watford,1,2,5,1.84089,3.10344,1.400396,1.2958338,0.1045621999999999,1.5995525,1.090935625,0.508616875,1.0159083431863418,Watford,Everton,0,5,2,3.10344,1.84089,0.8018867999999999,2.218935,-1.4170482000000002,0.79537925,1.86647225,-1.071093,1.100102403818047,2.9257894736842105,3.392631578947368,3.488421052631579
20211024_West Ham_Tottenham,2021-10-24 13:00:00,ENG-Premier League,2122,West Ham,Tottenham,1,1,0,1.73468,0.672198,1.5570094,1.187876,0.3691333999999999,1.816005875,1.2402475,0.5757583750000002,1.0324849358727048,Tottenham,West Ham,0,0,1,0.672198,1.73468,1.01907012,1.7290436,-0.7099734800000002,1.1003517,1.60729425,-0.50694255,1.022399221995088,3.0710526315789473,3.3394736842105264,3.0805263157894736
20211030_Newcastle United_Chelsea,2021-10-30 14:00:00,ENG-Premier League,2122,Newcastle United,Chelsea,1,0,3,0.157616,2.16608,1.1865496,1.4596922,-0.2731425999999999,1.1173833333333334,1.9695256666666667,-0.8521423333333333,1.0938242681818453,Chelsea,Newcastle United,0,3,0,2.16608,0.157616,1.9853756,1.1627138,0.8226617999999999,1.838939555555556,1.1137198888888888,0.7252196666666668,1.3896889670659425,2.312105263157895,3.3131578947368423,3.8242105263157895
20211030_Liverpool_Brighton,2021-10-30 14:00:00,ENG-Premier League,2122,Liverpool,Brighton,1,2,2,1.39778,1.51032,2.7355676,1.257216,1.4783516,2.7323097777777776,1.0595551111111112,1.6727546666666664,1.0979716884340232,Brighton,Liverpool,0,2,2,1.51032,1.39778,1.1169352,1.544208,-0.4272727999999999,1.1153844444444443,1.3558011111111112,-0.2404166666666667,0.896550968424471,1.6636842105263157,3.8426315789473686,7.0
20211030_Tottenham_Manchester United,2021-10-30 16:30:00,ENG-Premier League,2122,Tottenham,Manchester United,1,0,3,1.15787,1.38612,1.1379968,1.4972355999999998,-0.3592387999999997,1.0527790666666668,1.6214482222222222,-0.5686691555555554,0.9498659084851058,Manchester United,Tottenham,0,3,0,1.38612,1.15787,1.450176,2.315092,-0.864916,1.6524925555555556,1.6832355555555556,-0.0307429999999999,1.0758151838268937,1.9742105263157894,3.488421052631579,5.1147368421052635
20211031_Aston Villa_West Ham,2021-10-31 16:30:00,ENG-Premier League,2122,Aston Villa,West Ham,1,1,4,0.687551,2.66391,1.2095592,2.031347,-0.8217878000000003,1.1082433333333332,1.610375,-0.5021316666666669,1.3033626757033143,West Ham,Aston Villa,0,4,1,2.66391,0.687551,1.7588639999999998,1.1838886,0.5749753999999998,1.8069696666666664,1.1771308888888887,0.6298387777777776,0.983844232369988,2.789473684210526,3.3342105263157897,3.226842105263158
20211106_Chelsea_Burnley,2021-11-06 15:00:00,ENG-Premier League,2122,Chelsea,Burnley,1,1,1,3.00585,0.674072,1.9012116000000003,1.053103,0.8481086000000004,1.8716536,1.0181095,0.8535441000000001,1.389145198050965,Burnley,Chelsea,0,1,1,0.674072,3.00585,1.0985972,1.4506098,-0.3520126000000001,1.2286134,1.6001719,-0.3715585000000001,0.8139250199248845,1.3473684210526315,5.2,12.465789473684211
20211107_Everton_Tottenham,2021-11-07 14:00:00,ENG-Premier League,2122,Everton,Tottenham,1,0,0,0.597906,0.801798,1.596329,1.7355446,-0.1392156000000002,1.633498,1.3524365,0.2810615000000001,0.9794924882108896,Tottenham,Everton,0,0,0,0.801798,0.597906,1.2284368,1.2570795999999995,-0.0286427999999998,1.06328816,1.5979154,-0.5346272400000001,0.8464301469978308,2.9257894736842105,3.392631578947368,3.488421052631579
20211107_Arsenal_Watford,2021-11-07 14:00:00,ENG-Premier League,2122,Arsenal,Watford,1,1,0,1.49208,0.491659,1.630836,1.197361,0.4334749999999998,1.3709364000000002,1.7341901,-0.3632536999999998,0.8753134898792607,Watford,Arsenal,0,0,1,0.491659,1.49208,1.0710305999999998,2.30025,-1.2292194000000003,1.031903,1.8680238,-0.8361208,1.1628988743138895,1.54,4.433684210526316,8.544736842105262
20211107_West Ham_Liverpool,2021-11-07 16:30:00,ENG-Premier League,2122,West Ham,Liverpool,1,3,2,1.25298,1.45641,1.958226,0.9423188,1.0159072000000002,1.8926637,1.1281729,0.7644907999999999,1.0567112072201696,Liverpool,West Ham,0,2,3,1.45641,1.25298,2.4615376,1.4304464,1.0310911999999997,2.5988568,1.1046316,1.4942252,1.1158748277801116,3.0710526315789473,3.3394736842105264,3.0805263157894736
20211120_Aston Villa_Brighton,2021-11-20 15:00:00,ENG-Premier League,2122,Aston Villa,Brighton,1,2,0,1.06946,0.582787,0.9842436,2.207738,-1.2234944,1.0060638,1.6705105,-0.6644467000000001,1.1927661120834363,Brighton,Aston Villa,0,0,2,0.582787,1.06946,1.2804560000000005,1.3448102,-0.0643541999999997,1.129471,1.2031831,-0.0737120999999998,0.8853694469628287,2.789473684210526,3.3342105263157897,3.226842105263158
20211120_Newcastle United_Brentford,2021-11-20 15:00:00,ENG-Premier League,2122,Newcastle United,Brentford,1,3,3,2.18388,1.23275,0.523525,1.712352,-1.188827,0.8762127000000002,1.8313651,-0.9551523999999998,1.141274097859917,Brentford,Newcastle United,0,3,3,1.23275,2.18388,1.5434324,1.3020712,0.2413612,1.5560497,1.1116555,0.4443942000000001,0.7069178401449259,2.312105263157895,3.3131578947368423,3.8242105263157895
20211120_Liverpool_Arsenal,2021-11-20 17:30:00,ENG-Premier League,2122,Liverpool,Arsenal,1,4,0,3.97374,0.268025,2.3013476,1.0929264,1.2084211999999996,2.5657698,1.0965996,1.4691702,1.0912899936346614,Arsenal,Liverpool,0,0,4,0.268025,3.97374,1.640254,1.0996596,0.5405944,1.4177594,1.594538,-0.1767786,0.916939138658408,1.6636842105263157,3.8426315789473686,7.0
20211121_Tottenham_Leeds,2021-11-21 16:30:00,ENG-Premier League,2122,Tottenham,Leeds,1,2,1,2.31744,1.46689,1.1927632,1.0876628,0.1051003999999999,1.03745396,1.447121,-0.40966704,0.7711178131530646,Leeds,Tottenham,0,1,2,1.46689,2.31744,1.3734486,0.8678874000000001,0.5055612,1.263328,1.5475487,-0.2842207000000001,0.7915594433437371,1.9742105263157894,3.488421052631579,5.1147368421052635
20211127_Arsenal_Newcastle United,2021-11-27 12:30:00,ENG-Premier League,2122,Arsenal,Newcastle United,1,2,0,2.84493,0.185383,1.6209970000000002,1.6713055999999995,-0.0503085999999994,1.381552,1.62778,-0.2462279999999999,0.9409700532661432,Newcastle United,Arsenal,0,0,2,0.185383,2.84493,0.7872576,1.727204,-0.9399464,1.0314377,1.8362141,-0.8047763999999997,1.260375434817406,1.54,4.433684210526316,8.544736842105262
20211127_Liverpool_Southampton,2021-11-27 15:00:00,ENG-Premier League,2122,Liverpool,Southampton,1,4,0,3.07278,0.966132,2.906222,0.9378934,1.9683286,2.6991988,1.0543557,1.6448431,1.1114405091464514,Southampton,Liverpool,0,0,4,0.966132,3.07278,1.438684,0.5891561999999999,0.8495277999999999,1.427252,1.0788730999999998,0.3483789000000001,0.6305819640946629,1.6636842105263157,3.8426315789473686,7.0
20211128_Chelsea_Manchester United,2021-11-28 16:30:00,ENG-Premier League,2122,Chelsea,Manchester United,1,1,1,2.34525,0.563367,2.2194112,0.6440622,1.575349,1.9465756000000003,1.0402871,0.9062885000000004,1.284305996486344,Manchester United,Chelsea,0,1,1,0.563367,2.34525,1.2388802,2.589516,-1.3506357999999998,1.4781844000000002,1.9927072,-0.5145227999999997,0.9471071761363627,1.3473684210526315,5.2,12.465789473684211
20211130_Newcastle United_Norwich,2021-11-30 19:30:00,ENG-Premier League,2122,Newcastle United,Norwich,1,1,1,1.15636,1.51084,0.6952025999999999,1.986174,-1.2909713999999997,0.930899,1.7746711000000002,-0.8437721000000002,1.1816521645719198,Norwich,Newcastle United,0,1,1,1.51084,1.15636,0.7859532,1.6988534000000002,-0.9129002000000002,0.7925123,1.7631542,-0.9706419,0.7570850861430339,2.312105263157895,3.3131578947368423,3.8242105263157895
20211201_West Ham_Brighton,2021-12-01 19:30:00,ENG-Premier League,2122,West Ham,Brighton,1,1,1,1.14679,1.2607,1.2519328,1.3714118,-0.1194789999999998,1.4044711,1.2796439,0.1248271999999999,0.9968158142835304,Brighton,West Ham,0,1,1,1.2607,1.14679,1.3197634,1.4266299999999998,-0.1068665999999998,1.1301895,1.2010216,-0.0708321,0.7078452703327448,3.0710526315789473,3.3394736842105264,3.0805263157894736
20211201_Aston Villa_Manchester City,2021-12-01 20:15:00,ENG-Premier League,2122,Aston Villa,Manchester City,1,1,2,0.772083,1.01897,0.8316545999999999,1.7210812,-0.8894266000000001,0.9968679,1.6485271,-0.6516592000000001,1.3040832149543435,Manchester City,Aston Villa,0,2,1,1.01897,0.772083,2.321612,0.6836016,1.6380104,2.0475900000000005,0.6929791,1.3546109000000004,0.8302439305505835,2.789473684210526,3.3342105263157897,3.226842105263158
20211201_Everton_Liverpool,2021-12-01 20:15:00,ENG-Premier League,2122,Everton,Liverpool,1,1,4,0.512263,2.86067,1.074287,1.8819656,-0.8076786000000002,1.2373415,1.5888997,-0.3515582000000001,0.727365301038314,Liverpool,Everton,0,4,1,2.86067,0.512263,2.789672,1.0706594,1.7190126,2.7980148,1.0936051,1.7044096999999998,1.1794072070643775,2.9257894736842105,3.392631578947368,3.488421052631579
20211202_Tottenham_Brentford,2021-12-02 19:30:00,ENG-Premier League,2122,Tottenham,Brentford,1,2,0,2.07248,0.225492,1.2998772,1.1662507999999998,0.1336264000000002,1.09656196,1.4426830000000002,-0.3461210400000001,0.8207463071705432,Brentford,Tottenham,0,0,2,0.225492,2.07248,1.4450743999999998,1.608295,-0.1632206000000002,1.6145818000000005,1.3230733,0.2915085000000001,0.867097060615287,1.9742105263157894,3.488421052631579,5.1147368421052635
20211204_West Ham_Chelsea,2021-12-04 12:30:00,ENG-Premier League,2122,West Ham,Chelsea,1,3,2,2.0174,1.37049,1.1343548,1.4891122,-0.3547573999999998,1.4466094000000005,1.3365003999999998,0.1101090000000004,1.0369066889053196,Chelsea,West Ham,0,2,3,1.37049,2.0174,2.1995068,0.5770872,1.6224196,2.0924412,0.8699005,1.2225407,1.146985087568966,3.0710526315789473,3.3394736842105264,3.0805263157894736
20211204_Newcastle United_Burnley,2021-12-04 15:00:00,ENG-Premier League,2122,Newcastle United,Burnley,1,1,0,1.70609,0.604599,0.7821119999999999,1.837166,-1.055054,0.9843308,1.6484291,-0.6640982999999999,1.117509360156809,Burnley,Newcastle United,0,0,1,0.604599,1.70609,1.0628108,1.5451826,-0.4823717999999999,1.0001019000000002,1.562212,-0.5621100999999997,1.199876532704785,2.312105263157895,3.3131578947368423,3.8242105263157895
20211205_Tottenham_Norwich,2021-12-05 14:00:00,ENG-Premier League,2122,Tottenham,Norwich,1,3,0,2.00668,1.06562,1.4043572000000002,1.0822176,0.3221396000000003,1.2117136599999998,1.4056305999999998,-0.19391694,0.8252768023785403,Norwich,Tottenham,0,0,3,1.06562,2.00668,1.0346354,1.3091073999999998,-0.2744719999999998,0.8858670999999999,1.6102751999999998,-0.7244080999999999,0.7901853560366381,1.9742105263157894,3.488421052631579,5.1147368421052635
20211205_Aston Villa_Leicester,2021-12-05 16:30:00,ENG-Premier League,2122,Aston Villa,Leicester,1,2,1,1.84818,0.982614,0.7038952,1.2251952,-0.5212999999999999,0.9567272,1.6282711,-0.6715439,1.4633205125551856,Leicester,Aston Villa,0,1,2,0.982614,1.84818,1.3766352000000002,1.9871380000000003,-0.6105028000000001,1.5311106,1.5202066,0.010904,1.1756164606159345,2.789473684210526,3.3342105263157897,3.226842105263158
20211206_Everton_Arsenal,2021-12-06 20:00:00,ENG-Premier League,2122,Everton,Arsenal,1,2,1,1.06108,1.05723,0.8085616,1.8334116000000005,-1.0248500000000005,1.1081818,1.6929057,-0.5847239,0.6316647397884176,Arsenal,Everton,0,1,2,1.05723,1.06108,1.3748590000000005,1.6989524,-0.3240933999999997,1.5024875,1.3269130999999998,0.1755744000000001,1.064899997570697,2.9257894736842105,3.392631578947368,3.488421052631579
20211211_Chelsea_Leeds,2021-12-11 15:00:00,ENG-Premier League,2122,Chelsea,Leeds,1,3,2,2.74844,1.72934,2.0403888,0.949044,1.0913447999999997,1.9708002,1.0010735,0.9697267,1.1670380553857995,Leeds,Chelsea,0,2,3,1.72934,2.74844,1.5395978,1.3849259999999997,0.1546718000000002,1.3796422,1.2458395,0.1338026999999999,0.7248250852104371,1.3473684210526315,5.2,12.465789473684211
20211211_Arsenal_Southampton,2021-12-11 15:00:00,ENG-Premier League,2122,Arsenal,Southampton,1,3,0,2.08429,0.502215,1.3657290000000002,1.5135664,-0.1478373999999997,1.4982825,1.3554637,0.1428187999999999,1.0678886872878195,Southampton,Arsenal,0,0,3,0.502215,2.08429,1.2499084,1.3947874,-0.1448789999999999,1.3849284,1.3648124,0.020116,0.7220584673846913,1.54,4.433684210526316,8.544736842105262
20211211_Liverpool_Aston Villa,2021-12-11 15:00:00,ENG-Premier League,2122,Liverpool,Aston Villa,1,1,0,2.71181,0.140573,2.757384,0.6189134,2.1384706,2.6094608,1.0246799000000002,1.5847808999999995,1.22630651270695,Aston Villa,Liverpool,0,0,1,0.140573,2.71181,0.936021,0.888936,0.047085,1.0637736,1.651029,-0.5872554000000001,1.2220633957607183,1.6636842105263157,3.8426315789473686,7.0
20211215_Arsenal_West Ham,2021-12-15 20:00:00,ENG-Premier League,2122,Arsenal,West Ham,1,2,0,2.81482,0.338855,1.484171,1.5156775999999998,-0.0315065999999997,1.5622125,1.3076686,0.2545439,1.0241877950741047,West Ham,Arsenal,0,0,2,0.338855,2.81482,0.9542194,1.44402,-0.4898005999999998,1.3825587,1.2191404,0.1634183,1.0849441076577018,1.54,4.433684210526316,8.544736842105262
20211216_Chelsea_Everton,2021-12-16 19:45:00,ENG-Premier League,2122,Chelsea,Everton,1,1,1,3.20239,0.627528,1.9889068,1.1600975999999998,0.8288092000000002,2.226224,1.0047635,1.2214605000000005,1.1678963267414568,Everton,Chelsea,0,1,1,0.627528,3.20239,0.8167743999999999,1.965538,-1.1487636,1.0396613,1.8506308,-0.8109694999999999,0.7694806284694559,1.3473684210526315,5.2,12.465789473684211
20211216_Liverpool_Newcastle United,2021-12-16 20:00:00,ENG-Premier League,2122,Liverpool,Newcastle United,1,3,1,2.93912,0.2064,3.008464,0.396432,2.612032,2.6549058,0.7446792,1.9102266,1.1299831692773548,Newcastle United,Liverpool,0,1,3,0.2064,2.93912,1.1487294,1.6501658,-0.5014363999999998,0.8361272,1.6812589,-0.8451317,1.195988844772847,1.6636842105263157,3.8426315789473686,7.0
20211219_Newcastle United_Manchester City,2021-12-19 14:15:00,ENG-Premier League,2122,Newcastle United,Manchester City,1,0,4,0.174208,3.64686,0.7532334,1.9914398,-1.2382064000000002,0.7702454999999999,1.8593219,-1.0890764,1.298285678675593,Manchester City,Newcastle United,0,4,0,3.64686,0.174208,2.817142,0.3845465799999999,2.43259542,2.512902,0.62461679,1.88828521,1.0346599132557046,2.312105263157895,3.3131578947368423,3.8242105263157895
20211219_Tottenham_Liverpool,2021-12-19 16:30:00,ENG-Premier League,2122,Tottenham,Liverpool,1,2,2,2.79777,1.54944,1.6712536,0.9484056,0.7228479999999999,1.4046252,1.2228206,0.1818045999999999,0.92551313651988,Liverpool,Tottenham,0,2,2,1.54944,2.79777,2.80154,0.384107,2.417433,2.853881,0.6610001999999999,2.1928808,1.0862397253985976,1.9742105263157894,3.488421052631579,5.1147368421052635
20211226_West Ham_Southampton,2021-12-26 15:00:00,ENG-Premier League,2122,West Ham,Southampton,1,2,3,1.53745,1.35643,0.9347242,1.743178,-0.8084537999999999,1.2791862,1.3705244,-0.0913382,1.094444972557574,Southampton,West Ham,0,3,2,1.35643,1.53745,1.069516,1.915362,-0.8458460000000001,1.2540999999999998,1.2522591,0.0018408999999997,0.8771223370366503,3.0710526315789473,3.3394736842105264,3.0805263157894736
20211226_Tottenham_Crystal Palace,2021-12-26 15:00:00,ENG-Premier League,2122,Tottenham,Crystal Palace,1,3,0,2.82148,0.178324,1.9992336,0.9810696,1.018164,1.6138351999999998,1.1190745999999998,0.4947606,0.9294623580757454,Crystal Palace,Tottenham,0,0,3,0.178324,2.82148,1.1562259999999998,1.0414448,0.1147811999999997,1.3979539,0.9626427,0.4353112000000001,1.1445290545496138,1.9742105263157894,3.488421052631579,5.1147368421052635
20211226_Aston Villa_Chelsea,2021-12-26 17:30:00,ENG-Premier League,2122,Aston Villa,Chelsea,1,1,3,0.474029,2.8285,1.0355502,1.235634,-0.2000838,1.0094479,1.6017777,-0.5923297999999999,1.2878314097920165,Chelsea,Aston Villa,0,3,1,2.8285,0.474029,1.8047692,1.1373032,0.6674659999999997,2.2217896,0.7848504000000001,1.4369392,1.0352010671032634,2.789473684210526,3.3342105263157897,3.226842105263158
20211227_Newcastle United_Manchester United,2021-12-27 20:00:00,ENG-Premier League,2122,Newcastle United,Manchester United,1,1,1,1.26586,1.75587,0.7509984000000001,2.1518258,-1.4008274,0.7231004999999999,2.0689999,-1.3458994000000002,1.1063453747502945,Manchester United,Newcastle United,0,1,1,1.75587,1.26586,1.4111646,1.550452,-0.1392873999999999,1.2631884,1.9288020000000003,-0.6656136000000004,1.029140998174937,2.312105263157895,3.3131578947368423,3.8242105263157895
20211229_Chelsea_Brighton,2021-12-29 19:30:00,ENG-Premier League,2122,Chelsea,Brighton,1,1,1,0.763458,0.78663,2.1887544,1.0339336,1.1548207999999998,2.1941306000000003,0.8055104,1.3886202000000003,0.8659462358593258,Brighton,Chelsea,0,1,1,0.78663,0.763458,1.3594845999999998,1.1149518,0.2445327999999997,1.266698,1.300396,-0.0336979999999997,0.6315628258962863,1.3473684210526315,5.2,12.465789473684211
20220101_Arsenal_Manchester City,2022-01-01 12:30:00,ENG-Premier League,2122,Arsenal,Manchester City,1,1,2,0.836949,1.94623,2.504362,0.6740883999999999,1.8302736,1.9396105,1.1865204,0.7530901000000001,1.134247760440686,Manchester City,Arsenal,0,2,1,1.94623,0.836949,2.961164,0.6302137800000001,2.33095022,2.723393,0.57964749,2.14374551,1.1382855363564728,1.54,4.433684210526316,8.544736842105262
20220102_Everton_Brighton,2022-01-02 14:00:00,ENG-Premier League,2122,Everton,Brighton,1,2,3,1.82698,1.48397,0.8889012,2.083412,-1.1945108000000002,0.9702031,2.0659098,-1.0957067,0.824568768571479,Brighton,Everton,0,3,2,1.48397,1.82698,1.1358146000000002,1.0946776,0.0411370000000002,1.227789,1.2606538,-0.0328648,0.7330243771328973,2.9257894736842105,3.392631578947368,3.488421052631579
20220102_Chelsea_Liverpool,2022-01-02 16:30:00,ENG-Premier League,2122,Chelsea,Liverpool,1,2,2,1.389,1.78897,2.067348,0.7877796,1.2795684,2.0538684,0.8684118,1.1854565999999995,0.8277059875374744,Liverpool,Chelsea,0,2,2,1.78897,1.389,2.470102,0.7711604000000001,1.6989415999999995,2.511189,0.8365522000000001,1.6746367999999998,0.9159004296767668,1.3473684210526315,5.2,12.465789473684211
20220112_West Ham_Norwich,2022-01-12 21:45:00,ENG-Premier League,2122,West Ham,Norwich,1,2,0,2.89217,0.343347,1.5894836,1.68512,-0.0956363999999998,1.2972682,1.6554099999999998,-0.3581417999999998,1.310445048722347,Norwich,West Ham,0,0,2,0.343347,2.89217,0.660544,2.2665260000000003,-1.6059820000000002,0.8475897,1.7878167,-0.940227,0.7078888430465319,3.0710526315789473,3.3394736842105264,3.0805263157894736
20220115_Newcastle United_Watford,2022-01-15 15:00:00,ENG-Premier League,2122,Newcastle United,Watford,1,1,1,1.03855,1.49623,0.7728984000000001,2.2008318,-1.4279334,0.7775052,2.0189989,-1.2414937,1.0289307017744682,Watford,Newcastle United,0,1,1,1.49623,1.03855,0.70907,2.3094308,-1.6003607999999998,1.3110765,2.0615904,-0.7505138999999996,1.144097126218702,2.312105263157895,3.3131578947368423,3.8242105263157895
20220115_Aston Villa_Manchester United,2022-01-15 17:30:00,ENG-Premier League,2122,Aston Villa,Manchester United,1,2,2,1.82784,1.35378,1.1127204,1.50538,-0.3926596,0.9083078,1.3652875999999998,-0.4569797999999998,1.3211366002399183,Manchester United,Aston Villa,0,2,2,1.35378,1.82784,1.4601856,0.8970445999999999,0.5631410000000001,1.3533886,1.3930673,-0.0396787,1.0344397503867329,2.789473684210526,3.3342105263157897,3.226842105263158
20220116_Liverpool_Brentford,2022-01-16 14:00:00,ENG-Premier League,2122,Liverpool,Brentford,1,3,0,3.49099,0.376656,2.3432319999999995,1.029927,1.3133049999999995,2.550308,0.8244201999999999,1.7258877999999995,0.9018515011318238,Brentford,Liverpool,0,0,3,0.376656,3.49099,0.8586068000000001,1.0507633999999997,-0.1921565999999995,1.0941286,1.3055182000000003,-0.2113896000000004,1.0967622117160527,1.6636842105263157,3.8426315789473686,7.0
20220116_West Ham_Leeds,2022-01-16 14:00:00,ENG-Premier League,2122,West Ham,Leeds,1,2,3,2.3549,2.26884,1.968155,1.6441874,0.3239676000000002,1.4611872,1.5441037,-0.0829165,1.094999261559873,Leeds,West Ham,0,3,2,2.26884,2.3549,1.3463476,2.3824186,-1.0360709999999995,1.4179317,1.829902,-0.4119703000000001,0.9168277168584942,3.0710526315789473,3.3394736842105264,3.0805263157894736
20220122_Everton_Aston Villa,2022-01-22 12:30:00,ENG-Premier League,2122,Everton,Aston Villa,1,0,1,1.2384,0.860245,1.066435,1.768752,-0.7023169999999999,0.9374983,1.8010818,-0.8635835,0.9600007168005352,Aston Villa,Everton,0,1,0,0.860245,1.2384,1.1086524,1.5796132,-0.4709608,1.0223367,1.2342746,-0.2119378999999999,1.2715954816104305,2.9257894736842105,3.392631578947368,3.488421052631579
20220123_Arsenal_Burnley,2022-01-23 14:00:00,ENG-Premier League,2122,Arsenal,Burnley,1,0,0,1.35507,0.388963,2.4603058,0.8511184,1.6091874,1.9130174,1.1823424,0.730675,1.0977416631225294,Burnley,Arsenal,0,0,0,0.388963,1.35507,0.6360754,1.4532428,-0.8171674,0.9376084,1.6437556,-0.7061472,1.1731964291313632,1.54,4.433684210526316,8.544736842105262
20220123_Chelsea_Tottenham,2022-01-23 16:30:00,ENG-Premier League,2122,Chelsea,Tottenham,1,2,0,1.04212,0.328818,1.2335418,0.9397778,0.2937639999999999,1.5191555,1.0385405,0.4806149999999998,0.9873900417764728,Tottenham,Chelsea,0,0,2,0.328818,1.04212,2.92261,0.8669262,2.0556838,2.2969318000000003,0.9076659,1.3892659000000005,0.7401174296435664,1.3473684210526315,5.2,12.465789473684211
20220208_West Ham_Watford,2022-02-08 19:45:00,ENG-Premier League,2122,West Ham,Watford,1,1,0,0.905143,0.335474,2.1114794,1.6154194,0.4960599999999999,1.6596705,1.5427547,0.1169157999999999,1.0242990856925602,Watford,West Ham,0,0,1,0.335474,0.905143,1.0108138,1.5016054,-0.4907916000000001,1.2399365,1.8105031,-0.5705666,0.88714148898634,3.0710526315789473,3.3394736842105264,3.0805263157894736
20220208_Newcastle United_Everton,2022-02-08 19:45:00,ENG-Premier League,2122,Newcastle United,Everton,1,3,1,2.68732,0.823607,0.7688116,2.1936,-1.4247884,0.9587705,1.9218829,-0.9631124,0.9387012442484992,Everton,Newcastle United,0,1,3,0.823607,2.68732,1.1018990000000002,1.729355,-0.6274559999999998,0.8915713000000001,1.7177622999999995,-0.8261909999999997,0.8972912236057581,2.312105263157895,3.3131578947368423,3.8242105263157895
20220209_Tottenham_Southampton,2022-02-09 19:45:00,ENG-Premier League,2122,Tottenham,Southampton,1,2,3,1.74286,1.73293,2.4288196,0.7654622,1.6633574000000002,2.2140266,0.8732659,1.3407607,0.7678314398610027,Southampton,Tottenham,0,3,2,1.73293,1.74286,1.0444066,1.7792652,-0.7348585999999999,1.0569613,1.8473136,-0.7903523000000001,1.419161307834726,1.9742105263157894,3.488421052631579,5.1147368421052635
20220209_Aston Villa_Leeds,2022-02-09 20:00:00,ENG-Premier League,2122,Aston Villa,Leeds,1,3,3,1.5013,2.52914,1.2525868,1.2849312000000002,-0.0323444000000001,1.0547535,1.2682966,-0.2135431000000001,1.3273230879792408,Leeds,Aston Villa,0,3,3,2.52914,1.5013,1.3964396,2.2956006,-0.8991610000000003,1.4444016999999998,2.0355781,-0.5911764000000002,0.9000260107517108,2.789473684210526,3.3342105263157897,3.226842105263158
20220210_Liverpool_Leicester,2022-02-10 19:45:00,ENG-Premier League,2122,Liverpool,Leicester,1,2,0,2.72997,0.544954,2.2106380000000003,1.3610935999999998,0.8495444000000005,2.506089,0.8726002999999999,1.6334887000000005,0.9177643261016164,Leicester,Liverpool,0,0,2,0.544954,2.72997,1.7535904000000002,2.5023868000000005,-0.7487964000000003,1.4645732,2.3192924,-0.8547192000000001,1.2973053874634688,1.6636842105263157,3.8426315789473686,7.0
20220212_Everton_Leeds,2022-02-12 15:00:00,ENG-Premier League,2122,Everton,Leeds,1,3,0,2.58561,0.242668,1.0115084,1.847091,-0.8355826000000002,0.9141414,1.9063145,-0.9921730999999998,0.9845293249716892,Leeds,Everton,0,0,3,0.242668,2.58561,1.856768,1.9331626,-0.0763945999999999,1.5506267,1.9539641,-0.4033373999999998,0.9673501898618218,2.9257894736842105,3.392631578947368,3.488421052631579
20220213_Newcastle United_Aston Villa,2022-02-13 14:00:00,ENG-Premier League,2122,Newcastle United,Aston Villa,1,1,0,0.527571,0.455206,1.2649956,1.7704974,-0.5055018,1.0091145,1.8809686,-0.8718540999999997,0.8918701575785923,Aston Villa,Newcastle United,0,0,1,0.455206,0.527571,1.1603248000000002,1.6902298000000002,-0.5299050000000001,1.0979375,1.4629319,-0.3649944,1.3661967405278164,2.312105263157895,3.3131578947368423,3.8242105263157895
20220213_Tottenham_Wolverhampton Wanderers,2022-02-13 14:00:00,ENG-Premier League,2122,Tottenham,Wolverhampton Wanderers,1,0,2,0.838197,1.87026,2.2130956,1.0763834,1.1367122,2.3081328,0.9867683,1.3213645,0.8231758488177765,Wolverhampton Wanderers,Tottenham,0,2,0,1.87026,0.838197,0.8642072000000001,0.9350054,-0.0707981999999999,0.6618694900000001,1.2898914,-0.6280219099999998,1.0576087173791355,1.9742105263157894,3.488421052631579,5.1147368421052635
20220219_West Ham_Newcastle United,2022-02-19 12:30:00,ENG-Premier League,2122,West Ham,Newcastle United,1,1,1,0.847948,0.932574,1.4270616,1.2226322,0.2044293999999999,1.5082726000000002,1.4538761,0.0543965000000001,1.0608154913007826,Newcastle United,West Ham,0,1,1,0.932574,0.847948,1.3356682,1.1321666,0.2035015999999998,1.0433333,1.6419962,-0.5986628999999999,0.9584655656389328,3.0710526315789473,3.3394736842105264,3.0805263157894736
20220219_Arsenal_Brentford,2022-02-19 15:00:00,ENG-Premier League,2122,Arsenal,Brentford,1,2,1,1.52247,0.640726,2.0419918,0.8889688,1.153023,2.0177609,0.8388346999999999,1.1789261999999998,1.0407570883363393,Brentford,Arsenal,0,1,2,0.640726,1.52247,1.1274588,1.6498741999999995,-0.5224153999999999,0.9930328,1.3503188,-0.357286,0.7049105478584919,1.54,4.433684210526316,8.544736842105262
20220219_Liverpool_Norwich,2022-02-19 15:00:00,ENG-Premier League,2122,Liverpool,Norwich,1,3,1,3.15449,0.66975,2.292824,1.0195139999999998,1.2733100000000002,2.381463,0.8953371999999999,1.4861258000000002,0.755837585619602,Norwich,Liverpool,0,1,3,0.66975,3.15449,0.584651,2.0829234,-1.4982723999999998,0.6225975,2.1747247,-1.5521272000000002,0.9637029321464796,1.6636842105263157,3.8426315789473686,7.0
20220219_Aston Villa_Watford,2022-02-19 15:00:00,ENG-Premier League,2122,Aston Villa,Watford,1,0,1,1.0267,1.82051,1.1565602,1.230044,-0.0734837999999999,1.0980276,1.4194761,-0.3214485,1.1839400175915271,Watford,Aston Villa,0,1,0,1.82051,1.0267,0.9209416,1.087874,-0.1669323999999998,0.8150058,1.6986523999999998,-0.8836465999999998,0.6134918138106333,2.789473684210526,3.3342105263157897,3.226842105263158
20220223_Liverpool_Leeds,2022-02-23 19:45:00,ENG-Premier League,2122,Liverpool,Leeds,1,6,0,5.3303,0.141547,2.565928,0.8756639999999999,1.690264,2.45458,0.9527955,1.5017845,0.8148030152600383,Leeds,Liverpool,0,0,6,0.141547,5.3303,1.5830656,2.042168,-0.4591024000000001,1.4647066,2.2122933,-0.7475866999999998,1.0923681969015522,1.6636842105263157,3.8426315789473686,7.0
20220224_Arsenal_Wolverhampton Wanderers,2022-02-24 19:45:00,ENG-Premier League,2122,Arsenal,Wolverhampton Wanderers,1,2,1,2.50961,1.10934,1.6084698,0.754298,0.8541717999999999,1.8855149,0.8843690000000001,1.0011459,1.1137535355708217,Wolverhampton Wanderers,Arsenal,0,1,2,1.10934,2.50961,1.1003554000000002,1.1001999999999998,0.0001554000000003,0.79528839,1.3687353999999998,-0.5734470099999999,1.3831443168127768,1.54,4.433684210526316,8.544736842105262
20220226_Everton_Manchester City,2022-02-26 17:30:00,ENG-Premier League,2122,Everton,Manchester City,1,0,1,0.770819,1.93422,1.0777107999999995,1.5040546,-0.4263438000000004,1.0691965,1.8223173,-0.7531208,1.1223370799127383,Manchester City,Everton,0,1,0,1.93422,0.770819,2.2554986,0.8872774,1.3682212000000002,2.5030393,0.8348121,1.6682272000000002,1.1985424285817532,2.9257894736842105,3.392631578947368,3.488421052631579
20220227_West Ham_Wolverhampton Wanderers,2022-02-27 14:00:00,ENG-Premier League,2122,West Ham,Wolverhampton Wanderers,1,1,0,1.62241,0.892018,1.0182172,1.3404776,-0.3222604,1.4931861000000002,1.4923324999999998,0.0008536000000003,1.1385043441642375,Wolverhampton Wanderers,West Ham,0,0,1,0.892018,1.62241,0.8623894,1.418666,-0.5562766,0.8967056899999999,1.3773644,-0.4806587100000001,1.3382302299986188,3.0710526315789473,3.3394736842105264,3.0805263157894736
20220305_Aston Villa_Southampton,2022-03-05 15:00:00,ENG-Premier League,2122,Aston Villa,Southampton,1,4,0,2.85379,1.32947,1.0292302000000002,1.3485456,-0.3193153999999998,1.0689413,1.4640794,-0.3951380999999998,1.1226050274182249,Southampton,Aston Villa,0,0,4,1.32947,2.85379,1.8459352,1.3977574,0.4481778,1.4074672,1.5748482999999998,-0.1673810999999996,1.420991252235752,2.789473684210526,3.3342105263157897,3.226842105263158
20220305_Newcastle United_Brighton,2022-03-05 15:00:00,ENG-Premier League,2122,Newcastle United,Brighton,1,2,1,1.58028,1.64995,1.512047,0.7501826,0.7618644000000001,1.0757187,1.5646703,-0.4889516,1.0225712144158,Brighton,Newcastle United,0,1,2,1.64995,1.58028,1.0673414,1.4232114,-0.3558700000000001,1.1478757,1.189259,-0.0413833000000001,0.95829107777865,2.312105263157895,3.3131578947368423,3.8242105263157895
20220305_Liverpool_West Ham,2022-03-05 17:30:00,ENG-Premier League,2122,Liverpool,West Ham,1,1,0,2.18865,1.33829,2.93379,0.8286422,2.1051478,2.716429,0.9528929,1.7635361000000005,0.9203255743751908,West Ham,Liverpool,0,0,1,1.33829,2.18865,0.8717192,1.0651132,-0.193394,1.6215416,1.3000523,0.3214893000000001,1.1100540929359488,1.6636842105263157,3.8426315789473686,7.0
20220307_Tottenham_Everton,2022-03-07 20:00:00,ENG-Premier League,2122,Tottenham,Everton,1,5,0,3.24279,0.208263,1.5490624,1.874474,-0.3254116,1.988941,1.3199681,0.6689728999999998,0.8547257788311575,Everton,Tottenham,0,0,5,0.208263,3.24279,1.1236692,1.6905926,-0.5669234000000001,1.0950521,1.7296723,-0.6346202000000001,1.0045174978272744,1.9742105263157894,3.488421052631579,5.1147368421052635
20220313_Everton_Wolverhampton Wanderers,2022-03-13 14:00:00,ENG-Premier League,2122,Everton,Wolverhampton Wanderers,1,0,1,0.397268,0.712135,0.9176418000000002,2.1671016,-1.2494598,1.0097704000000003,1.9482283,-0.9384578999999996,0.8912908406793854,Wolverhampton Wanderers,Everton,0,1,0,0.712135,0.397268,0.947074,1.7437572,-0.7966831999999999,1.0605295,1.3438058,-0.2832762999999998,1.414386479219598,2.9257894736842105,3.392631578947368,3.488421052631579
20220313_Chelsea_Newcastle United,2022-03-13 14:00:00,ENG-Premier League,2122,Chelsea,Newcastle United,1,1,0,1.07072,0.246037,1.4312208,0.7030706,0.7281502,1.3544771,0.7788055999999999,0.5756715000000001,1.2550959664833268,Newcastle United,Chelsea,0,0,1,0.246037,1.07072,1.2212776,1.0491372,0.1721403999999999,1.2431366,1.4098172999999998,-0.1666806999999996,1.126182652668538,1.3473684210526315,5.2,12.465789473684211
20220313_West Ham_Aston Villa,2022-03-13 14:00:00,ENG-Premier League,2122,West Ham,Aston Villa,1,2,1,1.58468,1.05391,1.0917718,1.1511292000000002,-0.0593574000000001,1.6016256000000002,1.3832743,0.2183513000000001,0.9989844074767488,Aston Villa,West Ham,0,1,2,1.05391,1.58468,1.3822592,0.8997371999999999,0.4825220000000001,1.271292,1.2949835,-0.0236914999999999,1.3372212385343112,3.0710526315789473,3.3394736842105264,3.0805263157894736
20220313_Arsenal_Leicester,2022-03-13 16:30:00,ENG-Premier League,2122,Arsenal,Leicester,1,2,0,2.93665,0.54911,1.5688380000000002,0.8152836000000001,0.7535544000000001,2.0145719,0.8332010000000001,1.1813709,1.1416811970418148,Leicester,Arsenal,0,0,2,0.54911,2.93665,1.1314146,1.4267689999999995,-0.2953543999999997,1.4425025000000002,1.9645779,-0.5220753999999994,1.1785066726007942,1.54,4.433684210526316,8.544736842105262
20220316_Arsenal_Liverpool,2022-03-16 20:15:00,ENG-Premier League,2122,Arsenal,Liverpool,1,0,2,0.534265,1.27681,1.885154,0.847313,1.037841,2.0998079,0.8378905,1.2619174000000002,1.0477143896285035,Liverpool,Arsenal,0,2,0,1.27681,0.534265,3.022756,0.7879425999999998,2.2348134,2.73475,0.8492365,1.8855135,0.8410272086928572,1.54,4.433684210526316,8.544736842105262
20220317_Everton_Newcastle United,2022-03-17 19:45:00,ENG-Premier League,2122,Everton,Newcastle United,1,1,0,0.708809,0.75803,0.8323740000000001,1.7720646000000002,-0.9396906000000002,0.9219412,1.8095778,-0.8876366,0.8677333568199829,Newcastle United,Everton,0,0,1,0.75803,0.708809,1.1649708,1.17224,-0.0072691999999998,1.2503195000000005,1.1522033,0.0981162000000002,1.1197129056110011,2.9257894736842105,3.392631578947368,3.488421052631579
20220319_Aston Villa_Arsenal,2022-03-19 12:30:00,ENG-Premier League,2122,Aston Villa,Arsenal,1,0,1,0.309375,1.14522,1.502,1.111159,0.390841,1.3292801,1.1706015,0.1586786000000002,1.2788867606708618,Arsenal,Aston Villa,0,1,0,1.14522,0.309375,1.7015130000000005,0.9744032,0.7271098000000003,1.8717524,0.9316859999999998,0.9400664000000004,1.068516824919351,2.789473684210526,3.3342105263157897,3.226842105263158
20220320_Tottenham_West Ham,2022-03-20 16:30:00,ENG-Premier League,2122,Tottenham,West Ham,1,3,1,2.54795,0.644964,2.016079,1.1439046000000002,0.8721743999999998,1.923973,1.4632873,0.4606857000000002,1.091490841352326,West Ham,Tottenham,0,1,3,0.644964,2.54795,1.2276792,1.2948164,-0.0671372000000001,1.4760096,1.3872353,0.0887743,0.9485026733547848,1.9742105263157894,3.488421052631579,5.1147368421052635
20220402_Liverpool_Watford,2022-04-02 11:30:00,ENG-Premier League,2122,Liverpool,Watford,1,2,0,2.23651,0.753307,2.886674,0.6626336,2.2240404000000003,2.5897490000000003,0.8410738,1.7486752000000003,0.9653441451877594,Watford,Liverpool,0,0,2,0.753307,2.23651,1.0489862,1.4089746,-0.3599883999999997,1.0173919,1.2472393,-0.2298473999999999,0.5897426648053078,1.6636842105263157,3.8426315789473686,7.0
20220402_Chelsea_Brentford,2022-04-02 14:00:00,ENG-Premier League,2122,Chelsea,Brentford,1,1,4,1.29014,2.43422,1.5307659999999998,0.6027666,0.9279993999999998,1.3821539,0.7712722,0.6108817000000001,1.3023142340992315,Brentford,Chelsea,0,4,1,2.43422,1.29014,1.3800556,1.3307001999999997,0.0493554000000002,1.2537572,1.4902871999999998,-0.2365299999999996,0.7178417656610341,1.3473684210526315,5.2,12.465789473684211
20220403_West Ham_Everton,2022-04-03 13:00:00,ENG-Premier League,2122,West Ham,Everton,1,2,1,1.49657,0.657846,1.2076584,1.5230204,-0.3153620000000001,1.31736,1.3728263,-0.0554662999999999,0.9109120430922124,Everton,West Ham,0,1,2,0.657846,1.49657,0.4570138,1.875137,-1.4181232,0.9300693,1.5651418,-0.6350725,0.8601500338200241,3.0710526315789473,3.3394736842105264,3.0805263157894736
20220403_Tottenham_Newcastle United,2022-04-03 15:30:00,ENG-Premier League,2122,Tottenham,Newcastle United,1,5,1,3.6081,0.538152,2.387338,0.9617454,1.4255925999999997,1.754057,1.3327527,0.4213043000000001,1.197223809018858,Newcastle United,Tottenham,0,1,5,0.538152,3.6081,1.130062,1.1444122,-0.0143501999999999,1.1995365000000002,1.0474972,0.1520393000000002,1.0837510290424432,1.9742105263157894,3.488421052631579,5.1147368421052635
20220408_Newcastle United_Wolverhampton Wanderers,2022-04-08 19:00:00,ENG-Premier League,2122,Newcastle United,Wolverhampton Wanderers,1,1,0,1.43878,0.306867,0.7869463999999999,1.7671858,-0.9802394,1.1494967,1.2586842,-0.1091874999999999,1.1309287526195138,Wolverhampton Wanderers,Newcastle United,0,0,1,0.306867,1.43878,1.167126,1.6334288,-0.4663028,1.0821384,1.6140310999999996,-0.5318926999999996,1.2937335060529171,2.312105263157895,3.3131578947368423,3.8242105263157895
20220409_Everton_Manchester United,2022-04-09 11:30:00,ENG-Premier League,2122,Everton,Manchester United,1,1,0,0.357295,0.762357,0.8575852000000002,1.690783,-0.8331978,0.9906272000000002,1.6906878,-0.7000605999999997,0.8075683692428702,Manchester United,Everton,0,0,1,0.762357,0.357295,1.4613138,1.525281,-0.0639672,1.8700129,1.2657329000000002,0.6042799999999999,0.9090841517274284,2.9257894736842105,3.392631578947368,3.488421052631579
20220409_Arsenal_Brighton,2022-04-09 14:00:00,ENG-Premier League,2122,Arsenal,Brighton,1,1,2,2.35153,0.596106,1.334539,0.965679,0.3688600000000001,1.4349264000000002,0.9555013,0.4794251000000002,0.8362792431171081,Brighton,Arsenal,0,2,1,0.596106,2.35153,1.2662106,1.5824344,-0.3162237999999999,1.178821,1.4298523,-0.2510312999999999,0.4241522469041128,1.54,4.433684210526316,8.544736842105262
20220409_Aston Villa_Tottenham,2022-04-09 16:30:00,ENG-Premier League,2122,Aston Villa,Tottenham,1,0,4,1.48712,0.983601,1.480507,1.1749816000000002,0.3055253999999998,1.2548686,1.2617636,-0.006895,1.1953433249159913,Tottenham,Aston Villa,0,4,0,0.983601,1.48712,2.614908,0.6902378,1.9246702,2.0819852,1.2823559000000002,0.7996292999999999,1.2488075089066393,2.789473684210526,3.3342105263157897,3.226842105263158
20220416_Tottenham_Brighton,2022-04-16 11:30:00,ENG-Premier League,2122,Tottenham,Brighton,1,0,1,0.58624,0.711155,2.1630702,0.9460092,1.217061,2.0060593,1.2577748999999998,0.7482844000000002,1.3957706056991408,Brighton,Tottenham,0,1,0,0.711155,0.58624,1.2600104,1.7922003999999998,-0.5321899999999997,1.1636759,1.6077058999999998,-0.4440299999999999,0.5156070383454376,1.9742105263157894,3.488421052631579,5.1147368421052635
20220417_Newcastle United_Leicester,2022-04-17 13:15:00,ENG-Premier League,2122,Newcastle United,Leicester,1,2,1,2.54294,0.541084,0.7586464,1.4985692,-0.7399227999999999,1.1774707000000002,1.1763789,0.0010918000000001,1.104060505233374,Leicester,Newcastle United,0,1,2,0.541084,2.54294,0.8285007999999999,1.8469994,-1.0184986,1.1150238,1.5422332,-0.4272094000000002,1.0762092466463526,2.312105263157895,3.3131578947368423,3.8242105263157895
20220417_West Ham_Burnley,2022-04-17 13:15:00,ENG-Premier League,2122,West Ham,Burnley,1,1,1,2.79175,1.88137,1.0618656,1.6607392,-0.5988736000000001,0.9667924,1.3629262,-0.3961338000000001,1.0343471521423295,Burnley,West Ham,0,1,1,1.88137,2.79175,1.0849150600000002,1.942988,-0.8580729399999996,1.02605013,1.5642915,-0.5382413699999999,0.7796882402926646,3.0710526315789473,3.3394736842105264,3.0805263157894736
20220419_Liverpool_Manchester United,2022-04-19 19:00:00,ENG-Premier League,2122,Liverpool,Manchester United,1,4,0,2.25967,0.110227,1.896984,0.9203296,0.9766543999999998,2.415387,0.8744859,1.5409011,0.9936291809017846,Manchester United,Liverpool,0,0,4,0.110227,2.25967,0.9423472,1.5198589999999998,-0.5775117999999998,1.7311596000000002,1.2493137,0.4818459000000001,0.924235452216276,1.6636842105263157,3.8426315789473686,7.0
20220420_Everton_Leicester,2022-04-20 18:45:00,ENG-Premier League,2122,Everton,Leicester,1,1,1,1.68819,0.786333,0.8873916,1.1946964,-0.3073048,0.9025167,1.680899,-0.7783823000000002,0.9972103594200978,Leicester,Everton,0,1,1,0.786333,1.68819,0.8648918,1.9268094,-1.0619176,0.9981532,1.6767892,-0.678636,1.202219055933442,2.9257894736842105,3.392631578947368,3.488421052631579
20220420_Newcastle United_Crystal Palace,2022-04-20 18:45:00,ENG-Premier League,2122,Newcastle United,Crystal Palace,1,1,0,0.767855,0.432788,1.1047878,1.247116,-0.1423281999999999,1.1630327,1.1481266,0.0149061000000001,1.0317843756376106,Crystal Palace,Newcastle United,0,0,1,0.432788,0.767855,1.3947964000000002,0.9876576,0.4071388000000001,1.1769408,1.1549989,0.0219419,1.1045575915478574,2.312105263157895,3.3131578947368423,3.8242105263157895
20220420_Chelsea_Arsenal,2022-04-20 18:45:00,ENG-Premier League,2122,Chelsea,Arsenal,1,2,4,0.593801,1.87331,2.2350579999999995,1.0119876,1.2230703999999997,1.5916551,0.9451009,0.6465542000000002,1.319380486777263,Arsenal,Chelsea,0,4,2,1.87331,0.593801,1.2866050000000002,0.9238862,0.3627188000000001,1.5858795,0.8855995999999999,0.7002799000000002,0.7566774419636284,1.3473684210526315,5.2,12.465789473684211
20220423_Arsenal_Manchester United,2022-04-23 11:30:00,ENG-Premier League,2122,Arsenal,Manchester United,1,3,1,2.54173,2.04244,1.5544140000000002,0.7872844000000001,0.7671296000000001,1.6279635000000003,0.8808438000000001,0.7471197000000003,0.9213960132423034,Manchester United,Arsenal,0,1,3,2.04244,2.54173,0.8920362000000001,1.422925,-0.5308887999999999,1.5587953,1.3980086,0.1607866999999998,0.9622809599945804,1.54,4.433684210526316,8.544736842105262
20220424_Chelsea_West Ham,2022-04-24 13:00:00,ENG-Premier League,2122,Chelsea,West Ham,1,1,0,2.34959,0.388975,1.8964582,1.2168032,0.6796550000000001,1.5121352,0.9535349,0.5586002999999999,1.388763789928447,West Ham,Chelsea,0,0,1,0.388975,2.34959,1.3525576,1.5992832,-0.2467256,1.2221647,1.3752062,-0.1530415,0.9000416228339577,1.3473684210526315,5.2,12.465789473684211
20220424_Liverpool_Everton,2022-04-24 15:30:00,ENG-Premier League,2122,Liverpool,Everton,1,2,0,1.70397,0.424961,1.911188,0.674717,1.236471,2.491657,0.7228936,1.7687634,1.0033479715113391,Everton,Liverpool,0,0,2,0.424961,1.70397,1.145576,1.209536,-0.06396,0.9889750000000002,1.4908003,-0.5018252999999999,0.9100321949167623,1.6636842105263157,3.8426315789473686,7.0
20220430_Newcastle United_Liverpool,2022-04-30 11:30:00,ENG-Premier League,2122,Newcastle United,Liverpool,1,0,1,0.115353,2.73435,1.4326614,1.1093,0.3233614,1.2813617000000002,1.1268561,0.1545056000000002,1.092586821826482,Liverpool,Newcastle United,0,1,0,2.73435,0.115353,1.755358,0.633846,1.121512,2.389057,0.7108943,1.6781626999999997,1.0464375498627494,2.312105263157895,3.3131578947368423,3.8242105263157895
20220430_Aston Villa_Norwich,2022-04-30 14:00:00,ENG-Premier League,2122,Aston Villa,Norwich,1,2,0,2.31192,0.352212,1.0712334,1.1141292,-0.0428957999999999,1.2267462999999998,1.0069332,0.2198130999999998,0.8966801883321855,Norwich,Aston Villa,0,0,2,0.352212,2.31192,1.2046186,2.097998,-0.8933793999999995,0.9213538,2.553108,-1.6317542,0.8682865710364781,2.789473684210526,3.3342105263157897,3.226842105263158
20220501_Everton_Chelsea,2022-05-01 13:00:00,ENG-Premier League,2122,Everton,Chelsea,1,1,0,1.11712,1.21141,1.0888064,1.398724,-0.3099176000000001,0.7729101,1.6369305,-0.8640204,0.7762859143826503,Chelsea,Everton,0,0,1,1.21141,1.11712,2.2198082,1.1759374,1.0438708,1.8752871,0.8893519999999999,0.9859351,1.1731530744529337,2.9257894736842105,3.392631578947368,3.488421052631579
20220501_Tottenham_Leicester,2022-05-01 13:00:00,ENG-Premier League,2122,Tottenham,Leicester,1,3,1,1.65338,0.274133,1.6487292,0.9393382,0.7093910000000001,1.8324041,1.0416214,0.7907827000000003,1.364327134867721,Leicester,Tottenham,0,1,3,0.274133,1.65338,0.7037334000000001,1.4508258,-0.7470924,0.9051616,1.5574246,-0.6522629999999999,1.215251270876636,1.9742105263157894,3.488421052631579,5.1147368421052635
20220501_West Ham_Arsenal,2022-05-01 15:30:00,ENG-Premier League,2122,West Ham,Arsenal,1,1,2,0.451976,0.964564,1.1134166,1.8584192,-0.7450026000000001,1.1705479,1.5766178000000002,-0.4060699000000001,0.8543000638418438,Arsenal,West Ham,0,2,1,0.964564,0.451976,1.8337160000000003,1.1338974,0.6998186000000004,1.7298895,1.0210152,0.7088743,0.9249140335761136,3.0710526315789473,3.3394736842105264,3.0805263157894736
20220507_Chelsea_Wolverhampton Wanderers,2022-05-07 14:00:00,ENG-Premier League,2122,Chelsea,Wolverhampton Wanderers,1,2,2,1.82098,1.6842,2.2040622,0.9125174,1.2915448,1.8922161,0.9681822,0.9240339000000002,1.0569611700475594,Wolverhampton Wanderers,Chelsea,0,2,2,1.6842,1.82098,0.8575882,2.070428,-1.2128398000000002,0.9262669,1.7917714,-0.8655044999999999,1.079601268704227,1.3473684210526315,5.2,12.465789473684211
20220507_Liverpool_Tottenham,2022-05-07 18:45:00,ENG-Premier League,2122,Liverpool,Tottenham,1,1,1,1.0481,0.982635,2.046866,0.5500636,1.4968024,2.4667699999999995,0.6063486,1.8604213999999997,1.0134706464442789,Tottenham,Liverpool,0,1,1,0.982635,1.0481,1.4698152,0.865172,0.6046431999999999,1.9285766,0.9134587000000002,1.0151179,1.451847205940793,1.6636842105263157,3.8426315789473686,7.0
20220508_Arsenal_Leeds,2022-05-08 13:00:00,ENG-Premier League,2122,Arsenal,Leeds,1,2,1,2.7227,0.696785,1.8162308000000005,0.9448786000000002,0.8713522,1.5753849000000002,0.9552788,0.6201061000000002,1.0156241718298988,Leeds,Arsenal,0,1,2,0.696785,2.7227,1.3267832,1.801942,-0.4751588,1.4126621,1.9843769,-0.5717148000000003,0.637094576902306,1.54,4.433684210526316,8.544736842105262
20220510_Aston Villa_Liverpool,2022-05-10 19:00:00,ENG-Premier League,2122,Aston Villa,Liverpool,1,1,2,1.44726,1.75417,1.6234724,0.9006475999999999,0.7228248000000002,1.4910036999999998,0.9383743,0.5526293999999999,1.073101915775316,Liverpool,Aston Villa,0,2,1,1.75417,1.44726,1.809184,0.5959292,1.2132548,2.256131,0.6376371,1.6184938999999998,1.0194438977861224,2.789473684210526,3.3342105263157897,3.226842105263158
20220512_Tottenham_Arsenal,2022-05-12 18:45:00,ENG-Premier League,2122,Tottenham,Arsenal,1,3,0,3.42522,0.387446,0.9447222,0.9671616,-0.0224394000000001,1.7798151,0.8286996999999999,0.9511154,1.404639501800214,Arsenal,Tottenham,0,0,3,0.387446,3.42522,1.8904648,0.9650144,0.9254504,1.7471979000000002,0.8953542999999999,0.8518436000000003,0.8585170240205623,1.9742105263157894,3.488421052631579,5.1147368421052635
20220515_Tottenham_Burnley,2022-05-15 11:00:00,ENG-Premier League,2122,Tottenham,Burnley,1,1,0,2.39449,0.629888,1.4330459999999998,0.7472268,0.6858191999999999,1.7980581,0.846618,0.9514401,1.2791570644146235,Burnley,Tottenham,0,0,1,0.629888,2.39449,1.596456,1.4602648,0.1361912,1.34068553,1.7016264,-0.3609408699999998,0.7458865123378244,1.9742105263157894,3.488421052631579,5.1147368421052635
20220515_West Ham_Manchester City,2022-05-15 13:00:00,ENG-Premier League,2122,West Ham,Manchester City,1,2,2,1.0088,2.14723,1.427293,1.5659628,-0.1386697999999999,1.3823379,1.5170188000000002,-0.1346809000000002,0.8680939240008366,Manchester City,West Ham,0,2,2,2.14723,1.0088,3.134384,0.597342,2.537042,2.535724,0.5952265299999999,1.94049747,1.2225300456476944,3.0710526315789473,3.3394736842105264,3.0805263157894736
20220515_Aston Villa_Crystal Palace,2022-05-15 13:00:00,ENG-Premier League,2122,Aston Villa,Crystal Palace,1,1,1,0.799443,1.39009,1.5304124,0.9271796,0.6032328000000001,1.5054596999999998,1.0510806,0.4543790999999997,0.9963727382587936,Crystal Palace,Aston Villa,0,1,1,1.39009,0.799443,1.364931,0.5853526,0.7795783999999999,1.3089369999999998,0.8704986,0.4384383999999998,1.069569376089624,2.789473684210526,3.3342105263157897,3.226842105263158
20220515_Everton_Brentford,2022-05-15 15:30:00,ENG-Premier League,2122,Everton,Brentford,1,2,3,2.69589,1.81626,1.1197628,1.0817478,0.0380149999999999,1.0035772,1.1382221,-0.1346449,0.8967911020785426,Brentford,Everton,0,3,2,1.81626,2.69589,1.931773,1.0192145999999995,0.9125584,1.8352637,1.1517244,0.6835393000000001,0.926296898752534,2.9257894736842105,3.392631578947368,3.488421052631579
20220516_Newcastle United_Arsenal,2022-05-16 19:00:00,ENG-Premier League,2122,Newcastle United,Arsenal,1,2,0,1.68299,0.492454,1.2593654,1.6844026,-0.4250371999999998,1.0090059,1.5914859,-0.5824799999999999,0.9910735000920212,Arsenal,Newcastle United,0,0,2,0.492454,1.68299,1.69795,1.4420444,0.2559056000000002,1.4922775,1.1829653,0.3093122000000001,0.8711510619498973,2.312105263157895,3.3131578947368423,3.8242105263157895
20220519_Everton_Crystal Palace,2022-05-19 18:45:00,ENG-Premier League,2122,Everton,Crystal Palace,1,3,2,0.813157,1.6023,1.3213027999999998,1.2877332,0.0335695999999996,1.2334394,1.2486346,-0.0151952000000001,0.8918144727544193,Crystal Palace,Everton,0,2,3,1.6023,0.813157,1.337415,0.5693942,0.7680208000000001,1.3661057,0.7785259,0.5875797999999999,0.8052079680159684,2.9257894736842105,3.392631578947368,3.488421052631579
20220519_Chelsea_Leicester,2022-05-19 19:00:00,ENG-Premier League,2122,Chelsea,Leicester,1,1,1,1.61996,0.0417972,1.863838,0.8617079999999999,1.0021300000000002,1.8801481,1.0392556,0.8408925000000003,1.0637454231688326,Leicester,Chelsea,0,1,1,0.0417972,1.61996,1.3656216,1.5224544,-0.1568327999999998,1.1389790000000002,1.5997859,-0.4608068999999999,1.4925635217475284,1.3473684210526315,5.2,12.465789473684211
20220519_Aston Villa_Burnley,2022-05-19 19:00:00,ENG-Premier League,2122,Aston Villa,Burnley,1,1,1,0.996403,1.63117,1.392877,1.0084774,0.3843996,1.300025,1.0571426000000002,0.2428823999999998,0.923058461907685,Burnley,Aston Villa,0,1,1,1.63117,0.996403,1.3461596,1.3808128,-0.0346531999999999,1.31875113,1.7123954,-0.39364427,0.7582926140942043,2.789473684210526,3.3342105263157897,3.226842105263158
20220522_Liverpool_Wolverhampton Wanderers,2022-05-22 15:00:00,ENG-Premier League,2122,Liverpool,Wolverhampton Wanderers,1,3,1,3.19385,1.11708,1.686474,0.6183430000000001,1.068131,1.7988309999999998,0.64653,1.1523009999999998,1.111832566910084,Wolverhampton Wanderers,Liverpool,0,1,3,1.11708,3.19385,0.8427874,2.185182,-1.3423946000000002,0.9645569,1.7994244,-0.8348674999999999,1.3477677182468777,1.6636842105263157,3.8426315789473686,7.0
20220522_Arsenal_Everton,2022-05-22 15:00:00,ENG-Premier League,2122,Arsenal,Everton,1,5,1,4.35597,1.08601,1.4217788000000002,1.6598821999999998,-0.2381033999999995,1.4880964,1.2235833,0.2645131,0.8735987308357638,Everton,Arsenal,0,1,5,1.08601,4.35597,1.398942,1.2673992000000005,0.1315427999999996,1.2438742,1.3330616,-0.0891873999999999,1.045120925314694,1.54,4.433684210526316,8.544736842105262
20220522_Chelsea_Watford,2022-05-22 15:00:00,ENG-Premier League,2122,Chelsea,Watford,1,2,1,2.59231,0.575755,1.717912,0.79227244,0.92563956,1.8290641,0.9468630199999998,0.8822010800000003,0.9841093135504034,Watford,Chelsea,0,1,2,0.575755,2.59231,0.8578702,2.1253606,-1.2674904,0.9413234,1.8690825,-0.9277591,0.6373998166838128,1.3473684210526315,5.2,12.465789473684211
20220806_Fulham_Liverpool,2022-08-06 11:30:00,ENG-Premier League,2223,Fulham,Liverpool,1,2,2,1.26822,2.34111,,,,,,,,Liverpool,Fulham,0,2,2,2.34111,1.26822,1.98445,0.7567668000000001,1.2276832,1.869904,0.6953064,1.1745976,1.123051705835323,2.743157894736842,3.3236842105263156,3.236842105263158
20220806_Newcastle United_Nottingham Forest,2022-08-06 14:00:00,ENG-Premier League,2223,Newcastle United,Nottingham Forest,1,2,0,1.8591,0.235825,1.2823864,1.886447,-0.6040606,1.2457689,1.5029883000000002,-0.2572194000000001,0.9632597480481748,Nottingham Forest,Newcastle United,0,0,2,0.235825,1.8591,,,,,,,,2.312105263157895,3.3131578947368423,3.8242105263157895
20220806_Tottenham_Southampton,2022-08-06 14:00:00,ENG-Premier League,2223,Tottenham,Southampton,1,4,1,1.6172,0.386546,2.454145,0.5300712,1.9240738,2.0514371,0.7347047,1.3167324000000002,1.2186572921698198,Southampton,Tottenham,0,1,4,0.386546,1.6172,0.7477020000000001,2.1848474,-1.4371453999999997,0.9982506,2.1619517,-1.1637011,0.8014011698052875,1.9742105263157894,3.488421052631579,5.1147368421052635
20220806_Everton_Chelsea,2022-08-06 16:30:00,ENG-Premier League,2223,Everton,Chelsea,1,0,1,0.541983,1.92315,1.39272,1.8963112,-0.5035912,1.2866905999999998,1.6190016,-0.3323110000000002,1.0103431156308165,Chelsea,Everton,0,1,0,1.92315,0.541983,1.742638,0.78373224,0.9589057600000002,1.9812231,0.97983482,1.0013882799999998,0.959003072898215,2.9257894736842105,3.392631578947368,3.488421052631579
20220807_West Ham_Manchester City,2022-08-07 15:30:00,ENG-Premier League,2223,West Ham,Manchester City,1,0,2,0.246188,2.58739,1.0755072,1.5836148,-0.5081075999999998,1.2140324,1.591449,-0.3774166000000001,1.153180793872722,Manchester City,West Ham,0,2,0,2.58739,0.246188,3.186322,0.7399354,2.4463866000000003,2.614681,0.60763053,2.0070504700000003,1.1856126289927418,3.0710526315789473,3.3394736842105264,3.0805263157894736
20220813_Aston Villa_Everton,2022-08-13 11:30:00,ENG-Premier League,2223,Aston Villa,Everton,1,2,1,2.66696,1.37507,0.7959684,1.7369342,-0.9409658,1.2097204,1.3187909,-0.1090704999999998,0.9093002736001858,Everton,Aston Villa,0,1,2,1.37507,2.66696,1.1898466,1.9859832,-0.7961365999999999,1.1093148999999998,1.5868776,-0.4775627000000002,0.9916021216318996,2.789473684210526,3.3342105263157897,3.226842105263158
20220813_Arsenal_Leicester,2022-08-13 14:00:00,ENG-Premier League,2223,Arsenal,Leicester,1,4,2,3.0107,0.690679,1.8789160000000005,1.619475,0.2594410000000002,1.8475734000000004,1.2821767999999998,0.5653966000000006,1.0283753661016302,Leicester,Arsenal,0,2,4,0.690679,3.0107,1.75232444,1.4823554,0.2699690400000001,1.20735972,1.5445839,-0.33722418,1.5736804821677486,1.54,4.433684210526316,8.544736842105262
20220814_Chelsea_Tottenham,2022-08-14 15:30:00,ENG-Premier League,2223,Chelsea,Tottenham,1,2,2,1.83945,1.58708,1.884986,0.66870484,1.21628116,2.0445241000000003,0.79061112,1.2539129800000004,0.9293111637514256,Tottenham,Chelsea,0,2,2,1.58708,1.83945,2.446909,0.5525538,1.8943552,1.9583621,0.7088629,1.2494992,1.327639394349291,1.3473684210526315,5.2,12.465789473684211
20220815_Liverpool_Crystal Palace,2022-08-15 19:00:00,ENG-Premier League,2223,Liverpool,Crystal Palace,1,1,1,2.23596,1.64468,1.905802,0.9873402,0.9184618,1.976334,0.7687019,1.2076321,1.06257289376548,Crystal Palace,Liverpool,0,1,1,1.64468,2.23596,1.4089596,0.8171976000000001,0.5917619999999999,1.2775103,0.7809368,0.4965734999999999,0.8610491351426794,1.6636842105263157,3.8426315789473686,7.0
20220820_Tottenham_Wolverhampton Wanderers,2022-08-20 11:30:00,ENG-Premier League,2223,Tottenham,Wolverhampton Wanderers,1,1,0,1.46608,0.686123,2.567798,0.7108238,1.8569742,1.7562601,0.8389927,0.9172674,1.3096002638787592,Wolverhampton Wanderers,Tottenham,0,0,1,0.686123,1.46608,0.9209136,2.0192620000000003,-1.0983484000000003,0.9335959,1.94484,-1.0112441,0.8569008744566311,1.9742105263157894,3.488421052631579,5.1147368421052635
20220820_Everton_Nottingham Forest,2022-08-20 14:00:00,ENG-Premier League,2223,Everton,Nottingham Forest,1,1,1,1.43408,0.918315,1.302422,2.4729280000000005,-1.1705060000000005,1.2110924,1.7773379000000002,-0.5662455000000002,0.9082701631434866,Nottingham Forest,Everton,0,1,1,0.918315,1.43408,,,,,,,,2.9257894736842105,3.392631578947368,3.488421052631579
20220820_Fulham_Brentford,2022-08-20 14:00:00,ENG-Premier League,2223,Fulham,Brentford,1,3,2,2.89934,1.59352,,,,,,,,Brentford,Fulham,0,2,3,1.59352,2.89934,1.7324784000000002,1.3028114,0.4296670000000002,1.7073247000000005,1.1911696,0.5161551000000002,1.2299937850171176,2.743157894736842,3.3236842105263156,3.236842105263158
20220821_West Ham_Brighton,2022-08-21 13:00:00,ENG-Premier League,2223,West Ham,Brighton,1,0,2,0.768634,1.82645,1.3738226,1.832602,-0.4587794,1.2243208,1.687172,-0.4628512,0.8984565985838038,Brighton,West Ham,0,2,0,1.82645,0.768634,2.020066,1.0054724,1.0145936,1.6305165,1.0946247999999998,0.5358917000000003,1.1039439932414097,3.0710526315789473,3.3394736842105264,3.0805263157894736
20220821_Newcastle United_Manchester City,2022-08-21 15:30:00,ENG-Premier League,2223,Newcastle United,Manchester City,1,3,3,2.2127,3.67382,1.2928102,1.5768798,-0.2840696,1.3204559,1.2557149,0.0647409999999999,0.9845077109294518,Manchester City,Newcastle United,0,3,3,3.67382,2.2127,2.62784,0.4077263999999999,2.2201136,2.676455,0.5913315,2.0851235,1.307699435372747,2.312105263157895,3.3131578947368423,3.8242105263157895
20220827_Liverpool_Bournemouth,2022-08-27 14:00:00,ENG-Premier League,2223,Liverpool,Bournemouth,1,9,0,4.86035,0.180991,2.097142,1.2338252,0.8633167999999998,1.998597,0.9249562,1.0736407999999995,0.950666417158428,Bournemouth,Liverpool,0,0,9,0.180991,4.86035,0.307874,1.2967816666666667,-0.9889076666666669,0.307874,1.2967816666666667,-0.9889076666666669,2.1653645607774528,1.6636842105263157,3.8426315789473686,7.0
20220827_Chelsea_Leicester,2022-08-27 14:00:00,ENG-Premier League,2223,Chelsea,Leicester,1,2,1,1.74916,1.96023,1.7334724,0.99126504,0.7422073600000001,1.7986552,0.92648652,0.8721686800000001,0.7227618040623884,Leicester,Chelsea,0,1,2,1.96023,1.74916,0.97033984,1.5709374,-0.60059756,1.16798072,1.5466959,-0.3787151799999999,1.7123555666607522,1.3473684210526315,5.2,12.465789473684211
20220827_Arsenal_Fulham,2022-08-27 16:30:00,ENG-Premier League,2223,Arsenal,Fulham,1,2,1,2.47427,0.926007,2.2011888,0.9754768,1.2257119999999997,1.9495694,1.2087606000000002,0.7408087999999999,1.282333790049336,Fulham,Arsenal,0,1,2,0.926007,2.47427,1.7518966666666664,1.6366683333333334,0.115228333333333,1.7518966666666664,1.6366683333333334,0.115228333333333,0.9513480602013054,1.54,4.433684210526316,8.544736842105262
20220828_Aston Villa_West Ham,2022-08-28 13:00:00,ENG-Premier League,2223,Aston Villa,West Ham,1,0,1,0.304555,0.334589,1.0407854,1.9653702,-0.9245848,1.2168312,1.4869238,-0.2700925999999999,1.0683477968449553,West Ham,Aston Villa,0,1,0,0.334589,0.304555,0.8757614,2.0421020000000003,-1.1663406000000005,1.1515272,1.8040324,-0.6525052000000002,0.7815700909452327,2.789473684210526,3.3342105263157897,3.226842105263158
20220830_Fulham_Brighton,2022-08-30 18:30:00,ENG-Premier League,2223,Fulham,Brighton,1,2,1,1.07093,1.75359,1.54542425,1.84606875,-0.3006445000000002,1.54542425,1.84606875,-0.3006445000000002,0.9706056919229592,Brighton,Fulham,0,1,2,1.75359,1.07093,1.69026,0.7582402,0.9320197999999998,1.8434214,0.9925852,0.8508361999999999,0.9764446824558496,2.743157894736842,3.3236842105263156,3.236842105263158
20220831_Arsenal_Aston Villa,2022-08-31 18:30:00,ENG-Premier League,2223,Arsenal,Aston Villa,1,2,1,2.79971,0.297168,2.5975520000000003,0.8240801999999998,1.7734718000000005,2.0096654000000003,1.2419812,0.7676842000000001,1.1444685545819944,Aston Villa,Arsenal,0,1,2,0.297168,2.79971,0.9024158,1.7060539999999995,-0.8036381999999995,1.1879665,1.4968192,-0.3088526999999998,1.0943060310993356,1.54,4.433684210526316,8.544736842105262
20220831_West Ham_Tottenham,2022-08-31 18:45:00,ENG-Premier League,2223,West Ham,Tottenham,1,1,1,1.52267,0.723285,0.7409191999999999,1.6735669999999998,-0.9326478,1.1605037,1.6489539,-0.4884501999999999,0.8616940543196422,Tottenham,West Ham,0,1,1,0.723285,1.52267,2.186018,0.8048553999999999,1.3811626,1.990357,0.7679144,1.2224426,1.105328790097058,3.0710526315789473,3.3394736842105264,3.0805263157894736
20220831_Liverpool_Newcastle United,2022-08-31 19:00:00,ENG-Premier League,2223,Liverpool,Newcastle United,1,2,1,1.76119,0.643546,2.830856,1.2457222,1.5851338,2.258665,0.9320326,1.3266323999999998,1.0625741034752372,Newcastle United,Liverpool,0,1,2,0.643546,1.76119,1.5864564,1.6284230000000002,-0.0419666000000003,1.3369159,1.6515498000000002,-0.3146339000000002,1.047185505695979,1.6636842105263157,3.8426315789473686,7.0
20220903_Everton_Liverpool,2022-09-03 11:30:00,ENG-Premier League,2223,Everton,Liverpool,1,0,0,1.39169,1.38617,1.2355345999999998,1.767569,-0.5320344000000001,1.3141273,1.8319401,-0.5178128,0.9131528481655864,Liverpool,Everton,0,0,0,1.38617,1.39169,2.544324,1.1510154,1.3933086,2.264387,0.9538911,1.3104959,1.059889029618599,2.9257894736842105,3.392631578947368,3.488421052631579
20220903_Chelsea_West Ham,2022-09-03 14:00:00,ENG-Premier League,2223,Chelsea,West Ham,1,2,1,0.707333,1.4196,1.5417904,1.5479726,-0.0061822,1.6422142000000002,1.1658524199999998,0.4763617800000004,0.8525070283115148,West Ham,Chelsea,0,1,2,1.4196,0.707333,0.9916842,1.482676,-0.4909918000000002,1.0335956999999998,1.5331454,-0.4995497000000002,0.9674953490079836,1.3473684210526315,5.2,12.465789473684211
20220903_Tottenham_Fulham,2022-09-03 14:00:00,ENG-Premier League,2223,Tottenham,Fulham,1,2,1,2.67823,0.381556,1.567675,1.0472316000000002,0.5204433999999998,2.01091,0.7886514,1.2222586,1.1437602161408438,Fulham,Tottenham,0,1,2,0.381556,2.67823,1.4505254,1.827573,-0.3770475999999998,1.4505254,1.827573,-0.3770475999999998,1.103047071017066,1.9742105263157894,3.488421052631579,5.1147368421052635
20220903_Newcastle United_Crystal Palace,2022-09-03 14:00:00,ENG-Premier League,2223,Newcastle United,Crystal Palace,1,0,0,2.90672,0.920595,1.3665835999999998,1.6823330000000003,-0.3157494000000005,1.324485,1.78439,-0.4599050000000002,1.0570138151705644,Crystal Palace,Newcastle United,0,0,0,0.920595,2.90672,1.3263518,1.6958356,-0.3694838,1.3226403999999998,1.1779412,0.1446991999999998,1.0584879620432266,2.312105263157895,3.3131578947368423,3.8242105263157895
20220903_Aston Villa_Manchester City,2022-09-03 16:30:00,ENG-Premier League,2223,Aston Villa,Manchester City,1,1,1,0.279392,1.92143,0.9122812,1.601816,-0.6895348000000001,0.9864913,1.741569,-0.7550777000000002,1.2164311875520977,Manchester City,Aston Villa,0,1,1,1.92143,0.279392,2.834948,0.6809123999999999,2.1540356,3.010635,0.7104239,2.3002111,1.2621917760898362,2.789473684210526,3.3342105263157897,3.226842105263158
20220916_Aston Villa_Southampton,2022-09-16 19:00:00,ENG-Premier League,2223,Aston Villa,Southampton,1,1,0,1.34365,0.218302,0.8703806000000001,1.8684338,-0.9980532,0.8331744999999999,1.802684,-0.9695095,1.2002273230549867,Southampton,Aston Villa,0,0,1,0.218302,1.34365,1.331744,1.2377136,0.0940304,0.9857012,1.6856575,-0.6999563000000001,1.014505192339025,2.789473684210526,3.3342105263157897,3.226842105263158
20220917_Newcastle United_Bournemouth,2022-09-17 14:00:00,ENG-Premier League,2223,Newcastle United,Bournemouth,1,1,1,1.54758,0.976948,1.5761075999999998,1.8192870000000003,-0.2431794000000005,1.427599,1.8106834,-0.3830843999999997,0.7705239562902774,Bournemouth,Newcastle United,0,1,1,0.976948,1.54758,0.3566696,2.224642,-1.8679724,0.3952815,1.9353508333333331,-1.5400693333333333,2.1081933247009843,2.312105263157895,3.3131578947368423,3.8242105263157895
20220917_Tottenham_Leicester,2022-09-17 16:30:00,ENG-Premier League,2223,Tottenham,Leicester,1,6,2,1.98619,1.59449,1.779881,1.0462336,0.7336474,2.113395,0.7993937,1.3140012999999997,1.0409785955873865,Leicester,Tottenham,0,2,6,1.59449,1.98619,0.9149226,1.966552,-1.0516294000000002,1.3336235200000002,1.7244537000000002,-0.39083018,1.574656110851951,1.9742105263157894,3.488421052631579,5.1147368421052635
20220918_Everton_West Ham,2022-09-18 13:15:00,ENG-Premier League,2223,Everton,West Ham,1,1,0,0.39773,0.655351,1.4054760000000002,1.660173,-0.2546969999999997,1.2976613,1.8230781,-0.5254167999999999,0.7706165155603272,West Ham,Everton,0,0,1,0.655351,0.39773,1.2263666,1.1066646,0.1197019999999999,1.1366581999999998,1.3689197,-0.2322615000000001,0.9677482925401036,2.9257894736842105,3.392631578947368,3.488421052631579
20221001_Arsenal_Tottenham,2022-10-01 11:30:00,ENG-Premier League,2223,Arsenal,Tottenham,1,3,1,2.48403,1.5027,1.9454760000000004,0.800732,1.1447440000000004,1.940996,1.2094929,0.7315031000000001,1.133438124839966,Tottenham,Arsenal,0,1,3,1.5027,2.48403,1.859703,0.9972416,0.8624614000000002,2.2137505,0.8540327,1.3597178,1.2196490888882516,1.54,4.433684210526316,8.544736842105262
20221001_Fulham_Newcastle United,2022-10-01 14:00:00,ENG-Premier League,2223,Fulham,Newcastle United,1,1,4,0.683701,4.67198,1.3254866,1.983004,-0.6575173999999999,1.2833975714285712,1.890215,-0.6068174285714287,1.3357387019046412,Newcastle United,Fulham,0,4,1,4.67198,0.683701,1.8488332,1.6930066000000004,0.1558265999999997,1.5708217,1.6349432,-0.0641214999999999,0.7639309006675292,2.743157894736842,3.3236842105263156,3.236842105263158
20221001_Liverpool_Brighton,2022-10-01 14:00:00,ENG-Premier League,2223,Liverpool,Brighton,1,3,3,2.1515,2.36567,2.353336,1.1757094,1.1776266,2.129569,1.0815248,1.0480442,1.0800302408467437,Brighton,Liverpool,0,3,3,2.36567,2.1515,1.905982,0.8475492000000001,1.0584327999999998,2.092868,0.9607068,1.1321612,1.0511885837097306,1.6636842105263157,3.8426315789473686,7.0
20221001_West Ham_Wolverhampton Wanderers,2022-10-01 16:30:00,ENG-Premier League,2223,West Ham,Wolverhampton Wanderers,1,2,0,1.03934,0.575988,0.9401688,0.7918706,0.1482982,1.1569957,1.3122363,-0.1552405999999999,0.8643067002697589,Wolverhampton Wanderers,West Ham,0,0,2,0.575988,1.03934,0.9524896,1.278863,-0.3263734,0.9367016,1.6490625,-0.7123609000000002,0.6405448218036334,3.0710526315789473,3.3394736842105264,3.0805263157894736
20221008_Newcastle United_Brentford,2022-10-08 14:00:00,ENG-Premier League,2223,Newcastle United,Brentford,1,5,1,2.44631,1.13466,2.3406892,1.0949828,1.2457063999999998,1.9385098,1.2977003,0.6408094999999998,0.8253758503692629,Brentford,Newcastle United,0,1,5,1.13466,2.44631,1.64732,1.2612701999999998,0.3860498000000003,1.4810282,1.4731174,0.0079108000000001,1.2828916539930475,2.312105263157895,3.3131578947368423,3.8242105263157895
20221008_Chelsea_Wolverhampton Wanderers,2022-10-08 14:00:00,ENG-Premier League,2223,Chelsea,Wolverhampton Wanderers,1,3,0,2.43092,0.748449,1.181749,1.5480539999999998,-0.3663049999999999,1.5352145,1.09866742,0.43654708,1.042198961644147,Wolverhampton Wanderers,Chelsea,0,0,3,0.748449,2.43092,0.9304626,1.193515,-0.2630523999999998,0.9531147,1.4136925,-0.4605778000000001,0.5245952826083969,1.3473684210526315,5.2,12.465789473684211
20221009_West Ham_Fulham,2022-10-09 13:00:00,ENG-Premier League,2223,West Ham,Fulham,1,3,1,3.43676,0.549848,0.99431,0.5417781999999999,0.4525318,0.9350357,1.2919401,-0.3569044000000002,0.8555813905486278,Fulham,West Ham,0,1,3,0.549848,3.43676,0.8823587999999999,2.598696,-1.7163372,1.2084355,2.237935625,-1.029500125,1.3447124973648807,3.0710526315789473,3.3394736842105264,3.0805263157894736
20221009_Arsenal_Liverpool,2022-10-09 15:30:00,ENG-Premier League,2223,Arsenal,Liverpool,1,3,2,2.81968,0.765151,2.1001200000000004,1.0590050000000002,1.0411150000000002,2.1506544,1.0172409000000002,1.1334134999999994,1.162436343823376,Liverpool,Arsenal,0,2,3,0.765151,2.81968,2.336444,1.3199074,1.0165366000000002,2.239909,1.2198283,1.0200806999999998,1.116116272528807,1.54,4.433684210526316,8.544736842105262
20221009_Everton_Manchester United,2022-10-09 18:00:00,ENG-Premier League,2223,Everton,Manchester United,1,1,2,0.365844,1.82612,1.32315,1.4661102,-0.1429602000000001,1.186605,1.8797246,-0.6931196,0.9270136844074612,Manchester United,Everton,0,2,1,1.82612,0.365844,1.640662,1.5861112,0.0545508000000001,1.4074208,1.4909709000000002,-0.0835501,0.9947266697162144,2.9257894736842105,3.392631578947368,3.488421052631579
20221015_Fulham_Bournemouth,2022-10-15 14:00:00,ENG-Premier League,2223,Fulham,Bournemouth,1,2,2,1.61738,1.62829,0.8071269999999998,2.791194,-1.984067,1.135259111111111,2.371138333333333,-1.235879222222222,1.370219377994786,Bournemouth,Fulham,0,2,2,1.62829,1.61738,0.8302124,1.327248,-0.4970356,0.583963888888889,1.7096594444444446,-1.1256955555555557,1.5221612406375191,2.743157894736842,3.3236842105263156,3.236842105263158
20221015_Tottenham_Everton,2022-10-15 16:30:00,ENG-Premier League,2223,Tottenham,Everton,1,2,0,2.49409,0.560039,1.5324092,1.3764962,0.1559129999999999,1.8592136,1.0906758,0.7685377999999998,1.3446538124216538,Everton,Tottenham,0,0,2,0.560039,2.49409,1.0653887999999998,1.3745522,-0.3091634000000001,1.1418737,1.9021066,-0.7602329000000001,0.7881775469760386,1.9742105263157894,3.488421052631579,5.1147368421052635
20221016_Aston Villa_Chelsea,2022-10-16 13:00:00,ENG-Premier League,2223,Aston Villa,Chelsea,1,0,2,2.44542,1.23643,0.8947694,1.0918828,-0.1971134,0.8985926,1.3989684,-0.5003758,1.0015651124156684,Chelsea,Aston Villa,0,2,0,1.23643,2.44542,1.5294346,1.2558018,0.2736328000000001,1.6314535,1.12353342,0.5079200799999999,0.9807199649147432,2.789473684210526,3.3342105263157897,3.226842105263158
20221016_Liverpool_Manchester City,2022-10-16 15:30:00,ENG-Premier League,2223,Liverpool,Manchester City,1,1,0,1.9992,0.911493,2.1848722,1.4803153999999998,0.7045568000000002,2.1410071,1.3570703,0.7839368,1.1676742371969542,Manchester City,Liverpool,0,0,1,0.911493,1.9992,2.585922,0.6269274,1.9589946,2.658766,0.6057288,2.0530372,1.3540110885985872,1.6636842105263157,3.8426315789473686,7.0
20221019_Liverpool_West Ham,2022-10-19 18:30:00,ENG-Premier League,2223,Liverpool,West Ham,1,1,0,2.24066,2.48649,1.6126421999999998,1.6264158000000002,-0.0137736000000003,2.2217491000000003,1.4360690000000005,0.7856801,1.080229500158456,West Ham,Liverpool,0,0,1,2.48649,2.24066,1.6516642,0.5510756,1.1005886,1.3216742,1.0168758,0.3047983999999999,0.6809539893008509,1.6636842105263157,3.8426315789473686,7.0
20221019_Newcastle United_Everton,2022-10-19 18:30:00,ENG-Premier League,2223,Newcastle United,Everton,1,1,0,1.13393,0.0609567,2.472148,1.0263928000000002,1.4457551999999996,1.9193658,1.3543629,0.5650029000000001,0.8857087660367993,Everton,Newcastle United,0,0,1,0.0609567,1.13393,0.9430186,1.6642682,-0.7212495999999999,1.0892766,1.7159185999999995,-0.6266419999999997,0.7344317004223717,2.312105263157895,3.3131578947368423,3.8242105263157895
20221020_Fulham_Aston Villa,2022-10-20 18:30:00,ENG-Premier League,2223,Fulham,Aston Villa,1,3,0,2.892,0.711487,0.916417,2.766134,-1.849717,1.1834712,2.2968535,-1.1133823,1.3519540213956864,Aston Villa,Fulham,0,0,3,0.711487,2.892,1.3244197999999998,0.7792268,0.5451929999999998,1.1183505,1.1905214000000002,-0.0721709000000001,0.6259212778808809,2.743157894736842,3.3236842105263156,3.236842105263158
20221022_Everton_Crystal Palace,2022-10-22 14:00:00,ENG-Premier League,2223,Everton,Crystal Palace,1,3,0,1.93396,0.597167,0.67687194,1.6138202,-0.93694826,1.04117397,1.6369966000000002,-0.5958226300000002,0.7683626893182036,Crystal Palace,Everton,0,0,3,0.597167,1.93396,0.9770766,1.4117365999999998,-0.4346599999999998,1.1517142,1.5537861,-0.4020718999999999,1.0419242534960031,2.9257894736842105,3.392631578947368,3.488421052631579
20221022_Chelsea_Manchester United,2022-10-22 15:30:00,ENG-Premier League,2223,Chelsea,Manchester United,1,1,1,1.20238,0.730935,1.2374296,1.3551238,-0.1176941999999998,1.38961,1.4515482,-0.0619381999999999,1.079438778190443,Manchester United,Chelsea,0,1,1,0.730935,1.20238,1.73886,1.249186,0.4896740000000001,1.5472288,1.2859826,0.2612462,0.9694746055175514,1.3473684210526315,5.2,12.465789473684211
20221023_Aston Villa_Brentford,2022-10-23 13:00:00,ENG-Premier League,2223,Aston Villa,Brentford,1,4,0,3.45617,1.00462,1.4108388,0.9733408,0.4374979999999999,1.1406097000000002,1.4208873,-0.2802775999999998,0.6137063241647654,Brentford,Aston Villa,0,0,4,1.00462,3.45617,1.215882,1.4477466,-0.2318645999999997,1.5711270000000002,1.5262124,0.0449146000000002,1.0183766058526105,2.789473684210526,3.3342105263157897,3.226842105263158
20221023_Tottenham_Newcastle United,2022-10-23 15:30:00,ENG-Premier League,2223,Tottenham,Newcastle United,1,1,2,1.56513,1.1294,1.4826294,1.4496048,0.0330246,1.6312552,1.2479192,0.3833360000000001,1.1034440819290066,Newcastle United,Tottenham,0,2,1,1.1294,1.56513,2.11759,0.8544651400000003,1.2631248599999996,1.8468488,1.33687607,0.5099727300000001,0.866340078115719,1.9742105263157894,3.488421052631579,5.1147368421052635
20221024_West Ham_Bournemouth,2022-10-24 19:00:00,ENG-Premier League,2223,West Ham,Bournemouth,1,2,0,1.97715,0.730443,1.8650422,0.8577410000000001,1.0073012,1.5457044,0.9822028,0.5635016,0.5822584303580747,Bournemouth,West Ham,0,0,2,0.730443,1.97715,1.0645456,1.326198,-0.2616524,0.7106076,1.77542,-1.0648124,1.125795550461956,3.0710526315789473,3.3394736842105264,3.0805263157894736
20221029_Newcastle United_Aston Villa,2022-10-29 14:00:00,ENG-Premier League,2223,Newcastle United,Aston Villa,1,4,0,4.18808,0.270814,2.033954,0.9721015400000004,1.06185246,1.9413936,1.33255407,0.60883953,0.9271685416246652,Aston Villa,Newcastle United,0,0,4,0.270814,4.18808,1.8333428,1.1306044,0.7027383999999999,1.2195307,1.3838423,-0.1643116,0.7379881966167834,2.312105263157895,3.3131578947368423,3.8242105263157895
20221029_Fulham_Everton,2022-10-29 16:30:00,ENG-Premier League,2223,Fulham,Everton,1,0,0,1.76438,1.19166,1.6436098,2.4824714,-0.8388616,1.4845482,2.2327377,-0.7481894999999998,1.3472103181221613,Everton,Fulham,0,0,0,1.19166,1.76438,0.98411794,1.6021834,-0.61806546,1.09706297,1.4300173,-0.3329543299999999,0.9115238740362608,2.743157894736842,3.3236842105263156,3.236842105263158
20221029_Liverpool_Leeds,2022-10-29 18:45:00,ENG-Premier League,2223,Liverpool,Leeds,1,1,2,1.90889,1.61271,1.8708062,2.2169926,-0.3461863999999999,2.1120711,1.696351,0.4157201000000001,0.9469373701778456,Leeds,Liverpool,0,2,1,1.61271,1.90889,1.3090132,1.5001032,-0.1910899999999999,1.4741966000000002,1.5132318,-0.0390351999999998,0.74616862759782,1.6636842105263157,3.8426315789473686,7.0
20221030_Arsenal_Nottingham Forest,2022-10-30 14:00:00,ENG-Premier League,2223,Arsenal,Nottingham Forest,1,5,0,3.00699,0.206127,1.8049294,1.0905868,0.7143426000000002,2.0442517,0.9607163000000002,1.0835354,1.125105521445563,Nottingham Forest,Arsenal,0,0,5,0.206127,3.00699,1.0774558,1.4859934,-0.4085375999999998,1.0581075,1.7401008,-0.6819933,0.6615578648125405,1.54,4.433684210526316,8.544736842105262
20221105_Everton_Leicester,2022-11-05 17:30:00,ENG-Premier League,2223,Everton,Leicester,1,0,2,1.3729,2.2679,0.8224919399999999,1.5631374,-0.7406454600000001,1.07282097,1.5146238,-0.4418028300000001,0.8389089943786294,Leicester,Everton,0,2,0,2.2679,1.3729,0.8985194,1.0024070000000005,-0.1038876000000003,1.0977773,1.3800425,-0.2822652000000001,1.4574891852025134,2.9257894736842105,3.392631578947368,3.488421052631579
20221106_Chelsea_Arsenal,2022-11-06 12:00:00,ENG-Premier League,2223,Chelsea,Arsenal,1,0,1,0.278815,2.37846,1.300535,1.6516168,-0.3510818,1.241142,1.5998354,-0.3586933999999999,1.127992503684104,Arsenal,Chelsea,0,1,0,2.37846,0.278815,2.1422854,1.0237902,1.1184952,2.0438807000000003,0.9122611,1.1316196000000005,1.1742362583901014,1.3473684210526315,5.2,12.465789473684211
20221106_West Ham_Crystal Palace,2022-11-06 14:00:00,ENG-Premier League,2223,West Ham,Crystal Palace,1,1,2,0.192579,1.03344,2.1216,1.159366,0.962234,1.557955,0.8505721000000002,0.7073828999999998,0.706053316011492,Crystal Palace,West Ham,0,2,1,1.03344,0.192579,0.971185,1.2377785999999995,-0.2665935999999997,1.0267098999999995,1.5157881,-0.4890782000000002,1.1687808125929122,3.0710526315789473,3.3394736842105264,3.0805263157894736
20221106_Aston Villa_Manchester United,2022-11-06 14:00:00,ENG-Premier League,2223,Aston Villa,Manchester United,1,3,1,0.578563,0.517189,1.5082156,1.9084952,-0.4002796000000002,1.1662293,1.5115133000000005,-0.3452840000000003,0.6859708584145001,Manchester United,Aston Villa,0,1,3,0.517189,0.578563,1.486849,0.8030459999999999,0.6838029999999999,1.5637555,1.1945786,0.3691768999999998,1.0231772018213834,2.789473684210526,3.3342105263157897,3.226842105263158
20221106_Tottenham_Liverpool,2022-11-06 16:30:00,ENG-Premier League,2223,Tottenham,Liverpool,1,1,2,1.81736,1.46548,1.5367974,1.0372874,0.4995100000000001,1.7019122,1.1970552,0.5048570000000001,1.1163906596411617,Liverpool,Tottenham,0,2,1,1.46548,1.81736,1.8222842,2.0664006,-0.2441164000000002,2.0793641000000003,1.6931540000000005,0.3862101,0.961832051523804,1.9742105263157894,3.488421052631579,5.1147368421052635
20221112_Tottenham_Leeds,2022-11-12 15:00:00,ENG-Premier League,2223,Tottenham,Leeds,1,4,3,2.58046,1.71731,1.7459412,1.1504363999999998,0.5955048000000003,1.6391752,1.2634663,0.3757089,1.0981125763050976,Leeds,Tottenham,0,3,4,1.71731,2.58046,1.803766,1.4833911999999998,0.3203748000000002,1.4373346000000002,1.6495596,-0.2122249999999996,0.834878089709877,1.9742105263157894,3.488421052631579,5.1147368421052635
20221112_West Ham_Leicester,2022-11-12 15:00:00,ENG-Premier League,2223,West Ham,Leicester,1,0,2,0.720721,1.60566,1.4727638,1.2560844000000002,0.2166793999999998,1.543754,0.9234606,0.6202934000000001,0.7125482994387062,Leicester,West Ham,0,2,0,1.60566,0.720721,1.1158494,1.047205,0.0686443999999999,1.1285443000000002,1.3424165,-0.2138721999999999,1.5063639891105831,3.0710526315789473,3.3394736842105264,3.0805263157894736
20221112_Liverpool_Southampton,2022-11-12 15:00:00,ENG-Premier League,2223,Liverpool,Southampton,1,3,1,2.74418,1.43427,1.96235,1.8659366,0.0964134000000001,2.0736111,1.6731260000000003,0.4004850999999996,1.012725571962085,Southampton,Liverpool,0,1,3,1.43427,2.74418,1.0792444,1.3043084,-0.2250640000000001,1.0324522000000005,1.5205432,-0.4880909999999998,0.6779968331736489,1.6636842105263157,3.8426315789473686,7.0
20221112_Newcastle United_Chelsea,2022-11-12 17:30:00,ENG-Premier League,2223,Newcastle United,Chelsea,1,1,0,1.3601,0.359105,1.732114,0.9930481400000002,0.7390658599999997,2.0876706,1.04423347,1.04343713,1.0538055889633218,Chelsea,Newcastle United,0,0,1,0.359105,1.3601,0.8701139999999998,1.977619,-1.1075050000000002,1.1997743,1.6167104,-0.4169360999999998,1.166885165913984,2.312105263157895,3.3131578947368423,3.8242105263157895
20221113_Fulham_Manchester United,2022-11-13 16:30:00,ENG-Premier League,2223,Fulham,Manchester United,1,1,2,1.70218,3.37664,1.9185528,1.5777194,0.3408333999999997,1.3628399,2.1844567,-0.8216168000000001,1.24739432167027,Manchester United,Fulham,0,2,1,3.37664,1.70218,1.2250628,0.8455898,0.3794730000000001,1.4137103999999998,1.1001339,0.3135764999999999,1.061036927338918,2.743157894736842,3.3236842105263156,3.236842105263158
20221226_Everton_Wolverhampton Wanderers,2022-12-26 15:00:00,ENG-Premier League,2223,Everton,Wolverhampton Wanderers,1,1,2,1.22653,1.22076,1.06564654,1.6439594,-0.57831286,1.00433257,1.6541138,-0.6497812299999999,0.6969795901574812,Wolverhampton Wanderers,Everton,0,2,1,1.22076,1.22653,0.9676302,1.538305,-0.5706747999999999,0.8797653000000001,1.5041975,-0.6244322,0.6819992991320536,2.9257894736842105,3.392631578947368,3.488421052631579
20221226_Aston Villa_Liverpool,2022-12-26 17:30:00,ENG-Premier League,2223,Aston Villa,Liverpool,1,1,3,1.69155,3.50694,1.2342808,1.8861992,-0.6519184,1.2793503000000002,1.332713,-0.0533626999999998,0.9379753629827866,Liverpool,Aston Villa,0,3,1,3.50694,1.69155,2.111346,1.970492,0.1408540000000004,1.8619941,1.7984538999999995,0.0635402000000002,0.8055875120186944,2.789473684210526,3.3342105263157897,3.226842105263158
20221226_Arsenal_West Ham,2022-12-26 20:00:00,ENG-Premier League,2223,Arsenal,West Ham,1,3,1,1.88828,1.02652,2.0132274000000003,0.7284508000000001,1.2847766000000005,2.0912147,0.8776423,1.2135724,1.0520196457974182,West Ham,Arsenal,0,1,3,1.02652,1.88828,1.275454,1.4723206000000002,-0.1968666000000003,1.4635591,1.0116981,0.4518609999999998,0.6832654156122459,1.54,4.433684210526316,8.544736842105262
20221227_Chelsea_Bournemouth,2022-12-27 17:30:00,ENG-Premier League,2223,Chelsea,Bournemouth,1,2,0,1.91378,0.44307,0.694649,1.760555,-1.065906,1.0607688,1.5566974,-0.4959286,1.1312539252154428,Bournemouth,Chelsea,0,0,2,0.44307,1.91378,1.2881576,1.6809211999999998,-0.3927635999999996,1.1858105,1.5125765999999998,-0.3267660999999997,1.349286965086778,1.3473684210526315,5.2,12.465789473684211
20221230_West Ham_Brentford,2022-12-30 19:45:00,ENG-Premier League,2223,West Ham,Brentford,1,0,2,1.13979,1.51436,0.98346,1.4018446,-0.4183846,1.4242511,1.1297928000000002,0.2944582999999998,0.7021228896204541,Brentford,West Ham,0,2,0,1.51436,1.13979,1.812068,1.5599044,0.2521636,1.5139749999999998,1.5038255,0.0101494999999998,0.6605124519807448,3.0710526315789473,3.3394736842105264,3.0805263157894736
20221230_Liverpool_Leicester,2022-12-30 20:00:00,ENG-Premier League,2223,Liverpool,Leicester,1,2,1,2.02463,0.863312,2.364602,1.811504,0.5530980000000001,2.0365691,1.9032543,0.1333147999999999,0.7856346314816269,Leicester,Liverpool,0,1,2,0.863312,2.02463,1.1734444,1.2358236,-0.0623792,1.1521336999999998,1.2077356,-0.0556019,1.4755219159704158,1.6636842105263157,3.8426315789473686,7.0
20221231_Newcastle United_Leeds,2022-12-31 15:00:00,ENG-Premier League,2223,Newcastle United,Leeds,1,0,0,2.78846,0.517099,1.972482,0.8316638000000001,1.1408182,2.0450360000000005,0.8430644700000001,1.2019715300000005,1.2224717694594276,Leeds,Newcastle United,0,0,0,0.517099,2.78846,1.6245862,2.53658,-0.9119938,1.4500157,2.0456796,-0.5956638999999997,1.0344708443702753,2.312105263157895,3.3131578947368423,3.8242105263157895
20221231_Fulham_Southampton,2022-12-31 15:00:00,ENG-Premier League,2223,Fulham,Southampton,1,2,1,1.49305,0.698711,1.8969668,1.8694428000000003,0.0275239999999996,1.6577362999999998,2.1211141,-0.4633778000000004,1.0858173970025289,Southampton,Fulham,0,1,2,0.698711,1.49305,1.3548645999999998,1.551028,-0.1961634000000003,1.0816642,1.6351662,-0.5535019999999999,0.6471503382007667,2.743157894736842,3.3236842105263156,3.236842105263158
20230101_Tottenham_Aston Villa,2023-01-01 14:00:00,ENG-Premier League,2223,Tottenham,Aston Villa,1,0,2,0.569383,1.21733,1.8082674,1.4904706,0.3177968000000002,1.6454484,1.4700377,0.1754107,1.2762470848389504,Aston Villa,Tottenham,0,2,0,1.21733,0.569383,1.4302934,2.0091872000000004,-0.5788938000000003,1.4205661,1.491264,-0.0706979,0.8447330647035257,1.9742105263157894,3.488421052631579,5.1147368421052635
20230103_Arsenal_Newcastle United,2023-01-03 19:45:00,ENG-Premier League,2223,Arsenal,Newcastle United,1,0,0,0.970637,0.959523,2.5549500000000003,0.6360862,1.9188638,2.1799397000000003,0.8633365000000002,1.3166032,1.192692993896577,Newcastle United,Arsenal,0,0,0,0.959523,0.970637,2.304294,0.6220576000000001,1.6822364,2.169124,0.79707957,1.37204443,1.1064369273324497,1.54,4.433684210526316,8.544736842105262
20230103_Everton_Brighton,2023-01-03 19:45:00,ENG-Premier League,2223,Everton,Brighton,1,1,4,1.16896,2.50731,0.92716958,2.014558,-1.08738842,0.9556437599999998,1.8083707,-0.8527269400000002,0.8371311532122042,Brighton,Everton,0,4,1,2.50731,1.16896,1.5495253999999998,1.6901159999999995,-0.1405905999999999,1.5800222000000002,1.5337474,0.0462748000000001,1.0759335685703857,2.9257894736842105,3.392631578947368,3.488421052631579
20230104_Aston Villa_Wolverhampton Wanderers,2023-01-04 20:00:00,ENG-Premier League,2223,Aston Villa,Wolverhampton Wanderers,1,1,1,1.03226,0.832522,0.9825254,1.9221398000000005,-0.9396144000000004,1.4079341,1.5263721,-0.118438,0.9233380146570676,Wolverhampton Wanderers,Aston Villa,0,1,1,0.832522,1.03226,0.8341792000000001,1.824018,-0.9898387999999998,0.91947,1.6083205,-0.6888504999999999,0.761307316924623,2.789473684210526,3.3342105263157897,3.226842105263158
20230105_Chelsea_Manchester City,2023-01-05 20:00:00,ENG-Premier League,2223,Chelsea,Manchester City,1,0,1,0.493576,1.71972,1.000058,1.6095697999999998,-0.6095117999999999,1.1682485,1.4134803000000002,-0.2452318000000002,1.0271778417195985,Manchester City,Chelsea,0,1,0,1.71972,0.493576,2.2455934,1.10147078,1.1441226199999996,2.1172440000000003,1.01606769,1.1011763100000005,1.1335485501205576,1.3473684210526315,5.2,12.465789473684211
20230112_Fulham_Chelsea,2023-01-12 19:00:00,ENG-Premier League,2223,Fulham,Chelsea,1,2,1,0.711266,2.39911,1.6146628,1.668527,-0.0538641999999998,1.7372042,1.7274672,0.0097370000000001,0.978583301500594,Chelsea,Fulham,0,1,2,2.39911,0.711266,0.8836652,1.3773138,-0.4936486,1.0921001,1.5144653,-0.4223651999999998,0.9156661411658682,2.743157894736842,3.3236842105263156,3.236842105263158
20230113_Aston Villa_Leeds,2023-01-13 20:00:00,ENG-Premier League,2223,Aston Villa,Leeds,1,2,1,1.64599,2.46295,1.1348146,1.2510282,-0.1162136,1.3215151,1.5797617000000002,-0.2582466000000001,1.0593892878036069,Leeds,Aston Villa,0,1,2,2.46295,1.64599,1.264236,2.47596,-1.2117239999999998,1.418033,1.9892756000000005,-0.5712426000000002,1.0578025632671713,2.789473684210526,3.3342105263157897,3.226842105263158
20230114_Everton_Southampton,2023-01-14 15:00:00,ENG-Premier League,2223,Everton,Southampton,1,1,2,1.18191,1.08412,0.92262958,2.163144,-1.2405144199999998,0.87256076,1.8631407,-0.9905799400000002,0.8022354772916017,Southampton,Everton,0,2,1,1.08412,1.18191,1.2243441999999998,1.577724,-0.3533798000000003,0.9966811,1.5724512000000002,-0.5757701000000002,0.7023302615748793,2.9257894736842105,3.392631578947368,3.488421052631579
20230115_Chelsea_Crystal Palace,2023-01-15 14:00:00,ENG-Premier League,2223,Chelsea,Crystal Palace,1,1,0,2.12987,0.837366,1.3077242,1.043875,0.2638492000000001,1.0889190999999998,1.5107469999999998,-0.4218279,0.734672819429084,Crystal Palace,Chelsea,0,0,1,0.837366,2.12987,1.0281758,1.3380655999999995,-0.3098897999999996,0.9996804,1.2879221,-0.2882417000000001,0.9002868313844792,1.3473684210526315,5.2,12.465789473684211
20230115_Newcastle United_Fulham,2023-01-15 14:00:00,ENG-Premier League,2223,Newcastle United,Fulham,1,1,0,1.96256,0.989872,1.6585826,0.7620222000000002,0.8965603999999999,1.7978783,0.8257731700000001,0.97210513,1.112421729311862,Fulham,Newcastle United,0,0,1,0.989872,1.96256,1.5881392,1.669685,-0.0815457999999997,1.753346,1.6237022,0.1296438000000002,1.0266079675044355,2.312105263157895,3.3131578947368423,3.8242105263157895
20230115_Tottenham_Arsenal,2023-01-15 16:30:00,ENG-Premier League,2223,Tottenham,Arsenal,1,0,2,1.71032,2.04232,1.5032260000000002,1.488055,0.0151710000000002,1.5200117,1.2626712,0.2573404999999999,1.1842006320078773,Arsenal,Tottenham,0,2,0,2.04232,1.71032,2.1476794000000003,0.7867654,1.3609140000000004,2.1449824000000004,0.9052778,1.2397046000000005,1.072269370476247,1.9742105263157894,3.488421052631579,5.1147368421052635
20230121_Liverpool_Chelsea,2023-01-21 12:30:00,ENG-Premier League,2223,Liverpool,Chelsea,1,0,0,1.30125,1.84467,2.333778,1.6977704,0.6360076000000001,2.148064,1.7818535,0.3662105000000002,0.651749365126288,Chelsea,Liverpool,0,0,0,1.84467,1.30125,1.6618772,0.9393282,0.722549,1.1782631,1.3499416,-0.1716784999999998,0.5940943121325686,1.6636842105263157,3.8426315789473686,7.0
20230121_West Ham_Everton,2023-01-21 15:00:00,ENG-Premier League,2223,West Ham,Everton,1,2,0,2.46879,0.286826,0.9829172,1.4144464,-0.4315291999999999,1.2278405,1.3352654,-0.1074248999999998,0.5701061578387764,Everton,West Ham,0,0,2,0.286826,2.46879,0.88443158,1.926388,-1.04195642,0.95416736,1.7889407,-0.8347733399999998,0.733623152207646,3.0710526315789473,3.3394736842105264,3.0805263157894736
20230122_Arsenal_Manchester United,2023-01-22 16:30:00,ENG-Premier League,2223,Arsenal,Manchester United,1,3,2,2.90273,0.272246,2.0804514000000003,1.0730664,1.0073850000000002,2.1008114000000004,0.9260398,1.1747716000000004,1.0472139254318946,Manchester United,Arsenal,0,2,3,0.272246,2.90273,2.186888,0.5788118,1.6080762000000002,1.9020334,0.8036038000000001,1.0984296,0.8937798391028048,1.54,4.433684210526316,8.544736842105262
20230123_Fulham_Tottenham,2023-01-23 20:00:00,ENG-Premier League,2223,Fulham,Tottenham,1,0,1,1.09339,0.993805,1.4456776,1.386869,0.0588086000000001,1.6905952,1.6571292,0.0334659999999999,0.9464116860075754,Tottenham,Fulham,0,1,0,0.993805,1.09339,1.198724,1.728293,-0.5295690000000002,1.4809696,1.5550918,-0.0741221999999999,1.1478958461430633,2.743157894736842,3.3236842105263156,3.236842105263158
20230203_Chelsea_Fulham,2023-02-03 20:00:00,ENG-Premier League,2223,Chelsea,Fulham,1,0,0,1.41471,0.493341,1.6480552,1.1109642000000002,0.5370909999999998,1.3069896,1.3348386,-0.0278489999999997,0.5355815106856928,Fulham,Chelsea,0,0,0,0.493341,1.41471,1.1245016,1.5012792,-0.3767776,1.5107342,1.685361,-0.1746267999999997,0.8605081817117917,1.3473684210526315,5.2,12.465789473684211
20230204_Everton_Arsenal,2023-02-04 12:30:00,ENG-Premier League,2223,Everton,Arsenal,1,1,0,2.09191,0.690102,0.78804558,1.928862,-1.1408164200000002,0.92684606,1.7864107,-0.8595646400000001,0.7552486599029619,Arsenal,Everton,0,0,1,0.690102,2.09191,2.2050054,1.0250478,1.1799576,2.1091164,0.8767493000000002,1.2323670999999998,1.0430903467014212,2.9257894736842105,3.392631578947368,3.488421052631579
20230204_Aston Villa_Leicester,2023-02-04 15:00:00,ENG-Premier League,2223,Aston Villa,Leicester,1,2,4,1.4989,2.49784,1.35029,1.6088478000000002,-0.2585578000000001,1.2922854,1.7475235000000002,-0.4552381000000001,1.2381156375243134,Leicester,Aston Villa,0,4,2,2.49784,1.4989,0.9578686,1.764284,-0.8064154,1.1000824,1.4431358,-0.3430534,1.1817285853054416,2.789473684210526,3.3342105263157897,3.226842105263158
20230204_Newcastle United_West Ham,2023-02-04 17:30:00,ENG-Premier League,2223,Newcastle United,West Ham,1,1,1,1.22883,1.27831,1.7836406,0.6243504000000002,1.1592901999999998,1.8150723,0.70300377,1.1120685300000002,0.8815070994653493,West Ham,Newcastle United,0,1,1,1.27831,1.22883,1.332531,1.1506796,0.1818514000000002,1.3039925,1.3115001000000002,-0.0075076,0.6134999906057814,2.312105263157895,3.3131578947368423,3.8242105263157895
20230205_Tottenham_Manchester City,2023-02-05 16:30:00,ENG-Premier League,2223,Tottenham,Manchester City,1,1,0,1.42168,0.773747,1.2207276,1.496445,-0.2757174,1.5144975,1.4934578,0.0210396999999999,1.188512236888977,Manchester City,Tottenham,0,0,1,0.773747,1.42168,2.097846,0.83722498,1.2606210199999996,2.1216257,1.01461069,1.10701501,0.942672902824988,1.9742105263157894,3.488421052631579,5.1147368421052635
20230211_West Ham_Chelsea,2023-02-11 12:30:00,ENG-Premier League,2223,West Ham,Chelsea,1,1,1,1.07615,0.900465,1.382889,1.0187896,0.3640993999999999,1.1831745,1.2103171,-0.0271425999999999,0.7606648379720506,Chelsea,West Ham,0,1,1,0.900465,1.07615,1.6563872,1.0125886,0.6437986,1.3282226,1.3110792,0.0171433999999999,0.4517311693603396,3.0710526315789473,3.3394736842105264,3.0805263157894736
20230211_Arsenal_Brentford,2023-02-11 15:00:00,ENG-Premier League,2223,Arsenal,Brentford,1,1,1,1.36738,2.17538,1.9653698,1.2381258,0.7272440000000002,2.0959509,0.8837083,1.2122426000000002,1.0019313897422932,Brentford,Arsenal,0,1,1,2.17538,1.36738,1.490044,0.9065608,0.5834832,1.651056,1.2332326000000002,0.4178233999999996,1.0296434344786405,1.54,4.433684210526316,8.544736842105262
20230211_Fulham_Nottingham Forest,2023-02-11 15:00:00,ENG-Premier League,2223,Fulham,Nottingham Forest,1,2,0,1.69704,0.686824,0.9245598,1.6444789999999998,-0.7199191999999999,1.3125563,1.630448,-0.3178916999999999,0.761871500771814,Nottingham Forest,Fulham,0,0,2,0.686824,1.69704,1.1739058,1.1469282,0.0269775999999999,1.1588842,1.5441751,-0.3852909,0.8628982404814558,2.743157894736842,3.3236842105263156,3.236842105263158
20230213_Liverpool_Everton,2023-02-13 20:00:00,ENG-Premier League,2223,Liverpool,Everton,1,2,0,2.23291,0.402331,1.6041900000000002,1.9681964,-0.3640063999999998,1.984396,1.8898502,0.0945457999999996,0.6047177051769379,Everton,Liverpool,0,0,2,0.402331,2.23291,0.96112158,1.8227304,-0.8616088199999999,1.12994139,1.7420279,-0.6120865100000001,0.7080006972744868,1.6636842105263157,3.8426315789473686,7.0
20230215_Arsenal_Manchester City,2023-02-15 18:30:00,ENG-Premier League,2223,Arsenal,Manchester City,1,1,3,1.70139,2.00841,1.5946338000000002,1.4418758,0.1527580000000001,2.0747919,1.0389810000000002,1.0358109,1.012149212579241,Manchester City,Arsenal,0,3,1,2.00841,1.70139,2.1579594,1.062715,1.0952444000000003,2.3033657,1.06209079,1.24127491,0.8248795122374566,1.54,4.433684210526316,8.544736842105262
20230218_Aston Villa_Arsenal,2023-02-18 12:30:00,ENG-Premier League,2223,Aston Villa,Arsenal,1,2,4,0.335752,2.85981,1.1233635999999998,2.0151252,-0.8917616000000002,1.0529445000000002,1.9686325,-0.9156879999999998,1.4245751560740798,Arsenal,Aston Villa,0,4,2,2.85981,0.335752,1.7407844,1.6516532000000002,0.0891311999999999,1.9442319,1.2192093,0.7250226000000002,0.8743808419248538,2.789473684210526,3.3342105263157897,3.226842105263158
20230218_Everton_Leeds,2023-02-18 15:00:00,ENG-Premier League,2223,Everton,Leeds,1,1,0,1.53811,0.597403,1.0263874000000002,1.7966463999999998,-0.7702589999999996,0.97677849,1.9056022,-0.92882371,0.5118862600196489,Leeds,Everton,0,0,1,0.597403,1.53811,1.2814848,1.09069,0.1907948000000001,1.2728604,1.783325,-0.5104646000000002,1.021320938791922,2.9257894736842105,3.392631578947368,3.488421052631579
20230218_Chelsea_Southampton,2023-02-18 15:00:00,ENG-Premier League,2223,Chelsea,Southampton,1,0,1,1.61723,0.619532,1.737765,0.8838746000000001,0.8538903999999999,1.3107151,1.1305942,0.1801208999999999,0.4577650339383181,Southampton,Chelsea,0,1,0,0.619532,1.61723,0.8664698000000002,1.3105182,-0.4440483999999998,1.118273,1.4221811,-0.3039081000000001,0.6259646562470379,1.3473684210526315,5.2,12.465789473684211
20230218_Newcastle United_Liverpool,2023-02-18 17:30:00,ENG-Premier League,2223,Newcastle United,Liverpool,1,0,2,1.74852,2.16549,1.4286566,1.0233106000000003,0.4053459999999997,1.8664753,0.8226841,1.0437911999999998,0.8036533868659357,Liverpool,Newcastle United,0,2,0,2.16549,1.74852,1.645846,1.8760002,-0.2301541999999998,1.987935,1.6799203000000005,0.3080146999999995,0.7042480240812582,2.312105263157895,3.3131578947368423,3.8242105263157895
20230219_Tottenham_West Ham,2023-02-19 16:30:00,ENG-Premier League,2223,Tottenham,West Ham,1,2,0,1.43042,0.365173,1.281577,1.5326394,-0.2510624000000001,1.3924015,1.5103472,-0.1179456999999999,1.149093024466704,West Ham,Tottenham,0,0,2,0.365173,1.43042,1.370161,0.8960106,0.4741503999999999,1.0930745,1.2273193,-0.1342448,0.7318799113144517,1.9742105263157894,3.488421052631579,5.1147368421052635
20230224_Fulham_Wolverhampton Wanderers,2023-02-24 20:00:00,ENG-Premier League,2223,Fulham,Wolverhampton Wanderers,1,1,1,0.913133,0.997097,0.8995713999999999,1.5543298,-0.6547584000000002,1.2438553,1.6120074,-0.3681520999999998,0.9647416667021744,Wolverhampton Wanderers,Fulham,0,1,1,0.997097,0.913133,1.087171,1.563875,-0.4767039999999998,0.9881668,1.6679155,-0.6797487,1.1131712650422327,2.743157894736842,3.3236842105263156,3.236842105263158
20230225_Everton_Aston Villa,2023-02-25 15:00:00,ENG-Premier League,2223,Everton,Aston Villa,1,0,2,1.54109,2.06037,1.1002174,1.4146649999999998,-0.3144475999999998,1.01142349,1.7889045,-0.77748101,0.5932227328211126,Aston Villa,Everton,0,2,0,2.06037,1.54109,0.984062,2.4205828,-1.4365207999999996,1.0594383,1.8358055,-0.7763671999999999,1.6046223695873845,2.9257894736842105,3.392631578947368,3.488421052631579
20230225_West Ham_Nottingham Forest,2023-02-25 15:00:00,ENG-Premier League,2223,West Ham,Nottingham Forest,1,4,0,3.05032,0.350849,1.1847056,0.9305546,0.254151,1.0295588,1.1952212999999998,-0.1656624999999998,0.777031115628252,Nottingham Forest,West Ham,0,0,4,0.350849,3.05032,1.0950488,1.6477842000000005,-0.5527354000000002,1.0695259,1.4743941,-0.4048682000000001,0.9349928459022396,3.0710526315789473,3.3394736842105264,3.0805263157894736
20230226_Tottenham_Chelsea,2023-02-26 13:30:00,ENG-Premier League,2223,Tottenham,Chelsea,1,2,0,0.926313,0.262281,1.225597,1.19721,0.0283869999999999,1.3537075,1.4003165000000002,-0.0466090000000001,1.2558095040401978,Chelsea,Tottenham,0,0,2,0.262281,0.926313,1.5813890000000002,0.8655278,0.7158612000000002,1.4445566,0.9547014,0.4898551999999999,0.4153520773418796,1.9742105263157894,3.488421052631579,5.1147368421052635
20230301_Arsenal_Everton,2023-03-01 20:00:00,ENG-Premier League,2223,Arsenal,Everton,1,4,0,3.06919,1.604,1.4681482,1.32635966,0.14178854,1.8365768,1.17570373,0.6608730700000003,1.0345328142374364,Everton,Arsenal,0,0,4,1.604,3.06919,1.1720534,1.6099149999999998,-0.4378615999999997,1.02824249,1.7681515,-0.7399090100000001,0.5835193763298224,1.54,4.433684210526316,8.544736842105262
20230301_Liverpool_Wolverhampton Wanderers,2023-03-01 20:00:00,ENG-Premier League,2223,Liverpool,Wolverhampton Wanderers,1,2,0,2.70191,0.78681,1.670562,1.5235774,0.1469845999999999,2.00217,1.6106739,0.3914960999999999,0.6492951900711778,Wolverhampton Wanderers,Liverpool,0,0,2,0.78681,2.70191,1.125344,1.5994806,-0.4741366000000002,0.9586245,1.5718538,-0.6132293,1.043160233062859,1.6636842105263157,3.8426315789473686,7.0
20230304_Arsenal_Bournemouth,2023-03-04 15:00:00,ENG-Premier League,2223,Arsenal,Bournemouth,1,3,2,2.46279,1.74267,1.9439658,1.22877766,0.7151881400000002,1.9546678,1.23345173,0.7212160699999999,1.0231912434474832,Bournemouth,Arsenal,0,2,3,1.74267,2.46279,1.2992756,1.914881,-0.6156054,1.1239992,1.8281561,-0.7041568999999999,0.622775689897564,1.54,4.433684210526316,8.544736842105262
20230304_Chelsea_Leeds,2023-03-04 15:00:00,ENG-Premier League,2223,Chelsea,Leeds,1,1,0,1.8678,0.633995,1.2078712,0.8833171999999999,0.3245540000000001,1.4348742,0.9113227,0.5235514999999998,0.4181548332565787,Leeds,Chelsea,0,0,1,0.633995,1.8678,0.9774378,1.1131116,-0.1356738000000001,1.0103425,1.5626088,-0.5522663000000001,0.6928336748838391,1.3473684210526315,5.2,12.465789473684211
20230304_Aston Villa_Crystal Palace,2023-03-04 15:00:00,ENG-Premier League,2223,Aston Villa,Crystal Palace,1,1,0,0.890605,0.152761,1.066938,2.2362108,-1.1692728,1.207619,1.9381956,-0.7305766000000002,1.3249200907570262,Crystal Palace,Aston Villa,0,0,1,0.152761,0.890605,0.9504678,1.625067,-0.6745992000000001,0.8964963000000001,1.6909804000000002,-0.7944841,0.6692713965786623,2.789473684210526,3.3342105263157897,3.226842105263158
20230305_Liverpool_Manchester United,2023-03-05 16:30:00,ENG-Premier League,2223,Liverpool,Manchester United,1,7,0,3.44269,0.837542,1.950694,1.3120054,0.6386886,1.997943,1.5459279,0.4520150999999999,0.6006174347228951,Manchester United,Liverpool,0,0,7,0.837542,3.44269,1.9786092,1.6251476,0.3534615999999999,2.0827486,1.1019796999999998,0.9807689000000002,1.0082825126937969,1.6636842105263157,3.8426315789473686,7.0
20230311_Tottenham_Nottingham Forest,2023-03-11 15:00:00,ENG-Premier League,2223,Tottenham,Nottingham Forest,1,3,1,1.73482,1.62805,1.2302766000000005,0.6751516,0.5551250000000003,1.2255021,1.0857983,0.1397037999999999,1.0607888303179325,Nottingham Forest,Tottenham,0,1,3,1.62805,1.73482,0.6594512000000001,2.07782,-1.4183688,0.9311361,1.7137111,-0.7825749999999999,0.9665601338406556,1.9742105263157894,3.488421052631579,5.1147368421052635
20230311_Everton_Brentford,2023-03-11 15:00:00,ENG-Premier League,2223,Everton,Brentford,1,1,0,1.71599,1.95088,1.3588602,1.7519212,-0.3930609999999999,1.15999089,1.7873257999999996,-0.6273349099999996,0.6034524948273562,Brentford,Everton,0,0,1,1.95088,1.71599,1.553535,1.0367662,0.5167688000000001,1.8222035,1.1186301,0.7035733999999998,1.0426930676551398,2.9257894736842105,3.392631578947368,3.488421052631579
20230312_Fulham_Arsenal,2023-03-12 14:00:00,ENG-Premier League,2223,Fulham,Arsenal,1,0,3,0.61832,2.64355,1.0006076,1.6511922,-0.6505846,1.0625546,1.5762357,-0.5136811000000001,1.0352399441497462,Arsenal,Fulham,0,3,0,2.64355,0.61832,2.1630478,1.14223566,1.02081214,1.8788408,1.29205573,0.5867850699999997,1.011261299381353,2.743157894736842,3.3236842105263156,3.236842105263158
20230312_West Ham_Aston Villa,2023-03-12 14:00:00,ENG-Premier League,2223,West Ham,Aston Villa,1,1,1,2.14634,1.99139,1.2039996,1.4820988,-0.2780992,1.2682653,1.3163892,-0.0481239000000002,0.8673257343509009,Aston Villa,West Ham,0,1,1,1.99139,2.14634,1.012195,2.1322742,-1.1200792,1.1812425,1.870561,-0.6893185,1.2698482573660723,3.0710526315789473,3.3394736842105264,3.0805263157894736
20230312_Newcastle United_Wolverhampton Wanderers,2023-03-12 16:30:00,ENG-Premier League,2223,Newcastle United,Wolverhampton Wanderers,1,2,1,2.45527,0.709895,1.2659058,1.3325948000000003,-0.0666890000000002,1.5163992,0.9810677,0.5353315000000001,0.4616195645450324,Wolverhampton Wanderers,Newcastle United,0,1,2,0.709895,2.45527,0.77469,1.4651386,-0.6904486,0.9202433,1.6169838000000003,-0.6967405000000002,0.9780011677333942,2.312105263157895,3.3131578947368423,3.8242105263157895
20230318_Aston Villa_Bournemouth,2023-03-18 15:00:00,ENG-Premier League,2223,Aston Villa,Bournemouth,1,3,0,3.45474,0.50014,1.110693,2.0619742,-0.9512812,1.2112265,1.7345009999999998,-0.5232744999999999,1.2384130974569187,Bournemouth,Aston Villa,0,0,3,0.50014,3.45474,1.325308,2.007889,-0.6825810000000001,1.1184452,2.0196465000000003,-0.9012013000000004,0.6258682804769689,2.789473684210526,3.3342105263157897,3.226842105263158
20230318_Chelsea_Everton,2023-03-18 17:30:00,ENG-Premier League,2223,Chelsea,Everton,1,2,2,1.90027,1.64675,1.2285112,1.123476,0.1050351999999998,1.4424492,1.0680323,0.3744168999999999,0.4852853845491512,Everton,Chelsea,0,2,2,1.64675,1.90027,1.621592,1.6955151999999998,-0.0739231999999996,1.3239896999999998,1.7460808,-0.4220911000000003,0.5287046200551108,1.3473684210526315,5.2,12.465789473684211
20230319_Arsenal_Crystal Palace,2023-03-19 14:00:00,ENG-Premier League,2223,Arsenal,Crystal Palace,1,4,1,1.53568,1.19194,2.3514798000000003,0.8642176599999999,1.4872621400000003,2.0461321000000003,1.25793543,0.7881966700000005,1.0751988714712644,Crystal Palace,Arsenal,0,1,4,1.19194,1.53568,0.732777,1.1258133999999995,-0.3930363999999997,0.7555823,1.5317307,-0.7761484,0.5293923251082971,1.54,4.433684210526316,8.544736842105262
20230401_Arsenal_Leeds,2023-04-01 14:00:00,ENG-Premier League,2223,Arsenal,Leeds,1,4,1,3.29548,0.497609,2.0866538,1.03545526,1.0511985399999997,1.9954681,1.20609743,0.78937067,1.202724712700387,Leeds,Arsenal,0,1,4,0.497609,3.29548,0.8406168,1.6148995999999998,-0.7742827999999997,1.0610508,1.3527948000000003,-0.2917440000000002,0.9424610560954704,1.54,4.433684210526316,8.544736842105262
20230401_Chelsea_Aston Villa,2023-04-01 16:30:00,ENG-Premier League,2223,Chelsea,Aston Villa,1,0,2,2.38024,0.765794,1.4284722,1.237596,0.1908761999999999,1.5831186000000002,1.0607353,0.5223833000000002,0.5684977938495613,Aston Villa,Chelsea,0,2,0,0.765794,2.38024,1.7465714,1.4400282,0.3065431999999999,1.4349675,1.7275767000000002,-0.2926092000000002,1.1150070541618162,1.3473684210526315,5.2,12.465789473684211
20230402_West Ham_Southampton,2023-04-02 13:00:00,ENG-Premier League,2223,West Ham,Southampton,1,1,0,1.40363,0.318261,1.3776056,1.6346108,-0.2570052,1.3802473000000002,1.3267002,0.0535471000000002,0.7969580545761222,Southampton,West Ham,0,0,1,0.318261,1.40363,1.158945,1.3704218,-0.2114768000000002,1.0117236,1.379869,-0.3681453999999999,0.790729018549119,3.0710526315789473,3.3394736842105264,3.0805263157894736
20230402_Newcastle United_Manchester United,2023-04-02 15:30:00,ENG-Premier League,2223,Newcastle United,Manchester United,1,2,0,3.33162,0.334127,1.7224798,1.2586780000000002,0.4638017999999997,1.6995612000000002,1.0382462,0.6613150000000001,0.4118707747206898,Manchester United,Newcastle United,0,0,2,0.334127,3.33162,1.8597806,1.6932856,0.1664949999999998,1.7991979,1.4578269,0.3413710000000001,0.9448649618449632,2.312105263157895,3.3131578947368423,3.8242105263157895
20230403_Everton_Tottenham,2023-04-03 19:00:00,ENG-Premier League,2223,Everton,Tottenham,1,1,1,0.823365,1.39177,1.64332,1.9560886,-0.3127685999999998,1.3717687,1.6853767999999998,-0.3136080999999997,0.5831882713257189,Tottenham,Everton,0,1,1,1.39177,0.823365,1.4464326,1.0677502,0.3786824,1.3640048,1.3001948,0.0638099999999999,1.0997020687155437,2.9257894736842105,3.392631578947368,3.488421052631579
20230404_Chelsea_Liverpool,2023-04-04 19:00:00,ENG-Premier League,2223,Chelsea,Liverpool,1,0,0,2.18903,0.202217,1.5810742000000002,1.2668484000000002,0.3142258,1.5812316,1.0661881,0.5150435,0.5059344210333129,Liverpool,Chelsea,0,0,0,0.202217,2.18903,1.9897302,1.3454296,0.6443005999999998,1.8238761,1.5756569,0.2482192,0.767595579767957,1.3473684210526315,5.2,12.465789473684211
20230405_West Ham_Newcastle United,2023-04-05 19:00:00,ENG-Premier League,2223,West Ham,Newcastle United,1,1,5,0.83342,2.84091,1.4431016,1.51817,-0.0750684000000001,1.4066313,1.2070903,0.1995409999999999,0.8531014110794982,Newcastle United,West Ham,0,5,1,2.84091,0.83342,2.0790978,1.0165874,1.0625104,1.7538772000000002,1.019949,0.7339282000000003,0.513148518523122,3.0710526315789473,3.3394736842105264,3.0805263157894736
20230408_Tottenham_Brighton,2023-04-08 14:00:00,ENG-Premier League,2223,Tottenham,Brighton,1,2,1,0.594139,1.47549,1.4387026,1.1593886,0.279314,1.3321498000000005,1.1782993000000002,0.1538505000000001,1.2010652247478286,Brighton,Tottenham,0,1,2,1.47549,0.594139,2.4111914,0.8986646,1.5125267999999998,2.4322007,0.9202054,1.5119953000000002,0.7811852117363457,1.9742105263157894,3.488421052631579,5.1147368421052635
20230408_Aston Villa_Nottingham Forest,2023-04-08 14:00:00,ENG-Premier League,2223,Aston Villa,Nottingham Forest,1,2,0,1.42718,0.232452,1.6208238,1.1702156,0.4506082000000002,1.3438808999999998,1.7032132,-0.3593323000000001,1.2649921097977437,Nottingham Forest,Aston Villa,0,0,2,0.232452,1.42718,0.937619,1.7520158,-0.8143967999999999,0.8761058,1.9245899,-1.0484840999999996,1.0272720175211516,2.789473684210526,3.3342105263157897,3.226842105263158
20230408_Fulham_West Ham,2023-04-08 14:00:00,ENG-Premier League,2223,Fulham,West Ham,1,0,1,0.456524,1.23261,0.8064052,2.3877034000000004,-1.5812982000000004,0.9016935,1.9395526,-1.0378591,0.9981207604127562,West Ham,Fulham,0,1,0,1.23261,0.456524,1.536751,1.8002679999999998,-0.2635169999999998,1.3607283,1.3654113,-0.0046830000000002,0.8083900302580389,2.743157894736842,3.3236842105263156,3.236842105263158
20230409_Liverpool_Arsenal,2023-04-09 15:30:00,ENG-Premier League,2223,Liverpool,Arsenal,1,2,2,4.64012,1.53631,1.7599276,1.5854184,0.1745091999999999,1.7152448,1.5544979,0.1607469000000001,0.8162095485090243,Arsenal,Liverpool,0,2,2,1.53631,4.64012,2.601338,1.1309078,1.4704301999999996,2.0347431,1.22863373,0.8061093700000002,1.228655731204725,1.6636842105263157,3.8426315789473686,7.0
20230415_Aston Villa_Newcastle United,2023-04-15 11:30:00,ENG-Premier League,2223,Aston Villa,Newcastle United,1,3,0,1.91802,0.425086,1.7281388,1.1861538,0.5419849999999999,1.3701669,1.6592139999999995,-0.2890470999999999,1.3137076120379116,Newcastle United,Aston Villa,0,0,3,0.425086,1.91802,2.430288,0.8949274000000003,1.5353605999999995,1.8480969,1.1137611,0.7343357999999998,0.8116453138115682,2.789473684210526,3.3342105263157897,3.226842105263158
20230415_Everton_Fulham,2023-04-15 14:00:00,ENG-Premier League,2223,Everton,Fulham,1,1,3,2.24262,1.92209,1.3688116,2.0856866,-0.7168749999999999,1.4021499,1.9078408,-0.5056909,0.5705519997883252,Fulham,Everton,0,3,1,1.92209,2.24262,0.8528672,2.0914754,-1.2386081999999998,0.8762193000000001,1.8229026,-0.9466832999999996,0.7988858509669313,2.9257894736842105,3.392631578947368,3.488421052631579
20230415_Chelsea_Brighton,2023-04-15 14:00:00,ENG-Premier League,2223,Chelsea,Brighton,1,1,2,0.46331,2.52107,1.7559256,1.1154608,0.6404648000000002,1.4842114,0.9326635,0.5515479,0.4716306102819246,Brighton,Chelsea,0,2,1,2.52107,0.46331,2.0063034,0.9674834,1.0388199999999996,2.3396877,0.8507663000000001,1.4889213999999995,0.7265923881241124,1.3473684210526315,5.2,12.465789473684211
20230415_Tottenham_Bournemouth,2023-04-15 14:00:00,ENG-Premier League,2223,Tottenham,Bournemouth,1,2,3,2.30604,1.20598,1.3722678,1.4020304,-0.0297625999999999,1.2750647,1.0916823,0.1833823999999999,1.254837299756397,Bournemouth,Tottenham,0,3,2,1.20598,2.30604,1.5638280000000002,1.9112648,-0.3474367999999999,1.4252698,2.0018079,-0.5765381,0.6314589480118444,1.9742105263157894,3.488421052631579,5.1147368421052635
20230416_West Ham_Arsenal,2023-04-16 13:00:00,ENG-Premier League,2223,West Ham,Arsenal,1,2,2,1.96095,2.71782,1.1732090000000002,1.821403,-0.6481939999999999,1.4104788,1.3304405,0.0800382999999997,0.8507743251622605,Arsenal,West Ham,0,2,2,2.71782,1.96095,2.294762,1.7381318,0.5566301999999999,2.1193639,1.48345473,0.6359091700000001,1.2739665547919568,3.0710526315789473,3.3394736842105264,3.0805263157894736
20230421_Arsenal_Southampton,2023-04-21 19:00:00,ENG-Premier League,2223,Arsenal,Southampton,1,3,3,2.39609,1.43063,2.3457680000000005,1.7817878,0.5639802000000005,2.2544079,1.46201173,0.79239617,1.2420107106567937,Southampton,Arsenal,0,3,3,1.43063,2.39609,0.8738516000000001,1.7754640000000002,-0.9016124,0.9205798,1.441167,-0.5205871999999999,0.7603895280023221,1.54,4.433684210526316,8.544736842105262
20230422_Fulham_Leeds,2023-04-22 11:30:00,ENG-Premier League,2223,Fulham,Leeds,1,2,1,1.43763,1.07482,1.0546586000000002,2.34058,-1.2859214,0.9694411,1.8509086,-0.8814674999999998,1.0315211192086664,Leeds,Fulham,0,1,2,1.07482,1.43763,1.3546438,2.5109214,-1.1562776,1.1213033,1.9169275,-0.7956242,1.0701822868243709,2.743157894736842,3.3236842105263156,3.236842105263158
20230422_Liverpool_Nottingham Forest,2023-04-22 14:00:00,ENG-Premier League,2223,Liverpool,Nottingham Forest,1,3,2,3.32745,0.724666,1.9899836,1.8013060000000003,0.1886775999999996,2.1844148,1.3770819,0.8073328999999998,1.007134264456428,Nottingham Forest,Liverpool,0,2,3,0.724666,3.32745,0.7091308000000001,2.0162278,-1.3070970000000002,0.8138460000000001,2.1081749000000003,-1.2943289000000002,0.8601125272932136,1.6636842105263157,3.8426315789473686,7.0
20230423_Newcastle United_Tottenham,2023-04-23 13:00:00,ENG-Premier League,2223,Newcastle United,Tottenham,1,6,1,3.98532,0.883001,2.0242512,1.1365524000000002,0.8876987999999999,1.7462215,1.2722477,0.4739738,0.858997063661704,Tottenham,Newcastle United,0,1,6,0.883001,3.98532,1.5822998,1.530731,0.0515687999999998,1.4062882,1.1029413,0.3033469,1.2088551913788432,2.312105263157895,3.3131578947368423,3.8242105263157895
20230425_Aston Villa_Fulham,2023-04-25 18:45:00,ENG-Premier League,2223,Aston Villa,Fulham,1,1,0,0.839159,0.079864,1.3557207999999998,1.148199,0.2075217999999998,1.5511461,1.2941136,0.2570325,1.2248999466265966,Fulham,Aston Villa,0,0,1,0.079864,0.839159,1.0071226,2.066828,-1.0597054,1.0038651,1.8590101,-0.855145,1.1953785469994451,2.789473684210526,3.3342105263157897,3.226842105263158
20230426_Chelsea_Brentford,2023-04-26 18:45:00,ENG-Premier League,2223,Chelsea,Brentford,1,0,2,1.21124,0.695344,1.5496316,1.1473968,0.4022348000000002,1.3890714,1.1354364,0.2536349999999998,0.5759239043263692,Brentford,Chelsea,0,2,0,0.695344,1.21124,1.506784,1.7185019999999998,-0.2117179999999996,1.4680862,1.4886137,-0.0205275,0.8173901386784109,1.3473684210526315,5.2,12.465789473684211
20230426_West Ham_Liverpool,2023-04-26 18:45:00,ENG-Premier League,2223,West Ham,Liverpool,1,1,2,0.939348,1.7045,1.590766,1.4616403999999998,0.1291256,1.4841858,1.5481256,-0.0639397999999999,1.0106544540080804,Liverpool,West Ham,0,2,1,1.7045,0.939348,2.2285436,1.7259832,0.5025603999999997,2.2938688,1.4093154,0.8845533999999997,1.0026724271796073,3.0710526315789473,3.3394736842105264,3.0805263157894736
20230427_Everton_Newcastle United,2023-04-27 18:45:00,ENG-Premier League,2223,Everton,Newcastle United,1,1,4,0.777008,2.86368,1.2191260000000002,1.9936094,-0.7744833999999998,1.420359,1.8445623,-0.4242032999999998,0.5632374890872737,Newcastle United,Everton,0,4,1,2.86368,0.777008,2.3212612,1.2067556000000004,1.1145055999999995,2.0218705,1.2327168,0.7891537,0.9891825469620597,2.9257894736842105,3.392631578947368,3.488421052631579
20230427_Tottenham_Manchester United,2023-04-27 19:15:00,ENG-Premier League,2223,Tottenham,Manchester United,1,2,2,2.37239,1.96508,1.411936,2.002185,-0.5902489999999998,1.3524203,1.4240986,-0.0716783,1.2570047514040188,Manchester United,Tottenham,0,2,2,1.96508,2.37239,2.0225576,1.4318426,0.5907149999999999,2.057113,1.5824911,0.4746219000000002,0.680565102371575,1.9742105263157894,3.488421052631579,5.1147368421052635
20230430_Fulham_Manchester City,2023-04-30 13:00:00,ENG-Premier League,2223,Fulham,Manchester City,1,1,2,0.431813,2.32338,0.8994314000000001,1.7059498000000002,-0.8065184000000001,0.9625174,1.801455,-0.8389376000000001,1.2467294131727769,Manchester City,Fulham,0,2,1,2.32338,0.431813,2.375904,0.6643524000000001,1.7115516000000002,2.463096,0.7870929,1.6760031000000002,1.1773795347889262,2.743157894736842,3.3236842105263156,3.236842105263158
20230430_Newcastle United_Southampton,2023-04-30 13:00:00,ENG-Premier League,2223,Newcastle United,Southampton,1,3,1,3.91457,0.897175,2.2276732000000004,1.2953318,0.9323414000000004,2.1533855,1.1559596,0.9974258999999996,1.0680850836577642,Southampton,Newcastle United,0,1,3,0.897175,3.91457,0.679435,1.7422648000000005,-1.0628298000000005,0.91919,1.5563433,-0.6371532999999999,0.870330540660211,2.312105263157895,3.3131578947368423,3.8242105263157895
20230430_Liverpool_Tottenham,2023-04-30 15:30:00,ENG-Premier League,2223,Liverpool,Tottenham,1,4,3,2.42911,1.44927,2.5058093999999995,1.3113667999999998,1.1944425999999997,2.2477697999999995,1.3283982,0.9193715999999994,1.0232359989728492,Tottenham,Liverpool,0,3,4,1.44927,2.42911,1.509468,1.891047,-0.3815789999999999,1.4779503,1.4793986,-0.0014483,1.2179021054347323,1.6636842105263157,3.8426315789473686,7.0
20230502_Arsenal_Chelsea,2023-05-02 19:00:00,ENG-Premier League,2223,Arsenal,Chelsea,1,3,1,2.7832,0.785202,2.0688144,2.1081978,-0.0393834000000001,2.0777341,1.5718265299999998,0.50590757,1.2994919323449847,Chelsea,Arsenal,0,1,3,0.785202,2.7832,1.4118256,0.9571156,0.4547099999999999,1.4201488999999998,1.0973558,0.3227930999999997,0.4929057136855765,1.54,4.433684210526316,8.544736842105262
20230503_Liverpool_Fulham,2023-05-03 19:00:00,ENG-Premier League,2223,Liverpool,Fulham,1,1,0,1.67372,0.740125,2.951188,1.1634148,1.7877732000000002,2.3555578,1.3744166,0.9811412000000002,1.1462248363318293,Fulham,Liverpool,0,0,1,0.740125,1.67372,0.8655842,1.5425178,-0.6769335999999999,0.8359947,1.9651106,-1.1291159,1.315796241535692,1.6636842105263157,3.8426315789473686,7.0
20230506_Tottenham_Crystal Palace,2023-05-06 14:00:00,ENG-Premier League,2223,Tottenham,Crystal Palace,1,1,0,1.15665,0.306669,1.520968,2.212196,-0.691228,1.4798353,1.6857923,-0.2059569999999999,1.2839257963870734,Crystal Palace,Tottenham,0,0,1,0.306669,1.15665,1.4714482,1.0487641999999997,0.4226840000000003,1.2036669999999998,1.0646192,0.1390477999999997,1.163111422751124,1.9742105263157894,3.488421052631579,5.1147368421052635
20230506_Liverpool_Brentford,2023-05-06 16:30:00,ENG-Premier League,2223,Liverpool,Brentford,1,1,0,1.992,0.183892,2.357908,1.0041778,1.3537301999999996,2.2527388,1.3697481000000002,0.8829906999999997,1.154150159729943,Brentford,Liverpool,0,0,1,0.183892,1.992,1.5252127999999998,1.1558885999999997,0.3693242000000001,1.3643111,1.423974,-0.0596628999999999,0.8795641407856751,1.6636842105263157,3.8426315789473686,7.0
20230507_Newcastle United_Arsenal,2023-05-07 15:30:00,ENG-Premier League,2223,Newcastle United,Arsenal,1,0,2,1.37224,1.29061,2.4424052,1.3080828,1.1343224,2.3699905,1.0291281,1.3408624000000002,1.0970503480708689,Arsenal,Newcastle United,0,2,0,1.29061,1.37224,1.9663584,2.1657164,-0.1993579999999999,2.2838482,1.6483121,0.6355360999999999,1.2697861137241462,2.312105263157895,3.3131578947368423,3.8242105263157895
20230507_West Ham_Manchester United,2023-05-07 18:00:00,ENG-Premier League,2223,West Ham,Manchester United,1,1,0,1.76618,1.1942,1.5796426,2.1429934,-0.5633507999999998,1.3764258,1.9821982,-0.6057724000000002,1.0171263738834495,Manchester United,West Ham,0,0,1,1.1942,1.76618,2.462996,1.3817462,1.0812498,1.978869,1.6905341,0.2883348999999999,0.5558727960906983,3.0710526315789473,3.3394736842105264,3.0805263157894736
20230508_Fulham_Leicester,2023-05-08 14:00:00,ENG-Premier League,2223,Fulham,Leicester,1,5,3,1.75276,2.92566,0.9223044,1.6307398,-0.7084353999999998,0.8875858000000001,1.8611076,-0.9735217999999995,1.126650373800061,Leicester,Fulham,0,3,5,2.92566,1.75276,2.147795,1.902034,0.2457610000000001,1.7062761000000002,1.5761036999999998,0.1301724000000004,0.5860712776371434,2.743157894736842,3.3236842105263156,3.236842105263158
20230513_Chelsea_Nottingham Forest,2023-05-13 14:00:00,ENG-Premier League,2223,Chelsea,Nottingham Forest,1,2,2,0.999181,1.96797,1.0087160000000002,1.5636634,-0.5549473999999999,1.48757,1.3428463000000002,0.1447236999999999,0.7394605030617026,Nottingham Forest,Chelsea,0,2,2,1.96797,0.999181,1.4137938,2.725422,-1.3116281999999997,1.1189783,2.2105599,-1.0915816000000005,1.251140213228252,1.3473684210526315,5.2,12.465789473684211
20230513_Aston Villa_Tottenham,2023-05-13 14:00:00,ENG-Premier League,2223,Aston Villa,Tottenham,1,2,1,1.79987,1.18505,1.2719034,0.929644,0.3422594,1.5000211,1.0578989,0.4421222,0.9999852668837346,Tottenham,Aston Villa,0,1,2,1.18505,1.79987,1.6334702,1.9784318000000003,-0.3449616000000002,1.502869,1.6902311,-0.1873621000000001,1.197708384624086,2.789473684210526,3.3342105263157897,3.226842105263158
20230514_Everton_Manchester City,2023-05-14 13:00:00,ENG-Premier League,2223,Everton,Manchester City,1,0,3,1.18597,1.04338,1.93641,2.3431874,-0.4067774000000002,1.6526108000000002,2.214437,-0.5618262,0.9076541750458276,Manchester City,Everton,0,3,0,1.04338,1.18597,2.355176,0.6780208,1.6771552,2.43602,0.5831652999999999,1.8528547,1.1904659278388814,2.9257894736842105,3.392631578947368,3.488421052631579
20230514_Arsenal_Brighton,2023-05-14 15:30:00,ENG-Premier League,2223,Arsenal,Brighton,1,0,3,0.958651,2.21276,1.9172184,1.5121404,0.405078,2.1059902,1.6251361,0.4808540999999999,1.2820566391730412,Brighton,Arsenal,0,3,0,2.21276,0.958651,2.758624,1.5538070000000002,1.2048169999999996,2.3824637,1.2606452,1.1218184999999996,0.8394667925195283,1.54,4.433684210526316,8.544736842105262
20230518_Newcastle United_Brighton,2023-05-18 18:30:00,ENG-Premier League,2223,Newcastle United,Brighton,1,4,1,4.11359,0.593493,2.897398,1.1726928,1.7247051999999998,2.4608246,1.1546226000000002,1.306202,1.0565559786114058,Brighton,Newcastle United,0,1,4,0.593493,4.11359,2.696962,1.6528752,1.0440868,2.4523517,1.2968365,1.1555152,0.8563205447568778,2.312105263157895,3.3131578947368423,3.8242105263157895
20230520_Tottenham_Brentford,2023-05-20 11:30:00,ENG-Premier League,2223,Tottenham,Brentford,1,1,3,1.61667,1.15344,1.4092722,2.0972098000000003,-0.6879376000000004,1.495786,1.8139704,-0.3181844,1.270234331492385,Brentford,Tottenham,0,3,1,1.15344,1.61667,1.7314312,1.2024529999999998,0.5289782000000003,1.4635922999999995,1.4360085000000002,0.0275837999999994,0.8198998997877349,1.9742105263157894,3.488421052631579,5.1147368421052635
20230520_Liverpool_Aston Villa,2023-05-20 14:00:00,ENG-Premier League,2223,Liverpool,Aston Villa,1,1,1,0.918508,1.46948,1.914036,0.7680262000000001,1.1460098,2.0712898,1.2470047000000002,0.8242850999999995,1.110418681915644,Aston Villa,Liverpool,0,1,1,1.46948,0.918508,1.2482734,1.0816368,0.1666365999999999,1.4808691,0.9617699000000002,0.5190991999999999,1.08044588110733,1.6636842105263157,3.8426315789473686,7.0
20230520_Fulham_Crystal Palace,2023-05-20 14:00:00,ENG-Premier League,2223,Fulham,Crystal Palace,1,2,2,1.95519,1.70785,0.8550824,1.5823136,-0.7272312,0.9311025,1.8245708,-0.8934682999999995,1.5035922429676185,Crystal Palace,Fulham,0,2,2,1.70785,1.95519,0.99527,0.9926587999999998,0.0026112000000001,1.340745,0.8985858999999999,0.4421591000000001,1.1933654845884305,2.743157894736842,3.3236842105263156,3.236842105263158
20230521_West Ham_Leeds,2023-05-21 12:30:00,ENG-Premier League,2223,West Ham,Leeds,1,3,1,2.48001,0.645828,1.076707,2.528474,-1.451767,1.3337365,1.9950572,-0.6613207000000001,1.0496818151997676,Leeds,West Ham,0,1,3,0.645828,2.48001,1.3329548,2.24534,-0.9123851999999996,1.3437993,2.3781307000000003,-1.0343314,1.1162372861503305,3.0710526315789473,3.3394736842105264,3.0805263157894736
20230522_Newcastle United_Leicester,2023-05-22 19:00:00,ENG-Premier League,2223,Newcastle United,Leicester,1,0,0,2.05089,0.0839072,2.923052,1.1147912000000002,1.8082608,2.6221566,1.1607734,1.4613831999999998,1.0678229256700666,Leicester,Newcastle United,0,0,0,0.0839072,2.05089,2.3066492,1.90056,0.4060891999999998,1.6484017000000002,1.6446546999999998,0.0037470000000003,0.7279774535676263,2.312105263157895,3.3131578947368423,3.8242105263157895
20230528_Everton_Bournemouth,2023-05-28 15:30:00,ENG-Premier League,2223,Everton,Bournemouth,1,1,0,1.12933,0.432084,2.1322896,2.35177,-0.2194803999999997,1.6757078,2.1726897000000003,-0.4969819000000002,0.7757911159743268,Bournemouth,Everton,0,0,1,0.432084,1.12933,1.1602158,1.3405328,-0.1803169999999998,1.4199466,1.5498857999999998,-0.1299391999999997,0.8451016079748295,2.9257894736842105,3.392631578947368,3.488421052631579
20230528_Arsenal_Wolverhampton Wanderers,2023-05-28 15:30:00,ENG-Premier League,2223,Arsenal,Wolverhampton Wanderers,1,5,0,3.02466,0.38772,1.1842066000000002,1.5043164,-0.3201097999999998,1.7402413,1.7242830999999998,0.0159582,1.2067285113113273,Wolverhampton Wanderers,Arsenal,0,0,5,0.38772,3.02466,0.8193748000000001,2.2515048,-1.43213,0.9380726,1.9024732,-0.9644005999999998,1.1726158800332938,1.54,4.433684210526316,8.544736842105262
20230528_Aston Villa_Brighton,2023-05-28 15:30:00,ENG-Premier League,2223,Aston Villa,Brighton,1,2,1,2.55845,1.23117,1.2089654,0.8590144000000001,0.3499509999999998,1.2823430999999998,1.0036067,0.2787363999999999,1.0917506463358784,Brighton,Aston Villa,0,1,2,1.23117,2.55845,2.1144926,2.1615720000000005,-0.0470794000000007,2.2603903,1.6228804,0.6375099,0.8848025560884083,2.789473684210526,3.3342105263157897,3.226842105263158
20230528_Chelsea_Newcastle United,2023-05-28 15:30:00,ENG-Premier League,2223,Chelsea,Newcastle United,1,1,1,2.01924,1.51899,1.2786046,2.4193200000000004,-1.1407154000000004,1.3452151,1.6882178,-0.3430026999999997,0.5946999890946889,Newcastle United,Chelsea,0,1,1,1.51899,2.01924,2.760494,0.9761710400000002,1.78432296,2.4940836,1.13575142,1.3583321799999997,1.042466642871697,1.3473684210526315,5.2,12.465789473684211
20230812_Arsenal_Nottingham Forest,2023-08-12 11:30:00,ENG-Premier League,2324,Arsenal,Nottingham Forest,1,2,1,0.84262,0.966305,1.7094642,1.1795244,0.5299398,1.8891393,1.6438611,0.2452782,1.1645508806307292,Nottingham Forest,Arsenal,0,1,2,0.966305,0.84262,1.2794124,1.4257582,-0.1463457999999999,1.1459447,1.9984011,-0.8524563999999999,1.3089625450839424,1.54,4.433684210526316,8.544736842105262
20230812_Everton_Fulham,2023-08-12 14:00:00,ENG-Premier League,2324,Everton,Fulham,1,0,1,2.59001,1.58144,2.202754,1.8654508000000003,0.3373031999999993,1.6239658,2.0258711000000003,-0.4019053000000003,0.7389313623899209,Fulham,Everton,0,1,0,1.58144,2.59001,1.520119,1.8409078,-0.3207888000000001,1.1928516,1.6917128,-0.4988611999999999,1.3413224735394802,2.9257894736842105,3.392631578947368,3.488421052631579
20230812_Newcastle United_Aston Villa,2023-08-12 16:30:00,ENG-Premier League,2324,Newcastle United,Aston Villa,1,5,1,4.32208,1.486,2.281378,1.2005840400000003,1.0807939599999994,2.3618916000000003,1.25433342,1.1075581800000005,0.9314564091525585,Aston Villa,Newcastle United,0,1,5,1.486,4.32208,1.5528236,1.0892756,0.4635479999999998,1.4616087,0.8886997000000001,0.5729089999999999,0.9578480493116596,2.312105263157895,3.3131578947368423,3.8242105263157895
20230813_Chelsea_Liverpool,2023-08-13 15:30:00,ENG-Premier League,2324,Chelsea,Liverpool,1,1,1,1.93258,1.29994,1.5254122,2.166478,-0.6410658,1.3091151,1.7635374,-0.4544223,0.6874867706538786,Liverpool,Chelsea,0,1,1,1.29994,1.93258,2.0717056,0.8521266000000001,1.219579,2.5114468,1.0077707,1.5036760999999998,1.0750770929819844,1.3473684210526315,5.2,12.465789473684211
20230819_Liverpool_Bournemouth,2023-08-19 14:00:00,ENG-Premier League,2324,Liverpool,Bournemouth,1,3,1,3.25448,1.3867,1.9969496,1.0906176,0.906332,2.1774288,1.0473977,1.1300311,1.1940683460839931,Bournemouth,Liverpool,0,1,3,1.3867,3.25448,0.8475258,1.50029,-0.6527642000000001,1.1848040000000002,1.4876619,-0.3028578999999998,0.9284228206329312,1.6636842105263157,3.8426315789473686,7.0
20230819_Fulham_Brentford,2023-08-19 14:00:00,ENG-Premier League,2324,Fulham,Brentford,1,0,3,0.399899,3.46888,1.688382,2.0241658,-0.3357837999999999,1.3053432,1.8274528,-0.5221096000000001,1.302338494322034,Brentford,Fulham,0,3,0,3.46888,0.399899,1.8219064,1.2903264,0.5315800000000002,1.6735596,1.2231074999999998,0.4504521000000003,0.8365397703554923,2.743157894736842,3.3236842105263156,3.236842105263158
20230819_Tottenham_Manchester United,2023-08-19 16:30:00,ENG-Premier League,2324,Tottenham,Manchester United,1,2,0,2.53904,2.44604,1.488936,1.2718098000000002,0.2171261999999998,1.504952,1.7420029,-0.2370508999999998,1.2624978986054711,Manchester United,Tottenham,0,0,2,2.44604,2.53904,2.89197,1.2744204,1.6175495999999998,2.358325,1.409783,0.9485420000000002,0.636044380632703,1.9742105263157894,3.488421052631579,5.1147368421052635
20230820_Aston Villa_Everton,2023-08-20 13:00:00,ENG-Premier League,2324,Aston Villa,Everton,1,4,0,3.24336,0.721465,1.7630760000000003,1.6925716000000002,0.0705044000000001,1.5100497000000002,1.253748,0.2563017000000001,0.8608982466615194,Everton,Aston Villa,0,0,4,0.721465,3.24336,2.06346,1.5167668,0.5466932000000002,1.8006303,2.0448381,-0.2442078000000003,0.6108968560082234,2.789473684210526,3.3342105263157897,3.226842105263158
20230820_West Ham_Chelsea,2023-08-20 15:30:00,ENG-Premier League,2324,West Ham,Chelsea,1,3,1,1.71234,1.60916,1.3806508000000002,1.9612236,-0.5805727999999997,1.4801467,2.0521085,-0.5719618,1.0809732028769832,Chelsea,West Ham,0,1,3,1.60916,1.71234,1.5582242,2.1829560000000003,-0.6247318000000004,1.2834701000000002,1.8733097,-0.5898395999999999,0.7791371383430449,3.0710526315789473,3.3394736842105264,3.0805263157894736
20230825_Chelsea_Luton,2023-08-25 19:00:00,ENG-Premier League,2324,Chelsea,Luton,1,3,0,3.41419,0.465741,1.6802199999999998,2.1318300000000003,-0.4516100000000005,1.3628553,1.9844284,-0.6215731,0.8071283817670286,Luton,Chelsea,0,0,3,0.465741,3.41419,,,,,,,,1.3473684210526315,5.2,12.465789473684211
20230826_Arsenal_Fulham,2023-08-26 14:00:00,ENG-Premier League,2324,Arsenal,Fulham,1,2,2,3.23088,0.849817,1.5044122000000002,1.155129,0.3492832000000001,1.7108153,1.3336347,0.3771806000000002,1.110580954834251,Fulham,Arsenal,0,2,2,0.849817,3.23088,1.4178098,2.1328098,-0.7149999999999999,1.1531241,1.9500788,-0.7969547000000001,1.214092035634295,1.54,4.433684210526316,8.544736842105262
20230826_Everton_Wolverhampton Wanderers,2023-08-26 14:00:00,ENG-Premier League,2324,Everton,Wolverhampton Wanderers,1,0,1,1.89792,1.40228,1.6193069999999998,1.5180048,0.1013021999999999,1.7778585,1.9305961,-0.1527376,0.6187215581433742,Wolverhampton Wanderers,Everton,0,1,0,1.40228,1.89792,1.2713518,2.744418,-1.4730662,1.0430464000000002,2.3591264,-1.31608,0.7669833604877401,2.9257894736842105,3.392631578947368,3.488421052631579
20230827_Newcastle United_Liverpool,2023-08-27 15:30:00,ENG-Premier League,2324,Newcastle United,Liverpool,1,1,2,1.62037,0.856121,2.4525408,1.0815840400000003,1.3709567599999997,2.6749694,1.12713842,1.54783098,0.9345897808813136,Liverpool,Newcastle United,0,2,1,0.856121,1.62037,2.2494456,1.3311792,0.9182664,2.2374008,1.0693197,1.1680811000000002,1.0279780770713602,2.312105263157895,3.3131578947368423,3.8242105263157895
20230902_Chelsea_Nottingham Forest,2023-09-02 14:00:00,ENG-Premier League,2324,Chelsea,Nottingham Forest,1,0,1,2.28442,1.1505,2.131762,1.9838642,0.1478977999999997,1.6579433,1.7788954999999995,-0.1209521999999996,0.7841035431648699,Nottingham Forest,Chelsea,0,1,0,1.1505,2.28442,0.9749215999999998,1.1839496,-0.2090280000000002,1.2858657,1.7208569,-0.4349912,1.4776026161965312,1.3473684210526315,5.2,12.465789473684211
20230903_Liverpool_Aston Villa,2023-09-03 13:00:00,ENG-Premier League,2324,Liverpool,Aston Villa,1,3,0,2.73138,0.615503,2.0664998000000003,1.549754,0.5167458000000005,1.9902679000000003,1.1588901,0.8313778000000003,1.1053782732574478,Aston Villa,Liverpool,0,0,3,0.615503,2.73138,2.31884,1.5647656,0.7540743999999997,1.7835567,1.3232012,0.4603555000000001,0.8410156845500428,1.6636842105263157,3.8426315789473686,7.0
20230903_Arsenal_Manchester United,2023-09-03 15:30:00,ENG-Premier League,2324,Arsenal,Manchester United,1,3,1,1.90973,0.966109,1.958858,0.8825404000000001,1.0763176,1.7621213,1.2225214,0.5395999,1.078245250060112,Manchester United,Arsenal,0,1,3,0.966109,1.90973,3.022982,1.7573968,1.2655852,2.375477,1.4171944,0.9582826,0.5893550687482688,1.54,4.433684210526316,8.544736842105262
20230916_Fulham_Luton,2023-09-16 14:00:00,ENG-Premier League,2324,Fulham,Luton,1,1,0,1.75704,1.45705,1.2354192,2.80779,-1.5723707999999998,1.2327834000000002,2.2819209000000003,-1.0491375,1.2167577720808276,Luton,Fulham,0,0,1,1.45705,1.75704,1.4580403333333336,3.0023166666666667,-1.5442763333333331,1.4580403333333336,3.0023166666666667,-1.5442763333333331,0.4572336768148919,2.743157894736842,3.3236842105263156,3.236842105263158
20230916_Tottenham_Sheffield United,2023-09-16 14:00:00,ENG-Premier League,2324,Tottenham,Sheffield United,1,2,1,2.15909,0.790655,2.13687,1.5389464,0.5979235999999997,1.846438,1.5348901,0.3115479000000003,1.2456409337107806,Sheffield United,Tottenham,0,1,2,0.790655,2.15909,0.8277435,2.55868,-1.7309365,0.8277435,2.55868,-1.7309365,1.208100069344944,1.9742105263157894,3.488421052631579,5.1147368421052635
20230916_West Ham_Manchester City,2023-09-16 14:00:00,ENG-Premier League,2324,West Ham,Manchester City,1,1,3,0.895632,4.15046,1.6688144,1.709256,-0.0404415999999998,1.5268269,2.0129978,-0.4861708999999998,1.113419528160312,Manchester City,West Ham,0,3,1,4.15046,0.895632,2.132414,0.8467236,1.2856903999999998,2.067455,0.9323927,1.1350622999999995,1.0157410846953938,3.0710526315789473,3.3394736842105264,3.0805263157894736
20230916_Aston Villa_Crystal Palace,2023-09-16 14:00:00,ENG-Premier League,2324,Aston Villa,Crystal Palace,1,3,1,2.31518,1.11696,2.1480446,1.9273400000000005,0.2207045999999997,1.678505,1.3931771999999998,0.2853278000000003,0.8340750643727218,Crystal Palace,Aston Villa,0,1,3,1.11696,2.31518,1.548628,1.0304388,0.5181892000000001,1.4059203,1.1636966000000002,0.2422236999999998,0.995788313328776,2.789473684210526,3.3342105263157897,3.226842105263158
20230916_Newcastle United_Brentford,2023-09-16 16:30:00,ENG-Premier League,2324,Newcastle United,Brentford,1,1,0,1.50126,0.633678,1.7246707999999995,1.3818442000000002,0.3428265999999995,2.2425824,1.17900762,1.06357478,0.7580543046916338,Brentford,Newcastle United,0,0,1,0.633678,1.50126,2.1670462,1.2420578,0.9249884000000002,1.8614207,1.2173204,0.6441003000000001,0.9670028022129536,2.312105263157895,3.3131578947368423,3.8242105263157895
20230917_Everton_Arsenal,2023-09-17 15:30:00,ENG-Premier League,2324,Everton,Arsenal,1,0,1,0.28317,0.802605,1.8154870000000003,1.6468328,0.1686542000000004,1.9738883,1.9993014,-0.0254131000000001,0.6079368280683217,Arsenal,Everton,0,1,0,0.802605,0.28317,2.242764,0.8478222000000001,1.3949418000000002,1.7134853,1.1760693000000002,0.5374159999999997,1.1088504180045091,2.9257894736842105,3.392631578947368,3.488421052631579
20230924_Arsenal_Tottenham,2023-09-24 13:00:00,ENG-Premier League,2324,Arsenal,Tottenham,1,2,2,2.3429,2.21166,1.798353,0.8269122000000001,0.9714408,1.7539086000000002,1.0032183,0.7506903,1.08329414469252,Tottenham,Arsenal,0,2,2,2.21166,2.3429,2.162058,1.4587754,0.7032826000000001,1.825108,1.4174476,0.4076604000000001,1.2601987059403026,1.54,4.433684210526316,8.544736842105262
20230924_Liverpool_West Ham,2023-09-24 13:00:00,ENG-Premier League,2324,Liverpool,West Ham,1,3,1,4.14262,1.53878,2.1937862,1.2187972000000002,0.9749889999999996,2.1327459,1.0354619,1.097284,1.0315335589047157,West Ham,Liverpool,0,1,3,1.53878,4.14262,1.6538704,2.133322,-0.4794516000000002,1.4181281,2.1961558,-0.7780277,1.0577316268314358,1.6636842105263157,3.8426315789473686,7.0
20230924_Chelsea_Aston Villa,2023-09-24 13:00:00,ENG-Premier League,2324,Chelsea,Aston Villa,1,0,1,1.19716,1.13479,2.127424,1.1907342,0.9366898,1.8264181,1.6786061,0.1478119999999996,0.6570233524167592,Aston Villa,Chelsea,0,1,0,1.13479,1.19716,2.0993906,1.904498,0.1948926000000002,1.8261071,1.4968868,0.3292203000000002,0.8761803312739261,1.3473684210526315,5.2,12.465789473684211
20230930_Aston Villa_Brighton,2023-09-30 11:30:00,ENG-Premier League,2324,Aston Villa,Brighton,1,6,1,1.90746,1.72819,2.0291486,1.279514,0.7496346,1.8961123,1.4860428,0.4100694999999998,0.8965708958425638,Brighton,Aston Villa,0,1,6,1.72819,1.90746,1.987382,1.7710922000000004,0.2162897999999993,2.0658093,2.020683,0.0451263000000001,1.1617717270554804,2.789473684210526,3.3342105263157897,3.226842105263158
20230930_West Ham_Sheffield United,2023-09-30 14:00:00,ENG-Premier League,2324,West Ham,Sheffield United,1,2,0,3.19753,0.911997,1.6649464000000005,2.659796,-0.9948495999999998,1.5227986000000002,2.3105098,-0.7877111999999995,1.050696362147718,Sheffield United,West Ham,0,0,2,0.911997,3.19753,0.8516634,3.04517,-2.1935066,0.7801701666666666,2.9170016666666663,-2.1368315,1.0681407578800484,3.0710526315789473,3.3394736842105264,3.0805263157894736
20230930_Everton_Luton,2023-09-30 14:00:00,ENG-Premier League,2324,Everton,Luton,1,1,2,3.65377,1.5102,1.631247,1.719453,-0.088206,1.8473535,1.6181099,0.2292436,0.6495775445373371,Luton,Everton,0,2,1,1.5102,3.65377,1.6144362,2.3053948,-0.6909585999999996,1.6144362,2.3053948,-0.6909585999999996,0.3716463101529684,2.9257894736842105,3.392631578947368,3.488421052631579
20230930_Newcastle United_Burnley,2023-09-30 14:00:00,ENG-Premier League,2324,Newcastle United,Burnley,1,2,0,3.08516,0.801849,1.8783488,0.9234102000000002,0.9549385999999996,2.3748474,1.08153612,1.2933112800000002,0.9684828724225092,Burnley,Newcastle United,0,0,2,0.801849,3.08516,0.8701544,1.8363136,-0.9661591999999998,1.078397,1.6913673,-0.6129703,0.8345712807330874,2.312105263157895,3.3131578947368423,3.8242105263157895
20230930_Tottenham_Liverpool,2023-09-30 16:30:00,ENG-Premier League,2324,Tottenham,Liverpool,1,2,1,2.18823,1.12299,2.313758,1.5458434,0.7679145999999999,1.901347,1.4088266,0.4925203999999998,1.1570738234137046,Liverpool,Tottenham,0,1,2,1.12299,2.18823,2.7623222,1.1400372,1.6222849999999998,2.3796359,1.1153274,1.2643085000000005,1.0085572298866268,1.9742105263157894,3.488421052631579,5.1147368421052635
20231002_Fulham_Chelsea,2023-10-02 19:00:00,ENG-Premier League,2324,Fulham,Chelsea,1,0,2,0.889383,1.98461,1.0027408000000002,2.106138,-1.1033972,1.3455613999999998,2.0651519,-0.7195905000000002,1.1147755020502952,Chelsea,Fulham,0,2,0,1.98461,0.889383,1.98034,1.1577042000000002,0.8226357999999998,1.7692821,1.6703301,0.0989519999999999,0.5086806062862411,2.743157894736842,3.3236842105263156,3.236842105263158
20231007_Everton_Bournemouth,2023-10-07 14:00:00,ENG-Premier League,2324,Everton,Bournemouth,1,3,0,3.16482,0.981732,2.217708,1.372821,0.8448869999999999,1.9185075,1.4454129000000002,0.4730945999999998,0.4169905945165215,Bournemouth,Everton,0,0,3,0.981732,3.16482,1.230629,2.58986,-1.359231,1.0559924,2.193671,-1.1376786,0.4734878077836471,2.9257894736842105,3.392631578947368,3.488421052631579
20231007_Fulham_Sheffield United,2023-10-07 14:00:00,ENG-Premier League,2324,Fulham,Sheffield United,1,3,1,2.26612,0.251809,1.1006376,1.809284,-0.7086463999999999,1.2592237,1.9710469,-0.7118232,0.7941394415150848,Sheffield United,Fulham,0,1,3,0.251809,2.26612,0.9238552,3.4103140000000005,-2.4864588000000007,0.7990025714285715,2.9570771428571425,-2.158074571428571,0.8939701356760597,2.743157894736842,3.3236842105263156,3.236842105263158
20231008_West Ham_Newcastle United,2023-10-08 13:00:00,ENG-Premier League,2324,West Ham,Newcastle United,1,2,2,0.931345,1.97865,1.9619844,2.5203634,-0.558379,1.6659336,2.2822895,-0.6163559000000001,1.020448221676889,Newcastle United,West Ham,0,2,2,1.97865,0.931345,2.44395,0.8387240000000002,1.6052259999999998,2.4482454,0.96015402,1.4880913800000002,0.9394479248493942,3.0710526315789473,3.3394736842105264,3.0805263157894736
20231008_Arsenal_Manchester City,2023-10-08 15:30:00,ENG-Premier League,2324,Arsenal,Manchester City,1,1,0,0.386558,0.858071,2.4720630000000003,0.9910398,1.4810232000000003,1.9882376,1.0730844,0.9151532000000002,1.00591548720561,Manchester City,Arsenal,0,0,1,0.858071,0.386558,2.464122,0.9050456,1.5590763999999997,2.026842,0.9803684,1.0464736,0.9374184384286302,1.54,4.433684210526316,8.544736842105262
20231021_Liverpool_Everton,2023-10-21 11:30:00,ENG-Premier League,2324,Liverpool,Everton,1,2,0,2.28568,0.0937725,2.666858,1.4226432,1.2442148,2.3666789,1.4861986,0.8804803000000001,0.9718255519050124,Everton,Liverpool,0,0,2,0.0937725,2.28568,2.4710880000000004,1.2887114,1.1823766000000004,2.1163925,1.4392481,0.6771444,0.5197521160408025,1.6636842105263157,3.8426315789473686,7.0
20231021_Newcastle United_Crystal Palace,2023-10-21 14:00:00,ENG-Premier League,2324,Newcastle United,Crystal Palace,1,4,0,3.73336,1.08795,2.515606,0.8537688000000003,1.6618371999999997,2.2347514,0.99393922,1.24081218,0.9397014183763712,Crystal Palace,Newcastle United,0,0,4,1.08795,3.73336,1.1982544000000002,1.3544195999999995,-0.1561651999999995,1.3112912,1.2740372,0.0372539999999999,0.7626065342263151,2.312105263157895,3.3131578947368423,3.8242105263157895
20231021_Chelsea_Arsenal,2023-10-21 16:30:00,ENG-Premier League,2324,Chelsea,Arsenal,1,2,2,1.71838,1.05791,1.767724,1.091293,0.676431,1.949743,1.5375786000000002,0.4121644,0.6667541995256813,Arsenal,Chelsea,0,2,2,1.05791,1.71838,1.9031986000000003,0.9926906,0.9105080000000002,1.9310283,0.9376155,0.9934128,1.087502918780155,1.3473684210526315,5.2,12.465789473684211
20231022_Aston Villa_West Ham,2023-10-22 15:30:00,ENG-Premier League,2324,Aston Villa,West Ham,1,4,1,2.34143,0.659622,1.5578226000000002,1.707202,-0.1493793999999997,1.9383313,1.6359838,0.3023475000000002,1.134996305844978,West Ham,Aston Villa,0,1,4,0.659622,2.34143,1.5577134,2.6412334,-1.0835199999999998,1.7387369,2.0375835,-0.2988465999999998,1.0927466411124989,2.789473684210526,3.3342105263157897,3.226842105263158
20231023_Tottenham_Fulham,2023-10-23 19:00:00,ENG-Premier League,2324,Tottenham,Fulham,1,2,0,1.63523,0.745838,2.26726,1.3541406,0.9131193999999998,2.1239470000000003,1.3952835,0.7286635000000001,1.0828890349481248,Fulham,Tottenham,0,0,2,0.745838,1.63523,1.3838982,1.2134698,0.1704284,1.3587507,1.9812629,-0.6225122000000003,0.8095666044060884,1.9742105263157894,3.488421052631579,5.1147368421052635
20231028_Chelsea_Brentford,2023-10-28 11:30:00,ENG-Premier League,2324,Chelsea,Brentford,1,0,2,1.71801,2.48137,1.654516,1.072775,0.5817409999999998,1.953217,1.1511386,0.8020783999999999,0.7167658704763114,Brentford,Chelsea,0,2,0,2.48137,1.71801,1.6296516,1.3606471999999998,0.2690044000000002,1.8983489,1.3013525,0.5969963999999999,0.7901599173050238,1.3473684210526315,5.2,12.465789473684211
20231028_Arsenal_Sheffield United,2023-10-28 14:00:00,ENG-Premier League,2324,Arsenal,Sheffield United,1,5,0,3.03496,0.0281554,1.7328346000000003,1.1431448,0.5896898000000004,1.9877993,0.9954835,0.9923158,1.157057879506307,Sheffield United,Arsenal,0,0,5,0.0281554,3.03496,0.7889185999999999,2.8385620000000005,-2.049643400000001,0.8061741111111111,2.71417,-1.907995888888889,0.9647750964533904,1.54,4.433684210526316,8.544736842105262
20231029_West Ham_Everton,2023-10-29 13:00:00,ENG-Premier League,2324,West Ham,Everton,1,0,1,0.618578,0.733813,1.4445818,2.7050314,-1.2604496,1.5566981,2.2071437,-0.6504456000000001,1.0920543347137543,Everton,West Ham,0,1,0,0.733813,0.618578,1.9421005,1.4308474,0.5112531,1.8787937500000005,1.5388401000000005,0.33995365,0.5322561179181493,3.0710526315789473,3.3394736842105264,3.0805263157894736
20231029_Liverpool_Nottingham Forest,2023-10-29 14:00:00,ENG-Premier League,2324,Liverpool,Nottingham Forest,1,3,0,2.70428,0.642014,2.577718,1.3182971,1.2594209,2.5033961,1.3486278500000002,1.15476825,0.9586972837829044,Nottingham Forest,Liverpool,0,0,3,0.642014,2.70428,1.3463522,1.2768226,0.0695295999999998,1.1617169,1.4098081,-0.2480911999999999,0.9468735912565348,1.6636842105263157,3.8426315789473686,7.0
20231029_Aston Villa_Luton,2023-10-29 14:00:00,ENG-Premier League,2324,Aston Villa,Luton,1,3,1,3.07654,0.453117,1.903008,1.2928504,0.6101575999999997,2.0255263,1.6100952,0.4154311000000001,1.2342465095385289,Luton,Aston Villa,0,1,3,0.453117,3.07654,1.5250916,2.198384,-0.6732923999999998,1.495181,2.417323333333333,-0.9221423333333336,0.5945020892661236,2.789473684210526,3.3342105263157897,3.226842105263158
20231104_Fulham_Manchester United,2023-11-04 12:30:00,ENG-Premier League,2324,Fulham,Manchester United,1,0,1,1.18241,0.697095,0.9993084,1.1127938,-0.1134853999999999,1.1049008,1.8312309,-0.7263301,0.8145520262524688,Manchester United,Fulham,0,1,0,0.697095,1.18241,1.1728822,1.8214748,-0.6485926000000002,1.4995411,1.8177858,-0.3182446999999999,0.7335572639140975,2.743157894736842,3.3236842105263156,3.236842105263158
20231104_Everton_Brighton,2023-11-04 15:00:00,ENG-Premier League,2324,Everton,Brighton,1,1,1,0.617607,0.442489,2.0322291,1.3940420000000002,0.6381870999999997,1.8392420500000004,1.5574895,0.2817525500000004,0.5437019321617118,Brighton,Everton,0,1,1,0.442489,0.617607,1.6778166,1.5045244000000002,0.1732921999999996,2.0548143,1.6674183000000002,0.3873959999999996,1.1193220140029132,2.9257894736842105,3.392631578947368,3.488421052631579
20231104_Newcastle United_Arsenal,2023-11-04 17:30:00,ENG-Premier League,2324,Newcastle United,Arsenal,1,1,0,1.12355,0.535473,3.245048,0.8527858000000001,2.3922622,2.4830864,0.9787588000000002,1.5043276,1.0470835621815004,Arsenal,Newcastle United,0,0,1,0.535473,1.12355,2.1793056,1.09214188,1.0871637200000002,1.9888293,0.95952704,1.02930226,1.1564586480807335,2.312105263157895,3.3131578947368423,3.8242105263157895
20231106_Tottenham_Chelsea,2023-11-06 20:00:00,ENG-Premier League,2324,Tottenham,Chelsea,1,1,4,0.959108,4.05865,1.8807386,1.124336,0.7564026000000001,2.0213983,1.2915557000000002,0.7298425999999998,1.0883549826103136,Chelsea,Tottenham,0,4,1,4.05865,0.959108,1.7187639999999995,1.304019,0.4147449999999997,1.923094,1.2473766000000002,0.6757173999999999,0.6759936456597307,1.9742105263157894,3.488421052631579,5.1147368421052635
20231111_Arsenal_Burnley,2023-11-11 15:00:00,ENG-Premier League,2324,Arsenal,Burnley,1,3,1,2.63194,0.327706,1.8178202000000003,0.87451988,0.9433003200000004,1.9581146,0.97525154,0.98286306,1.0724596647920073,Burnley,Arsenal,0,1,3,0.327706,2.63194,0.9944654,1.840028,-0.8455625999999998,0.9813916,1.9066128,-0.9252212,0.8151681600207706,1.54,4.433684210526316,8.544736842105262
20231112_Liverpool_Brentford,2023-11-12 14:00:00,ENG-Premier League,2324,Liverpool,Brentford,1,3,0,1.56004,1.44954,2.332498,1.2993973,1.0331007,2.5474101,1.21971725,1.32769285,0.9028774350555354,Brentford,Liverpool,0,0,3,1.44954,1.56004,2.050274,1.2520132,0.7982608,1.9947809,1.3846935,0.6100873999999998,0.8522234937062544,1.6636842105263157,3.8426315789473686,7.0
20231112_Aston Villa_Fulham,2023-11-12 14:00:00,ENG-Premier League,2324,Aston Villa,Fulham,1,3,1,2.86039,0.648745,2.094554,1.0391392,1.0554147999999997,2.0618513,1.1593266,0.9025246999999998,1.212501981834489,Fulham,Aston Villa,0,1,3,0.648745,2.86039,1.1272547999999998,1.1777408,-0.0504860000000002,1.0649978,1.6419394,-0.5769416,0.7511745553140531,2.789473684210526,3.3342105263157897,3.226842105263158
20231112_West Ham_Nottingham Forest,2023-11-12 14:00:00,ENG-Premier League,2324,West Ham,Nottingham Forest,1,3,2,2.06402,1.42128,1.432425,1.559066,-0.126641,1.5486857,2.109431,-0.5607452999999998,1.0977042677515083,Nottingham Forest,West Ham,0,2,3,1.42128,2.06402,1.3062636,1.6544124,-0.3481488000000001,1.1448886000000005,1.6283041,-0.4834154999999998,0.960791328701038,3.0710526315789473,3.3394736842105264,3.0805263157894736
20231112_Chelsea_Manchester City,2023-11-12 16:30:00,ENG-Premier League,2324,Chelsea,Manchester City,1,4,4,3.47238,3.19324,2.291062,1.2688826,1.0221794000000002,2.135701,1.2132934,0.9224076,0.7491681891949346,Manchester City,Chelsea,0,4,4,3.19324,3.47238,1.9493540000000005,0.6764062,1.2729478000000003,2.231191,0.7490428,1.4821482,1.1204773054044654,1.3473684210526315,5.2,12.465789473684211
20231125_Newcastle United_Chelsea,2023-11-25 15:00:00,ENG-Premier League,2324,Newcastle United,Chelsea,1,4,1,2.15227,0.968061,1.8923142,1.2404802,0.6518339999999998,2.1681321,1.0396021000000002,1.1285299999999996,1.0146978522674648,Chelsea,Newcastle United,0,1,4,0.968061,2.15227,2.588616,1.729654,0.858962,2.322023,1.3613834,0.9606396,0.8182516632041701,2.312105263157895,3.3131578947368423,3.8242105263157895
20231126_Tottenham_Aston Villa,2023-11-26 14:00:00,ENG-Premier League,2324,Tottenham,Aston Villa,1,1,2,2.22542,2.39755,1.2790452,1.624656,-0.3456107999999998,1.7613206,1.4529447000000002,0.3083758999999999,1.135510970852796,Aston Villa,Tottenham,0,2,1,2.39755,2.22542,2.28514,0.8232502,1.4618898000000002,2.0235543,1.1520546,0.8714996999999998,1.1860313380118646,1.9742105263157894,3.488421052631579,5.1147368421052635
20231126_Everton_Manchester United,2023-11-26 16:30:00,ENG-Premier League,2324,Everton,Manchester United,1,0,3,2.49764,2.07334,1.2800825000000002,1.2440838,0.0359987000000003,1.74889525,1.3084524,0.4404428499999999,0.800504889869825,Manchester United,Everton,0,3,0,2.07334,2.49764,1.3816406,1.714491,-0.3328503999999999,1.4016646,1.5507212999999995,-0.1490566999999998,0.8561243138163626,2.9257894736842105,3.392631578947368,3.488421052631579
20231127_Fulham_Wolverhampton Wanderers,2023-11-27 20:00:00,ENG-Premier League,2324,Fulham,Wolverhampton Wanderers,1,3,2,2.49057,1.57875,1.0791271999999998,1.3528968,-0.2737696,1.0898824,1.5810904,-0.4912080000000001,0.8257764087424398,Wolverhampton Wanderers,Fulham,0,2,3,1.57875,2.49057,1.5974246,1.337681,0.2597436000000002,1.2504315,1.6964444999999997,-0.4460129999999997,1.1995849436095112,2.743157894736842,3.3236842105263156,3.236842105263158
20231202_Arsenal_Wolverhampton Wanderers,2023-12-02 15:00:00,ENG-Premier League,2324,Arsenal,Wolverhampton Wanderers,1,2,1,3.30368,1.07886,1.8174546,0.97218828,0.8452663200000001,1.8603266,0.98243944,0.87788716,1.1825874109484802,Wolverhampton Wanderers,Arsenal,0,1,2,1.07886,3.30368,1.5607106,1.472559,0.0881516,1.2680785,1.7557095,-0.4876309999999999,1.2617505448199422,1.54,4.433684210526316,8.544736842105262
20231202_Newcastle United_Manchester United,2023-12-02 20:00:00,ENG-Premier League,2324,Newcastle United,Manchester United,1,1,0,2.90191,0.422674,1.9270382,1.2478234,0.6792147999999996,2.2213221,1.0507961,1.1705260000000002,1.1254553648679024,Manchester United,Newcastle United,0,0,1,0.422674,2.90191,1.5375966,2.009001,-0.4714043999999999,1.3061956,1.7044499000000002,-0.3982543,0.918697843800849,2.312105263157895,3.3131578947368423,3.8242105263157895
20231203_West Ham_Crystal Palace,2023-12-03 14:00:00,ENG-Premier League,2324,West Ham,Crystal Palace,1,1,1,1.1466,0.987682,1.29338,1.5536486,-0.2602686,1.4255467,2.0974410000000003,-0.6718943000000004,1.1223756314853583,Crystal Palace,West Ham,0,1,1,0.987682,1.1466,1.3627428,1.8017632,-0.4390204,1.2804986,1.5780914,-0.2975927999999999,0.8590397060647267,3.0710526315789473,3.3394736842105264,3.0805263157894736
20231203_Chelsea_Brighton,2023-12-03 14:00:00,ENG-Premier League,2324,Chelsea,Brighton,1,3,2,1.66304,0.855058,2.3870962,1.9687796,0.4183165999999996,2.0774101,1.5300363,0.5473737999999997,0.8183262330696125,Brighton,Chelsea,0,2,3,0.855058,1.66304,1.0060223999999998,1.0407058000000002,-0.0346834000000004,1.4397162,1.283583,0.1561331999999999,1.319703619571955,1.3473684210526315,5.2,12.465789473684211
20231203_Liverpool_Fulham,2023-12-03 14:00:00,ENG-Premier League,2324,Liverpool,Fulham,1,4,3,2.72831,1.51005,2.0711056,1.0645293,1.0065763,2.3689818,1.24358625,1.12539555,0.928668625200656,Fulham,Liverpool,0,3,4,1.51005,2.72831,1.1240172,1.6182850000000002,-0.4942678000000002,1.2539577,1.4158774,-0.1619197000000001,0.7974744303779703,1.6636842105263157,3.8426315789473686,7.0
20231206_Fulham_Nottingham Forest,2023-12-06 19:30:00,ENG-Premier League,2324,Fulham,Nottingham Forest,1,5,0,3.09427,0.218659,1.2768596,1.8369010000000003,-0.5600414000000005,1.2585357,1.4885564000000002,-0.2300207000000003,0.9534882852442842,Nottingham Forest,Fulham,0,0,5,0.218659,3.09427,1.1110752,1.5882337999999998,-0.4771585999999999,1.2287137,1.4325282,-0.2038145,0.8138585792128963,2.743157894736842,3.3236842105263156,3.236842105263158
20231206_Aston Villa_Manchester City,2023-12-06 20:15:00,ENG-Premier League,2324,Aston Villa,Manchester City,1,1,0,2.1922,1.00198,2.11215,1.2938198,0.8183302000000001,2.007579,1.2933351,0.7142439000000003,1.2452803873320115,Manchester City,Aston Villa,0,0,1,1.00198,2.1922,2.968438,1.205898,1.76254,2.313382,0.9678507,1.3455312999999998,1.0806684409801577,2.789473684210526,3.3342105263157897,3.226842105263158
20231207_Everton_Newcastle United,2023-12-07 19:30:00,ENG-Premier League,2324,Everton,Newcastle United,1,3,0,2.95393,1.29564,1.2526498,1.1398864,0.1127633999999999,1.59737515,1.2853669,0.3120082499999999,0.8138346124674517,Newcastle United,Everton,0,0,3,1.29564,2.95393,1.7607481999999997,1.1147682000000003,0.6459799999999993,2.4210371000000004,0.9608055,1.4602316000000004,1.0326148935863504,2.9257894736842105,3.392631578947368,3.488421052631579
20231207_Tottenham_West Ham,2023-12-07 20:15:00,ENG-Premier League,2324,Tottenham,West Ham,1,1,2,1.61268,1.7409,1.0078045999999998,2.3668328,-1.3590282000000002,1.5612703,1.7684665,-0.2071962,1.088856241705077,West Ham,Tottenham,0,2,1,1.7409,1.61268,1.3907756,1.282899,0.1078765999999999,1.4176787,1.9939652000000003,-0.5762865000000004,1.0580669244258771,1.9742105263157894,3.488421052631579,5.1147368421052635
20231209_Aston Villa_Arsenal,2023-12-09 17:30:00,ENG-Premier League,2324,Aston Villa,Arsenal,1,1,0,0.628499,1.71667,1.935282,1.4035924000000002,0.5316896,1.995281,1.2818371000000002,0.7134438999999997,1.1527192647455349,Arsenal,Aston Villa,0,0,1,1.71667,0.628499,2.1772466,0.943904,1.2333426000000005,2.1782761,1.0180229399999998,1.1602531600000003,1.1017881976540085,2.789473684210526,3.3342105263157897,3.226842105263158
20231210_Fulham_West Ham,2023-12-10 14:00:00,ENG-Premier League,2324,Fulham,West Ham,1,5,0,2.1884,0.983,1.7852089999999996,1.6166408,0.1685681999999995,1.3922586999999995,1.3647173,0.0275413999999996,1.1492108835729429,West Ham,Fulham,0,0,5,0.983,2.1884,1.61524,1.4586724,0.1565676,1.5022055,1.7401871999999998,-0.2379816999999997,1.065099904706843,2.743157894736842,3.3236842105263156,3.236842105263158
20231210_Everton_Chelsea,2023-12-10 14:00:00,ENG-Premier League,2324,Everton,Chelsea,1,2,0,1.11437,0.885512,1.6966732,1.2752987999999998,0.4213744000000001,1.86445115,1.3346703999999998,0.5297807500000002,0.858160934835469,Chelsea,Everton,0,0,2,0.885512,1.11437,2.5026662,2.2398332000000005,0.2628329999999992,2.1107151,1.7719261,0.3387890000000002,0.9949230026719368,2.9257894736842105,3.392631578947368,3.488421052631579
20231210_Tottenham_Newcastle United,2023-12-10 16:30:00,ENG-Premier League,2324,Tottenham,Newcastle United,1,4,1,4.40118,1.61368,1.13252,2.602646,-1.470126,1.5066293,1.863491,-0.3568616999999998,1.0619725356645224,Newcastle United,Tottenham,0,1,4,1.61368,4.40118,1.5559021999999998,1.5328756,0.0230265999999996,2.4004751,1.1928307,1.2076444,0.9998016643448356,1.9742105263157894,3.488421052631579,5.1147368421052635
20231216_Chelsea_Sheffield United,2023-12-16 15:00:00,ENG-Premier League,2324,Chelsea,Sheffield United,1,2,0,3.27322,0.44014,1.8680386,2.2708856,-0.4028470000000004,2.0795503,1.7698841,0.3096662000000001,1.0098332270043062,Sheffield United,Chelsea,0,0,2,0.44014,3.27322,0.7909691999999999,1.8552496,-1.0642804,0.76591974,2.0384758,-1.2725560599999997,0.913932687081956,1.3473684210526315,5.2,12.465789473684211
20231216_Newcastle United_Fulham,2023-12-16 15:00:00,ENG-Premier League,2324,Newcastle United,Fulham,1,3,0,4.27933,0.471042,1.6539281999999995,2.306017,-0.6520888000000005,2.0510231,1.5750095,0.4760135999999997,0.828854229455422,Fulham,Newcastle United,0,0,3,0.471042,4.27933,1.986407,1.6738218,0.3125851999999998,1.5568309,1.4257813,0.1310495999999998,1.3488932234751871,2.312105263157895,3.3131578947368423,3.8242105263157895
20231217_West Ham_Wolverhampton Wanderers,2023-12-17 14:00:00,ENG-Premier League,2324,West Ham,Wolverhampton Wanderers,1,3,0,1.03828,0.556206,1.46083,1.5304644,-0.0696343999999999,1.4466275,1.5447652,-0.0981377000000001,1.0368937152835025,Wolverhampton Wanderers,West Ham,0,0,3,0.556206,1.03828,1.34146,1.6452234,-0.3037634,1.3459568000000002,1.5462957,-0.2003388999999997,1.1144480161265085,3.0710526315789473,3.3394736842105264,3.0805263157894736
20231217_Arsenal_Brighton,2023-12-17 14:00:00,ENG-Premier League,2324,Arsenal,Brighton,1,2,0,2.76976,0.663054,2.413486,0.8448938,1.5685922,2.1156531000000003,0.85970684,1.2559462600000004,1.0398675284395498,Brighton,Arsenal,0,0,2,0.663054,2.76976,1.5324896,1.401124,0.1313655999999998,1.434869,1.3556009,0.0792680999999999,1.045390871646909,1.54,4.433684210526316,8.544736842105262
20231217_Liverpool_Manchester United,2023-12-17 16:30:00,ENG-Premier League,2324,Liverpool,Manchester United,1,0,0,1.97111,0.632715,1.6453175999999998,1.4763004,0.1690171999999998,1.9889078,1.38784885,0.6010589499999999,1.0558553514369289,Manchester United,Liverpool,0,0,0,0.632715,1.97111,2.0779027999999995,2.026643,0.0512597999999995,1.6110747,1.9487555,-0.3376808,0.6827736275831111,1.6636842105263157,3.8426315789473686,7.0
20231222_Aston Villa_Sheffield United,2023-12-22 20:00:00,ENG-Premier League,2324,Aston Villa,Sheffield United,1,1,1,1.21861,0.646159,1.5159517999999998,1.6580504,-0.1420986000000001,1.9005459,1.2406503,0.6598955999999998,0.9997122407239728,Sheffield United,Aston Villa,0,1,1,0.646159,1.21861,0.7101292,2.2926916,-1.5825624,0.71873404,2.0460448,-1.3273107599999998,0.9739333148415862,2.789473684210526,3.3342105263157897,3.226842105263158
20231223_West Ham_Manchester United,2023-12-23 12:30:00,ENG-Premier League,2324,West Ham,Manchester United,1,2,0,1.51468,0.730496,1.255682,1.3574496,-0.1017676,1.2307025,1.5091861,-0.2784835999999999,1.300069431833094,Manchester United,West Ham,0,0,2,0.730496,1.51468,1.6562358,2.3392120000000003,-0.6829762000000004,1.5189382,2.0268515000000003,-0.5079133000000002,0.724189618649647,3.0710526315789473,3.3394736842105264,3.0805263157894736
20231223_Tottenham_Everton,2023-12-23 15:00:00,ENG-Premier League,2324,Tottenham,Everton,1,2,1,1.57527,1.98385,2.0559474,2.073022,-0.0170745999999999,1.6674962999999998,1.848839,-0.1813427,1.079462017719609,Everton,Tottenham,0,1,2,1.98385,1.57527,1.8825558,1.1478024,0.7347534,1.58131915,1.1959430999999998,0.3853760500000003,1.011812819813875,1.9742105263157894,3.488421052631579,5.1147368421052635
20231223_Fulham_Burnley,2023-12-23 15:00:00,ENG-Premier League,2324,Fulham,Burnley,1,0,2,1.38096,0.41714,1.9508664,1.9576098,-0.0067434000000001,1.5149968,1.6552533,-0.1402565,1.386140626738864,Burnley,Fulham,0,2,0,0.41714,1.38096,1.3383134,1.6584282,-0.3201148,1.1071394,1.8593641,-0.7522247000000002,0.9032278110346258,2.743157894736842,3.3236842105263156,3.236842105263158
20231223_Liverpool_Arsenal,2023-12-23 17:30:00,ENG-Premier League,2324,Liverpool,Arsenal,1,1,1,0.982901,0.851681,1.7275316,1.3129354,0.4145962000000001,2.0737198,1.23229735,0.84142245,0.964449987674329,Arsenal,Liverpool,0,1,1,0.851681,0.982901,2.44105,0.9119634,1.5290866,1.9852091,0.8615679399999999,1.12364116,1.007450042693214,1.6636842105263157,3.8426315789473686,7.0
20231226_Newcastle United_Nottingham Forest,2023-12-26 12:30:00,ENG-Premier League,2324,Newcastle United,Nottingham Forest,1,1,3,2.79106,3.1074,2.301088,2.0134532,0.2876347999999997,2.1140631,1.6306383,0.4834248000000001,0.7568360864743884,Nottingham Forest,Newcastle United,0,3,1,3.1074,2.79106,0.92145,1.6476198,-0.7261697999999999,1.2765031,1.7051029,-0.4285998,0.8617285287215294,2.312105263157895,3.3131578947368423,3.8242105263157895
20231227_Chelsea_Crystal Palace,2023-12-27 19:30:00,ENG-Premier League,2324,Chelsea,Crystal Palace,1,2,1,2.73005,0.958077,1.9854884,1.6390636,0.3464247999999998,2.1862923,1.8039216,0.3823706999999998,0.8233113096033364,Crystal Palace,Chelsea,0,1,2,0.958077,2.73005,1.4694944,1.6140719999999995,-0.1445775999999998,1.4161186,1.7079176,-0.2917989999999999,0.7767705496061208,1.3473684210526315,5.2,12.465789473684211
20231227_Everton_Manchester City,2023-12-27 20:15:00,ENG-Premier League,2324,Everton,Manchester City,1,1,3,1.23529,2.28321,1.7797978,1.0481884,0.7316094,1.46322215,1.2552969,0.2079252499999999,0.9567918604896322,Manchester City,Everton,0,3,1,2.28321,1.23529,2.071096,1.1460724000000002,0.9250235999999996,2.231474,1.1910788,1.0403952,1.0307083879496746,2.9257894736842105,3.392631578947368,3.488421052631579
20231228_Arsenal_West Ham,2023-12-28 20:15:00,ENG-Premier League,2324,Arsenal,West Ham,1,0,2,2.7884,1.59711,2.2459882,0.7759136,1.4700746000000002,2.0317214,0.87405094,1.1576704599999998,0.9843864496448924,West Ham,Arsenal,0,2,0,1.59711,2.7884,1.2846920000000002,1.2150928,0.0695992000000003,1.289036,1.3843707,-0.0953347,1.2412366751303492,1.54,4.433684210526316,8.544736842105262
20231230_Aston Villa_Burnley,2023-12-30 15:00:00,ENG-Premier League,2324,Aston Villa,Burnley,1,3,2,2.92587,1.11923,1.4684158,1.0725322000000002,0.3958835999999999,1.7902829,1.183176,0.6071069,0.9495700653957732,Burnley,Aston Villa,0,2,3,1.11923,2.92587,0.8068251999999999,1.87397,-1.0671448,1.0811152000000002,1.6526601,-0.5715448999999997,1.0174669475862077,2.789473684210526,3.3342105263157897,3.226842105263158
20231231_Fulham_Arsenal,2023-12-31 14:00:00,ENG-Premier League,2324,Fulham,Arsenal,1,2,1,1.52829,1.6591,1.4918074,1.5954478,-0.1036403999999999,1.3843335,1.7161744,-0.3318409,1.300263772953719,Arsenal,Fulham,0,1,2,1.6591,1.52829,2.1429322,0.8795636000000002,1.2633685999999995,2.2047704,0.8619239400000002,1.34284646,0.8164111707907677,2.743157894736842,3.3236842105263156,3.236842105263158
20231231_Tottenham_Bournemouth,2023-12-31 14:00:00,ENG-Premier League,2324,Tottenham,Bournemouth,1,3,1,2.15027,1.58229,2.253212,2.178228,0.0749840000000001,1.6305083,2.2725304,-0.6420220999999999,1.1652800753727686,Bournemouth,Tottenham,0,1,3,1.58229,2.15027,2.0586640000000003,0.8777302,1.1809338000000005,1.8979347,1.1117598999999998,0.7861748,1.159154127297358,1.9742105263157894,3.488421052631579,5.1147368421052635
20240101_Liverpool_Newcastle United,2024-01-01 19:00:00,ENG-Premier League,2324,Liverpool,Newcastle United,1,4,2,6.67151,0.910974,1.5620962,1.0164954,0.5456008000000001,1.8608639,1.1821401,0.6787238,1.0210305971164269,Newcastle United,Liverpool,0,2,4,0.910974,6.67151,2.278918,2.5503984,-0.2714804000000002,2.0198331000000005,1.8325833,0.1872498000000004,0.6436172158891662,1.6636842105263157,3.8426315789473686,7.0
20240102_West Ham_Brighton,2024-01-02 18:30:00,ENG-Premier League,2324,West Ham,Brighton,1,0,0,0.9831,2.1552,1.374794,1.5752364,-0.2004424,1.3827848,1.4290676999999998,-0.0462828999999997,1.2294022689559003,Brighton,West Ham,0,0,0,2.1552,0.9831,2.0700128,1.7530180000000002,0.3169947999999996,1.5271501,1.466915,0.0602351000000001,1.047702483401937,3.0710526315789473,3.3394736842105264,3.0805263157894736
20240113_Chelsea_Fulham,2024-01-13 12:30:00,ENG-Premier League,2324,Chelsea,Fulham,1,1,0,2.0456,0.697847,2.0435764,1.3799554,0.663621,2.2731213,1.8098943,0.4632270000000003,0.9238394256217538,Fulham,Chelsea,0,0,1,0.697847,2.0456,1.1786114,1.883536,-0.7049246000000002,1.4819102,1.7500884,-0.2681781999999999,1.2821281059215963,1.3473684210526315,5.2,12.465789473684211
20240113_Newcastle United_Manchester City,2024-01-13 17:30:00,ENG-Premier League,2324,Newcastle United,Manchester City,1,2,3,1.23638,2.55452,2.2019848,3.2939144,-1.0919295999999998,1.8789435,2.413395,-0.5344514999999999,0.6918778069283047,Manchester City,Newcastle United,0,3,2,2.55452,1.23638,2.035494,1.2059016000000002,0.8295923999999997,2.5019660000000004,1.2058998,1.2960662000000005,1.039182371310253,2.312105263157895,3.3131578947368423,3.8242105263157895
20240114_Everton_Aston Villa,2024-01-14 14:00:00,ENG-Premier League,2324,Everton,Aston Villa,1,0,0,1.03664,1.3435,1.4152402,1.6400393999999998,-0.2247991999999998,1.5559567,1.4576691,0.0982876000000001,0.8997673908487357,Aston Villa,Everton,0,0,0,1.3435,1.03664,1.6151498,1.0959822,0.5191676000000001,1.7752158999999998,1.2497873,0.5254285999999999,0.9576294592508668,2.9257894736842105,3.392631578947368,3.488421052631579
20240120_Arsenal_Crystal Palace,2024-01-20 12:30:00,ENG-Premier League,2324,Arsenal,Crystal Palace,1,5,0,3.52167,0.288083,1.9571222,1.0799708,0.8771513999999998,2.0671844,1.0119374,1.055247,0.6772493652480325,Crystal Palace,Arsenal,0,0,5,0.288083,3.52167,1.5328054,1.82823,-0.2954246,1.5080049,1.6374073,-0.1294024,0.9283783306152849,1.54,4.433684210526316,8.544736842105262
20240130_Fulham_Everton,2024-01-30 19:45:00,ENG-Premier League,2324,Fulham,Everton,1,0,0,2.37499,2.83317,0.8805007999999999,2.096056,-1.2155552,1.4334539,1.8849389,-0.4514849999999999,1.3254689770846646,Everton,Fulham,0,0,0,2.83317,2.37499,1.3996942,1.731637,-0.3319427999999997,1.5978600000000005,1.5477702,0.0500898000000002,0.8135876650096597,2.743157894736842,3.3236842105263156,3.236842105263158
20240130_Aston Villa_Newcastle United,2024-01-30 20:15:00,ENG-Premier League,2324,Aston Villa,Newcastle United,1,1,3,1.44485,3.3224,1.75815,0.9599762,0.7981737999999998,1.7764498999999998,1.2942066,0.4822432999999997,0.9569642482097312,Newcastle United,Aston Villa,0,3,1,3.3224,1.44485,2.1265248,2.9245824,-0.7980576000000004,1.8902265,2.6152997,-0.7250732,0.7406515882347495,2.789473684210526,3.3342105263157897,3.226842105263158
20240131_Tottenham_Brentford,2024-01-31 19:30:00,ENG-Premier League,2324,Tottenham,Brentford,1,3,2,3.36194,1.59637,1.742942,2.0084165999999994,-0.2654745999999994,1.7819381999999997,2.0610343,-0.2790961000000005,1.1784913873604668,Brentford,Tottenham,0,2,3,1.59637,3.36194,1.452884,1.4072571999999997,0.0456268000000004,1.6686139999999998,1.3946532,0.2739607999999998,0.7790892446729774,1.9742105263157894,3.488421052631579,5.1147368421052635
20240131_Liverpool_Chelsea,2024-01-31 20:15:00,ENG-Premier League,2324,Liverpool,Chelsea,1,4,1,3.6627,0.477972,2.5686942000000004,0.8404688,1.7282254000000004,2.1070059,1.1583846000000002,0.9486212999999996,1.0915958557136192,Chelsea,Liverpool,0,1,4,0.477972,3.6627,2.275594,1.2966508,0.9789431999999998,2.0718163,1.7837681999999997,0.2880481000000003,0.8688024759712162,1.6636842105263157,3.8426315789473686,7.0
20240201_West Ham_Bournemouth,2024-02-01 19:30:00,ENG-Premier League,2324,West Ham,Bournemouth,1,1,1,1.3128,1.13487,1.511454,1.7687844,-0.2573303999999998,1.486142,1.6496244,-0.1634823999999999,1.143900687888043,Bournemouth,West Ham,0,1,1,1.13487,1.3128,1.672171,1.1825682,0.4896027999999999,1.9277312,1.1594219,0.7683092999999996,1.0374885059242152,3.0710526315789473,3.3394736842105264,3.0805263157894736
20240203_Everton_Tottenham,2024-02-03 12:30:00,ENG-Premier League,2324,Everton,Tottenham,1,2,2,3.25881,0.922371,1.5217182,2.0443480000000003,-0.5226298000000003,1.702137,1.5960752,0.1060617999999999,0.5874964309591819,Tottenham,Everton,0,2,2,0.922371,3.25881,2.093854,1.9865526,0.1073013999999998,2.0749007,2.0297873,0.0451133999999999,1.108486247806342,2.9257894736842105,3.392631578947368,3.488421052631579
20240203_Newcastle United_Luton,2024-02-03 15:00:00,ENG-Premier League,2324,Newcastle United,Luton,1,4,4,2.37353,2.67463,1.9351388,3.1193440000000003,-1.1842052000000003,2.1918524,2.4813607,-0.2895083,0.7755993169981167,Luton,Newcastle United,0,4,4,2.67463,2.37353,1.9546464,1.828256,0.1263904,1.2620117,2.179899,-0.9178873,1.4262930951487256,2.312105263157895,3.3131578947368423,3.8242105263157895
20240204_Chelsea_Wolverhampton Wanderers,2024-02-04 14:00:00,ENG-Premier League,2324,Chelsea,Wolverhampton Wanderers,1,2,4,2.35967,2.48996,1.7165443999999996,1.9411628,-0.2246184000000004,1.7723754999999997,1.8307142,-0.0583387000000001,0.8463213092703499,Wolverhampton Wanderers,Chelsea,0,4,2,2.48996,2.35967,1.940622,1.8929322,0.0476897999999998,1.5057776,1.8296743,-0.3238966999999999,1.12898403523599,1.3473684210526315,5.2,12.465789473684211
20240204_Arsenal_Liverpool,2024-02-04 16:30:00,ENG-Premier League,2324,Arsenal,Liverpool,1,3,1,2.8526,0.542052,2.0424562,1.0056004,1.0368558,2.2417531,0.9587819,1.2829712,0.8029426599465124,Liverpool,Arsenal,0,1,3,0.542052,2.8526,2.9070122,0.8095202,2.0974919999999995,2.3172719,1.0612278,1.2560441000000002,1.0357001974174038,1.54,4.433684210526316,8.544736842105262
20240210_Liverpool_Burnley,2024-02-10 15:00:00,ENG-Premier League,2324,Liverpool,Burnley,1,3,1,3.14734,1.11123,2.8188424,1.209704,1.6091384,2.2948493,1.1668658,1.1279835,1.045819851517112,Burnley,Liverpool,0,1,3,1.11123,3.14734,1.2214538,1.7422334000000004,-0.5207796000000005,1.1773696,1.7014638000000002,-0.5240942000000002,1.189090334003584,1.6636842105263157,3.8426315789473686,7.0
20240210_Tottenham_Brighton,2024-02-10 15:00:00,ENG-Premier League,2324,Tottenham,Brighton,1,2,1,2.10928,1.49285,1.9632742,2.2415446,-0.2782704,1.9445958,2.1159133,-0.1713174999999998,1.2341890102873767,Brighton,Tottenham,0,1,2,1.49285,2.10928,2.062378,1.6136134000000002,0.4487645999999996,1.7669992,1.6426647,0.1243345000000002,0.7923032493148557,1.9742105263157894,3.488421052631579,5.1147368421052635
20240210_Fulham_Bournemouth,2024-02-10 15:00:00,ENG-Premier League,2324,Fulham,Bournemouth,1,3,1,1.7456,2.60612,1.2427104,1.924252,-0.6815415999999999,1.4858274,1.8247699,-0.3389425000000001,1.1441428902556985,Bournemouth,Fulham,0,1,3,2.60612,1.7456,1.364071,1.1554846,0.2085863999999999,1.8174315,1.0657936,0.7516378999999997,1.04543084818831,2.743157894736842,3.3236842105263156,3.236842105263158
20240211_West Ham_Arsenal,2024-02-11 14:00:00,ENG-Premier League,2324,West Ham,Arsenal,1,0,6,0.191065,3.99893,1.4995619999999998,1.93186,-0.432298,1.392127,1.5734764,-0.1813494000000002,0.9338221772710557,Arsenal,West Ham,0,6,0,3.99893,0.191065,2.44264,0.9174306,1.5252094,2.3443141,0.8466720999999999,1.4976419999999997,0.8531276362976975,3.0710526315789473,3.3394736842105264,3.0805263157894736
20240211_Aston Villa_Manchester United,2024-02-11 16:30:00,ENG-Premier League,2324,Aston Villa,Manchester United,1,1,2,2.64675,2.44591,2.108148,1.6414300000000002,0.4667179999999997,1.6941559000000002,1.4918141,0.2023418000000001,1.062475382297826,Manchester United,Aston Villa,0,2,1,2.44591,2.64675,1.3940736,1.4699496,-0.075876,1.3908703,1.8062848,-0.4154144999999998,1.0784606742550515,2.789473684210526,3.3342105263157897,3.226842105263158
20240217_Newcastle United_Bournemouth,2024-02-17 15:00:00,ENG-Premier League,2324,Newcastle United,Bournemouth,1,2,2,2.38425,2.08098,1.6709318,2.862717,-1.1917852,1.9749249,2.7065577000000003,-0.7316328000000003,0.962061412025636,Bournemouth,Newcastle United,0,2,2,2.08098,2.38425,1.469473,1.4397316,0.0297414,1.7640685,1.1587309,0.6053376000000001,0.963680852710168,2.312105263157895,3.3131578947368423,3.8242105263157895
20240217_Tottenham_Wolverhampton Wanderers,2024-02-17 15:00:00,ENG-Premier League,2324,Tottenham,Wolverhampton Wanderers,1,1,2,1.59768,1.77591,1.9712202,1.7707106,0.2005096000000001,2.1122161,1.9744693,0.1377467999999997,1.0889032192760868,Wolverhampton Wanderers,Tottenham,0,2,1,1.77591,1.59768,1.921958,1.8650942,0.0568637999999999,1.5947935999999998,1.6711243,-0.0763307000000002,1.128671993246027,1.9742105263157894,3.488421052631579,5.1147368421052635
20240217_Fulham_Aston Villa,2024-02-17 15:00:00,ENG-Premier League,2324,Fulham,Aston Villa,1,1,2,1.41796,1.57297,1.5269574,2.029654,-0.5026965999999999,1.5093824,1.8125509,-0.3031685000000002,1.1262877278231629,Aston Villa,Fulham,0,2,1,1.57297,1.41796,2.270224,1.890404,0.3798200000000005,1.8693199,1.4814681,0.3878517999999999,0.909421170008852,2.743157894736842,3.3236842105263156,3.236842105263158
20240219_Everton_Crystal Palace,2024-02-19 20:00:00,ENG-Premier League,2324,Everton,Crystal Palace,1,1,1,2.44588,0.734685,1.5680666,1.7750681999999998,-0.2070015999999999,1.7350822999999995,1.5726407999999998,0.1624414999999999,0.6339753255650609,Crystal Palace,Everton,0,1,1,0.734685,2.44588,0.8038812,1.7545673999999998,-0.9506861999999998,1.1337273,1.8426647,-0.7089373999999999,1.1466592127937532,2.9257894736842105,3.392631578947368,3.488421052631579
20240221_Liverpool_Luton,2024-02-21 15:00:00,ENG-Premier League,2324,Liverpool,Luton,1,4,1,3.70302,0.956512,2.3950104,1.3943134,1.0006969999999995,2.4655883,1.2130846,1.2525037,1.0139563795154367,Luton,Liverpool,0,1,4,0.956512,3.70302,2.1214814000000004,2.0959960000000004,0.0254853999999999,1.6997643,2.190905,-0.4911406999999999,1.2354646844479058,1.6636842105263157,3.8426315789473686,7.0
20240224_Aston Villa_Nottingham Forest,2024-02-24 15:00:00,ENG-Premier League,2324,Aston Villa,Nottingham Forest,1,4,2,3.48861,2.25569,1.999644,1.95015,0.0494939999999999,1.8073969,1.5230661,0.2843308,0.9959068780593362,Nottingham Forest,Aston Villa,0,2,4,2.25569,3.48861,1.1896342,1.1109022,0.078732,1.3515425,1.3517516,-0.0002090999999999,1.183831670974704,2.789473684210526,3.3342105263157897,3.226842105263158
20240224_Arsenal_Newcastle United,2024-02-24 20:00:00,ENG-Premier League,2324,Arsenal,Newcastle United,1,4,1,2.59336,0.217373,2.794076,0.3975921999999999,2.3964838,2.3755991,0.7387815,1.6368176,1.0523656738354237,Newcastle United,Arsenal,0,1,4,0.217373,2.59336,1.965587,1.944611,0.0209759999999998,2.0837859,2.6192627,-0.5354767999999996,1.0077805940713034,1.54,4.433684210526316,8.544736842105262
20240226_West Ham_Brentford,2024-02-26 20:00:00,ENG-Premier League,2324,West Ham,Brentford,1,4,2,2.06873,1.33683,1.1257362,2.27681,-1.1510737999999998,1.1744851,1.9802752,-0.8057901000000001,0.8514362153796456,Brentford,West Ham,0,2,4,1.33683,2.06873,1.302034,2.430956,-1.1289219999999998,1.377459,1.9191066,-0.5416475999999999,0.871168672774527,3.0710526315789473,3.3394736842105264,3.0805263157894736
20240302_Tottenham_Crystal Palace,2024-03-02 15:00:00,ENG-Premier League,2324,Tottenham,Crystal Palace,1,3,1,2.6625,0.277887,1.8607022,1.8094346,0.0512676,2.1107161000000003,1.9779703,0.1327458000000001,1.0896770580955637,Crystal Palace,Tottenham,0,1,3,0.277887,2.6625,1.0543116,1.2971517199999998,-0.2428401199999998,1.1432147999999998,1.77777786,-0.6345630600000003,1.3995607828373264,1.9742105263157894,3.488421052631579,5.1147368421052635
20240302_Everton_West Ham,2024-03-02 15:00:00,ENG-Premier League,2324,Everton,West Ham,1,1,3,3.12075,2.17948,1.8033174,1.4551112,0.3482061999999999,1.6015058,1.5933741,0.0081317,0.4995295680293084,West Ham,Everton,0,3,1,2.17948,3.12075,1.0546622,2.021452,-0.9667898,1.2830581,1.8951182,-0.6120600999999999,1.0911422552554282,2.9257894736842105,3.392631578947368,3.488421052631579
20240302_Newcastle United_Wolverhampton Wanderers,2024-03-02 15:00:00,ENG-Premier League,2324,Newcastle United,Wolverhampton Wanderers,1,3,0,3.33495,0.507769,1.7617856,1.952379,-0.1905934,1.9441552,2.4384807,-0.4943254999999997,1.080160122936624,Wolverhampton Wanderers,Newcastle United,0,0,3,0.507769,3.33495,1.7631900000000005,1.9375504,-0.1743603999999996,1.6799176000000002,1.6963712999999998,-0.0164536999999995,1.1310071809431717,2.312105263157895,3.3131578947368423,3.8242105263157895
20240302_Fulham_Brighton,2024-03-02 15:00:00,ENG-Premier League,2324,Fulham,Brighton,1,3,0,1.37604,1.15198,1.593022,1.99538,-0.4023579999999997,1.2367614,2.045718,-0.8089565999999999,0.8085627441455207,Brighton,Fulham,0,0,3,1.15198,1.37604,1.888342,1.3712812,0.5170607999999997,1.8813614,1.5474066,0.3339548000000001,0.8504475267497639,2.743157894736842,3.3236842105263156,3.236842105263158
20240309_Arsenal_Brentford,2024-03-09 17:30:00,ENG-Premier League,2324,Arsenal,Brentford,1,2,1,1.59369,0.733239,2.824716,0.2974014,2.5273146,2.4335861000000003,0.6515009,1.7820852000000005,1.3560229670842685,Brentford,Arsenal,0,1,2,0.733239,1.59369,1.5716177999999998,2.181204,-0.6095861999999999,1.6143170000000002,2.110372,-0.4960549999999997,0.9291849561238864,1.54,4.433684210526316,8.544736842105262
20240310_Aston Villa_Tottenham,2024-03-10 13:00:00,ENG-Premier League,2324,Aston Villa,Tottenham,1,0,4,1.23267,2.25381,2.556868,2.016104,0.5407640000000002,2.155354,1.7405989000000002,0.4147550999999998,1.0207135251501491,Tottenham,Aston Villa,0,4,0,2.25381,1.23267,2.1307542,1.6803654,0.4503888000000002,1.9368481,1.844391,0.0924571000000002,1.135865463138042,2.789473684210526,3.3342105263157897,3.226842105263158
20240310_West Ham_Burnley,2024-03-10 14:00:00,ENG-Premier League,2324,West Ham,Burnley,1,2,2,1.87414,0.88131,1.2279982,2.4186280000000004,-1.1906298000000004,1.3971781,2.1515726,-0.7543945000000001,1.0020189967055764,Burnley,West Ham,0,2,2,0.88131,1.87414,0.8262569200000002,2.098686,-1.2724290799999998,0.9651413600000002,1.9297497,-0.9646083399999996,0.9325049208284673,3.0710526315789473,3.3394736842105264,3.0805263157894736
20240310_Liverpool_Manchester City,2024-03-10 15:45:00,ENG-Premier League,2324,Liverpool,Manchester City,1,1,1,2.25492,1.37289,2.3609044,1.5173975999999998,0.8435068000000001,2.6339583,1.1634589,1.4704993999999998,1.0630384455826634,Manchester City,Liverpool,0,1,1,1.37289,2.25492,2.268518,0.7209108000000001,1.5476071999999998,2.237802,0.8696316,1.3681704,0.9831070920898756,1.6636842105263157,3.8426315789473686,7.0
20240311_Chelsea_Newcastle United,2024-03-11 20:00:00,ENG-Premier League,2324,Chelsea,Newcastle United,1,3,2,1.78315,0.568435,1.6176903999999996,2.4245012000000004,-0.8068108000000007,1.9466422,1.860576,0.0860662,0.9246686809375236,Newcastle United,Chelsea,0,2,3,0.568435,1.78315,1.7642956,1.7649628,-0.0006672,1.8497172,2.4421534,-0.5924362000000001,1.1353080701698235,1.3473684210526315,5.2,12.465789473684211
20240316_Fulham_Tottenham,2024-03-16 17:30:00,ENG-Premier League,2324,Fulham,Tottenham,1,3,0,2.47234,2.14564,1.72393,1.717464,0.0064659999999998,1.4833202,1.820858,-0.3375378,0.9438279450195952,Tottenham,Fulham,0,0,3,2.14564,2.47234,1.9091282,1.6076254,0.3015028000000002,2.0014911,1.7970890000000002,0.2044020999999998,1.1991054074108014,2.743157894736842,3.3236842105263156,3.236842105263158
20240317_West Ham_Aston Villa,2024-03-17 14:00:00,ENG-Premier League,2324,West Ham,Aston Villa,1,1,1,1.32829,0.911274,1.3666862,2.401448,-1.0347617999999998,1.4331241,2.166654,-0.7335298999999997,0.9768861071514272,Aston Villa,West Ham,0,1,1,0.911274,1.32829,2.205372,2.161298,0.0440739999999997,2.15676,1.901364,0.2553959999999999,0.9736822948857108,3.0710526315789473,3.3394736842105264,3.0805263157894736
20240330_Newcastle United_West Ham,2024-03-30 12:30:00,ENG-Premier League,2324,Newcastle United,West Ham,1,4,3,3.80922,0.994584,1.4032766,1.5866668000000002,-0.1833902000000002,1.7650727,2.4386244,-0.6735516999999998,1.3030617361756622,West Ham,Newcastle United,0,3,4,0.994584,3.80922,1.5941312,1.7839168,-0.1897856,1.4062421,1.9789414,-0.5726993,0.9244489804074416,2.312105263157895,3.3131578947368423,3.8242105263157895
20240330_Tottenham_Luton,2024-03-30 15:00:00,ENG-Premier League,2324,Tottenham,Luton,1,2,1,2.46523,0.402402,2.153782,1.4503313999999998,0.7034506000000003,2.0585281,1.845938,0.2125901000000003,1.0687242653018605,Luton,Tottenham,0,1,2,0.402402,2.46523,1.6245828,2.767324,-1.1427412,1.8730321,2.43166,-0.5586278999999998,1.0143974497834556,1.9742105263157894,3.488421052631579,5.1147368421052635
20240330_Chelsea_Burnley,2024-03-30 15:00:00,ENG-Premier League,2324,Chelsea,Burnley,1,2,2,4.46643,2.10422,1.878726,1.8056482,0.0730777999999998,1.7976351999999998,1.8734055,-0.0757703000000002,1.0569435573226664,Burnley,Chelsea,0,2,2,2.10422,4.46643,1.11896892,1.83668,-0.7177110800000002,1.18409546,1.9357397,-0.7516442399999999,0.9289783705628172,1.3473684210526315,5.2,12.465789473684211
20240330_Aston Villa_Wolverhampton Wanderers,2024-03-30 17:30:00,ENG-Premier League,2324,Aston Villa,Wolverhampton Wanderers,1,2,0,1.28271,1.66232,1.8582768,1.937774,-0.0794972,2.0642504,1.914089,0.1501613999999997,0.968874236926762,Wolverhampton Wanderers,Aston Villa,0,0,2,1.66232,1.28271,1.1707118,2.0755204,-0.9048085999999996,1.6300369,2.0447463000000003,-0.4147094000000004,1.1656170693945214,2.789473684210526,3.3342105263157897,3.226842105263158
20240331_Liverpool_Brighton,2024-03-31 14:00:00,ENG-Premier League,2324,Liverpool,Brighton,1,2,1,3.21149,0.43922,2.703478,1.2214556,1.4820223999999995,2.7611602,1.2155798,1.5455804,1.0140661110260425,Brighton,Liverpool,0,1,2,0.43922,3.21149,1.6377275999999998,1.0090446000000002,0.6286829999999997,1.8500528000000005,1.311329,0.5387238000000003,0.8648397143910084,1.6636842105263157,3.8426315789473686,7.0
20240402_Newcastle United_Everton,2024-04-02 18:30:00,ENG-Premier League,2324,Newcastle United,Everton,1,1,1,2.65009,1.69834,2.0628456,1.5919686,0.4708770000000002,1.8668887,2.2273428,-0.3604540999999996,1.392690741183049,Everton,Newcastle United,0,1,1,1.69834,2.65009,1.721693,1.772449,-0.0507559999999998,1.6448798,1.7737586,-0.1288788,0.364768073163721,2.312105263157895,3.3131578947368423,3.8242105263157895
20240402_West Ham_Tottenham,2024-04-02 19:15:00,ENG-Premier League,2324,West Ham,Tottenham,1,1,1,1.47017,1.39423,1.6890448,2.0118768,-0.322832,1.4073905,2.1443434,-0.7369528999999999,1.1368549547158695,Tottenham,West Ham,0,1,1,1.39423,1.47017,2.224972,1.2322418,0.9927302000000002,2.0980961,1.5014762,0.5966199000000003,1.0485692011108545,3.0710526315789473,3.3394736842105264,3.0805263157894736
20240403_Arsenal_Luton,2024-04-03 18:30:00,ENG-Premier League,2324,Arsenal,Luton,1,2,0,1.14384,0.292082,1.8754284,0.5414437999999999,1.3339846,2.2800872,0.5888327,1.6912544999999997,1.4911703854263183,Luton,Arsenal,0,0,2,0.292082,1.14384,1.5137608,2.519766,-1.0060051999999997,1.8167556,2.52616,-0.7094043999999999,1.0458197867562449,1.54,4.433684210526316,8.544736842105262
20240404_Liverpool_Sheffield United,2024-04-04 18:30:00,ENG-Premier League,2324,Liverpool,Sheffield United,1,3,1,2.51772,0.720948,2.716308,1.0870536000000002,1.6292544,2.9138582,1.1622629,1.7515953,0.960924947917868,Sheffield United,Liverpool,0,1,3,0.720948,2.51772,1.029538,2.414744,-1.3852060000000002,1.2303658,2.265251,-1.0348852000000002,0.9753189048989294,1.6636842105263157,3.8426315789473686,7.0
20240404_Chelsea_Manchester United,2024-04-04 19:15:00,ENG-Premier League,2324,Chelsea,Manchester United,1,4,3,3.48048,1.56686,2.300078,1.7285002000000005,0.5715777999999998,2.0688312,1.9092015,0.1596296999999999,0.9667289594583844,Manchester United,Chelsea,0,3,4,1.56686,3.48048,1.9190038,2.067768,-0.1487642,1.7810257,1.8498968,-0.0688711000000001,1.066800402262358,1.3473684210526315,5.2,12.465789473684211
20240406_Everton_Burnley,2024-04-06 14:00:00,ENG-Premier League,2324,Everton,Burnley,1,1,0,0.659844,0.34699,1.572185,2.15553,-0.5833449999999998,1.7627497,1.7742905999999998,-0.0115408999999999,0.3971066356689009,Burnley,Everton,0,0,1,0.34699,0.659844,1.682742,2.0076340000000004,-0.3248920000000004,1.24315246,2.0943,-0.8511475400000001,0.8848465096175657,2.9257894736842105,3.392631578947368,3.488421052631579
20240406_Fulham_Newcastle United,2024-04-06 14:00:00,ENG-Premier League,2324,Fulham,Newcastle United,1,0,1,0.834564,1.18012,1.7871020000000002,1.665588,0.1215140000000001,1.690062,1.830484,-0.1404220000000002,1.1242184462946057,Newcastle United,Fulham,0,1,0,1.18012,0.834564,2.1160136,1.5154406000000002,0.6005729999999994,2.0408003,1.7300258,0.3107744999999999,1.2250090197414123,2.743157894736842,3.3236842105263156,3.236842105263158
20240406_Aston Villa_Brentford,2024-04-06 14:00:00,ENG-Premier League,2324,Aston Villa,Brentford,1,3,3,1.16333,1.42064,1.3397888,2.310916,-0.9711272000000002,1.8842274000000003,2.252438,-0.3682105999999998,1.061442445087867,Brentford,Aston Villa,0,3,3,1.42064,1.16333,1.6091676,1.7314709999999998,-0.1223033999999998,1.4296468,1.9518925,-0.5222457,0.7694202726014058,2.789473684210526,3.3342105263157897,3.226842105263158
20240407_Tottenham_Nottingham Forest,2024-04-07 19:00:00,ENG-Premier League,2324,Tottenham,Nottingham Forest,1,3,1,1.61978,2.00122,2.1842820000000005,1.1710937999999995,1.0131882000000008,2.0224921,1.4902642,0.5322279000000001,0.9888785281887982,Nottingham Forest,Tottenham,0,1,3,2.00122,1.61978,1.2684044,0.9309804,0.3374240000000001,1.3323373,1.1755833,0.156754,0.9757281615337486,1.9742105263157894,3.488421052631579,5.1147368421052635
20240413_Newcastle United_Tottenham,2024-04-13 11:30:00,ENG-Premier League,2324,Newcastle United,Tottenham,1,4,0,3.1483,0.737596,2.308563,1.1636814,1.1448816,2.0351743,1.5580302,0.4771440999999998,1.1792595949842748,Tottenham,Newcastle United,0,0,4,0.737596,3.1483,1.975738,1.5157603999999998,0.4599776000000004,2.0532461,1.5980629,0.4551832,1.022770225756072,2.312105263157895,3.3131578947368423,3.8242105263157895
20240414_West Ham_Fulham,2024-04-14 13:00:00,ENG-Premier League,2324,West Ham,Fulham,1,0,2,1.45307,3.61413,1.3617027999999998,1.7558888,-0.3941860000000001,1.2948505,2.0872584000000005,-0.7924079000000004,1.2356629312318823,Fulham,West Ham,0,2,0,3.61413,1.45307,1.6788067999999998,1.671216,0.0075907999999997,1.5360194,1.6651790000000002,-0.1291596000000001,1.2369627382552992,3.0710526315789473,3.3394736842105264,3.0805263157894736
20240414_Liverpool_Crystal Palace,2024-04-14 13:00:00,ENG-Premier League,2324,Liverpool,Crystal Palace,1,0,1,3.04497,2.12879,2.748258,0.8638066,1.8844514,2.7885922,1.1412527,1.6473395000000002,0.8965093940557554,Crystal Palace,Liverpool,0,1,0,2.12879,3.04497,1.2197996,1.6211923999999995,-0.4013927999999995,1.1370556,1.4591720599999998,-0.3221164599999997,1.2312491744034553,1.6636842105263157,3.8426315789473686,7.0
20240414_Arsenal_Aston Villa,2024-04-14 15:30:00,ENG-Premier League,2324,Arsenal,Aston Villa,1,0,2,1.89003,0.929049,1.9774104,0.5750598,1.4023506,2.2929122,0.479255,1.8136572,1.4392171496068844,Aston Villa,Arsenal,0,2,0,0.929049,1.89003,1.1552828000000002,2.10842,-0.9531371999999996,1.8560754,2.062262,-0.2061865999999996,1.185296036305402,1.54,4.433684210526316,8.544736842105262
20240415_Chelsea_Everton,2024-04-15 19:00:00,ENG-Premier League,2324,Chelsea,Everton,1,6,0,3.37093,1.21791,2.4808297999999995,1.691073,0.7897567999999995,2.0385900999999995,1.8802518,0.1583382999999996,1.030123206169202,Everton,Chelsea,0,0,6,1.21791,3.37093,1.6468228,1.894168,-0.2473452,1.7250701,1.6746396,0.0504304999999998,0.4637490014179705,1.3473684210526315,5.2,12.465789473684211
20240421_Everton_Nottingham Forest,2024-04-21 12:30:00,ENG-Premier League,2324,Everton,Nottingham Forest,1,2,0,0.473233,1.18916,1.2662548,2.132458,-0.8662032000000002,1.5635441,1.7742336,-0.2106894999999999,0.5116577705369676,Nottingham Forest,Everton,0,0,2,1.18916,0.473233,1.6894364,1.1748908,0.5145455999999999,1.5998867,1.2251563,0.3747304,0.8750614183733021,2.9257894736842105,3.392631578947368,3.488421052631579
20240421_Aston Villa_Bournemouth,2024-04-21 14:00:00,ENG-Premier League,2324,Aston Villa,Bournemouth,1,3,1,2.62687,2.05211,1.0945586,2.035664,-0.9411053999999996,1.6499653,2.0984810000000005,-0.4485157000000006,1.1515386708201254,Bournemouth,Aston Villa,0,1,3,2.05211,2.62687,1.7095396,1.3459758000000002,0.3635637999999999,1.9523417,1.6178218999999998,0.3345198,0.8707487676215862,2.789473684210526,3.3342105263157897,3.226842105263158
20240421_Fulham_Liverpool,2024-04-21 15:30:00,ENG-Premier League,2324,Fulham,Liverpool,1,1,3,0.83885,1.02445,1.8133228,1.702652,0.1106707999999998,1.7686264,1.710058,0.0585683999999999,1.0742794101233533,Liverpool,Fulham,0,3,1,1.02445,0.83885,3.092734,1.0952714,1.9974626,2.7268192,1.3063345,1.4204847,0.7701277847362287,2.743157894736842,3.3236842105263156,3.236842105263158
20240423_Arsenal_Chelsea,2024-04-23 19:00:00,ENG-Premier League,2324,Arsenal,Chelsea,1,5,0,3.45858,1.60343,1.8744484,0.6068502,1.2675982,2.2236912,0.4712444999999999,1.7524467,1.3491075788276812,Chelsea,Arsenal,0,0,5,1.60343,3.45858,2.7245558,1.4400150000000005,1.2845407999999998,2.1711231,1.9322581,0.2388650000000001,1.1975363361311315,1.54,4.433684210526316,8.544736842105262
20240424_Everton_Liverpool,2024-04-24 19:00:00,ENG-Premier League,2324,Everton,Liverpool,1,2,0,1.89111,1.87155,0.9966214,1.7899699999999998,-0.7933485999999997,1.2849864,1.8009125,-0.5159261000000002,0.6225741980038092,Liverpool,Everton,0,0,2,1.87155,1.89111,2.8466400000000003,0.9884634,1.8581766,2.775059,1.1049595,1.6700994999999996,0.8288109085929674,2.9257894736842105,3.392631578947368,3.488421052631579
20240427_West Ham_Liverpool,2024-04-27 11:30:00,ENG-Premier League,2324,West Ham,Liverpool,1,2,2,0.794025,2.29298,1.2809028,2.863898,-1.5829951999999998,1.4375170000000002,2.3239074,-0.8863903999999998,1.252158233844724,Liverpool,West Ham,0,2,2,2.29298,0.794025,2.5786520000000004,1.2788414,1.2998106000000005,2.6474800000000003,1.1829475,1.4645325000000002,0.7554350720552857,3.0710526315789473,3.3394736842105264,3.0805263157894736
20240427_Fulham_Crystal Palace,2024-04-27 14:00:00,ENG-Premier League,2324,Fulham,Crystal Palace,1,1,1,1.39418,1.05387,1.4866248,1.478414,0.0082107999999998,1.6779514,1.551891,0.1260603999999998,1.0131395860812262,Crystal Palace,Fulham,0,1,1,1.05387,1.39418,1.7906018,1.703024,0.0875778,1.6533703,1.5569483599999998,0.0964219400000001,1.0282021951149147,2.743157894736842,3.3236842105263156,3.236842105263158
20240427_Newcastle United_Sheffield United,2024-04-27 14:00:00,ENG-Premier League,2324,Newcastle United,Sheffield United,1,5,1,2.93477,1.82408,2.2678039999999995,1.1403388,1.1274651999999996,1.8355403,1.3635028,0.4720374999999999,1.144076681903044,Sheffield United,Newcastle United,0,1,5,1.82408,2.93477,1.2962852,2.0133418,-0.7170566,1.1629116,2.2140429,-1.0511313,0.9459008355400054,2.312105263157895,3.3131578947368423,3.8242105263157895
20240427_Everton_Brentford,2024-04-27 16:30:00,ENG-Premier League,2324,Everton,Brentford,1,1,0,1.21399,0.956356,1.1880874,1.885744,-0.6976566,1.4548902,1.8290965,-0.3742063,0.6873366200854057,Brentford,Everton,0,0,1,0.956356,1.21399,1.9760838,0.9418464,1.0342374000000003,1.6178716999999998,1.5759371999999998,0.0419344999999999,1.0507625229104862,2.9257894736842105,3.392631578947368,3.488421052631579
20240427_Aston Villa_Chelsea,2024-04-27 19:00:00,ENG-Premier League,2324,Aston Villa,Chelsea,1,2,2,0.612257,1.56401,1.4376778,2.180428,-0.7427502000000001,1.6479773000000002,2.059101,-0.4111236999999998,1.2742886238247189,Chelsea,Aston Villa,0,2,2,1.56401,0.612257,2.6886117999999994,2.018044,0.6705677999999993,2.2836689,1.9118461,0.3718227999999999,1.0947291462745996,2.789473684210526,3.3342105263157897,3.226842105263158
20240428_Tottenham_Arsenal,2024-04-28 13:00:00,ENG-Premier League,2324,Tottenham,Arsenal,1,2,3,2.60458,1.51469,1.6724952000000002,1.8988864,-0.2263911999999996,1.7908117,1.7532559,0.0375558000000002,1.0051302405885327,Arsenal,Tottenham,0,3,2,1.51469,2.60458,2.463884,0.6835182,1.7803657999999998,2.1696562,0.612481,1.5571752,1.3366166784319662,1.9742105263157894,3.488421052631579,5.1147368421052635
20240502_Chelsea_Tottenham,2024-05-02 18:30:00,ENG-Premier League,2324,Chelsea,Tottenham,1,2,0,2.22432,1.27064,2.1081278,1.7196514,0.3884764,2.2041029,1.7240758,0.4800270999999996,1.134247800205789,Tottenham,Chelsea,0,0,2,1.27064,2.22432,1.7642832,1.7073563999999997,0.0569268000000002,1.9590326,1.5788439,0.3801886999999999,0.9188203816412336,1.3473684210526315,5.2,12.465789473684211
20240504_Arsenal_Bournemouth,2024-05-04 11:30:00,ENG-Premier League,2324,Arsenal,Bournemouth,1,3,0,3.91372,0.4687,2.538054,1.1460178,1.3920362,2.1005502,0.8394247,1.2611255,1.2853769048809665,Bournemouth,Arsenal,0,0,3,0.4687,3.91372,1.9875676,1.4591328,0.5284347999999996,2.0846968,1.4720153,0.6126815000000001,0.9114030820198497,1.54,4.433684210526316,8.544736842105262
20240505_Chelsea_West Ham,2024-05-05 13:00:00,ENG-Premier League,2324,Chelsea,West Ham,1,5,0,4.21838,0.893899,1.8568958,1.6604074,0.1964883999999997,2.2995869000000004,1.7791882,0.5203987000000003,1.0436652584578303,West Ham,Chelsea,0,0,5,0.893899,4.21838,1.240791,2.56065,-1.319859,1.4649179,2.2862634,-0.8213455000000001,1.365263292049819,1.3473684210526315,5.2,12.465789473684211
20240505_Liverpool_Tottenham,2024-05-05 15:30:00,ENG-Premier League,2324,Liverpool,Tottenham,1,4,2,3.26222,1.17205,2.533704,1.2934568,1.2402472000000002,2.567826,1.092832,1.474994,0.700981802901831,Tottenham,Liverpool,0,2,4,1.17205,3.26222,1.5253652,2.07174,-0.5463747999999997,1.8751686000000003,1.6519909,0.2231777000000003,0.8532561534700647,1.6636842105263157,3.8426315789473686,7.0
20240511_Fulham_Manchester City,2024-05-11 11:30:00,ENG-Premier League,2324,Fulham,Manchester City,1,0,4,0.0886245,3.15218,1.6275027999999998,1.1041778,0.5233249999999998,1.7073024,1.3848829000000002,0.3224194999999998,0.8785784647298189,Manchester City,Fulham,0,4,0,3.15218,0.0886245,2.8537626000000005,1.0893046000000002,1.7644580000000003,2.5176923,1.0478928,1.4697995,1.1518480030907656,2.743157894736842,3.3236842105263156,3.236842105263158
20240511_West Ham_Luton,2024-05-11 14:00:00,ENG-Premier League,2324,West Ham,Luton,1,3,1,3.71009,0.640456,1.1255368,3.12548,-1.9999432,1.3474347999999998,2.5744184,-1.2269836,1.1874406186921858,Luton,West Ham,0,1,3,0.640456,3.71009,0.8934190000000001,2.3518316,-1.4584125999999995,0.9894861,2.3415968,-1.3521107,1.2127495143696163,3.0710526315789473,3.3394736842105264,3.0805263157894736
20240511_Everton_Sheffield United,2024-05-11 14:00:00,ENG-Premier League,2324,Everton,Sheffield United,1,1,0,1.82411,0.465523,1.2051666,1.6676774,-0.4625108,1.4259947,1.7809227,-0.3549280000000001,0.7012643867018673,Sheffield United,Everton,0,0,1,0.465523,1.82411,1.6663536,2.38003,-0.7136764,1.47025,2.2441709,-0.7739208999999998,0.8842027653781565,2.9257894736842105,3.392631578947368,3.488421052631579
20240511_Tottenham_Burnley,2024-05-11 14:00:00,ENG-Premier League,2324,Tottenham,Burnley,1,2,1,3.00238,0.950331,1.4809291999999998,2.43015,-0.9492208,1.8326056,1.8006219,0.0319837,0.9276404439447068,Burnley,Tottenham,0,1,2,0.950331,3.00238,1.56096,2.1691698,-0.6082098,1.6218510000000002,2.0884019,-0.4665508999999999,0.8632106998665722,1.9742105263157894,3.488421052631579,5.1147368421052635
20240511_Newcastle United_Brighton,2024-05-11 14:00:00,ENG-Premier League,2324,Newcastle United,Brighton,1,1,1,2.45163,1.91556,2.4141819999999994,1.223834,1.1903479999999993,2.2650978000000004,1.3696373,0.8954605000000004,1.103704615445472,Brighton,Newcastle United,0,1,1,1.91556,2.45163,1.176492,2.0936351,-0.9171431000000004,1.0886018,1.6452693500000002,-0.5566675500000002,0.4593043486568287,2.312105263157895,3.3131578947368423,3.8242105263157895
20240513_Aston Villa_Liverpool,2024-05-13 19:00:00,ENG-Premier League,2324,Aston Villa,Liverpool,1,3,3,2.71655,1.89968,1.0791822999999998,1.91249,-0.8333077000000002,1.20948555,2.111703,-0.90221745,1.4055551093147751,Liverpool,Aston Villa,0,3,3,1.89968,2.71655,2.299234,1.3649650000000002,0.9342689999999996,2.523746,1.1143858,1.4093602,0.7132252163152646,2.789473684210526,3.3342105263157897,3.226842105263158
20240514_Tottenham_Manchester City,2024-05-14 19:00:00,ENG-Premier League,2324,Tottenham,Manchester City,1,0,2,1.84285,2.70331,1.7574492,2.2199722,-0.462523,1.8665936000000003,1.8678663,-0.0012726999999996,0.8571759502572224,Manchester City,Tottenham,0,2,0,2.70331,1.84285,3.0314366,0.8080855000000001,2.2233511,2.6532743,0.96416635,1.68910795,1.2060565294524848,1.9742105263157894,3.488421052631579,5.1147368421052635
20240519_Arsenal_Everton,2024-05-19 15:00:00,ENG-Premier League,2324,Arsenal,Everton,1,2,1,3.2117,0.664904,2.455964,1.078579,1.377385,2.1583962,0.8995869000000001,1.2588092999999998,0.97294418284086,Everton,Arsenal,0,1,2,0.664904,3.2117,1.3264066,1.086596,0.2398105999999999,1.2963307,1.609527,-0.3131963,0.7714075031876486,1.54,4.433684210526316,8.544736842105262
20240519_Chelsea_Bournemouth,2024-05-19 15:00:00,ENG-Premier League,2324,Chelsea,Bournemouth,1,2,1,1.59771,2.002,2.392278,1.3093432000000005,1.0829348,2.5404449,1.6636935999999998,0.8767513,1.1021687177042423,Bournemouth,Chelsea,0,1,2,2.002,1.59771,1.6955219999999998,2.0618168,-0.3662948000000001,1.7025308,1.7038962999999998,-0.0013654999999999,0.9397768664291616,1.3473684210526315,5.2,12.465789473684211
20240519_Liverpool_Wolverhampton Wanderers,2024-05-19 15:00:00,ENG-Premier League,2324,Liverpool,Wolverhampton Wanderers,1,2,0,5.65937,0.731254,2.070176,1.482517,0.5876589999999999,2.581455,1.2888942,1.2925608,0.7747565714852394,Wolverhampton Wanderers,Liverpool,0,0,2,0.731254,5.65937,0.7384134,2.401838,-1.6634246,1.0900777,2.026303,-0.9362253,0.9173649572274002,1.6636842105263157,3.8426315789473686,7.0
20240817_Arsenal_Wolverhampton Wanderers,2024-08-17 14:00:00,ENG-Premier League,2425,Arsenal,Wolverhampton Wanderers,1,2,0,1.6283,0.575835,2.765946,1.1786566,1.5872893999999995,2.3201972,0.8927533999999999,1.4274438,0.9050950905832098,Wolverhampton Wanderers,Arsenal,0,0,2,0.575835,1.6283,0.851761,3.201354,-2.349593,1.0336141,2.298085,-1.2644709,0.7739825008361431,1.54,4.433684210526316,8.544736842105262
20240817_Everton_Brighton,2024-08-17 14:00:00,ENG-Premier League,2425,Everton,Brighton,1,0,3,0.405325,1.79083,1.3647408,1.491104,-0.1263632000000001,1.1806811,1.640537,-0.4598559000000002,0.931664840180096,Brighton,Everton,0,3,0,1.79083,0.405325,1.840794,1.5090791000000003,0.3317148999999992,1.275721,1.91026345,-0.6345424499999999,0.3919349199904054,2.9257894736842105,3.392631578947368,3.488421052631579
20240817_Newcastle United_Southampton,2024-08-17 14:00:00,ENG-Premier League,2425,Newcastle United,Southampton,1,1,0,0.433489,1.95483,3.113968,1.644918,1.46905,2.690886,1.3926284,1.2982576,0.9662241483941914,Southampton,Newcastle United,0,0,1,1.95483,0.433489,1.3122166,2.703262,-1.3910454,0.9958258,2.2227634000000003,-1.2269376000000003,1.3054478951560653,2.312105263157895,3.3131578947368423,3.8242105263157895
20240817_West Ham_Aston Villa,2024-08-17 16:30:00,ENG-Premier League,2425,West Ham,Aston Villa,1,1,2,2.8047,2.6703,1.3967066,2.6370712000000003,-1.2403646000000002,1.3370977,2.469762,-1.1326643000000003,1.1218319186160304,Aston Villa,West Ham,0,2,1,2.6703,2.8047,1.3237856999999995,2.07667,-0.7528843000000003,1.20917215,2.056167,-0.84699485,1.4059194086471407,3.0710526315789473,3.3394736842105264,3.0805263157894736
20240818_Chelsea_Manchester City,2024-08-18 15:30:00,ENG-Premier League,2425,Chelsea,Manchester City,1,0,2,1.06123,1.18038,2.399018,1.5872918,0.8117261999999998,2.2535729,1.6534716,0.6001013,1.2424709036610693,Manchester City,Chelsea,0,2,0,1.18038,1.06123,2.7256026,0.9483281,1.7772744999999996,2.7536473,0.93159885,1.82204845,1.1984101237619924,1.3473684210526315,5.2,12.465789473684211
20240824_Fulham_Leicester,2024-08-24 14:00:00,ENG-Premier League,2425,Fulham,Leicester,1,2,1,1.96218,0.857005,0.8946570999999999,1.8251078,-0.9304507000000002,1.19064095,1.6517609,-0.4611199499999998,1.0078596676355978,Leicester,Fulham,0,1,2,0.857005,1.96218,1.3186666400000002,1.5905204000000002,-0.2718537599999999,1.73323082,1.7462772000000002,-0.0130463800000002,0.6923482399486527,2.743157894736842,3.3236842105263156,3.236842105263158
20240824_Tottenham_Everton,2024-08-24 14:00:00,ENG-Premier League,2425,Tottenham,Everton,1,4,0,2.61143,0.648869,2.124356,1.7278626,0.3964934000000002,1.8248606000000005,1.8998013,-0.0749406999999997,0.7671814673507295,Everton,Tottenham,0,0,4,0.648869,2.61143,1.0675838,1.4749599999999998,-0.4073761999999998,1.1278355999999998,1.6803519999999998,-0.5525164,0.886653261651555,1.9742105263157894,3.488421052631579,5.1147368421052635
20240824_Aston Villa_Arsenal,2024-08-24 16:30:00,ENG-Premier League,2425,Aston Villa,Arsenal,1,0,2,1.31664,1.41399,1.3324717,2.2271880000000004,-0.8947163000000005,1.3850747499999998,2.2038079999999995,-0.8187332499999997,1.2995679117189078,Arsenal,Aston Villa,0,2,0,1.41399,1.31664,2.39989,0.9731376,1.4267523999999996,2.431887,0.8283279,1.6035591,0.9457672392807565,2.789473684210526,3.3342105263157897,3.226842105263158
20240825_Liverpool_Brentford,2024-08-25 15:30:00,ENG-Premier League,2425,Liverpool,Brentford,1,2,0,2.71877,0.457239,3.4086620000000005,1.151296,2.2573660000000006,2.993657,1.2150687,1.7785882999999998,0.7014829349244303,Brentford,Liverpool,0,0,2,0.457239,2.71877,1.355033,1.708032,-0.352999,1.6655584,1.3249392,0.3406192000000001,1.0206780977009886,1.6636842105263157,3.8426315789473686,7.0
20240831_Arsenal_Brighton,2024-08-31 11:30:00,ENG-Premier League,2425,Arsenal,Brighton,1,1,1,2.41798,1.81748,2.37975,0.7155496,1.6642003999999997,2.458902,0.9307837,1.5281183000000005,0.9353764666601324,Brighton,Arsenal,0,1,1,1.81748,2.41798,1.82877,1.338111,0.4906589999999997,1.5026309999999998,1.71587305,-0.2132420500000003,0.5989490440773257,1.54,4.433684210526316,8.544736842105262
20240831_Everton_Bournemouth,2024-08-31 14:00:00,ENG-Premier League,2425,Everton,Bournemouth,1,2,3,2.55629,2.95688,0.9545596,1.8059748,-0.8514152,1.0228885,1.676486,-0.6535974999999998,0.8798604345826211,Bournemouth,Everton,0,3,2,2.95688,2.55629,1.59747,2.115114,-0.5176440000000002,1.7925188,1.7871234,0.0053953999999998,0.6694486721987674,2.9257894736842105,3.392631578947368,3.488421052631579
20240831_West Ham_Manchester City,2024-08-31 16:30:00,ENG-Premier League,2425,West Ham,Manchester City,1,1,3,0.947201,3.19297,1.8366116,2.2440552,-0.4074435999999999,1.5387013,2.4023525999999995,-0.8636512999999995,0.9098576118330362,Manchester City,West Ham,0,3,1,3.19297,0.947201,2.485818,0.7425725000000001,1.7432455,2.6697903,0.91593855,1.75385175,1.3109638944437343,3.0710526315789473,3.3394736842105264,3.0805263157894736
20240901_Newcastle United_Tottenham,2024-09-01 12:30:00,ENG-Premier League,2425,Newcastle United,Tottenham,1,2,1,1.58694,1.63304,2.1409998,1.92083,0.2201697999999998,2.2775909,1.5723319999999998,0.7052589,1.0098385053090504,Tottenham,Newcastle United,0,1,2,1.63304,1.58694,2.412232,1.2051924,1.2070396,1.9465806,1.8176712,0.1289093999999999,0.8733258343755022,2.312105263157895,3.3131578947368423,3.8242105263157895
20240901_Chelsea_Crystal Palace,2024-09-01 12:30:00,ENG-Premier League,2425,Chelsea,Crystal Palace,1,1,1,2.97743,0.459708,1.7285939999999995,1.87408,-0.1454860000000002,2.162404,1.6823685999999998,0.4800354000000002,1.294854571645922,Crystal Palace,Chelsea,0,1,1,0.459708,2.97743,1.867136,1.0022426,0.8648933999999999,1.916817,1.3610823,0.5557346999999999,1.2520750535522935,1.3473684210526315,5.2,12.465789473684211
20240914_Liverpool_Nottingham Forest,2024-09-14 14:00:00,ENG-Premier League,2425,Liverpool,Nottingham Forest,1,0,1,1.17044,0.589532,3.26217,1.1497028,2.1124672,2.780702,1.2573339,1.5233680999999997,0.75520470902502,Nottingham Forest,Liverpool,0,1,0,0.589532,1.17044,1.90896,1.3109268,0.5980331999999999,1.860892,1.352645,0.5082470000000001,0.6985893331857339,1.6636842105263157,3.8426315789473686,7.0
20240914_Fulham_West Ham,2024-09-14 14:00:00,ENG-Premier League,2425,Fulham,West Ham,1,1,1,2.88601,0.682719,0.9548651,1.7652686,-0.8104035,1.29118395,1.4347232,-0.1435392500000001,0.8519306238815749,West Ham,Fulham,0,1,1,0.682719,2.88601,1.847272,2.0389732,-0.1917011999999998,1.4864044,2.5822266,-1.0958221999999995,0.9418695599464318,2.743157894736842,3.3236842105263156,3.236842105263158
20240914_Aston Villa_Everton,2024-09-14 16:30:00,ENG-Premier League,2425,Aston Villa,Everton,1,3,2,3.15876,0.852158,1.8932372,1.8250002,0.0682370000000003,1.48620975,1.8687451,-0.3825353499999999,1.1438485423416564,Everton,Aston Villa,0,2,3,0.852158,3.15876,1.2198996000000002,2.2072726000000005,-0.9873730000000004,1.2125331,1.9374750000000005,-0.7249419000000004,0.8247190738800666,2.789473684210526,3.3342105263157897,3.226842105263158
20240915_Tottenham_Arsenal,2024-09-15 13:00:00,ENG-Premier League,2425,Tottenham,Arsenal,1,0,1,0.792595,1.1209,2.138364,1.3325142,0.8058498000000003,1.9479066000000005,1.7762432,0.1716634000000001,0.7700570602014181,Arsenal,Tottenham,0,1,0,1.1209,0.792595,2.080602,0.9853056,1.0952963999999998,2.284182,1.0696803,1.2145017,0.9193659177044924,1.9742105263157894,3.488421052631579,5.1147368421052635
20240921_West Ham_Chelsea,2024-09-21 11:30:00,ENG-Premier League,2425,West Ham,Chelsea,1,0,3,0.758267,2.39727,1.2417978,2.488084,-1.2462861999999997,1.4405433,2.6924866,-1.2519432999999998,0.9024366692506438,Chelsea,West Ham,0,3,0,2.39727,0.758267,1.7196892,1.5194996,0.2001895999999998,2.0559836,1.4144214,0.6415622000000003,1.1673239186713753,3.0710526315789473,3.3394736842105264,3.0805263157894736
20240921_Tottenham_Brentford,2024-09-21 14:00:00,ENG-Premier League,2425,Tottenham,Brentford,1,3,1,3.89481,0.893565,1.928313,1.0160322,0.9122808,1.9534065000000005,1.5735032000000002,0.3799033,0.7678889325447966,Brentford,Tottenham,0,1,3,0.893565,3.89481,1.6906398,2.14334,-0.4527001999999998,1.7017764,1.5791147,0.1226616999999998,0.9989555625782784,1.9742105263157894,3.488421052631579,5.1147368421052635
20240921_Aston Villa_Wolverhampton Wanderers,2024-09-21 14:00:00,ENG-Premier League,2425,Aston Villa,Wolverhampton Wanderers,1,3,1,2.37351,0.520117,1.9816792,1.6154958,0.3661833999999997,1.68575275,1.8118969,-0.12614415,1.008450967408496,Wolverhampton Wanderers,Aston Villa,0,1,3,0.520117,2.37351,1.2265022,2.442228,-1.2157258000000002,0.9824578,2.422033,-1.4395751999999995,0.8142835099039267,2.789473684210526,3.3342105263157897,3.226842105263158
20240921_Liverpool_Bournemouth,2024-09-21 14:00:00,ENG-Premier League,2425,Liverpool,Bournemouth,1,3,0,2.43731,1.46979,3.1163220000000003,0.7242991999999999,2.3920228000000003,2.593249,1.1034081,1.4898408999999997,0.8097946592114144,Bournemouth,Liverpool,0,0,3,1.46979,2.43731,2.1880940000000004,1.6447292000000004,0.5433648,1.941808,1.853273,0.0885349999999998,0.6179804501884583,1.6636842105263157,3.8426315789473686,7.0
20240921_Fulham_Newcastle United,2024-09-21 14:00:00,ENG-Premier League,2425,Fulham,Newcastle United,1,3,1,3.21141,1.09768,1.5143422000000002,1.2713764,0.2429658000000003,1.49632855,1.3849831,0.1113454499999999,0.8019623752000353,Newcastle United,Fulham,0,1,3,1.09768,3.21141,1.8094338,1.858852,-0.0494181999999998,2.1517859,1.7253889999999998,0.4263968999999998,1.022406075620221,2.743157894736842,3.3236842105263156,3.236842105263158
20240928_Newcastle United_Manchester City,2024-09-28 11:30:00,ENG-Premier League,2425,Newcastle United,Manchester City,1,1,1,1.34344,1.26516,1.2988817999999998,2.16082,-0.8619382000000004,2.2064249,1.902869,0.3035559000000003,1.042409808550561,Manchester City,Newcastle United,0,1,1,1.26516,1.34344,2.35204,0.964696,1.387344,2.5388213,0.95651205,1.5823092499999998,1.1422619062389676,2.312105263157895,3.3131578947368423,3.8242105263157895
20240928_Everton_Crystal Palace,2024-09-28 14:00:00,ENG-Premier League,2425,Everton,Crystal Palace,1,2,1,1.10959,1.12358,1.2572824,2.371166,-1.1138836,1.3110116,1.931135,-0.6201233999999998,0.8390460930734,Crystal Palace,Everton,0,1,2,1.12358,1.10959,1.5079636,1.978942,-0.4709783999999999,1.6842308,1.3936543,0.2905764999999998,1.128110750551082,2.9257894736842105,3.392631578947368,3.488421052631579
20240928_Chelsea_Brighton,2024-09-28 14:00:00,ENG-Premier League,2425,Chelsea,Brighton,1,4,2,3.65839,1.20712,1.8796012,1.2707530000000002,0.6088481999999995,2.1393096,1.4290224,0.7102871999999998,1.1686007632552282,Brighton,Chelsea,0,2,4,1.20712,3.65839,1.815032,1.2398836000000002,0.5751483999999996,1.827913,1.3744813500000002,0.4534316499999999,0.60177885830515,1.3473684210526315,5.2,12.465789473684211
20240928_Arsenal_Leicester,2024-09-28 14:00:00,ENG-Premier League,2425,Arsenal,Leicester,1,4,2,6.05305,0.337909,1.5730559999999998,1.451686,0.1213699999999997,2.169501,1.3151713,0.8543296999999999,1.0140576040031306,Leicester,Arsenal,0,2,4,0.337909,6.05305,1.1295372,2.048942,-0.9194047999999996,1.45397392,2.0076042,-0.5536302799999999,0.8941007042955047,1.54,4.433684210526316,8.544736842105262
20241005_Arsenal_Southampton,2024-10-05 14:00:00,ENG-Premier League,2425,Arsenal,Southampton,1,3,1,3.25165,1.27313,2.458006,1.4041008,1.0539051999999998,2.428948,1.1886192000000002,1.2403288,0.8645714669184079,Southampton,Arsenal,0,1,3,1.27313,3.25165,1.3624420000000002,2.568328,-1.205886,1.4430948,2.2876869,-0.8445921000000003,0.7622501569195892,1.54,4.433684210526316,8.544736842105262
20241005_West Ham_Ipswich,2024-10-05 14:00:00,ENG-Premier League,2425,West Ham,Ipswich,1,4,1,4.39402,1.18463,0.9602028,2.0445144,-1.0843116000000002,1.3243887,2.2359728,-0.9115841,0.9060777201755648,Ipswich,West Ham,0,1,4,1.18463,4.39402,1.07989,2.013408,-0.933518,0.9570085,2.332683333333333,-1.375674833333333,0.8707674822681264,3.0710526315789473,3.3394736842105264,3.0805263157894736
20241005_Everton_Newcastle United,2024-10-05 16:30:00,ENG-Premier League,2425,Everton,Newcastle United,1,0,0,0.692214,1.79048,1.3981354,2.237716,-0.8395805999999999,1.2328596,1.856338,-0.6234783999999998,0.8922338827276984,Newcastle United,Everton,0,0,0,1.79048,0.692214,1.4808719999999995,2.022886,-0.5420140000000004,2.0472919000000003,1.846977,0.2003149000000001,0.9280547986074684,2.9257894736842105,3.392631578947368,3.488421052631579
20241006_Aston Villa_Manchester United,2024-10-06 13:00:00,ENG-Premier League,2425,Aston Villa,Manchester United,1,0,0,0.532809,0.448537,2.03154,1.0814172,0.9501227999999996,1.68200585,1.6543025999999998,0.0277032500000002,1.0106974296805034,Manchester United,Aston Villa,0,0,0,0.448537,0.532809,1.7529282000000002,2.535582,-0.7826537999999996,1.4201507,2.1141531,-0.6940024000000002,0.7041501270603697,2.789473684210526,3.3342105263157897,3.226842105263158
20241006_Chelsea_Nottingham Forest,2024-10-06 13:00:00,ENG-Premier League,2425,Chelsea,Nottingham Forest,1,1,1,2.27752,1.66654,2.3990332,1.2761010000000002,1.1229321999999995,2.2827166,1.4226704,0.8600461999999998,1.182800710871989,Nottingham Forest,Chelsea,0,1,1,1.66654,2.27752,1.3697106,1.0654608,0.3042498,1.6229213000000002,1.4151277,0.2077936000000002,0.8010241771895056,1.3473684210526315,5.2,12.465789473684211
20241019_Tottenham_West Ham,2024-10-19 11:30:00,ENG-Premier League,2425,Tottenham,West Ham,1,4,1,1.44052,0.858803,2.564087,1.2348591999999998,1.3292278,2.4881595,1.2200258,1.2681337,0.7636163342356733,West Ham,Tottenham,0,1,4,0.858803,1.44052,1.5321648,2.0062204,-0.4740556,1.6843882,2.1251378,-0.4407495999999999,0.8311618241199836,1.9742105263157894,3.488421052631579,5.1147368421052635
20241019_Fulham_Aston Villa,2024-10-19 14:00:00,ENG-Premier League,2425,Fulham,Aston Villa,1,1,3,2.63074,1.43595,2.296126,0.8937276000000001,1.4023984,1.65219155,1.3397312,0.31246035,0.8473588626216721,Aston Villa,Fulham,0,3,1,1.43595,2.63074,1.8747738,0.8883266000000001,0.9864471999999996,1.67406105,1.5427553,0.1313057499999999,0.8960241348282163,2.743157894736842,3.3236842105263156,3.236842105263158
20241019_Newcastle United_Brighton,2024-10-19 14:00:00,ENG-Premier League,2425,Newcastle United,Brighton,1,0,1,1.93657,1.6779,1.4603939999999995,1.6543028,-0.1939088000000002,1.8006969000000002,1.7875664,0.0131305000000001,0.8330103567066969,Brighton,Newcastle United,0,1,0,1.6779,1.93657,1.664418,1.8519426000000003,-0.1875246000000003,1.746594,1.5950268,0.1515672000000001,0.8588138635459279,2.312105263157895,3.3131578947368423,3.8242105263157895
20241020_Liverpool_Chelsea,2024-10-20 15:30:00,ENG-Premier League,2425,Liverpool,Chelsea,1,2,1,2.22517,1.33904,1.980456,0.9837196,0.9967363999999996,2.737138,1.0338292,1.7033087999999998,0.8037589614557391,Chelsea,Liverpool,0,1,2,1.33904,2.22517,2.4486672,1.1257890000000002,1.3228782,2.0886306,1.4999345,0.5886960999999997,1.1011994647596064,1.6636842105263157,3.8426315789473686,7.0
20241026_Aston Villa_Bournemouth,2024-10-26 14:00:00,ENG-Premier League,2425,Aston Villa,Bournemouth,1,1,1,1.974,0.328651,1.7291937999999998,1.2595264,0.4696673999999998,1.8112155,1.5422633,0.2689522000000002,0.9938072008509198,Bournemouth,Aston Villa,0,1,1,0.328651,1.974,1.716614,1.1437850000000005,0.5728289999999996,1.90586,1.4937065,0.4121534999999998,0.629636683892477,2.789473684210526,3.3342105263157897,3.226842105263158
20241026_Everton_Fulham,2024-10-26 16:30:00,ENG-Premier League,2425,Everton,Fulham,1,1,1,0.884845,1.49531,1.2171544,1.71695,-0.4997955999999999,1.218527,1.9621113,-0.7435843000000002,0.9027285380393394,Fulham,Everton,0,1,1,1.49531,0.884845,2.584508,1.039508,1.545,1.76968655,1.4023883,0.3672982500000001,0.8476072513478439,2.9257894736842105,3.392631578947368,3.488421052631579
20241027_Chelsea_Newcastle United,2024-10-27 14:00:00,ENG-Premier League,2425,Chelsea,Newcastle United,1,2,1,1.61794,1.74225,2.1209891999999995,1.4788814,0.6421077999999993,1.9814666,1.4778825,0.5035840999999999,1.05982050879863,Newcastle United,Chelsea,0,1,2,1.74225,1.61794,1.53032,1.6632748,-0.1329548,1.7491909,1.7638003999999998,-0.0146094999999999,0.8003695878079472,1.3473684210526315,5.2,12.465789473684211
20241027_West Ham_Manchester United,2024-10-27 14:00:00,ENG-Premier League,2425,West Ham,Manchester United,1,2,1,2.99312,2.62598,1.5144852,1.6557304000000002,-0.1412452000000001,1.6808786000000002,1.8473518,-0.1664731999999995,0.892389912995553,Manchester United,West Ham,0,1,2,2.62598,2.99312,1.6384595999999998,1.9716124,-0.3331527999999999,1.5522508,1.8770543,-0.3248035,0.7730704515852389,3.0710526315789473,3.3394736842105264,3.0805263157894736
20241027_Arsenal_Liverpool,2024-10-27 16:30:00,ENG-Premier League,2425,Arsenal,Liverpool,1,2,2,1.0883,1.35346,2.4900936,1.4687408,1.0213527999999998,2.2853478000000003,1.2270232,1.0583246000000002,0.7876259413880279,Liverpool,Arsenal,0,2,2,1.35346,1.0883,2.004696,0.9513536,1.0533424,2.633433,1.0505282,1.5829047999999997,0.7594646381872491,1.54,4.433684210526316,8.544736842105262
20241102_Newcastle United_Arsenal,2024-11-02 12:30:00,ENG-Premier League,2425,Newcastle United,Arsenal,1,1,0,0.859715,0.911305,1.5820839999999998,1.6929248,-0.1108408000000003,1.6957589000000002,1.7758884,-0.0801294999999997,0.7666179628377814,Arsenal,Newcastle United,0,0,1,0.911305,0.859715,2.4835736,1.5809138,0.9026597999999996,2.2210738,1.3072023,0.9138715000000002,0.8554416987667411,2.312105263157895,3.3131578947368423,3.8242105263157895
20241102_Liverpool_Brighton,2024-11-02 15:00:00,ENG-Premier League,2425,Liverpool,Brighton,1,2,1,1.81037,1.01568,2.0413,1.0511072,0.9901928000000002,2.578811,0.8877032,1.6911078,0.736773366961221,Brighton,Liverpool,0,1,2,1.01568,1.81037,1.5878039999999998,1.8335440000000005,-0.2457400000000005,1.741752,1.5001947999999998,0.2415572000000001,0.9186147519194744,1.6636842105263157,3.8426315789473686,7.0
20241103_Tottenham_Aston Villa,2024-11-03 14:00:00,ENG-Premier League,2425,Tottenham,Aston Villa,1,4,1,2.09751,2.48749,2.570904,1.060774,1.5101299999999998,2.2496085,1.0384031,1.2112054,0.9334953466368274,Aston Villa,Tottenham,0,1,4,2.48749,2.09751,1.4922418,1.154825,0.3374167999999999,1.7369605,1.3851604,0.3518000999999999,0.9211487992105756,1.9742105263157894,3.488421052631579,5.1147368421052635
20241104_Fulham_Brentford,2024-11-04 20:00:00,ENG-Premier League,2425,Fulham,Brentford,1,2,1,1.43017,0.739231,2.306368,1.0799332,1.2264348,1.9103551,1.1756548,0.7347002999999999,0.8375401842619814,Brentford,Fulham,0,1,2,0.739231,1.43017,2.077678,1.7784422,0.2992358000000001,1.8841589000000003,1.9608911,-0.0767321999999999,1.0614810345979655,2.743157894736842,3.3236842105263156,3.236842105263158
20241109_West Ham_Everton,2024-11-09 15:00:00,ENG-Premier League,2425,West Ham,Everton,1,0,0,1.1237,0.865983,1.8513754,1.5942924,0.2570829999999997,1.5983974,2.0494112,-0.4510138000000001,0.8133141274415691,Everton,West Ham,0,0,0,0.865983,1.1237,1.2160997999999998,1.224743,-0.0086432,1.2366911,1.7979545,-0.5612633999999999,0.8086087070500411,3.0710526315789473,3.3394736842105264,3.0805263157894736
20241109_Liverpool_Aston Villa,2024-11-09 20:00:00,ENG-Premier League,2425,Liverpool,Aston Villa,1,2,0,2.68196,1.66337,1.915912,0.9602852,0.9556267999999998,2.193911,0.9161458,1.2777652,0.8660329128971445,Aston Villa,Liverpool,0,0,2,1.66337,2.68196,1.5150378,1.4703035999999998,0.0447342000000001,1.9258249,1.3717224,0.5541024999999999,0.8827381540563973,1.6636842105263157,3.8426315789473686,7.0
20241110_Tottenham_Ipswich,2024-11-10 14:00:00,ENG-Premier League,2425,Tottenham,Ipswich,1,1,2,1.75088,2.18392,2.211444,1.379559,0.8318850000000002,2.1396845,1.2174209,0.9222636,1.0281884884484191,Ipswich,Tottenham,0,2,1,2.18392,1.75088,1.439572,2.716442,-1.27687,1.1093831,2.643337,-1.5339538999999998,0.9014010566764028,1.9742105263157894,3.488421052631579,5.1147368421052635
20241110_Chelsea_Arsenal,2024-11-10 16:30:00,ENG-Premier League,2425,Chelsea,Arsenal,1,1,1,1.24067,1.9605,2.02072,1.800316,0.2204039999999998,1.9501606,1.5355345,0.4146260999999998,1.0255560359715832,Arsenal,Chelsea,0,1,1,1.9605,1.24067,2.4090126,1.2016808,1.2073317999999995,1.9910343,1.3266833999999998,0.6643509000000003,0.853827152135374,1.3473684210526315,5.2,12.465789473684211
20241123_Arsenal_Nottingham Forest,2024-11-23 15:00:00,ENG-Premier League,2425,Arsenal,Nottingham Forest,1,3,0,1.66016,0.403136,1.5905026,1.382233,0.2082695999999999,2.0242543,1.3931669,0.6310874,0.7904141340274619,Nottingham Forest,Arsenal,0,0,3,0.403136,1.66016,1.925156,1.1892586,0.7358974,1.6474333,1.1273597,0.5200736000000001,0.8498062714853029,1.54,4.433684210526316,8.544736842105262
20241123_Aston Villa_Crystal Palace,2024-11-23 15:00:00,ENG-Premier League,2425,Aston Villa,Crystal Palace,1,2,2,3.04455,1.61437,1.6187238000000002,1.6374796,-0.0187557999999998,1.8251319,1.3594484,0.4656834999999999,0.8218579589464418,Crystal Palace,Aston Villa,0,2,2,1.61437,3.04455,1.4063906000000002,1.7763479999999998,-0.3699573999999996,1.4547781,1.85054,-0.3957619000000001,0.4811727086263475,2.789473684210526,3.3342105263157897,3.226842105263158
20241123_Fulham_Wolverhampton Wanderers,2024-11-23 15:00:00,ENG-Premier League,2425,Fulham,Wolverhampton Wanderers,1,1,4,0.717158,1.33903,2.113598,1.2774472,0.8361507999999997,2.125234,1.0346039,1.0906300999999998,0.7528579192418721,Wolverhampton Wanderers,Fulham,0,4,1,1.33903,0.717158,1.0262344,2.0910870000000004,-1.0648526000000005,1.1225636,1.9869655,-0.8644019000000003,1.4253077283926467,2.743157894736842,3.3236842105263156,3.236842105263158
20241123_Everton_Brentford,2024-11-23 15:00:00,ENG-Premier League,2425,Everton,Brentford,1,0,0,1.5951,1.34314,1.1673784,1.224767,-0.0573885999999999,1.2827569,1.7312415,-0.4484845999999998,0.7795703304575243,Brentford,Everton,0,0,0,1.34314,1.5951,2.2857148,1.6082587999999998,0.6774560000000003,1.806335,1.8733411,-0.0670060999999995,1.1072137188208615,2.9257894736842105,3.392631578947368,3.488421052631579
20241125_Newcastle United_West Ham,2024-11-25 20:00:00,ENG-Premier League,2425,Newcastle United,West Ham,1,0,2,1.49781,0.942824,1.639611,1.2155758,0.4240351999999998,1.5602415,1.6192309000000005,-0.0589894000000001,0.7691112118789226,West Ham,Newcastle United,0,2,0,0.942824,1.49781,1.900392,1.6934446,0.2069474,1.4302974,1.8689795,-0.4386821000000001,0.8389857668861268,2.312105263157895,3.3131578947368423,3.8242105263157895
20241130_West Ham_Arsenal,2024-11-30 17:30:00,ENG-Premier League,2425,West Ham,Arsenal,1,2,5,1.23539,3.99935,1.2101528,1.7560806,-0.5459278000000001,1.3711588,1.8811505,-0.5099917,0.8751715153842755,Arsenal,West Ham,0,5,2,3.99935,1.23539,1.2722045999999998,1.2082342,0.0639703999999996,2.0488713,1.3018165,0.7470548000000001,0.8297247222289061,3.0710526315789473,3.3394736842105264,3.0805263157894736
20241201_Chelsea_Aston Villa,2024-12-01 13:30:00,ENG-Premier League,2425,Chelsea,Aston Villa,1,3,0,1.94939,0.875443,1.6449879999999997,1.8112814,-0.1662934000000002,2.0468276,1.4685352,0.5782923999999998,0.8305531787077824,Aston Villa,Chelsea,0,0,3,0.875443,1.94939,2.121072,1.8706462,0.2504257999999997,1.9979229,1.3794864,0.6184365000000001,0.8508832593673863,1.3473684210526315,5.2,12.465789473684211
20241201_Tottenham_Fulham,2024-12-01 13:30:00,ENG-Premier League,2425,Tottenham,Fulham,1,1,1,1.01086,1.57274,1.92252,1.7335628,0.1889571999999999,2.2433035,1.4842110000000002,0.7590925,0.9806961114730524,Fulham,Tottenham,0,1,1,1.57274,1.01086,1.7053376,1.2718852,0.4334523999999999,2.0007318,1.0828064,0.9179253999999996,0.749725300649842,1.9742105263157894,3.488421052631579,5.1147368421052635
20241201_Liverpool_Manchester City,2024-12-01 16:00:00,ENG-Premier League,2425,Liverpool,Manchester City,1,2,0,3.70054,0.745015,2.251862,1.329248,0.922614,2.116159,1.1564838,0.9596752000000002,0.9451081203689702,Manchester City,Liverpool,0,0,2,0.745015,3.70054,2.3287160000000005,1.9512312,0.3774848000000004,2.177722,1.7140307,0.4636913000000002,0.7347123578159389,1.6636842105263157,3.8426315789473686,7.0
20241204_Everton_Wolverhampton Wanderers,2024-12-04 19:30:00,ENG-Premier League,2425,Everton,Wolverhampton Wanderers,1,4,0,1.49904,0.847724,1.1796974,1.252821,-0.0731235999999999,1.1984259000000002,1.4848855,-0.2864595999999997,0.6675417582832961,Wolverhampton Wanderers,Everton,0,0,4,0.847724,1.49904,1.1757529999999998,1.7501566,-0.5744036000000001,1.0074967999999995,2.0225783,-1.0150815000000004,1.8858601974118456,2.9257894736842105,3.392631578947368,3.488421052631579
20241204_Newcastle United_Liverpool,2024-12-04 19:30:00,ENG-Premier League,2425,Newcastle United,Liverpool,1,3,3,1.52057,2.22766,1.1979608,1.3893078,-0.1913469999999999,1.3641404,1.5262913,-0.1621509000000001,0.7330618365515481,Liverpool,Newcastle United,0,3,3,2.22766,1.52057,2.546936,1.210443,1.3364930000000002,2.275816,1.0808983,1.1949177,0.8348650177057294,2.312105263157895,3.3131578947368423,3.8242105263157895
20241204_Aston Villa_Brentford,2024-12-04 20:15:00,ENG-Premier League,2425,Aston Villa,Brentford,1,3,1,3.21673,1.13266,2.0089706,1.7343762000000005,0.2745943999999998,1.8690822,1.4969513,0.3721308999999999,0.8025324929355739,Brentford,Aston Villa,0,1,3,1.13266,3.21673,1.9925182,1.6164289999999997,0.3760892000000002,1.7305291,1.6870166000000002,0.0435124999999998,1.2135009960242815,2.789473684210526,3.3342105263157897,3.226842105263158
20241204_Arsenal_Manchester United,2024-12-04 20:15:00,ENG-Premier League,2425,Arsenal,Manchester United,1,2,0,2.96684,0.256083,1.923923,1.0184742,0.9054487999999998,2.2070083,1.2436075,0.9634008,0.951513888047504,Manchester United,Arsenal,0,0,2,0.256083,2.96684,1.810822,1.4750028,0.3358192,1.7246408,1.7233075999999996,0.0013332000000003,0.8697458220019949,1.54,4.433684210526316,8.544736842105262
20241205_Fulham_Brighton,2024-12-05 19:30:00,ENG-Premier League,2425,Fulham,Brighton,1,3,1,0.666644,1.09939,1.4937376,1.1868672,0.3068704,2.0391228,1.1131876,0.9259351999999998,0.7356100693837226,Brighton,Fulham,0,1,3,1.09939,0.666644,1.700152,1.6741978000000004,0.0259541999999994,1.668327,1.7149291999999998,-0.0466021999999997,0.9590440249159636,2.743157894736842,3.3236842105263156,3.236842105263158
20241207_Aston Villa_Southampton,2024-12-07 15:00:00,ENG-Premier League,2425,Aston Villa,Southampton,1,1,0,2.51338,0.385832,2.2575166,1.895178,0.3623385999999997,1.8748792,1.5250015,0.3498777000000002,0.8000511179327617,Southampton,Aston Villa,0,0,1,0.385832,2.51338,1.1435918,2.7179802000000004,-1.5743884000000004,1.3383036,2.5929821,-1.2546785,0.7472140497761124,2.789473684210526,3.3342105263157897,3.226842105263158
20241208_Fulham_Arsenal,2024-12-08 14:00:00,ENG-Premier League,2425,Fulham,Arsenal,1,1,1,0.150988,2.4333,1.3280044,1.2297762,0.0982282000000001,1.8171862,1.1548547,0.6623315000000001,0.9355117623544784,Arsenal,Fulham,0,1,1,2.4333,0.150988,2.299631,0.7989987999999999,1.5006322,2.3916023,1.1899563,1.2016460000000002,0.919884999322421,2.743157894736842,3.3236842105263156,3.236842105263158
20241208_Tottenham_Chelsea,2024-12-08 16:30:00,ENG-Premier League,2425,Tottenham,Chelsea,1,3,4,3.25488,2.57326,1.7575347999999995,2.33606,-0.5785252000000005,2.1642194,1.6984169999999998,0.4658024,1.0165323272990126,Chelsea,Tottenham,0,4,3,2.57326,3.25488,2.61009,1.574914,1.0351759999999994,2.434061,1.5473917,0.8866692999999999,0.944922520461681,1.9742105263157894,3.488421052631579,5.1147368421052635
20241209_West Ham_Wolverhampton Wanderers,2024-12-09 20:00:00,ENG-Premier League,2425,West Ham,Wolverhampton Wanderers,1,2,1,1.19808,1.47567,1.2622782,2.2987726,-1.0364943999999998,1.6194218,1.9512485,-0.3318267000000001,0.802755154490847,Wolverhampton Wanderers,West Ham,0,1,2,1.47567,1.19808,1.1231498,1.7472706000000002,-0.6241208000000003,0.9453002,2.0241393,-1.0788391,1.904154993138695,3.0710526315789473,3.3394736842105264,3.0805263157894736
20241214_Newcastle United_Leicester,2024-12-14 15:00:00,ENG-Premier League,2425,Newcastle United,Leicester,1,4,0,3.95461,0.186759,1.3729717999999995,1.6781908,-0.3052190000000003,1.4537314,1.4555473,-0.0018158999999997,0.8254614122929365,Leicester,Newcastle United,0,0,4,0.186759,3.95461,1.2995654,2.054266,-0.7547005999999998,1.3757054,2.458282,-1.0825766,1.0903489291028958,2.312105263157895,3.3131578947368423,3.8242105263157895
20241214_Liverpool_Fulham,2024-12-14 15:00:00,ENG-Premier League,2425,Liverpool,Fulham,1,2,2,2.09698,1.2862,2.721776,1.296897,1.4248790000000002,2.381538,1.1740020999999998,1.2075359,0.9237724009558524,Fulham,Liverpool,0,2,2,1.2862,2.09698,1.072168,1.56859,-0.4964219999999999,1.511144,1.2884167000000002,0.2227272999999998,0.9926247977526976,1.6636842105263157,3.8426315789473686,7.0
20241214_Arsenal_Everton,2024-12-14 15:00:00,ENG-Premier League,2425,Arsenal,Everton,1,0,0,1.30865,0.132166,2.60403,0.6572534,1.9467766,2.5065213,0.9294671,1.5770542000000003,0.8378142097518941,Everton,Arsenal,0,0,0,0.132166,1.30865,1.3025364,1.1233038,0.1792325999999999,1.2631141,1.2537819,0.0093322,0.7916934885823154,1.54,4.433684210526316,8.544736842105262
20241215_Chelsea_Brentford,2024-12-15 19:00:00,ENG-Premier League,2425,Chelsea,Brentford,1,2,1,2.59146,1.65861,2.8826,1.7937900000000002,1.0888099999999998,2.45166,1.797053,0.6546069999999999,0.9789281633961628,Brentford,Chelsea,0,1,2,1.65861,2.59146,1.601078,2.0336349999999994,-0.4325569999999994,1.8239446,1.6595746000000002,0.1643699999999999,1.315828717698598,1.3473684210526315,5.2,12.465789473684211
20241221_Aston Villa_Manchester City,2024-12-21 12:30:00,ENG-Premier League,2425,Aston Villa,Manchester City,1,2,1,2.05988,1.09627,2.0079052,1.4736704,0.5342348000000001,1.8133145,1.555575,0.2577395,0.6617712141102858,Manchester City,Aston Villa,0,1,2,1.09627,2.05988,1.6656796,2.213713,-0.5480333999999998,1.9179828,2.0278691,-0.1098863000000001,0.7299331725325313,2.789473684210526,3.3342105263157897,3.226842105263158
20241221_West Ham_Brighton,2024-12-21 15:00:00,ENG-Premier League,2425,West Ham,Brighton,1,1,1,1.22937,1.34379,1.6143448,2.3603720000000004,-0.7460272000000003,1.7573684,2.0269083,-0.2695398999999996,0.8535484912847577,Brighton,West Ham,0,1,1,1.34379,1.22937,1.328982,1.5887486000000002,-0.2597666000000003,1.5695290000000002,1.6497553,-0.0802262999999998,1.019413454983339,3.0710526315789473,3.3394736842105264,3.0805263157894736
20241222_Everton_Chelsea,2024-12-22 14:00:00,ENG-Premier League,2425,Everton,Chelsea,1,0,0,1.07081,1.51591,0.9718076,1.2769648,-0.3051572,1.0939537,1.2508539,-0.1569001999999999,0.8227031704329256,Chelsea,Everton,0,0,0,1.51591,1.07081,3.1527579999999995,1.7334120000000002,1.419345999999999,2.344967,1.842202,0.5027650000000001,0.9381791137448358,2.9257894736842105,3.392631578947368,3.488421052631579
20241222_Fulham_Southampton,2024-12-22 14:00:00,ENG-Premier League,2425,Fulham,Southampton,1,0,0,1.25255,0.280031,0.8787459999999999,1.5959119999999998,-0.7171659999999999,1.496172,1.4366796,0.0594924000000001,1.0693950499039884,Southampton,Fulham,0,0,0,0.280031,1.25255,1.2088702,3.459582,-2.2507118000000004,1.144823,2.9249271,-1.7801041,0.6987973697267004,2.743157894736842,3.3236842105263156,3.236842105263158
20241222_Tottenham_Liverpool,2024-12-22 16:30:00,ENG-Premier League,2425,Tottenham,Liverpool,1,3,6,1.20245,5.20214,2.4174768,2.171142,0.2463348000000005,1.9488284,1.9336704,0.015158,1.23150851480381,Liverpool,Tottenham,0,6,3,5.20214,1.20245,2.7790980000000003,1.351001,1.4280970000000004,2.3475050000000004,1.1556431,1.1918619000000004,0.8945664036641439,1.9742105263157894,3.488421052631579,5.1147368421052635
20241226_Chelsea_Fulham,2024-12-26 15:00:00,ENG-Premier League,2425,Chelsea,Fulham,1,1,2,1.55626,1.77929,2.892624,1.7539766000000003,1.1386473999999993,2.268806,1.782629,0.4861770000000001,0.9255965800528648,Fulham,Chelsea,0,2,1,1.77929,1.55626,0.9858244,1.3841122,-0.3982877999999998,1.345581,1.3279987,0.0175822999999999,1.0404419797529991,1.3473684210526315,5.2,12.465789473684211
20241226_Newcastle United_Aston Villa,2024-12-26 15:00:00,ENG-Premier League,2425,Newcastle United,Aston Villa,1,3,0,2.82867,0.225522,2.1372957999999995,1.5041278,0.6331679999999995,1.8591864,1.3849128,0.4742736000000001,1.021951848425823,Aston Villa,Newcastle United,0,0,3,0.225522,2.82867,1.8109712,1.3700503999999998,0.4409208000000004,1.9660216,1.6203483,0.3456733000000003,0.712097612713099,2.312105263157895,3.3131578947368423,3.8242105263157895
20241226_Liverpool_Leicester,2024-12-26 20:00:00,ENG-Premier League,2425,Liverpool,Leicester,1,3,1,1.89935,0.22097,3.283134,1.258817,2.0243169999999995,2.655995,1.2009956,1.4549994,0.9412664778109604,Leicester,Liverpool,0,1,3,0.22097,1.89935,1.2175968,2.2615540000000003,-1.0439572000000004,1.3482521,2.167006,-0.8187538999999997,0.8900406014271356,1.6636842105263157,3.8426315789473686,7.0
20241227_Arsenal_Ipswich,2024-12-27 20:15:00,ENG-Premier League,2425,Arsenal,Ipswich,1,1,0,2.16462,0.0783327,2.752496,0.6759653999999999,2.0765306,2.0123503,0.9420998,1.0702505,0.9441691418392008,Ipswich,Arsenal,0,0,1,0.0783327,2.16462,1.0598078,2.27654,-1.2167321999999998,1.3637249,2.2445950000000003,-0.8808701000000003,0.7332851858280318,1.54,4.433684210526316,8.544736842105262
20241229_Tottenham_Wolverhampton Wanderers,2024-12-29 15:00:00,ENG-Premier League,2425,Tottenham,Wolverhampton Wanderers,1,2,2,2.28433,0.640697,2.006412800000001,2.72526,-0.718847199999999,1.9215004,2.3008051000000003,-0.3793047000000002,1.092895378582602,Wolverhampton Wanderers,Tottenham,0,2,2,0.640697,2.28433,1.1045346,1.1156332,-0.0110985999999999,1.1401438000000002,1.4328948999999995,-0.2927510999999996,1.666454997645913,1.9742105263157894,3.488421052631579,5.1147368421052635
20241229_Everton_Nottingham Forest,2024-12-29 15:00:00,ENG-Premier League,2425,Everton,Nottingham Forest,1,0,2,0.615191,2.02753,0.8244108000000001,1.5907088000000005,-0.7662980000000001,1.0861832,1.3630039,-0.2768207,0.736523326338203,Nottingham Forest,Everton,0,2,0,2.02753,0.615191,1.2009097999999998,1.3774794,-0.1765696000000001,1.4247065,1.1844100000000002,0.2402964999999999,1.1230375357748872,2.9257894736842105,3.392631578947368,3.488421052631579
20241229_Fulham_Bournemouth,2024-12-29 15:00:00,ENG-Premier League,2425,Fulham,Bournemouth,1,2,2,0.961566,1.70692,1.0271344,1.4931921999999995,-0.4660577999999997,1.260436,1.3400297,-0.0795937000000002,1.1900634462491977,Bournemouth,Fulham,0,2,2,1.70692,0.961566,2.36941,1.3588800000000003,1.0105299999999997,2.2107921,1.4782464,0.7325457,0.7689548153556296,2.743157894736842,3.3236842105263156,3.236842105263158
20241229_West Ham_Liverpool,2024-12-29 17:15:00,ENG-Premier League,2425,West Ham,Liverpool,1,0,5,0.518279,3.29868,1.804798,1.969364,-0.1645660000000002,1.5451340999999998,2.1186053,-0.5734712000000002,0.7766311178873615,Liverpool,West Ham,0,5,0,3.29868,0.518279,3.025334,0.995041,2.030293,2.638598,1.1621445,1.4764535,1.023270303672517,3.0710526315789473,3.3394736842105264,3.0805263157894736
20241230_Aston Villa_Brighton,2024-12-30 19:45:00,ENG-Premier League,2425,Aston Villa,Brighton,1,2,2,1.87997,0.938042,1.680987,1.5459063999999998,0.1350806000000002,1.8449788000000005,1.6401413000000002,0.2048375,0.5962124896977191,Brighton,Aston Villa,0,2,2,0.938042,1.87997,1.2447259999999998,1.4575614,-0.2128354000000003,1.472439,1.5658796,-0.0934406000000001,0.8828882670940752,2.789473684210526,3.3342105263157897,3.226842105263158
20250104_Tottenham_Newcastle United,2025-01-04 12:30:00,ENG-Premier League,2425,Tottenham,Newcastle United,1,1,2,1.00333,2.42963,2.338492,2.1979674,0.1405246,2.0480134,2.2670137,-0.2190003000000002,1.1230389786321815,Newcastle United,Tottenham,0,2,1,2.42963,1.00333,2.843198,0.8446562,1.9985418,1.9984114,1.1779540000000002,0.8204573999999996,1.1509135952118794,1.9742105263157894,3.488421052631579,5.1147368421052635
20250104_Aston Villa_Leicester,2025-01-04 15:00:00,ENG-Premier League,2425,Aston Villa,Leicester,1,2,1,2.3456,0.81548,1.413635,1.5069827999999998,-0.0933477999999998,1.8355758,1.7010804,0.1344954000000002,0.6537454602825662,Leicester,Aston Villa,0,1,2,0.81548,2.3456,0.8925737999999999,1.938226,-1.0456522,1.1874896,2.017679,-0.8301894000000003,0.7579007362247752,2.789473684210526,3.3342105263157897,3.226842105263158
20250105_Fulham_Ipswich,2025-01-05 14:00:00,ENG-Premier League,2425,Fulham,Ipswich,1,2,2,2.65469,1.4434,1.0861188,1.6146982,-0.5285794000000001,1.2070616,1.4222372,-0.2151756,1.325531915246152,Ipswich,Fulham,0,2,2,1.4434,2.65469,1.18876454,2.34669,-1.1579254600000002,1.23855317,2.0512120000000005,-0.8126588300000006,0.7266537239949707,2.743157894736842,3.3236842105263156,3.236842105263158
20250105_Liverpool_Manchester United,2025-01-05 16:30:00,ENG-Premier League,2425,Liverpool,Manchester United,1,2,2,2.862,1.67469,2.9449620000000003,0.9496938,1.9952682000000004,2.7459490000000004,1.0800684,1.6658806000000004,1.0925180720697754,Manchester United,Liverpool,0,2,2,1.67469,2.862,1.4322512,1.2373038,0.1949474,1.3845469,1.3535253,0.0310216,0.9389346515205432,1.6636842105263157,3.8426315789473686,7.0
20250114_Chelsea_Bournemouth,2025-01-14 19:30:00,ENG-Premier League,2425,Chelsea,Bournemouth,1,2,2,2.53808,1.14845,1.7570519999999998,1.457248,0.2998039999999997,2.319826,1.6255190000000002,0.6943069999999998,0.8190265912070167,Bournemouth,Chelsea,0,2,2,1.14845,2.53808,1.880812,1.2252494000000005,0.6555625999999997,2.365541,1.1978345,1.1677065,0.7186513703836162,1.3473684210526315,5.2,12.465789473684211
20250114_West Ham_Fulham,2025-01-14 19:30:00,ENG-Premier League,2425,West Ham,Fulham,1,3,2,0.937322,2.83581,1.3999777999999998,2.173816,-0.7738382000000001,1.4377043,2.1488503,-0.7111459999999998,0.7651081205585039,Fulham,West Ham,0,2,3,2.83581,0.937322,1.5868592,1.4167182,0.1701410000000001,1.3295136,1.4926541,-0.1631405000000001,1.2034467316116726,3.0710526315789473,3.3394736842105264,3.0805263157894736
20250115_Newcastle United_Wolverhampton Wanderers,2025-01-15 19:30:00,ENG-Premier League,2425,Newcastle United,Wolverhampton Wanderers,1,3,0,2.13327,1.47433,2.937834,0.6961221999999999,2.2417118,2.1554029,1.1871565,0.9682464,1.1134804015154651,Wolverhampton Wanderers,Newcastle United,0,0,3,1.47433,2.13327,1.1489212,1.5475292000000005,-0.3986080000000003,1.1185845,1.5023589000000002,-0.3837744,1.519776539209564,2.312105263157895,3.3131578947368423,3.8242105263157895
20250115_Everton_Aston Villa,2025-01-15 19:30:00,ENG-Premier League,2425,Everton,Aston Villa,1,0,1,1.23126,1.28522,0.6064942,1.998052,-1.3915578000000002,0.9545153,1.5606779,-0.6061626,0.5238255229376387,Aston Villa,Everton,0,1,0,1.28522,1.23126,1.380079,1.5929124,-0.2128333999999998,1.8213868,1.5728774,0.2485094000000003,0.7137414668089903,2.9257894736842105,3.392631578947368,3.488421052631579
20250115_Arsenal_Tottenham,2025-01-15 20:00:00,ENG-Premier League,2425,Arsenal,Tottenham,1,2,1,2.25501,0.777071,2.067502,0.77068654,1.29681546,2.335766,0.7139699700000001,1.62179603,0.9418747674746668,Tottenham,Arsenal,0,1,2,0.777071,2.25501,1.888182,2.1692414,-0.2810593999999997,1.9385954,2.2612277,-0.3226323000000002,1.0316742566941732,1.54,4.433684210526316,8.544736842105262
20250118_Newcastle United_Bournemouth,2025-01-18 12:30:00,ENG-Premier League,2425,Newcastle United,Bournemouth,1,1,4,0.837801,2.70174,2.573566,0.9536364,1.6199295999999996,2.1818259,1.2167375,0.9650883999999996,1.0999956046008967,Bournemouth,Newcastle United,0,4,1,2.70174,0.837801,1.700818,1.3692114000000002,0.3316065999999997,2.231152,1.2951685000000002,0.9359835,0.7619378859271416,2.312105263157895,3.3131578947368423,3.8242105263157895
20250118_West Ham_Crystal Palace,2025-01-18 15:00:00,ENG-Premier League,2425,West Ham,Crystal Palace,1,0,2,0.221062,1.62561,1.2237882,2.331294,-1.1075057999999998,1.4190665,2.345833,-0.9267664999999998,0.9865633593891764,Crystal Palace,West Ham,0,2,0,1.62561,0.221062,1.7401471999999998,1.8178419999999995,-0.0776947999999997,1.8486216,1.5534287,0.2951929,0.8114149421304273,3.0710526315789473,3.3394736842105264,3.0805263157894736
20250118_Arsenal_Aston Villa,2025-01-18 17:30:00,ENG-Premier League,2425,Arsenal,Aston Villa,1,2,2,1.64458,1.20602,2.256774,0.8996675399999999,1.3571064600000002,2.3652170000000003,0.66761007,1.6976069300000003,0.9724262203314874,Aston Villa,Arsenal,0,2,2,1.20602,1.64458,1.5592384,1.3819444,0.1772939999999998,1.7835718,1.4278074,0.3557644,0.7849413267571697,1.54,4.433684210526316,8.544736842105262
20250119_Everton_Tottenham,2025-01-19 14:00:00,ENG-Premier League,2425,Everton,Tottenham,1,3,2,2.56089,1.35719,0.8263130000000001,1.993366,-1.167053,0.8990603,1.6351654,-0.7361051,0.5561356049915618,Tottenham,Everton,0,2,3,1.35719,2.56089,1.2649522,2.3655314,-1.1005791999999996,1.8412145,2.2683367,-0.4271221999999997,1.0862389546470794,2.9257894736842105,3.392631578947368,3.488421052631579
20250120_Chelsea_Wolverhampton Wanderers,2025-01-20 20:00:00,ENG-Premier League,2425,Chelsea,Wolverhampton Wanderers,1,3,1,3.14882,1.06726,1.7463759999999997,1.3552160000000002,0.3911599999999995,2.449567,1.544314,0.905253,0.8164704960221557,Wolverhampton Wanderers,Chelsea,0,1,3,1.06726,3.14882,1.1962912,1.6274852000000002,-0.4311940000000001,1.1747394,1.6364204,-0.461681,1.276877853183563,1.3473684210526315,5.2,12.465789473684211
20250125_Liverpool_Ipswich,2025-01-25 15:00:00,ENG-Premier League,2425,Liverpool,Ipswich,1,4,1,2.16809,0.804707,2.989086,0.8286698000000001,2.1604162,3.13611,1.0437434,2.0923666,0.9247121673945852,Ipswich,Liverpool,0,1,4,0.804707,2.16809,0.8172853400000001,2.138248,-1.3209626599999995,0.93854657,2.207394,-1.26884743,0.745833266607893,1.6636842105263157,3.8426315789473686,7.0
20250126_Tottenham_Leicester,2025-01-26 14:00:00,ENG-Premier League,2425,Tottenham,Leicester,1,1,2,1.27483,1.40469,1.2959002,1.8372814,-0.5413811999999998,1.6464845,2.3085267,-0.6620421999999997,1.0932376871827902,Leicester,Tottenham,0,2,1,1.40469,1.27483,1.1309007999999998,2.09158,-0.9606791999999996,1.1742488,2.176567,-1.0023182,0.681286043225215,1.9742105263157894,3.488421052631579,5.1147368421052635
20250126_Aston Villa_West Ham,2025-01-26 16:30:00,ENG-Premier League,2425,Aston Villa,West Ham,1,1,1,0.907851,1.67886,1.3884664,1.4916063999999998,-0.1031399999999997,1.5997188000000002,1.4308283999999998,0.1688904000000004,0.8751532612148702,West Ham,Aston Villa,0,1,1,1.67886,0.907851,1.0221266,2.387658,-1.3655313999999996,1.3468903,2.358613,-1.0117227,0.8909404938616798,2.789473684210526,3.3342105263157897,3.226842105263158
20250126_Fulham_Manchester United,2025-01-26 19:00:00,ENG-Premier League,2425,Fulham,Manchester United,1,0,1,0.560571,0.201988,2.1199172,1.2641672,0.8557499999999998,1.5528708,1.3241397,0.2287310999999998,1.0947458766396556,Manchester United,Fulham,0,1,0,0.201988,0.560571,1.4921991999999995,1.8939318,-0.4017326000000003,1.5280339,1.6320878,-0.1040539,0.9162094399807228,2.743157894736842,3.3236842105263156,3.236842105263158
20250201_Newcastle United_Fulham,2025-02-01 15:00:00,ENG-Premier League,2425,Newcastle United,Fulham,1,1,2,1.22716,1.60881,2.1452582,1.4011502,0.7441079999999998,2.4220451,1.2455962,1.1764489,1.114759954403841,Fulham,Newcastle United,0,2,1,1.60881,1.22716,1.8761734,0.9933128,0.8828606000000001,1.4516539,1.2432525,0.2084013999999998,1.1021903346311854,2.312105263157895,3.3131578947368423,3.8242105263157895
20250201_Everton_Leicester,2025-02-01 15:00:00,ENG-Premier League,2425,Everton,Leicester,1,4,0,3.11261,0.447136,1.1678478,1.586448,-0.4186002,0.9961293,1.5885784,-0.5924491000000001,0.9034962594752916,Leicester,Everton,0,0,4,0.447136,3.11261,1.3676448,1.966676,-0.5990312,1.2239623,2.082165,-0.8582026999999999,0.7353161651170423,2.9257894736842105,3.392631578947368,3.488421052631579
20250202_Arsenal_Manchester City,2025-02-02 16:30:00,ENG-Premier League,2425,Arsenal,Manchester City,1,5,1,1.53202,0.743191,1.7193695999999996,0.9071098,0.8122597999999996,2.0524598000000003,0.67583187,1.3766279300000002,0.876996042993854,Manchester City,Arsenal,0,1,5,0.743191,1.53202,2.3294880000000004,1.6119774,0.7175106000000004,2.0687753,1.4836591,0.5851161999999999,1.2084438515657785,1.54,4.433684210526316,8.544736842105262
20250203_Chelsea_West Ham,2025-02-03 20:00:00,ENG-Premier League,2425,Chelsea,West Ham,1,2,1,1.39066,1.1868,2.061392,1.4450740000000002,0.6163179999999999,2.437695,1.68991,0.7477850000000001,0.7794245057628186,West Ham,Chelsea,0,1,2,1.1868,1.39066,0.9776766,2.1295622,-1.1518856,1.3912373,2.0494631,-0.6582257999999996,0.7906625342329923,1.3473684210526315,5.2,12.465789473684211
20250212_Everton_Liverpool,2025-02-12 19:30:00,ENG-Premier League,2425,Everton,Liverpool,1,2,2,0.910523,0.929103,1.6673316,1.2703692,0.3969624,1.2307154,1.457131,-0.2264155999999999,1.056295341477533,Liverpool,Everton,0,2,2,0.929103,0.910523,2.927478,1.1723074,1.7551705999999998,2.93622,1.0610006,1.8752194,1.0217214576150773,2.9257894736842105,3.392631578947368,3.488421052631579
20250215_Fulham_Nottingham Forest,2025-02-15 15:00:00,ENG-Premier League,2425,Fulham,Nottingham Forest,1,2,1,2.20993,0.331301,2.0056222000000004,0.8973608000000001,1.1082614000000004,1.5458705,1.2560295,0.289841,0.9703264469265396,Nottingham Forest,Fulham,0,1,2,0.331301,2.20993,2.1059052,1.8936912000000004,0.2122139999999992,1.775945,1.3769354000000005,0.3990095999999998,1.3513924409863811,2.743157894736842,3.3236842105263156,3.236842105263158
20250215_West Ham_Brentford,2025-02-15 15:00:00,ENG-Premier League,2425,West Ham,Brentford,1,0,1,0.673466,1.96499,1.1113807999999998,1.7479582,-0.6365774000000002,1.2222013,1.9104681,-0.6882667999999998,0.9000146702391248,Brentford,West Ham,0,1,0,1.96499,0.673466,2.54499,1.8484758,0.6965142,1.8132401,1.8089046,0.0043355000000002,0.8272479594688207,3.0710526315789473,3.3394736842105264,3.0805263157894736
20250215_Aston Villa_Ipswich,2025-02-15 15:00:00,ENG-Premier League,2425,Aston Villa,Ipswich,1,1,1,2.89841,0.332864,1.2975,1.474328,-0.1768279999999999,1.3555675,1.4906554,-0.1350879,0.885237448347317,Ipswich,Aston Villa,0,1,1,0.332864,2.89841,1.0520642,2.05283,-1.0007658,1.12041437,2.19976,-1.07934563,0.803273521676162,2.789473684210526,3.3342105263157897,3.226842105263158
20250216_Liverpool_Wolverhampton Wanderers,2025-02-16 14:00:00,ENG-Premier League,2425,Liverpool,Wolverhampton Wanderers,1,2,1,1.86758,1.05329,2.5408986,1.019474,1.5214246000000002,2.8063643,0.9999959,1.8063684,1.033365114655601,Wolverhampton Wanderers,Liverpool,0,1,2,1.05329,1.86758,1.3924808,1.8969054,-0.5044246000000001,1.227805,1.5847983,-0.3569932999999998,0.977353099756802,1.6636842105263157,3.8426315789473686,7.0
20250216_Tottenham_Manchester United,2025-02-16 16:30:00,ENG-Premier League,2425,Tottenham,Manchester United,1,1,0,1.97109,1.42652,1.0715552000000002,2.062994,-0.9914387999999996,1.7050236,2.1304807,-0.4254571,1.1730036035843705,Manchester United,Tottenham,0,0,1,1.42652,1.97109,1.5620875999999997,1.8815342,-0.3194466000000004,1.4971694,1.559419,-0.0622496000000001,0.7347193078356345,1.9742105263157894,3.488421052631579,5.1147368421052635
20250219_Aston Villa_Liverpool,2025-02-19 15:00:00,ENG-Premier League,2425,Aston Villa,Liverpool,1,2,2,1.02269,2.04279,1.408062,1.3778048,0.0302571999999998,1.3940705000000002,1.4853586,-0.0912880999999998,0.8607879868428556,Liverpool,Aston Villa,0,2,2,2.04279,1.02269,2.3698326,1.124292,1.2455406,2.7834243,0.9767049,1.8067193999999995,1.0418817418954984,2.789473684210526,3.3342105263157897,3.226842105263158
20250222_Everton_Manchester United,2025-02-22 12:30:00,ENG-Premier League,2425,Everton,Manchester United,1,2,2,2.10444,0.645685,1.6941112,1.1367338,0.5573774,1.2602121,1.5650499000000002,-0.3048378000000002,1.0315715651583053,Manchester United,Everton,0,2,2,0.645685,2.10444,1.5124536,1.7033522,-0.1908985999999999,1.4928514,1.6914063,-0.1985548999999999,0.6028727287439803,2.9257894736842105,3.392631578947368,3.488421052631579
20250222_Fulham_Crystal Palace,2025-02-22 15:00:00,ENG-Premier League,2425,Fulham,Crystal Palace,1,0,2,0.23426,1.46203,1.9166702,0.674941,1.2417292,1.7517647,1.0458296,0.7059351,0.913364155948481,Crystal Palace,Fulham,0,2,0,1.46203,0.23426,1.974974,1.3526363999999995,0.6223376000000005,1.9317086000000003,1.5076581999999998,0.4240504000000005,0.7765142338165114,2.743157894736842,3.3236842105263156,3.236842105263158
20250222_Arsenal_West Ham,2025-02-22 15:00:00,ENG-Premier League,2425,Arsenal,West Ham,1,0,1,1.37264,1.02684,1.6137935999999995,0.694843,0.9189505999999996,1.8406478,0.73276477,1.10788303,1.1952307251660392,West Ham,Arsenal,0,1,0,1.02684,1.37264,0.939502,1.7449842,-0.8054821999999999,1.1697399,1.9594001000000003,-0.7896602000000004,0.769401155418264,1.54,4.433684210526316,8.544736842105262
20250222_Aston Villa_Chelsea,2025-02-22 17:30:00,ENG-Premier League,2425,Aston Villa,Chelsea,1,2,1,2.69413,2.17418,1.3555560000000002,1.5401108,-0.1845547999999999,1.4573972,1.4610276,-0.0036304,0.8920005527658811,Chelsea,Aston Villa,0,1,2,2.17418,2.69413,1.8451556,1.5407120000000003,0.3044435999999997,1.8011038,1.49898,0.3021237999999999,0.6662577324762002,2.789473684210526,3.3342105263157897,3.226842105263158
20250223_Newcastle United_Nottingham Forest,2025-02-23 14:00:00,ENG-Premier League,2425,Newcastle United,Nottingham Forest,1,4,3,3.45858,2.38603,1.4877264,1.7461082,-0.2583818000000002,2.2127802,1.2211151999999998,0.9916650000000002,1.0394159169465107,Nottingham Forest,Newcastle United,0,3,4,2.38603,3.45858,1.6577113999999995,1.9547512,-0.2970398000000001,1.7439534,1.4509584,0.2929950000000001,1.2615008741054237,2.312105263157895,3.3131578947368423,3.8242105263157895
20250225_Chelsea_Southampton,2025-02-25 20:15:00,ENG-Premier League,2425,Chelsea,Southampton,1,4,0,2.98234,0.845039,1.7723755999999995,1.849848,-0.0774724000000004,1.7593757999999995,1.602532,0.1568437999999996,0.6252213852086718,Southampton,Chelsea,0,0,4,0.845039,2.98234,0.8778132,2.920646,-2.0428328,0.9702621,2.946827,-1.9765649,0.8245186279886352,1.3473684210526315,5.2,12.465789473684211
20250226_Tottenham_Manchester City,2025-02-26 19:30:00,ENG-Premier League,2425,Tottenham,Manchester City,1,0,1,1.28426,2.38641,1.427175,1.642148,-0.2149729999999998,1.3460636,2.0038397,-0.6577760999999998,1.262940872228569,Manchester City,Tottenham,0,1,0,2.38641,1.28426,1.7760241999999995,0.9580712,0.8179529999999997,1.8709071,1.3269345,0.5439726,1.2827995132417247,1.9742105263157894,3.488421052631579,5.1147368421052635
20250226_Liverpool_Newcastle United,2025-02-26 20:15:00,ENG-Premier League,2425,Liverpool,Newcastle United,1,2,0,1.40027,0.45882,1.6736862,1.0443426,0.6293436000000001,2.3582601,0.9948799,1.3633802,1.0176990156009442,Newcastle United,Liverpool,0,0,2,0.45882,1.40027,1.7527884,1.9284482,-0.1756598,2.1631772,1.4410423,0.7221348999999999,1.0632503600489318,1.6636842105263157,3.8426315789473686,7.0
20250227_West Ham_Leicester,2025-02-27 20:00:00,ENG-Premier League,2425,West Ham,Leicester,1,2,0,1.70437,0.289578,0.9574056,1.4523502,-0.4949446,1.0905969,1.8918221,-0.8012252000000002,0.8252354052763169,Leicester,West Ham,0,0,2,0.289578,1.70437,0.6979740000000001,2.108064,-1.4100899999999996,0.925612,1.97653,-1.0509179999999998,0.4321460480784085,3.0710526315789473,3.3394736842105264,3.0805263157894736
20250308_Liverpool_Southampton,2025-03-08 15:00:00,ENG-Premier League,2425,Liverpool,Southampton,1,3,1,4.98996,0.511566,1.4093602,0.8055606000000001,0.6037996,2.1684191,0.988934,1.1794851,0.968447027400272,Southampton,Liverpool,0,1,3,0.511566,4.98996,0.794977,3.0442760000000004,-2.2492990000000006,1.0267629,3.119806,-2.0930431,0.779146987929747,1.6636842105263157,3.8426315789473686,7.0
20250309_Chelsea_Leicester,2025-03-09 14:00:00,ENG-Premier League,2425,Chelsea,Leicester,1,1,0,1.76844,0.108487,1.7390795999999995,1.8054038,-0.0663242000000003,1.9060188,1.5799549000000002,0.3260638999999998,0.7869802821565652,Leicester,Chelsea,0,0,1,0.108487,1.76844,0.6205028,1.9752920000000005,-1.3547892000000004,0.8757017999999999,2.033436,-1.1577342000000002,0.4567759746799942,1.3473684210526315,5.2,12.465789473684211
20250309_Tottenham_Bournemouth,2025-03-09 14:00:00,ENG-Premier League,2425,Tottenham,Bournemouth,1,2,2,1.35053,2.22536,1.412589,1.6072519999999997,-0.1946629999999996,1.3542446,1.7222667,-0.3680221000000001,1.033785895261539,Bournemouth,Tottenham,0,2,2,2.22536,1.35053,1.7793461999999998,1.8745988000000005,-0.0952526000000006,1.8274251,1.4771522,0.3502729,0.984991951247714,1.9742105263157894,3.488421052631579,5.1147368421052635
20250310_West Ham_Newcastle United,2025-03-10 20:00:00,ENG-Premier League,2425,West Ham,Newcastle United,1,0,1,0.823986,1.62976,1.2540672000000002,1.1851438,0.0689234,1.1380969,1.7864008999999998,-0.6483039999999998,0.8786590327598355,Newcastle United,West Ham,0,1,0,1.62976,0.823986,1.6769921999999997,1.6681542,0.0088379999999996,1.8856732,1.4746423,0.4110309000000001,1.0075971766490732,3.0710526315789473,3.3394736842105264,3.0805263157894736
20250315_Everton_West Ham,2025-03-15 15:00:00,ENG-Premier League,2425,Everton,West Ham,1,1,1,1.189,0.516029,1.3694726,1.206754,0.1627186,1.5184021,1.2385616000000002,0.2798404999999999,1.0537386284314092,West Ham,Everton,0,1,1,0.516029,1.189,1.0830924,1.3295256,-0.2464332,1.0303845,1.7295439,-0.6991594000000001,0.8734594964700104,2.9257894736842105,3.392631578947368,3.488421052631579
20250316_Fulham_Tottenham,2025-03-16 13:30:00,ENG-Premier League,2425,Fulham,Tottenham,1,2,0,1.03966,1.40865,1.2391914,1.1787268,0.0604645999999999,1.5576824,1.0860198,0.4716626000000001,0.9629684697159898,Tottenham,Fulham,0,0,2,1.40865,1.03966,1.427729,1.7713859999999997,-0.3436569999999996,1.3835396,1.8147847,-0.4312451000000001,1.1564532331035318,2.743157894736842,3.3236842105263156,3.236842105263158
20250316_Arsenal_Chelsea,2025-03-16 13:30:00,ENG-Premier League,2425,Arsenal,Chelsea,1,1,0,0.695725,0.286036,1.5604559999999998,0.7645842,0.7958717999999998,1.6399128,0.835847,0.8040658,1.03663985265567,Chelsea,Arsenal,0,0,1,0.286036,0.695725,1.7930816,1.3806752000000002,0.4124063999999998,1.9272368,1.4128746,0.5143621999999999,0.7783159919341557,1.54,4.433684210526316,8.544736842105262
20250401_Arsenal_Fulham,2025-04-01 19:45:00,ENG-Premier League,2425,Arsenal,Fulham,1,2,1,2.30189,1.44206,1.3931969999999998,0.6731532,0.7200437999999998,1.5096373,0.8371902,0.6724471000000001,0.9936154905449868,Fulham,Arsenal,0,1,2,1.44206,2.30189,1.1253613999999998,1.2150248,-0.0896634000000002,1.5654917999999998,1.0561928000000005,0.5092989999999995,0.9581647389243824,1.54,4.433684210526316,8.544736842105262
20250402_Newcastle United_Brentford,2025-04-02 19:45:00,ENG-Premier League,2425,Newcastle United,Brentford,1,2,1,2.26584,1.53201,1.3863062,1.6678272,-0.2815210000000001,1.7657822,1.5344887,0.2312934999999998,0.962745596401642,Brentford,Newcastle United,0,1,2,1.53201,2.26584,1.5161365999999998,1.2348874,0.2812492,2.0305633,1.5416816,0.4888816999999998,0.8372056969582298,2.312105263157895,3.3131578947368423,3.8242105263157895
20250402_Liverpool_Everton,2025-04-02 20:00:00,ENG-Premier League,2425,Liverpool,Everton,1,1,0,1.29718,0.823136,2.2215316,0.7257692,1.4957624,2.3812151,0.8726215999999999,1.5085935,0.9238976672465804,Everton,Liverpool,0,0,1,0.823136,1.29718,1.425168,1.1241392,0.3010288000000001,1.5812006,1.0283125,0.5528881000000001,1.0751317226089323,1.6636842105263157,3.8426315789473686,7.0
20250403_Chelsea_Tottenham,2025-04-03 19:00:00,ENG-Premier League,2425,Chelsea,Tottenham,1,1,0,1.30443,1.40274,1.5721567999999997,1.2824602000000005,0.2896965999999994,1.7952184,1.3323541,0.4628642999999999,0.8355524678487767,Tottenham,Chelsea,0,0,1,1.40274,1.30443,1.520388,1.6463679999999996,-0.1259799999999995,1.2959716,1.854681,-0.5587093999999999,1.0802697526166831,1.3473684210526315,5.2,12.465789473684211
20250405_Everton_Arsenal,2025-04-05 11:30:00,ENG-Premier League,2425,Everton,Arsenal,1,1,1,1.22875,1.4031,1.3866652,0.9222832,0.4643819999999998,1.5403882000000002,1.0295085,0.5108797000000003,1.1036171897336076,Arsenal,Everton,0,1,1,1.4031,1.22875,1.503575,0.9149234,0.5886516000000002,1.5586843,0.8048832000000001,0.7538010999999998,1.026506120254037,2.9257894736842105,3.392631578947368,3.488421052631579
20250405_West Ham_Bournemouth,2025-04-05 14:00:00,ENG-Premier League,2425,West Ham,Bournemouth,1,2,2,0.907832,1.94869,1.160359,1.1169136000000002,0.0434453999999999,1.0499305,1.4309489,-0.3810184000000001,0.8571987791584499,Bournemouth,West Ham,0,2,2,1.94869,0.907832,1.7160501999999995,1.8093760000000003,-0.0933258000000005,1.8995791,1.7115245,0.1880545999999996,1.0002210488517964,3.0710526315789473,3.3394736842105264,3.0805263157894736
20250405_Aston Villa_Nottingham Forest,2025-04-05 16:30:00,ENG-Premier League,2425,Aston Villa,Nottingham Forest,1,2,1,2.63349,0.96769,1.3775134000000002,1.8875884,-0.5100749999999996,1.3927877,1.6326965999999998,-0.2399088999999998,1.0051775980089444,Nottingham Forest,Aston Villa,0,1,2,0.96769,2.63349,1.0430799999999998,1.5770386,-0.5339586000000003,1.3503957,1.7658949,-0.4154991999999999,1.5550985869559664,2.789473684210526,3.3342105263157897,3.226842105263158
20250406_Fulham_Liverpool,2025-04-06 13:00:00,ENG-Premier League,2425,Fulham,Liverpool,1,3,2,1.72764,1.40638,0.9717874,1.6091426000000002,-0.6373552000000002,1.4442288,1.1420418,0.302187,0.9693748183287728,Liverpool,Fulham,0,2,3,1.40638,1.72764,2.1074516,0.6797384,1.4277132,2.2386421,0.9020152,1.3366269,0.982738159557457,2.743157894736842,3.3236842105263156,3.236842105263158
20250406_Tottenham_Southampton,2025-04-06 13:00:00,ENG-Premier League,2425,Tottenham,Southampton,1,3,1,2.648,0.780439,1.406718,1.6219499999999996,-0.2152319999999994,1.3359126,1.7421609999999998,-0.4062483999999999,0.973116824321573,Southampton,Tottenham,0,1,3,0.780439,2.648,0.6960312,2.9141916,-2.2181604000000004,0.9082125,2.7162478000000005,-1.8080353000000005,1.1010626906558865,1.9742105263157894,3.488421052631579,5.1147368421052635
20250412_Arsenal_Brentford,2025-04-12 16:30:00,ENG-Premier League,2425,Arsenal,Brentford,1,1,1,0.767369,0.588583,1.509667,0.9553054,0.5543615999999999,1.4734933,0.8500511,0.6234422,1.0179883288316758,Brentford,Arsenal,0,1,1,0.588583,0.767369,1.2948566,1.7034399999999998,-0.4085833999999997,1.5259253000000002,1.6258182,-0.0998928999999999,0.720873609688751,1.54,4.433684210526316,8.544736842105262
20250413_Chelsea_Ipswich,2025-04-13 13:00:00,ENG-Premier League,2425,Chelsea,Ipswich,1,2,2,2.90758,1.60301,1.5639071999999998,0.8826442000000002,0.6812629999999996,1.6681414,1.3662461,0.3018953,0.779309967782127,Ipswich,Chelsea,0,2,2,1.60301,2.90758,1.096725,2.1308,-1.034075,1.0519173,2.168585,-1.1166677000000005,1.045708587824739,1.3473684210526315,5.2,12.465789473684211
20250413_Liverpool_West Ham,2025-04-13 13:00:00,ENG-Premier League,2425,Liverpool,West Ham,1,2,1,1.42902,1.46598,1.9801696,0.8207283999999999,1.1594412,1.9630311,0.9547582,1.0082728999999997,1.1207152445443964,West Ham,Liverpool,0,1,2,1.46598,1.42902,1.1365573999999998,1.2321236,-0.0955662000000001,1.0469815,1.3422369,-0.2952554,0.7641006416057575,1.6636842105263157,3.8426315789473686,7.0
20250413_Newcastle United_Manchester United,2025-04-13 15:30:00,ENG-Premier League,2425,Newcastle United,Manchester United,1,4,1,2.6383,0.786568,2.2508220000000003,1.2993742,0.9514478000000002,1.8692742,1.5227412,0.346533,0.9629400743132954,Manchester United,Newcastle United,0,1,4,0.786568,2.6383,1.390412,1.0758894,0.3145226000000001,1.2051543,1.4633598,-0.2582054999999998,0.9127454362105862,2.312105263157895,3.3131578947368423,3.8242105263157895
20250416_Newcastle United_Crystal Palace,2025-04-16 18:30:00,ENG-Premier League,2425,Newcastle United,Crystal Palace,1,5,0,2.32947,2.37548,2.086766,0.9794818,1.1072841999999998,1.9197772,1.4539649999999995,0.4658122000000002,0.9896976640322304,Crystal Palace,Newcastle United,0,0,5,2.37548,2.32947,1.976763,1.7713682,0.2053947999999996,1.8956015,1.3755243,0.5200772000000002,0.9495661669574712,2.312105263157895,3.3131578947368423,3.8242105263157895
20250419_Everton_Manchester City,2025-04-19 14:00:00,ENG-Premier League,2425,Everton,Manchester City,1,0,2,0.81683,1.87989,1.1736892,0.8905379999999999,0.2831512000000001,1.4461219,1.0121164,0.4340055,1.0372562387332362,Manchester City,Everton,0,2,0,1.87989,0.81683,2.0208876,1.0577314000000002,0.9631561999999998,1.8168689,1.0567636,0.7601053,0.9907148552573852,2.9257894736842105,3.392631578947368,3.488421052631579
20250419_West Ham_Southampton,2025-04-19 14:00:00,ENG-Premier League,2425,West Ham,Southampton,1,1,1,0.98423,0.922877,1.0888794000000002,1.460012,-0.3711325999999999,1.1714733,1.3225779000000002,-0.1511046000000002,0.7682626925746473,Southampton,West Ham,0,1,1,0.922877,0.98423,0.7347330000000001,2.4231416,-1.6884086,0.7648550000000001,2.7337088,-1.9688538,1.0459485184139237,3.0710526315789473,3.3394736842105264,3.0805263157894736
20250419_Aston Villa_Newcastle United,2025-04-19 16:30:00,ENG-Premier League,2425,Aston Villa,Newcastle United,1,4,1,3.05371,1.27176,1.7607014,1.3201836,0.4405177999999998,1.7069397,1.4831071999999998,0.2238325000000001,0.9373494931604832,Newcastle United,Aston Villa,0,1,4,1.27176,3.05371,2.460896,1.1745238,1.2863722,2.0689441000000004,1.421339,0.6476051000000003,1.1116776370721484,2.789473684210526,3.3342105263157897,3.226842105263158
20250420_Fulham_Chelsea,2025-04-20 13:00:00,ENG-Premier League,2425,Fulham,Chelsea,1,1,2,0.306122,0.75172,1.1979234,1.783758,-0.5858345999999999,1.2037918,1.3070242,-0.1032324000000002,1.0799200659781318,Chelsea,Fulham,0,2,1,0.75172,0.306122,1.5489551999999998,1.0342384000000002,0.5147167999999995,1.6440174,1.4198211,0.2241962999999998,0.7299188378913521,2.743157894736842,3.3236842105263156,3.236842105263158
20250421_Tottenham_Nottingham Forest,2025-04-21 19:00:00,ENG-Premier League,2425,Tottenham,Nottingham Forest,1,1,2,2.4024,0.557682,1.687758,1.5159317999999995,0.1718262000000003,1.5501735,1.5615918999999998,-0.0114183999999997,0.967632998736594,Nottingham Forest,Tottenham,0,2,1,0.557682,2.4024,0.7424795999999998,1.4005606,-0.6580810000000001,1.2002206000000002,1.7570669000000003,-0.5568463000000001,1.4997230511432222,1.9742105263157894,3.488421052631579,5.1147368421052635
20250423_Arsenal_Crystal Palace,2025-04-23 19:00:00,ENG-Premier League,2425,Arsenal,Crystal Palace,1,2,2,1.92149,2.50515,1.5963408,0.7476616,0.8486791999999999,1.5783984,0.7561229,0.8222754999999999,1.0770404499646922,Crystal Palace,Arsenal,0,2,2,2.50515,1.92149,1.0866206,1.9100734,-0.8234527999999999,1.8811933,1.4607374,0.4204559000000001,0.7973658010764757,1.54,4.433684210526316,8.544736842105262
20250426_Chelsea_Everton,2025-04-26 11:30:00,ENG-Premier League,2425,Chelsea,Everton,1,1,0,0.768313,0.916838,1.3456111999999998,1.0737654000000003,0.2718457999999994,1.5693464,1.2272203,0.3421261000000002,0.8283698051814404,Everton,Chelsea,0,0,1,0.916838,0.768313,1.0636152,1.1040296,-0.0404143999999999,1.2165439,1.1553918,0.0611521000000001,0.9042000833672476,1.3473684210526315,5.2,12.465789473684211
20250426_Newcastle United_Ipswich,2025-04-26 14:00:00,ENG-Premier League,2425,Newcastle United,Ipswich,1,3,0,4.11539,0.127203,2.389296,1.6204686,0.7688273999999997,1.8878011,1.6441479,0.2436532,1.112404737763561,Ipswich,Newcastle United,0,0,3,0.127203,4.11539,0.9203428,2.366878,-1.4465351999999998,1.0714718,2.2036679999999995,-1.1321961999999997,1.1199537683084444,2.312105263157895,3.3131578947368423,3.8242105263157895
20250427_Liverpool_Tottenham,2025-04-27 15:30:00,ENG-Premier League,2425,Liverpool,Tottenham,1,5,1,2.51104,0.512812,2.72992,0.9521054,1.7778146,2.0696401,0.878833,1.1908071,0.9180335663028726,Tottenham,Liverpool,0,1,5,0.512812,2.51104,1.898132,1.1823962,0.7157358,1.6629305,1.4768911,0.1860393999999998,0.9020215204294344,1.6636842105263157,3.8426315789473686,7.0
20250503_Aston Villa_Fulham,2025-05-03 11:30:00,ENG-Premier League,2425,Aston Villa,Fulham,1,1,0,1.29013,0.702787,2.350536,0.914407,1.436129,2.0331507,1.3784832,0.6546675000000002,0.9836944287039672,Fulham,Aston Villa,0,0,1,0.702787,1.29013,1.3086904,1.4506542000000002,-0.1419638,1.2170259,1.3328395,-0.1158136,1.1503443350348297,2.789473684210526,3.3342105263157897,3.226842105263158
20250503_Everton_Ipswich,2025-05-03 14:00:00,ENG-Premier League,2425,Everton,Ipswich,1,2,2,0.808481,1.14351,1.0091828,1.1544864,-0.1453036000000001,1.2171754,1.1393128,0.0778626,0.7394162423786725,Ipswich,Everton,0,2,2,1.14351,0.808481,0.8416155999999999,2.928512,-2.0868964,0.8893471000000002,2.497641,-1.6082939,1.236861022135202,2.9257894736842105,3.392631578947368,3.488421052631579
20250503_Arsenal_Bournemouth,2025-05-03 16:30:00,ENG-Premier League,2425,Arsenal,Bournemouth,1,1,2,2.05484,1.41783,1.8414938,1.1914843999999998,0.6500094000000001,1.6173454,0.9323188,0.6850266,0.8656154303122696,Bournemouth,Arsenal,0,2,1,1.41783,2.05484,1.4153606,1.12814,0.2872205999999999,1.5747904,1.4249368,0.1498535999999999,0.7620056853244183,1.54,4.433684210526316,8.544736842105262
20250504_West Ham_Tottenham,2025-05-04 13:00:00,ENG-Premier League,2425,West Ham,Tottenham,1,1,1,1.15166,0.847022,1.2659904000000002,1.3397014,-0.0737109999999998,1.1074643,1.3144475,-0.2069832,0.9029628287224892,Tottenham,West Ham,0,1,1,0.847022,1.15166,1.7189644000000002,1.4766722,0.2422922000000003,1.6196762,1.5615201,0.0581560999999999,0.8643697645432066,3.0710526315789473,3.3394736842105264,3.0805263157894736
20250504_Chelsea_Liverpool,2025-05-04 15:30:00,ENG-Premier League,2425,Chelsea,Liverpool,1,3,1,3.51944,1.4267,1.4420665999999998,1.1179880000000002,0.3240785999999995,1.5071117,1.2002241,0.3068876,0.7962244628420954,Liverpool,Chelsea,0,1,3,1.4267,3.51944,2.234136,0.9523546000000002,1.2817813999999998,2.2278338,0.8390619000000001,1.3887718999999998,0.9875058958590646,1.3473684210526315,5.2,12.465789473684211
20250510_Fulham_Everton,2025-05-10 14:00:00,ENG-Premier League,2425,Fulham,Everton,1,1,3,1.20869,1.32604,1.1608358,1.2483022,-0.0874664,1.0663116,1.4287224,-0.3624107999999999,1.125373553683976,Everton,Fulham,0,3,1,1.32604,1.20869,1.0062518,1.1237524,-0.1175006,1.1964585,1.0230178,0.1734407,0.7522193605383216,2.743157894736842,3.3236842105263156,3.236842105263158
20250511_Newcastle United_Chelsea,2025-05-11 11:00:00,ENG-Premier League,2425,Newcastle United,Chelsea,1,2,0,1.6703,0.646426,2.398538,1.4061648000000002,0.9923731999999996,2.32468,1.3527695000000002,0.9719104999999996,1.0323997141973458,Chelsea,Newcastle United,0,0,2,0.646426,1.6703,1.8850686,1.12278,0.7622885999999995,1.7940769,1.1360021,0.6580747999999998,0.8360840964598026,2.312105263157895,3.3131578947368423,3.8242105263157895
20250511_Tottenham_Crystal Palace,2025-05-11 13:15:00,ENG-Premier League,2425,Tottenham,Crystal Palace,1,0,2,0.806792,3.98546,1.6078208,1.4461181999999997,0.1617026000000003,1.5072694,1.5340341,-0.0267646999999999,0.9288313497034107,Crystal Palace,Tottenham,0,2,0,3.98546,0.806792,1.7793796,2.0298266,-0.2504469999999998,1.8904663,1.4642994,0.4261668999999999,0.793454613047261,1.9742105263157894,3.488421052631579,5.1147368421052635
20250511_Liverpool_Arsenal,2025-05-11 15:30:00,ENG-Premier League,2425,Liverpool,Arsenal,1,2,2,2.74682,2.18795,2.26004,1.4916154,0.7684246000000001,2.1837458,1.0856769,1.0980689,0.9616499495271156,Arsenal,Liverpool,0,2,2,2.18795,2.74682,1.7920837999999997,1.1866384,0.6054453999999996,1.6478293999999998,1.0507809,0.5970484999999999,0.7889161408844018,1.6636842105263157,3.8426315789473686,7.0
20250516_Aston Villa_Tottenham,2025-05-16 18:30:00,ENG-Premier League,2425,Aston Villa,Tottenham,1,2,0,1.69061,0.523016,2.065186,0.9543686,1.1108173999999995,1.8824297,1.3134685,0.5689611999999997,1.009333305072001,Tottenham,Aston Villa,0,0,2,0.523016,1.69061,1.2395792,2.0871224,-0.8475431999999996,1.4292076,1.8171911,-0.3879835,0.699687925191606,2.789473684210526,3.3342105263157897,3.226842105263158
20250516_Chelsea_Manchester United,2025-05-16 19:15:00,ENG-Premier League,2425,Chelsea,Manchester United,1,1,0,1.29571,0.337632,1.7186957999999997,1.184594,0.5341017999999995,1.6413015000000002,1.0336191,0.6076824000000003,0.8529810927601706,Manchester United,Chelsea,0,0,1,0.337632,1.29571,1.4567055999999998,1.8366568,-0.3799512000000002,1.4235588,1.4562731000000002,-0.0327143000000003,0.8429572119134019,1.3473684210526315,5.2,12.465789473684211
20250518_Everton_Southampton,2025-05-18 11:00:00,ENG-Premier League,2425,Everton,Southampton,1,2,0,2.67793,1.05025,1.0257098,1.0848704,-0.0591606,1.1186185,1.0793183,0.0393002,0.8939590271759075,Southampton,Everton,0,0,2,1.05025,2.67793,0.5916965999999999,1.834224,-1.2425274000000002,0.7064931000000001,2.1269898,-1.4204966999999995,0.8492639924381534,2.9257894736842105,3.392631578947368,3.488421052631579
20250518_West Ham_Nottingham Forest,2025-05-18 13:15:00,ENG-Premier League,2425,West Ham,Nottingham Forest,1,1,2,0.850457,2.14756,1.4006120000000002,1.3612238,0.0393882,1.2685847,1.2966737000000002,-0.028089,0.945935304173774,Nottingham Forest,West Ham,0,2,1,2.14756,0.850457,0.8116335999999998,1.750632,-0.9389984,0.7855228000000001,1.5813263000000002,-0.7958035000000001,1.5276430835068269,3.0710526315789473,3.3394736842105264,3.0805263157894736
20250518_Arsenal_Newcastle United,2025-05-18 15:30:00,ENG-Premier League,2425,Arsenal,Newcastle United,1,1,0,1.15958,2.24634,1.9490538,1.4902524,0.4588013999999998,1.7293603999999998,1.2227789,0.5065814999999998,0.8673721987781156,Newcastle United,Arsenal,0,0,1,2.24634,1.15958,2.204938,1.3781364,0.8268015999999998,2.145852,1.1788091,0.9670429,1.025233322133436,1.54,4.433684210526316,8.544736842105262
20250525_Liverpool_Crystal Palace,2025-05-25 15:00:00,ENG-Premier League,2425,Liverpool,Crystal Palace,1,1,1,1.92122,1.4144,2.855324,1.7260593999999998,1.1292646000000002,2.479943,1.3617439,1.1181990999999996,0.8467933146877511,Crystal Palace,Liverpool,0,1,1,1.4144,1.92122,2.1706616,1.0916149999999998,1.0790466,1.9087383,1.5977169,0.3110214,0.7858590222352524,1.6636842105263157,3.8426315789473686,7.0
20250525_Tottenham_Brighton,2025-05-25 15:00:00,ENG-Premier League,2425,Tottenham,Brighton,1,1,4,1.85265,3.11624,1.0184084,1.9792904,-0.960882,1.3530832,1.7476111,-0.3945278999999999,0.7390523073139129,Brighton,Tottenham,0,4,1,3.11624,1.85265,1.3627385999999997,1.926644,-0.5639054000000003,1.6397122,1.6003422,0.0393699999999999,1.0977529485034334,1.9742105263157894,3.488421052631579,5.1147368421052635
20250525_Fulham_Manchester City,2025-05-25 15:00:00,ENG-Premier League,2425,Fulham,Manchester City,1,0,2,2.21797,2.45923,1.1661218,1.3467842,-0.1806623999999999,1.1820226,1.5652711,-0.3832484999999999,1.1844095160198156,Manchester City,Fulham,0,2,0,2.45923,2.21797,1.4568186,0.8794708,0.5773478000000001,1.7388531,0.9686011,0.7702520000000002,0.9776553421014448,2.743157894736842,3.3236842105263156,3.236842105263158
20250525_Newcastle United_Everton,2025-05-25 15:00:00,ENG-Premier League,2425,Newcastle United,Everton,1,0,1,1.1591,1.07279,2.188312,1.1349564,1.0533555999999995,2.324604,1.1547401000000002,1.1698638999999995,0.9463973449252668,Everton,Newcastle United,0,1,0,1.07279,1.1591,1.3092238000000005,1.2101306,0.0990932000000002,1.2414565,1.0503342999999998,0.1911222000000001,0.886055301933413,2.312105263157895,3.3131578947368423,3.8242105263157895
