date,home_team,away_team,home_xg,away_xg,home_score,away_score,liga_id,temporada_id
2021-08-13 19:00:00,Brentford,Arsenal,1.88818,1.02385,2,0,ENG-Premier League,2122
2021-08-14 14:00:00,Burnley,Brighton,1.79548,1.6853,1,2,ENG-Premier League,2122
2021-08-14 14:00:00,Chelsea,Crystal Palace,1.18709,0.321701,3,0,ENG-Premier League,2122
2021-08-14 14:00:00,Everton,Southampton,2.38863,0.580601,3,1,ENG-Premier League,2122
2021-08-14 14:00:00,Leicester,Wolverhampton Wanderers,0.668082,1.32714,1,0,ENG-Premier League,2122
2021-08-14 11:30:00,Manchester United,Leeds,1.64248,0.568342,5,1,ENG-Premier League,2122
2021-08-14 16:30:00,Norwich,Liverpool,1.3333,1.78728,0,3,ENG-Premier League,2122
2021-08-14 14:00:00,Watford,Aston Villa,1.35036,1.13718,3,2,ENG-Premier League,2122
2021-08-15 13:00:00,Newcastle United,West Ham,1.67926,3.00939,2,4,ENG-Premier League,2122
2021-08-15 15:30:00,Tottenham,Manchester City,1.06014,2.10585,1,0,ENG-Premier League,2122
2021-08-21 14:00:00,Aston Villa,Newcastle United,1.18426,0.63163,2,0,ENG-Premier League,2122
2021-08-21 16:30:00,Brighton,Watford,1.77896,0.407224,2,0,ENG-Premier League,2122
2021-08-21 14:00:00,Crystal Palace,Brentford,0.606313,0.712439,0,0,ENG-Premier League,2122
2021-08-21 14:00:00,Leeds,Everton,0.966093,1.85713,2,2,ENG-Premier League,2122
2021-08-21 11:30:00,Liverpool,Burnley,2.63945,0.690464,2,0,ENG-Premier League,2122
2021-08-21 14:00:00,Manchester City,Norwich,2.43928,0.0250088,5,0,ENG-Premier League,2122
2021-08-22 15:30:00,Arsenal,Chelsea,0.630099,3.64132,0,2,ENG-Premier League,2122
2021-08-22 13:00:00,Southampton,Manchester United,0.587526,2.26173,1,1,ENG-Premier League,2122
2021-08-22 13:00:00,Wolverhampton Wanderers,Tottenham,1.51127,1.72636,0,1,ENG-Premier League,2122
2021-08-23 19:00:00,West Ham,Leicester,2.28613,0.62676,4,1,ENG-Premier League,2122
2021-08-28 14:00:00,Aston Villa,Brentford,0.431464,1.13312,1,1,ENG-Premier League,2122
2021-08-28 14:00:00,Brighton,Everton,0.701622,1.54868,0,2,ENG-Premier League,2122
2021-08-28 16:30:00,Liverpool,Chelsea,2.08462,0.573638,1,1,ENG-Premier League,2122
2021-08-28 11:30:00,Manchester City,Arsenal,4.47273,0.116805,5,0,ENG-Premier League,2122
2021-08-28 14:00:00,Newcastle United,Southampton,1.19077,3.46036,2,2,ENG-Premier League,2122
2021-08-28 14:00:00,Norwich,Leicester,1.44084,1.27371,1,2,ENG-Premier League,2122
2021-08-28 14:00:00,West Ham,Crystal Palace,1.44748,1.67658,2,2,ENG-Premier League,2122
2021-08-29 13:00:00,Burnley,Leeds,1.71102,1.52078,1,1,ENG-Premier League,2122
2021-08-29 13:00:00,Tottenham,Watford,0.920963,0.596016,1,0,ENG-Premier League,2122
2021-08-29 15:30:00,Wolverhampton Wanderers,Manchester United,1.79575,0.944083,0,1,ENG-Premier League,2122
2021-09-11 14:00:00,Arsenal,Norwich,2.68515,0.577292,1,0,ENG-Premier League,2122
2021-09-11 14:00:00,Brentford,Brighton,0.729786,0.287902,0,1,ENG-Premier League,2122
2021-09-11 16:30:00,Chelsea,Aston Villa,1.22153,1.17349,3,0,ENG-Premier League,2122
2021-09-11 11:30:00,Crystal Palace,Tottenham,2.89372,0.0775646,3,0,ENG-Premier League,2122
2021-09-11 14:00:00,Leicester,Manchester City,0.8001,2.75058,0,1,ENG-Premier League,2122
2021-09-11 14:00:00,Manchester United,Newcastle United,2.77326,0.622042,4,1,ENG-Premier League,2122
2021-09-11 14:00:00,Southampton,West Ham,0.692135,0.725407,0,0,ENG-Premier League,2122
2021-09-11 14:00:00,Watford,Wolverhampton Wanderers,0.185407,2.55922,0,2,ENG-Premier League,2122
2021-09-12 15:30:00,Leeds,Liverpool,0.652514,4.4016,0,3,ENG-Premier League,2122
2021-09-13 19:00:00,Everton,Burnley,1.80386,1.82061,3,1,ENG-Premier League,2122
2021-09-17 19:00:00,Newcastle United,Leeds,1.17668,1.42995,1,1,ENG-Premier League,2122
2021-09-18 16:30:00,Aston Villa,Everton,0.777716,0.755035,3,0,ENG-Premier League,2122
2021-09-18 14:00:00,Burnley,Arsenal,0.775574,1.09928,0,1,ENG-Premier League,2122
2021-09-18 14:00:00,Liverpool,Crystal Palace,2.76793,0.644168,3,0,ENG-Premier League,2122
2021-09-18 14:00:00,Manchester City,Southampton,1.22451,0.490923,0,0,ENG-Premier League,2122
2021-09-18 14:00:00,Norwich,Watford,0.782665,2.42487,1,3,ENG-Premier League,2122
2021-09-18 11:30:00,Wolverhampton Wanderers,Brentford,1.02316,2.32741,0,2,ENG-Premier League,2122
2021-09-19 13:00:00,Brighton,Leicester,1.47438,1.25373,2,1,ENG-Premier League,2122
2021-09-19 15:30:00,Tottenham,Chelsea,0.70567,2.5869,0,3,ENG-Premier League,2122
2021-09-19 13:00:00,West Ham,Manchester United,1.6671,1.8954,1,2,ENG-Premier League,2122
2021-09-25 16:30:00,Brentford,Liverpool,2.94058,2.25736,3,3,ENG-Premier League,2122
2021-09-25 11:30:00,Chelsea,Manchester City,0.194202,1.69244,0,1,ENG-Premier League,2122
2021-09-25 14:00:00,Everton,Norwich,2.26681,0.800903,2,0,ENG-Premier League,2122
2021-09-25 14:00:00,Leeds,West Ham,1.1967,1.98962,1,2,ENG-Premier League,2122
2021-09-25 14:00:00,Leicester,Burnley,2.16233,0.428866,2,2,ENG-Premier League,2122
2021-09-25 11:30:00,Manchester United,Aston Villa,1.9251,1.57249,0,1,ENG-Premier League,2122
2021-09-25 14:00:00,Watford,Newcastle United,0.904061,2.52338,1,1,ENG-Premier League,2122
2021-09-26 15:30:00,Arsenal,Tottenham,1.44499,0.980166,3,1,ENG-Premier League,2122
2021-09-26 13:00:00,Southampton,Wolverhampton Wanderers,0.909342,0.909833,0,1,ENG-Premier League,2122
2021-09-27 19:00:00,Crystal Palace,Brighton,1.36836,0.649566,1,1,ENG-Premier League,2122
2021-10-02 16:30:00,Brighton,Arsenal,1.11551,0.36431,0,0,ENG-Premier League,2122
2021-10-02 14:00:00,Burnley,Norwich,0.584725,0.673617,0,0,ENG-Premier League,2122
2021-10-02 14:00:00,Chelsea,Southampton,3.79243,1.52634,3,1,ENG-Premier League,2122
2021-10-02 14:00:00,Leeds,Watford,1.57388,0.192794,1,0,ENG-Premier League,2122
2021-10-02 11:30:00,Manchester United,Everton,1.0496,1.32211,1,1,ENG-Premier League,2122
2021-10-02 14:00:00,Wolverhampton Wanderers,Newcastle United,1.15849,0.865217,2,1,ENG-Premier League,2122
2021-10-03 13:00:00,Crystal Palace,Leicester,1.1703,1.04322,2,2,ENG-Premier League,2122
2021-10-03 15:30:00,Liverpool,Manchester City,0.949368,1.04319,2,2,ENG-Premier League,2122
2021-10-03 13:00:00,Tottenham,Aston Villa,1.78187,1.07395,2,1,ENG-Premier League,2122
2021-10-03 13:00:00,West Ham,Brentford,1.37258,1.30098,1,2,ENG-Premier League,2122
2021-10-16 14:00:00,Aston Villa,Wolverhampton Wanderers,1.21276,2.19633,2,3,ENG-Premier League,2122
2021-10-16 16:30:00,Brentford,Chelsea,1.62169,0.248256,0,1,ENG-Premier League,2122
2021-10-16 14:00:00,Leicester,Manchester United,2.96611,1.02494,4,2,ENG-Premier League,2122
2021-10-16 14:00:00,Manchester City,Burnley,2.15712,1.07719,2,0,ENG-Premier League,2122
2021-10-16 14:00:00,Norwich,Brighton,1.16088,1.17572,0,0,ENG-Premier League,2122
2021-10-16 14:00:00,Southampton,Leeds,1.83082,0.446173,1,0,ENG-Premier League,2122
2021-10-16 11:30:00,Watford,Liverpool,0.302302,3.65553,0,5,ENG-Premier League,2122
2021-10-17 13:00:00,Everton,West Ham,0.854165,2.03034,0,1,ENG-Premier League,2122
2021-10-17 15:30:00,Newcastle United,Tottenham,0.645658,1.55008,2,3,ENG-Premier League,2122
2021-10-18 19:00:00,Arsenal,Crystal Palace,1.7436,0.492239,2,2,ENG-Premier League,2122
2021-10-22 19:00:00,Arsenal,Aston Villa,3.4984,1.41088,3,1,ENG-Premier League,2122
2021-10-23 16:30:00,Brighton,Manchester City,1.1695,3.57376,1,4,ENG-Premier League,2122
2021-10-23 11:30:00,Chelsea,Norwich,3.10509,0.267429,7,0,ENG-Premier League,2122
2021-10-23 14:00:00,Crystal Palace,Newcastle United,2.25588,0.721813,1,1,ENG-Premier League,2122
2021-10-23 14:00:00,Everton,Watford,1.84089,3.10344,2,5,ENG-Premier League,2122
2021-10-23 14:00:00,Leeds,Wolverhampton Wanderers,1.71313,0.858644,1,1,ENG-Premier League,2122
2021-10-23 14:00:00,Southampton,Burnley,1.42567,0.673195,2,2,ENG-Premier League,2122
2021-10-24 13:00:00,Brentford,Leicester,1.16789,1.00254,1,2,ENG-Premier League,2122
2021-10-24 15:30:00,Manchester United,Liverpool,1.35584,4.04765,0,5,ENG-Premier League,2122
2021-10-24 13:00:00,West Ham,Tottenham,1.73468,0.672198,1,0,ENG-Premier League,2122
2021-10-30 14:00:00,Burnley,Brentford,2.72901,0.834312,3,1,ENG-Premier League,2122
2021-10-30 11:30:00,Leicester,Arsenal,1.98801,1.10288,0,2,ENG-Premier League,2122
2021-10-30 14:00:00,Liverpool,Brighton,1.39778,1.51032,2,2,ENG-Premier League,2122
2021-10-30 14:00:00,Manchester City,Crystal Palace,0.65739,1.05029,0,2,ENG-Premier League,2122
2021-10-30 14:00:00,Newcastle United,Chelsea,0.157616,2.16608,0,3,ENG-Premier League,2122
2021-10-30 16:30:00,Tottenham,Manchester United,1.15787,1.38612,0,3,ENG-Premier League,2122
2021-10-30 14:00:00,Watford,Southampton,0.852556,1.90757,0,1,ENG-Premier League,2122
2021-10-31 16:30:00,Aston Villa,West Ham,0.687551,2.66391,1,4,ENG-Premier League,2122
2021-10-31 14:00:00,Norwich,Leeds,0.661887,1.16855,1,2,ENG-Premier League,2122
2021-11-01 20:00:00,Wolverhampton Wanderers,Everton,1.69344,1.69767,2,1,ENG-Premier League,2122
2021-11-05 20:00:00,Southampton,Aston Villa,0.89818,0.536077,1,0,ENG-Premier League,2122
2021-11-06 15:00:00,Brentford,Norwich,2.79229,1.15797,1,2,ENG-Premier League,2122
2021-11-06 17:30:00,Brighton,Newcastle United,1.43123,0.227321,1,1,ENG-Premier League,2122
2021-11-06 15:00:00,Chelsea,Burnley,3.00585,0.674072,1,1,ENG-Premier League,2122
2021-11-06 15:00:00,Crystal Palace,Wolverhampton Wanderers,2.65161,0.25416,2,0,ENG-Premier League,2122
2021-11-06 12:30:00,Manchester United,Manchester City,0.759561,2.04202,0,2,ENG-Premier League,2122
2021-11-07 14:00:00,Arsenal,Watford,1.49208,0.491659,1,0,ENG-Premier League,2122
2021-11-07 14:00:00,Everton,Tottenham,0.597906,0.801798,0,0,ENG-Premier League,2122
2021-11-07 14:00:00,Leeds,Leicester,1.96551,0.795292,1,1,ENG-Premier League,2122
2021-11-07 16:30:00,West Ham,Liverpool,1.25298,1.45641,3,2,ENG-Premier League,2122
2021-11-20 15:00:00,Aston Villa,Brighton,1.06946,0.582787,2,0,ENG-Premier League,2122
2021-11-20 15:00:00,Burnley,Crystal Palace,1.04224,1.74839,3,3,ENG-Premier League,2122
2021-11-20 12:30:00,Leicester,Chelsea,0.499504,2.57178,0,3,ENG-Premier League,2122
2021-11-20 17:30:00,Liverpool,Arsenal,3.97374,0.268025,4,0,ENG-Premier League,2122
2021-11-20 15:00:00,Newcastle United,Brentford,2.18388,1.23275,3,3,ENG-Premier League,2122
2021-11-20 15:00:00,Norwich,Southampton,0.43778,1.13118,2,1,ENG-Premier League,2122
2021-11-20 15:00:00,Watford,Manchester United,2.73393,1.66794,4,1,ENG-Premier League,2122
2021-11-20 15:00:00,Wolverhampton Wanderers,West Ham,1.31903,0.436331,1,0,ENG-Premier League,2122
2021-11-21 14:00:00,Manchester City,Everton,2.61302,0.266894,3,0,ENG-Premier League,2122
2021-11-21 16:30:00,Tottenham,Leeds,2.31744,1.46689,2,1,ENG-Premier League,2122
2021-11-27 12:30:00,Arsenal,Newcastle United,2.84493,0.185383,2,0,ENG-Premier League,2122
2021-11-27 17:30:00,Brighton,Leeds,1.90498,0.864829,0,0,ENG-Premier League,2122
2021-11-27 15:00:00,Crystal Palace,Aston Villa,0.962129,0.454305,1,2,ENG-Premier League,2122
2021-11-27 15:00:00,Liverpool,Southampton,3.07278,0.966132,4,0,ENG-Premier League,2122
2021-11-27 15:00:00,Norwich,Wolverhampton Wanderers,1.4047,0.297157,0,0,ENG-Premier League,2122
2021-11-28 14:00:00,Brentford,Everton,1.19813,0.968075,1,0,ENG-Premier League,2122
2021-11-28 16:30:00,Chelsea,Manchester United,2.34525,0.563367,1,1,ENG-Premier League,2122
2021-11-28 14:00:00,Leicester,Watford,2.16027,2.38383,4,2,ENG-Premier League,2122
2021-11-28 14:00:00,Manchester City,West Ham,2.72187,0.171763,2,1,ENG-Premier League,2122
2021-11-30 20:15:00,Leeds,Crystal Palace,1.9818,0.707328,1,0,ENG-Premier League,2122
2021-11-30 19:30:00,Newcastle United,Norwich,1.15636,1.51084,1,1,ENG-Premier League,2122
2021-12-01 20:15:00,Aston Villa,Manchester City,0.772083,1.01897,1,2,ENG-Premier League,2122
2021-12-01 20:15:00,Everton,Liverpool,0.512263,2.86067,1,4,ENG-Premier League,2122
2021-12-01 19:30:00,Southampton,Leicester,1.91169,1.4401,2,2,ENG-Premier League,2122
2021-12-01 19:30:00,Watford,Chelsea,0.990877,0.908574,1,2,ENG-Premier League,2122
2021-12-01 19:30:00,West Ham,Brighton,1.14679,1.2607,1,1,ENG-Premier League,2122
2021-12-01 19:30:00,Wolverhampton Wanderers,Burnley,0.711691,0.195537,0,0,ENG-Premier League,2122
2021-12-02 20:15:00,Manchester United,Arsenal,1.85597,1.16638,3,2,ENG-Premier League,2122
2021-12-02 19:30:00,Tottenham,Brentford,2.07248,0.225492,2,0,ENG-Premier League,2122
2021-12-04 15:00:00,Newcastle United,Burnley,1.70609,0.604599,1,0,ENG-Premier League,2122
2021-12-04 15:00:00,Southampton,Brighton,1.34236,1.4872,1,1,ENG-Premier League,2122
2021-12-04 17:30:00,Watford,Manchester City,0.675105,4.03223,1,3,ENG-Premier League,2122
2021-12-04 12:30:00,West Ham,Chelsea,2.0174,1.37049,3,2,ENG-Premier League,2122
2021-12-04 15:00:00,Wolverhampton Wanderers,Liverpool,0.095167,2.42332,0,1,ENG-Premier League,2122
2021-12-05 16:30:00,Aston Villa,Leicester,1.84818,0.982614,2,1,ENG-Premier League,2122
2021-12-05 14:00:00,Leeds,Brentford,1.41896,1.19959,2,2,ENG-Premier League,2122
2021-12-05 14:00:00,Manchester United,Crystal Palace,0.870376,0.520593,1,0,ENG-Premier League,2122
2021-12-05 14:00:00,Tottenham,Norwich,2.00668,1.06562,3,0,ENG-Premier League,2122
2021-12-06 20:00:00,Everton,Arsenal,1.06108,1.05723,2,1,ENG-Premier League,2122
2021-12-10 20:00:00,Brentford,Watford,1.82799,0.561554,2,1,ENG-Premier League,2122
2021-12-11 15:00:00,Arsenal,Southampton,2.08429,0.502215,3,0,ENG-Premier League,2122
2021-12-11 15:00:00,Chelsea,Leeds,2.74844,1.72934,3,2,ENG-Premier League,2122
2021-12-11 15:00:00,Liverpool,Aston Villa,2.71181,0.140573,1,0,ENG-Premier League,2122
2021-12-11 12:30:00,Manchester City,Wolverhampton Wanderers,2.99915,0.0762839,1,0,ENG-Premier League,2122
2021-12-11 17:30:00,Norwich,Manchester United,0.986107,2.09817,0,1,ENG-Premier League,2122
2021-12-12 14:00:00,Burnley,West Ham,0.54801,0.998813,0,0,ENG-Premier League,2122
2021-12-12 16:30:00,Crystal Palace,Everton,2.09864,1.27556,3,1,ENG-Premier League,2122
2021-12-12 14:00:00,Leicester,Newcastle United,2.05771,0.511934,4,0,ENG-Premier League,2122
2021-12-14 20:00:00,Manchester City,Leeds,3.31349,0.227498,7,0,ENG-Premier League,2122
2021-12-14 19:45:00,Norwich,Aston Villa,0.502647,1.96261,0,2,ENG-Premier League,2122
2021-12-15 20:00:00,Arsenal,West Ham,2.81482,0.338855,2,0,ENG-Premier League,2122
2021-12-15 19:30:00,Brighton,Wolverhampton Wanderers,1.20118,1.11736,0,1,ENG-Premier League,2122
2021-12-15 19:30:00,Crystal Palace,Southampton,1.49244,0.625183,2,2,ENG-Premier League,2122
2021-12-16 19:45:00,Chelsea,Everton,3.20239,0.627528,1,1,ENG-Premier League,2122
2021-12-16 20:00:00,Liverpool,Newcastle United,2.93912,0.2064,3,1,ENG-Premier League,2122
2021-12-18 17:30:00,Leeds,Arsenal,1.31408,3.69008,1,4,ENG-Premier League,2122
2021-12-19 14:15:00,Newcastle United,Manchester City,0.174208,3.64686,0,4,ENG-Premier League,2122
2021-12-19 16:30:00,Tottenham,Liverpool,2.79777,1.54944,2,2,ENG-Premier League,2122
2021-12-19 14:00:00,Wolverhampton Wanderers,Chelsea,0.321371,0.793952,0,0,ENG-Premier League,2122
2021-12-26 17:30:00,Aston Villa,Chelsea,0.474029,2.8285,1,3,ENG-Premier League,2122
2021-12-26 20:00:00,Brighton,Brentford,0.943363,1.10342,2,0,ENG-Premier League,2122
2021-12-26 15:00:00,Manchester City,Leicester,3.82869,2.43425,6,3,ENG-Premier League,2122
2021-12-26 15:00:00,Norwich,Arsenal,0.154212,2.87539,0,5,ENG-Premier League,2122
2021-12-26 15:00:00,Tottenham,Crystal Palace,2.82148,0.178324,3,0,ENG-Premier League,2122
2021-12-26 15:00:00,West Ham,Southampton,1.53745,1.35643,2,3,ENG-Premier League,2122
2021-12-27 20:00:00,Newcastle United,Manchester United,1.26586,1.75587,1,1,ENG-Premier League,2122
2021-12-28 15:00:00,Crystal Palace,Norwich,2.38978,0.594134,3,0,ENG-Premier League,2122
2021-12-28 20:00:00,Leicester,Liverpool,0.615892,2.72682,1,0,ENG-Premier League,2122
2021-12-28 15:00:00,Southampton,Tottenham,0.353043,2.80917,1,1,ENG-Premier League,2122
2021-12-28 15:00:00,Watford,West Ham,1.0143,2.84084,1,4,ENG-Premier League,2122
2021-12-29 20:15:00,Brentford,Manchester City,0.238829,1.01763,0,1,ENG-Premier League,2122
2021-12-29 19:30:00,Chelsea,Brighton,0.763458,0.78663,1,1,ENG-Premier League,2122
2021-12-30 20:15:00,Manchester United,Burnley,1.80776,0.871738,3,1,ENG-Premier League,2122
2022-01-01 12:30:00,Arsenal,Manchester City,0.836949,1.94623,1,2,ENG-Premier League,2122
2022-01-01 17:30:00,Crystal Palace,West Ham,2.69204,2.23146,2,3,ENG-Premier League,2122
2022-01-01 15:00:00,Watford,Tottenham,0.303514,1.93752,0,1,ENG-Premier League,2122
2022-01-02 14:00:00,Brentford,Aston Villa,0.501329,1.13821,2,1,ENG-Premier League,2122
2022-01-02 16:30:00,Chelsea,Liverpool,1.389,1.78897,2,2,ENG-Premier League,2122
2022-01-02 14:00:00,Everton,Brighton,1.82698,1.48397,2,3,ENG-Premier League,2122
2022-01-02 14:00:00,Leeds,Burnley,2.04186,0.960493,3,1,ENG-Premier League,2122
2022-01-03 17:30:00,Manchester United,Wolverhampton Wanderers,0.768752,0.840925,0,1,ENG-Premier League,2122
2022-01-11 21:45:00,Southampton,Brentford,1.59306,0.621466,4,1,ENG-Premier League,2122
2022-01-12 21:45:00,West Ham,Norwich,2.89217,0.343347,2,0,ENG-Premier League,2122
2022-01-14 20:00:00,Brighton,Crystal Palace,2.18053,0.509681,1,1,ENG-Premier League,2122
2022-01-15 17:30:00,Aston Villa,Manchester United,1.82784,1.35378,2,2,ENG-Premier League,2122
2022-01-15 12:30:00,Manchester City,Chelsea,0.901703,0.613757,1,0,ENG-Premier League,2122
2022-01-15 15:00:00,Newcastle United,Watford,1.03855,1.49623,1,1,ENG-Premier League,2122
2022-01-15 15:00:00,Norwich,Everton,1.00153,0.541027,2,1,ENG-Premier League,2122
2022-01-15 15:00:00,Wolverhampton Wanderers,Southampton,2.29917,0.91728,3,1,ENG-Premier League,2122
2022-01-16 14:00:00,Liverpool,Brentford,3.49099,0.376656,3,0,ENG-Premier League,2122
2022-01-16 14:00:00,West Ham,Leeds,2.3549,2.26884,2,3,ENG-Premier League,2122
2022-01-18 09:45:00,Brighton,Chelsea,0.747557,0.572994,1,1,ENG-Premier League,2122
2022-01-19 20:00:00,Brentford,Manchester United,2.081,2.05969,1,3,ENG-Premier League,2122
2022-01-19 19:30:00,Leicester,Tottenham,1.95031,4.24711,2,3,ENG-Premier League,2122
2022-01-21 20:00:00,Watford,Norwich,1.30606,0.925212,0,3,ENG-Premier League,2122
2022-01-22 15:00:00,Brentford,Wolverhampton Wanderers,0.742573,0.218211,1,2,ENG-Premier League,2122
2022-01-22 12:30:00,Everton,Aston Villa,1.2384,0.860245,0,1,ENG-Premier League,2122
2022-01-22 15:00:00,Leeds,Newcastle United,1.12992,1.15904,0,1,ENG-Premier League,2122
2022-01-22 15:00:00,Manchester United,West Ham,1.75857,0.238027,1,0,ENG-Premier League,2122
2022-01-22 17:30:00,Southampton,Manchester City,1.00222,1.62907,1,1,ENG-Premier League,2122
2022-01-23 14:00:00,Arsenal,Burnley,1.35507,0.388963,0,0,ENG-Premier League,2122
2022-01-23 16:30:00,Chelsea,Tottenham,1.04212,0.328818,2,0,ENG-Premier League,2122
2022-01-23 14:00:00,Crystal Palace,Liverpool,1.62615,1.49697,1,3,ENG-Premier League,2122
2022-01-23 14:00:00,Leicester,Brighton,1.70979,1.19738,1,1,ENG-Premier League,2122
2022-02-05 18:00:00,Burnley,Watford,0.765905,0.933965,0,0,ENG-Premier League,2122
2022-02-08 20:00:00,Burnley,Manchester United,0.772721,1.83387,1,1,ENG-Premier League,2122
2022-02-08 19:45:00,Newcastle United,Everton,2.68732,0.823607,3,1,ENG-Premier League,2122
2022-02-08 19:45:00,West Ham,Watford,0.905143,0.335474,1,0,ENG-Premier League,2122
2022-02-09 20:00:00,Aston Villa,Leeds,1.5013,2.52914,3,3,ENG-Premier League,2122
2022-02-09 19:45:00,Manchester City,Brentford,1.98246,0.461305,2,0,ENG-Premier League,2122
2022-02-09 19:45:00,Norwich,Crystal Palace,0.296411,1.22883,1,1,ENG-Premier League,2122
2022-02-09 19:45:00,Tottenham,Southampton,1.74286,1.73293,2,3,ENG-Premier League,2122
2022-02-10 19:45:00,Liverpool,Leicester,2.72997,0.544954,2,0,ENG-Premier League,2122
2022-02-10 19:45:00,Wolverhampton Wanderers,Arsenal,0.641359,1.45247,0,1,ENG-Premier League,2122
2022-02-12 15:00:00,Brentford,Crystal Palace,1.97576,0.49802,0,0,ENG-Premier League,2122
2022-02-12 15:00:00,Everton,Leeds,2.58561,0.242668,3,0,ENG-Premier League,2122
2022-02-12 12:30:00,Manchester United,Southampton,2.99207,0.677386,1,1,ENG-Premier League,2122
2022-02-12 17:30:00,Norwich,Manchester City,0.356755,4.44653,0,4,ENG-Premier League,2122
2022-02-12 15:00:00,Watford,Brighton,0.532979,1.80456,0,2,ENG-Premier League,2122
2022-02-13 14:00:00,Burnley,Liverpool,1.16081,1.95722,0,1,ENG-Premier League,2122
2022-02-13 16:30:00,Leicester,West Ham,1.40693,0.745068,2,2,ENG-Premier League,2122
2022-02-13 14:00:00,Newcastle United,Aston Villa,0.527571,0.455206,1,0,ENG-Premier League,2122
2022-02-13 14:00:00,Tottenham,Wolverhampton Wanderers,0.838197,1.87026,0,2,ENG-Premier League,2122
2022-02-15 20:15:00,Manchester United,Brighton,2.74936,1.26179,2,0,ENG-Premier League,2122
2022-02-19 15:00:00,Arsenal,Brentford,1.52247,0.640726,2,1,ENG-Premier League,2122
2022-02-19 15:00:00,Aston Villa,Watford,1.0267,1.82051,0,1,ENG-Premier League,2122
2022-02-19 15:00:00,Brighton,Burnley,0.44587,0.821228,0,3,ENG-Premier League,2122
2022-02-19 15:00:00,Crystal Palace,Chelsea,0.624023,1.12339,0,1,ENG-Premier League,2122
2022-02-19 15:00:00,Liverpool,Norwich,3.15449,0.66975,3,1,ENG-Premier League,2122
2022-02-19 17:30:00,Manchester City,Tottenham,2.31773,2.00235,2,3,ENG-Premier League,2122
2022-02-19 15:00:00,Southampton,Everton,2.72851,0.19991,2,0,ENG-Premier League,2122
2022-02-19 12:30:00,West Ham,Newcastle United,0.847948,0.932574,1,1,ENG-Premier League,2122
2022-02-20 14:00:00,Leeds,Manchester United,1.74476,2.60999,2,4,ENG-Premier League,2122
2022-02-20 16:30:00,Wolverhampton Wanderers,Leicester,0.472777,1.55048,2,1,ENG-Premier League,2122
2022-02-23 19:30:00,Burnley,Tottenham,1.55576,0.691655,1,0,ENG-Premier League,2122
2022-02-23 19:45:00,Liverpool,Leeds,5.3303,0.141547,6,0,ENG-Premier League,2122
2022-02-23 19:30:00,Watford,Crystal Palace,1.71917,0.818403,1,4,ENG-Premier League,2122
2022-02-24 19:45:00,Arsenal,Wolverhampton Wanderers,2.50961,1.10934,2,1,ENG-Premier League,2122
2022-02-25 20:00:00,Southampton,Norwich,3.08863,0.424877,2,0,ENG-Premier League,2122
2022-02-26 15:00:00,Brentford,Newcastle United,0.494232,2.25373,0,2,ENG-Premier League,2122
2022-02-26 15:30:00,Brighton,Aston Villa,0.627107,1.3027,0,2,ENG-Premier League,2122
2022-02-26 15:00:00,Crystal Palace,Burnley,1.03765,0.255988,1,1,ENG-Premier League,2122
2022-02-26 17:30:00,Everton,Manchester City,0.770819,1.93422,0,1,ENG-Premier League,2122
2022-02-26 12:30:00,Leeds,Tottenham,1.89569,2.47025,0,4,ENG-Premier League,2122
2022-02-26 15:00:00,Manchester United,Watford,2.41457,0.437185,0,0,ENG-Premier League,2122
2022-02-27 14:00:00,West Ham,Wolverhampton Wanderers,1.62241,0.892018,1,0,ENG-Premier League,2122
2022-03-01 19:45:00,Burnley,Leicester,1.04214,1.79558,0,2,ENG-Premier League,2122
2022-03-05 15:00:00,Aston Villa,Southampton,2.85379,1.32947,4,0,ENG-Premier League,2122
2022-03-05 15:00:00,Burnley,Chelsea,0.849232,2.2868,0,4,ENG-Premier League,2122
2022-03-05 12:30:00,Leicester,Leeds,0.359129,2.14389,1,0,ENG-Premier League,2122
2022-03-05 17:30:00,Liverpool,West Ham,2.18865,1.33829,1,0,ENG-Premier League,2122
2022-03-05 15:00:00,Newcastle United,Brighton,1.58028,1.64995,2,1,ENG-Premier League,2122
2022-03-05 15:00:00,Norwich,Brentford,0.77334,2.22064,1,3,ENG-Premier League,2122
2022-03-05 15:00:00,Wolverhampton Wanderers,Crystal Palace,0.710865,2.53759,0,2,ENG-Premier League,2122
2022-03-06 16:30:00,Manchester City,Manchester United,2.74434,0.361782,4,1,ENG-Premier League,2122
2022-03-06 14:00:00,Watford,Arsenal,1.29603,1.00457,2,3,ENG-Premier League,2122
2022-03-07 20:00:00,Tottenham,Everton,3.24279,0.208263,5,0,ENG-Premier League,2122
2022-03-10 19:45:00,Leeds,Aston Villa,0.194028,1.2729,0,3,ENG-Premier League,2122
2022-03-10 19:30:00,Norwich,Chelsea,0.965723,2.1308,1,3,ENG-Premier League,2122
2022-03-10 19:30:00,Southampton,Newcastle United,1.79835,0.812233,1,2,ENG-Premier League,2122
2022-03-10 19:30:00,Wolverhampton Wanderers,Watford,1.55037,0.498696,4,0,ENG-Premier League,2122
2022-03-12 15:00:00,Brentford,Burnley,1.82002,0.825311,2,0,ENG-Premier League,2122
2022-03-12 12:30:00,Brighton,Liverpool,0.629316,2.48312,0,2,ENG-Premier League,2122
2022-03-12 17:30:00,Manchester United,Tottenham,1.0181,1.62374,3,2,ENG-Premier League,2122
2022-03-13 16:30:00,Arsenal,Leicester,2.93665,0.54911,2,0,ENG-Premier League,2122
2022-03-13 14:00:00,Chelsea,Newcastle United,1.07072,0.246037,1,0,ENG-Premier League,2122
2022-03-13 14:00:00,Everton,Wolverhampton Wanderers,0.397268,0.712135,0,1,ENG-Premier League,2122
2022-03-13 14:00:00,Leeds,Norwich,3.11755,1.40148,2,1,ENG-Premier League,2122
2022-03-13 14:00:00,Southampton,Watford,1.25696,1.29385,1,2,ENG-Premier League,2122
2022-03-13 14:00:00,West Ham,Aston Villa,1.58468,1.05391,2,1,ENG-Premier League,2122
2022-03-14 20:00:00,Crystal Palace,Manchester City,0.474002,2.04021,0,0,ENG-Premier League,2122
2022-03-16 20:15:00,Arsenal,Liverpool,0.534265,1.27681,0,2,ENG-Premier League,2122
2022-03-16 19:30:00,Brighton,Tottenham,1.04171,2.05196,0,2,ENG-Premier League,2122
2022-03-17 19:45:00,Everton,Newcastle United,0.708809,0.75803,1,0,ENG-Premier League,2122
2022-03-18 20:00:00,Wolverhampton Wanderers,Leeds,1.24075,2.82103,2,3,ENG-Premier League,2122
2022-03-19 12:30:00,Aston Villa,Arsenal,0.309375,1.14522,0,1,ENG-Premier League,2122
2022-03-20 14:00:00,Leicester,Brentford,1.27865,1.72466,2,1,ENG-Premier League,2122
2022-03-20 16:30:00,Tottenham,West Ham,2.54795,0.644964,3,1,ENG-Premier League,2122
2022-04-02 14:00:00,Brighton,Norwich,2.38297,0.494112,0,0,ENG-Premier League,2122
2022-04-02 14:00:00,Burnley,Manchester City,0.0591223,1.62008,0,2,ENG-Premier League,2122
2022-04-02 14:00:00,Chelsea,Brentford,1.29014,2.43422,1,4,ENG-Premier League,2122
2022-04-02 14:00:00,Leeds,Southampton,1.50715,2.06387,1,1,ENG-Premier League,2122
2022-04-02 11:30:00,Liverpool,Watford,2.23651,0.753307,2,0,ENG-Premier League,2122
2022-04-02 16:30:00,Manchester United,Leicester,0.902127,1.07638,1,1,ENG-Premier League,2122
2022-04-02 14:00:00,Wolverhampton Wanderers,Aston Villa,1.62151,1.91256,2,1,ENG-Premier League,2122
2022-04-03 15:30:00,Tottenham,Newcastle United,3.6081,0.538152,5,1,ENG-Premier League,2122
2022-04-03 13:00:00,West Ham,Everton,1.49657,0.657846,2,1,ENG-Premier League,2122
2022-04-04 19:00:00,Crystal Palace,Arsenal,1.39707,1.05199,3,0,ENG-Premier League,2122
2022-04-06 18:30:00,Burnley,Everton,2.24439,2.31574,3,2,ENG-Premier League,2122
2022-04-08 19:00:00,Newcastle United,Wolverhampton Wanderers,1.43878,0.306867,1,0,ENG-Premier League,2122
2022-04-09 14:00:00,Arsenal,Brighton,2.35153,0.596106,1,2,ENG-Premier League,2122
2022-04-09 16:30:00,Aston Villa,Tottenham,1.48712,0.983601,0,4,ENG-Premier League,2122
2022-04-09 11:30:00,Everton,Manchester United,0.357295,0.762357,1,0,ENG-Premier League,2122
2022-04-09 14:00:00,Southampton,Chelsea,0.564726,4.39683,0,6,ENG-Premier League,2122
2022-04-09 14:00:00,Watford,Leeds,1.07422,0.895612,0,3,ENG-Premier League,2122
2022-04-10 13:00:00,Brentford,West Ham,1.85534,0.244824,2,0,ENG-Premier League,2122
2022-04-10 13:00:00,Leicester,Crystal Palace,0.879235,1.52767,2,1,ENG-Premier League,2122
2022-04-10 15:30:00,Manchester City,Liverpool,1.34647,1.29983,2,2,ENG-Premier League,2122
2022-04-10 13:00:00,Norwich,Burnley,1.6723,1.44652,2,0,ENG-Premier League,2122
2022-04-16 14:00:00,Manchester United,Norwich,1.66737,1.79754,3,2,ENG-Premier League,2122
2022-04-16 14:00:00,Southampton,Arsenal,1.04007,1.35002,1,0,ENG-Premier League,2122
2022-04-16 11:30:00,Tottenham,Brighton,0.58624,0.711155,0,1,ENG-Premier League,2122
2022-04-16 14:00:00,Watford,Brentford,1.50381,2.12457,1,2,ENG-Premier League,2122
2022-04-17 13:15:00,Newcastle United,Leicester,2.54294,0.541084,2,1,ENG-Premier League,2122
2022-04-17 13:15:00,West Ham,Burnley,2.79175,1.88137,1,1,ENG-Premier League,2122
2022-04-19 19:00:00,Liverpool,Manchester United,2.25967,0.110227,4,0,ENG-Premier League,2122
2022-04-20 18:45:00,Chelsea,Arsenal,0.593801,1.87331,2,4,ENG-Premier League,2122
2022-04-20 18:45:00,Everton,Leicester,1.68819,0.786333,1,1,ENG-Premier League,2122
2022-04-20 19:00:00,Manchester City,Brighton,1.52844,0.117354,3,0,ENG-Premier League,2122
2022-04-20 18:45:00,Newcastle United,Crystal Palace,0.767855,0.432788,1,0,ENG-Premier League,2122
2022-04-21 18:45:00,Burnley,Southampton,2.14743,1.31837,2,0,ENG-Premier League,2122
2022-04-23 11:30:00,Arsenal,Manchester United,2.54173,2.04244,3,1,ENG-Premier League,2122
2022-04-23 16:30:00,Brentford,Tottenham,1.3153,0.517755,0,0,ENG-Premier League,2122
2022-04-23 14:00:00,Leicester,Aston Villa,0.235635,0.593202,0,0,ENG-Premier League,2122
2022-04-23 14:00:00,Manchester City,Watford,3.68,0.42632,5,1,ENG-Premier League,2122
2022-04-23 14:00:00,Norwich,Newcastle United,0.657661,1.87558,0,3,ENG-Premier League,2122
2022-04-24 13:00:00,Brighton,Southampton,1.87343,0.926764,2,2,ENG-Premier League,2122
2022-04-24 13:00:00,Burnley,Wolverhampton Wanderers,1.27298,0.592902,1,0,ENG-Premier League,2122
2022-04-24 13:00:00,Chelsea,West Ham,2.34959,0.388975,1,0,ENG-Premier League,2122
2022-04-24 15:30:00,Liverpool,Everton,1.70397,0.424961,2,0,ENG-Premier League,2122
2022-04-25 19:00:00,Crystal Palace,Leeds,1.61656,0.374044,0,0,ENG-Premier League,2122
2022-04-28 18:45:00,Manchester United,Chelsea,0.618456,2.46868,1,1,ENG-Premier League,2122
2022-04-30 14:00:00,Aston Villa,Norwich,2.31192,0.352212,2,0,ENG-Premier League,2122
2022-04-30 16:30:00,Leeds,Manchester City,1.03608,3.01431,0,4,ENG-Premier League,2122
2022-04-30 11:30:00,Newcastle United,Liverpool,0.115353,2.73435,0,1,ENG-Premier League,2122
2022-04-30 14:00:00,Southampton,Crystal Palace,0.650256,0.756217,1,2,ENG-Premier League,2122
2022-04-30 14:00:00,Watford,Burnley,0.785742,1.37022,1,2,ENG-Premier League,2122
2022-04-30 14:00:00,Wolverhampton Wanderers,Brighton,0.525912,2.90679,0,3,ENG-Premier League,2122
2022-05-01 13:00:00,Everton,Chelsea,1.11712,1.21141,1,0,ENG-Premier League,2122
2022-05-01 13:00:00,Tottenham,Leicester,1.65338,0.274133,3,1,ENG-Premier League,2122
2022-05-01 15:30:00,West Ham,Arsenal,0.451976,0.964564,1,2,ENG-Premier League,2122
2022-05-02 19:00:00,Manchester United,Brentford,1.84111,0.681425,3,0,ENG-Premier League,2122
2022-05-07 14:00:00,Brentford,Southampton,3.68223,0.988574,3,0,ENG-Premier League,2122
2022-05-07 16:30:00,Brighton,Manchester United,2.82636,0.930715,4,0,ENG-Premier League,2122
2022-05-07 14:00:00,Burnley,Aston Villa,1.31028,1.81256,1,3,ENG-Premier League,2122
2022-05-07 14:00:00,Chelsea,Wolverhampton Wanderers,1.82098,1.6842,2,2,ENG-Premier League,2122
2022-05-07 14:00:00,Crystal Palace,Watford,2.49142,0.255373,1,0,ENG-Premier League,2122
2022-05-07 18:45:00,Liverpool,Tottenham,1.0481,0.982635,1,1,ENG-Premier League,2122
2022-05-08 13:00:00,Arsenal,Leeds,2.7227,0.696785,2,1,ENG-Premier League,2122
2022-05-08 13:00:00,Leicester,Everton,1.47479,1.55635,1,2,ENG-Premier League,2122
2022-05-08 15:30:00,Manchester City,Newcastle United,4.05613,0.995099,5,0,ENG-Premier League,2122
2022-05-08 13:00:00,Norwich,West Ham,0.77895,3.25894,0,4,ENG-Premier League,2122
2022-05-10 19:00:00,Aston Villa,Liverpool,1.44726,1.75417,1,2,ENG-Premier League,2122
2022-05-11 18:30:00,Leeds,Chelsea,0.499789,1.46853,0,3,ENG-Premier League,2122
2022-05-11 18:45:00,Leicester,Norwich,2.57058,1.21966,3,0,ENG-Premier League,2122
2022-05-11 18:45:00,Watford,Everton,0.232236,0.812193,0,0,ENG-Premier League,2122
2022-05-11 19:15:00,Wolverhampton Wanderers,Manchester City,0.411857,3.39304,1,5,ENG-Premier League,2122
2022-05-12 18:45:00,Tottenham,Arsenal,3.42522,0.387446,3,0,ENG-Premier League,2122
2022-05-15 13:00:00,Aston Villa,Crystal Palace,0.799443,1.39009,1,1,ENG-Premier League,2122
2022-05-15 15:30:00,Everton,Brentford,2.69589,1.81626,2,3,ENG-Premier League,2122
2022-05-15 13:00:00,Leeds,Brighton,2.22282,2.25898,1,1,ENG-Premier League,2122
2022-05-15 11:00:00,Tottenham,Burnley,2.39449,0.629888,1,0,ENG-Premier League,2122
2022-05-15 13:00:00,Watford,Leicester,2.58968,2.27297,1,5,ENG-Premier League,2122
2022-05-15 13:00:00,West Ham,Manchester City,1.0088,2.14723,2,2,ENG-Premier League,2122
2022-05-15 13:00:00,Wolverhampton Wanderers,Norwich,0.999066,1.53212,1,1,ENG-Premier League,2122
2022-05-16 19:00:00,Newcastle United,Arsenal,1.68299,0.492454,2,0,ENG-Premier League,2122
2022-05-17 18:45:00,Southampton,Liverpool,0.121506,1.19178,1,2,ENG-Premier League,2122
2022-05-19 19:00:00,Aston Villa,Burnley,0.996403,1.63117,1,1,ENG-Premier League,2122
2022-05-19 19:00:00,Chelsea,Leicester,1.61996,0.0417972,1,1,ENG-Premier League,2122
2022-05-19 18:45:00,Everton,Crystal Palace,0.813157,1.6023,3,2,ENG-Premier League,2122
2022-05-22 15:00:00,Arsenal,Everton,4.35597,1.08601,5,1,ENG-Premier League,2122
2022-05-22 15:00:00,Brentford,Leeds,0.844985,1.47786,1,2,ENG-Premier League,2122
2022-05-22 15:00:00,Brighton,West Ham,1.67774,0.268845,3,1,ENG-Premier League,2122
2022-05-22 15:00:00,Burnley,Newcastle United,1.49164,1.74291,1,2,ENG-Premier League,2122
2022-05-22 15:00:00,Chelsea,Watford,2.59231,0.575755,2,1,ENG-Premier League,2122
2022-05-22 15:00:00,Crystal Palace,Manchester United,0.354618,0.782005,1,0,ENG-Premier League,2122
2022-05-22 15:00:00,Leicester,Southampton,3.42058,1.05141,4,1,ENG-Premier League,2122
2022-05-22 15:00:00,Liverpool,Wolverhampton Wanderers,3.19385,1.11708,3,1,ENG-Premier League,2122
2022-05-22 15:00:00,Manchester City,Aston Villa,3.3209,0.247841,3,2,ENG-Premier League,2122
2022-05-22 15:00:00,Norwich,Tottenham,0.310789,3.815,0,5,ENG-Premier League,2122
2022-08-05 19:00:00,Crystal Palace,Arsenal,1.20637,1.43601,0,2,ENG-Premier League,2223
2022-08-06 14:00:00,Bournemouth,Aston Villa,0.588341,0.488895,2,0,ENG-Premier League,2223
2022-08-06 16:30:00,Everton,Chelsea,0.541983,1.92315,0,1,ENG-Premier League,2223
2022-08-06 11:30:00,Fulham,Liverpool,1.26822,2.34111,2,2,ENG-Premier League,2223
2022-08-06 14:00:00,Leeds,Wolverhampton Wanderers,0.88917,1.10119,2,1,ENG-Premier League,2223
2022-08-06 14:00:00,Newcastle United,Nottingham Forest,1.8591,0.235825,2,0,ENG-Premier League,2223
2022-08-06 14:00:00,Tottenham,Southampton,1.6172,0.386546,4,1,ENG-Premier League,2223
2022-08-07 13:00:00,Leicester,Brentford,0.455695,0.931067,2,2,ENG-Premier League,2223
2022-08-07 13:00:00,Manchester United,Brighton,1.42103,1.7289,1,2,ENG-Premier League,2223
2022-08-07 15:30:00,West Ham,Manchester City,0.246188,2.58739,0,2,ENG-Premier League,2223
2022-08-13 14:00:00,Arsenal,Leicester,3.0107,0.690679,4,2,ENG-Premier League,2223
2022-08-13 11:30:00,Aston Villa,Everton,2.66696,1.37507,2,1,ENG-Premier League,2223
2022-08-13 16:30:00,Brentford,Manchester United,1.38785,0.896038,4,0,ENG-Premier League,2223
2022-08-13 14:00:00,Brighton,Newcastle United,1.60835,0.183952,0,0,ENG-Premier League,2223
2022-08-13 14:00:00,Manchester City,Bournemouth,1.69064,0.123946,4,0,ENG-Premier League,2223
2022-08-13 14:00:00,Southampton,Leeds,1.40906,1.99694,2,2,ENG-Premier League,2223
2022-08-13 14:00:00,Wolverhampton Wanderers,Fulham,0.975375,1.08813,0,0,ENG-Premier League,2223
2022-08-14 15:30:00,Chelsea,Tottenham,1.83945,1.58708,2,2,ENG-Premier League,2223
2022-08-14 13:00:00,Nottingham Forest,West Ham,1.9717,2.08634,1,0,ENG-Premier League,2223
2022-08-15 19:00:00,Liverpool,Crystal Palace,2.23596,1.64468,1,1,ENG-Premier League,2223
2022-08-20 16:30:00,Bournemouth,Arsenal,0.211335,1.71081,0,3,ENG-Premier League,2223
2022-08-20 14:00:00,Crystal Palace,Aston Villa,2.91137,0.803828,3,1,ENG-Premier League,2223
2022-08-20 14:00:00,Everton,Nottingham Forest,1.43408,0.918315,1,1,ENG-Premier League,2223
2022-08-20 14:00:00,Fulham,Brentford,2.89934,1.59352,3,2,ENG-Premier League,2223
2022-08-20 14:00:00,Leicester,Southampton,0.242948,1.24155,1,2,ENG-Premier League,2223
2022-08-20 11:30:00,Tottenham,Wolverhampton Wanderers,1.46608,0.686123,1,0,ENG-Premier League,2223
2022-08-21 13:00:00,Leeds,Chelsea,2.20971,0.692492,3,0,ENG-Premier League,2223
2022-08-21 15:30:00,Newcastle United,Manchester City,2.2127,3.67382,3,3,ENG-Premier League,2223
2022-08-21 13:00:00,West Ham,Brighton,0.768634,1.82645,0,2,ENG-Premier League,2223
2022-08-22 19:00:00,Manchester United,Liverpool,2.01764,1.52301,2,1,ENG-Premier League,2223
2022-08-27 16:30:00,Arsenal,Fulham,2.47427,0.926007,2,1,ENG-Premier League,2223
2022-08-27 14:00:00,Brentford,Everton,2.28391,1.65465,1,1,ENG-Premier League,2223
2022-08-27 14:00:00,Brighton,Leeds,1.60986,1.14874,1,0,ENG-Premier League,2223
2022-08-27 14:00:00,Chelsea,Leicester,1.74916,1.96023,2,1,ENG-Premier League,2223
2022-08-27 14:00:00,Liverpool,Bournemouth,4.86035,0.180991,9,0,ENG-Premier League,2223
2022-08-27 14:00:00,Manchester City,Crystal Palace,2.3853,0.091976,4,2,ENG-Premier League,2223
2022-08-27 11:30:00,Southampton,Manchester United,1.35887,1.34359,0,1,ENG-Premier League,2223
2022-08-28 13:00:00,Aston Villa,West Ham,0.304555,0.334589,0,1,ENG-Premier League,2223
2022-08-28 15:30:00,Nottingham Forest,Tottenham,0.801369,2.44473,0,2,ENG-Premier League,2223
2022-08-28 13:00:00,Wolverhampton Wanderers,Newcastle United,1.13248,1.93362,1,1,ENG-Premier League,2223
2022-08-30 18:30:00,Crystal Palace,Brentford,0.777363,1.61808,1,1,ENG-Premier League,2223
2022-08-30 18:30:00,Fulham,Brighton,1.07093,1.75359,2,1,ENG-Premier League,2223
2022-08-30 19:00:00,Leeds,Everton,1.04551,1.17189,1,1,ENG-Premier League,2223
2022-08-30 18:45:00,Southampton,Chelsea,1.44086,1.5047,2,1,ENG-Premier League,2223
2022-08-31 18:30:00,Arsenal,Aston Villa,2.79971,0.297168,2,1,ENG-Premier League,2223
2022-08-31 18:30:00,Bournemouth,Wolverhampton Wanderers,0.362035,1.53246,0,0,ENG-Premier League,2223
2022-08-31 19:00:00,Liverpool,Newcastle United,1.76119,0.643546,2,1,ENG-Premier League,2223
2022-08-31 18:30:00,Manchester City,Nottingham Forest,3.83759,0.729752,6,0,ENG-Premier League,2223
2022-08-31 18:45:00,West Ham,Tottenham,1.52267,0.723285,1,1,ENG-Premier League,2223
2022-09-01 19:00:00,Leicester,Manchester United,0.615266,1.09969,0,1,ENG-Premier League,2223
2022-09-03 16:30:00,Aston Villa,Manchester City,0.279392,1.92143,1,1,ENG-Premier League,2223
2022-09-03 14:00:00,Brentford,Leeds,2.7485,1.796,5,2,ENG-Premier League,2223
2022-09-03 14:00:00,Chelsea,West Ham,0.707333,1.4196,2,1,ENG-Premier League,2223
2022-09-03 11:30:00,Everton,Liverpool,1.39169,1.38617,0,0,ENG-Premier League,2223
2022-09-03 14:00:00,Newcastle United,Crystal Palace,2.90672,0.920595,0,0,ENG-Premier League,2223
2022-09-03 14:00:00,Nottingham Forest,Bournemouth,1.32895,0.905041,2,3,ENG-Premier League,2223
2022-09-03 14:00:00,Tottenham,Fulham,2.67823,0.381556,2,1,ENG-Premier League,2223
2022-09-03 14:00:00,Wolverhampton Wanderers,Southampton,1.10039,1.20838,1,0,ENG-Premier League,2223
2022-09-04 13:00:00,Brighton,Leicester,2.73166,1.06549,5,2,ENG-Premier League,2223
2022-09-04 15:30:00,Manchester United,Arsenal,2.02904,1.42238,3,1,ENG-Premier League,2223
2022-09-16 19:00:00,Aston Villa,Southampton,1.34365,0.218302,1,0,ENG-Premier League,2223
2022-09-16 19:00:00,Nottingham Forest,Fulham,1.41541,1.3496,2,3,ENG-Premier League,2223
2022-09-17 14:00:00,Newcastle United,Bournemouth,1.54758,0.976948,1,1,ENG-Premier League,2223
2022-09-17 16:30:00,Tottenham,Leicester,1.98619,1.59449,6,2,ENG-Premier League,2223
2022-09-17 11:30:00,Wolverhampton Wanderers,Manchester City,0.310995,1.4242,0,3,ENG-Premier League,2223
2022-09-18 11:00:00,Brentford,Arsenal,0.54011,1.32021,0,3,ENG-Premier League,2223
2022-09-18 13:15:00,Everton,West Ham,0.39773,0.655351,1,0,ENG-Premier League,2223
2022-10-01 11:30:00,Arsenal,Tottenham,2.48403,1.5027,3,1,ENG-Premier League,2223
2022-10-01 14:00:00,Bournemouth,Brentford,0.758128,1.046,0,0,ENG-Premier League,2223
2022-10-01 14:00:00,Crystal Palace,Chelsea,0.70987,1.25506,1,2,ENG-Premier League,2223
2022-10-01 14:00:00,Fulham,Newcastle United,0.683701,4.67198,1,4,ENG-Premier League,2223
2022-10-01 14:00:00,Liverpool,Brighton,2.1515,2.36567,3,3,ENG-Premier League,2223
2022-10-01 14:00:00,Southampton,Everton,1.95961,1.99979,1,2,ENG-Premier League,2223
2022-10-01 16:30:00,West Ham,Wolverhampton Wanderers,1.03934,0.575988,2,0,ENG-Premier League,2223
2022-10-02 15:30:00,Leeds,Aston Villa,0.298626,1.89645,0,0,ENG-Premier League,2223
2022-10-02 13:00:00,Manchester City,Manchester United,3.01103,1.71335,6,3,ENG-Premier League,2223
2022-10-03 19:00:00,Leicester,Nottingham Forest,1.2497,1.22169,4,0,ENG-Premier League,2223
2022-10-08 14:00:00,Bournemouth,Leicester,1.14891,1.18125,2,1,ENG-Premier League,2223
2022-10-08 16:30:00,Brighton,Tottenham,0.899735,0.771641,0,1,ENG-Premier League,2223
2022-10-08 14:00:00,Chelsea,Wolverhampton Wanderers,2.43092,0.748449,3,0,ENG-Premier League,2223
2022-10-08 14:00:00,Manchester City,Southampton,2.73536,0.101148,4,0,ENG-Premier League,2223
2022-10-08 14:00:00,Newcastle United,Brentford,2.44631,1.13466,5,1,ENG-Premier League,2223
2022-10-09 15:30:00,Arsenal,Liverpool,2.81968,0.765151,3,2,ENG-Premier League,2223
2022-10-09 13:00:00,Crystal Palace,Leeds,1.65194,1.06564,2,1,ENG-Premier League,2223
2022-10-09 18:00:00,Everton,Manchester United,0.365844,1.82612,1,2,ENG-Premier League,2223
2022-10-09 13:00:00,West Ham,Fulham,3.43676,0.549848,3,1,ENG-Premier League,2223
2022-10-10 19:00:00,Nottingham Forest,Aston Villa,0.221346,0.657187,1,1,ENG-Premier League,2223
2022-10-14 19:00:00,Brentford,Brighton,1.90636,2.15668,2,0,ENG-Premier League,2223
2022-10-15 14:00:00,Fulham,Bournemouth,1.61738,1.62829,2,2,ENG-Premier League,2223
2022-10-15 11:30:00,Leicester,Crystal Palace,0.973426,0.346808,0,0,ENG-Premier League,2223
2022-10-15 16:30:00,Tottenham,Everton,2.49409,0.560039,2,0,ENG-Premier League,2223
2022-10-15 14:00:00,Wolverhampton Wanderers,Nottingham Forest,1.22368,1.24761,1,0,ENG-Premier League,2223
2022-10-16 13:00:00,Aston Villa,Chelsea,2.44542,1.23643,0,2,ENG-Premier League,2223
2022-10-16 13:00:00,Leeds,Arsenal,2.02232,0.821757,0,1,ENG-Premier League,2223
2022-10-16 15:30:00,Liverpool,Manchester City,1.9992,0.911493,1,0,ENG-Premier League,2223
2022-10-16 13:00:00,Manchester United,Newcastle United,1.41606,0.78815,0,0,ENG-Premier League,2223
2022-10-16 13:00:00,Southampton,West Ham,0.524479,1.70727,1,1,ENG-Premier League,2223
2022-10-18 18:30:00,Brighton,Nottingham Forest,2.10188,0.195003,0,0,ENG-Premier League,2223
2022-10-18 19:15:00,Crystal Palace,Wolverhampton Wanderers,1.25617,0.857837,2,1,ENG-Premier League,2223
2022-10-19 18:30:00,Bournemouth,Southampton,0.810452,1.23878,0,1,ENG-Premier League,2223
2022-10-19 18:30:00,Brentford,Chelsea,1.45228,0.557405,0,0,ENG-Premier League,2223
2022-10-19 18:30:00,Liverpool,West Ham,2.24066,2.48649,1,0,ENG-Premier League,2223
2022-10-19 19:15:00,Manchester United,Tottenham,1.70973,0.658526,2,0,ENG-Premier League,2223
2022-10-19 18:30:00,Newcastle United,Everton,1.13393,0.0609567,1,0,ENG-Premier League,2223
2022-10-20 18:30:00,Fulham,Aston Villa,2.892,0.711487,3,0,ENG-Premier League,2223
2022-10-20 19:15:00,Leicester,Leeds,0.655249,1.19464,2,0,ENG-Premier League,2223
2022-10-22 15:30:00,Chelsea,Manchester United,1.20238,0.730935,1,1,ENG-Premier League,2223
2022-10-22 14:00:00,Everton,Crystal Palace,1.93396,0.597167,3,0,ENG-Premier League,2223
2022-10-22 14:00:00,Manchester City,Brighton,1.86239,0.52863,3,1,ENG-Premier League,2223
2022-10-22 11:30:00,Nottingham Forest,Liverpool,2.50163,2.19752,1,0,ENG-Premier League,2223
2022-10-23 13:00:00,Aston Villa,Brentford,3.45617,1.00462,4,0,ENG-Premier League,2223
2022-10-23 13:00:00,Leeds,Fulham,1.96384,2.47512,2,3,ENG-Premier League,2223
2022-10-23 13:00:00,Southampton,Arsenal,0.622653,1.57897,1,1,ENG-Premier League,2223
2022-10-23 15:30:00,Tottenham,Newcastle United,1.56513,1.1294,1,2,ENG-Premier League,2223
2022-10-23 13:00:00,Wolverhampton Wanderers,Leicester,1.61785,0.989075,0,4,ENG-Premier League,2223
2022-10-24 19:00:00,West Ham,Bournemouth,1.97715,0.730443,2,0,ENG-Premier League,2223
2022-10-29 14:00:00,Bournemouth,Tottenham,0.887533,2.1946,2,3,ENG-Premier League,2223
2022-10-29 14:00:00,Brentford,Wolverhampton Wanderers,1.29257,0.557605,1,1,ENG-Premier League,2223
2022-10-29 14:00:00,Brighton,Chelsea,2.881,1.07554,4,1,ENG-Premier League,2223
2022-10-29 14:00:00,Crystal Palace,Southampton,1.00384,1.35803,1,0,ENG-Premier League,2223
2022-10-29 16:30:00,Fulham,Everton,1.76438,1.19166,0,0,ENG-Premier League,2223
2022-10-29 11:30:00,Leicester,Manchester City,0.693597,0.703827,0,1,ENG-Premier League,2223
2022-10-29 18:45:00,Liverpool,Leeds,1.90889,1.61271,1,2,ENG-Premier League,2223
2022-10-29 14:00:00,Newcastle United,Aston Villa,4.18808,0.270814,4,0,ENG-Premier League,2223
2022-10-30 14:00:00,Arsenal,Nottingham Forest,3.00699,0.206127,5,0,ENG-Premier League,2223
2022-10-30 16:15:00,Manchester United,West Ham,1.7514,1.00033,1,0,ENG-Premier League,2223
2022-11-05 17:30:00,Everton,Leicester,1.3729,2.2679,0,2,ENG-Premier League,2223
2022-11-05 15:00:00,Leeds,Bournemouth,2.22532,1.55594,4,3,ENG-Premier League,2223
2022-11-05 15:00:00,Manchester City,Fulham,2.39332,0.843884,2,1,ENG-Premier League,2223
2022-11-05 15:00:00,Nottingham Forest,Brentford,1.29696,1.2204,2,2,ENG-Premier League,2223
2022-11-05 15:00:00,Wolverhampton Wanderers,Brighton,1.29252,1.87375,2,3,ENG-Premier League,2223
2022-11-06 14:00:00,Aston Villa,Manchester United,0.578563,0.517189,3,1,ENG-Premier League,2223
2022-11-06 12:00:00,Chelsea,Arsenal,0.278815,2.37846,0,1,ENG-Premier League,2223
2022-11-06 14:00:00,Southampton,Newcastle United,1.65228,1.42101,1,4,ENG-Premier League,2223
2022-11-06 16:30:00,Tottenham,Liverpool,1.81736,1.46548,1,2,ENG-Premier League,2223
2022-11-06 14:00:00,West Ham,Crystal Palace,0.192579,1.03344,1,2,ENG-Premier League,2223
2022-11-12 15:00:00,Bournemouth,Everton,2.45642,0.768756,3,0,ENG-Premier League,2223
2022-11-12 15:00:00,Liverpool,Southampton,2.74418,1.43427,3,1,ENG-Premier League,2223
2022-11-12 12:30:00,Manchester City,Brentford,1.605,3.29012,1,2,ENG-Premier League,2223
2022-11-12 17:30:00,Newcastle United,Chelsea,1.3601,0.359105,1,0,ENG-Premier League,2223
2022-11-12 15:00:00,Nottingham Forest,Crystal Palace,1.23752,1.14552,1,0,ENG-Premier League,2223
2022-11-12 15:00:00,Tottenham,Leeds,2.58046,1.71731,4,3,ENG-Premier League,2223
2022-11-12 15:00:00,West Ham,Leicester,0.720721,1.60566,0,2,ENG-Premier League,2223
2022-11-12 19:45:00,Wolverhampton Wanderers,Arsenal,0.512339,2.27996,0,2,ENG-Premier League,2223
2022-11-13 14:00:00,Brighton,Aston Villa,0.829107,1.15437,1,2,ENG-Premier League,2223
2022-11-13 16:30:00,Fulham,Manchester United,1.70218,3.37664,1,2,ENG-Premier League,2223
2022-12-26 20:00:00,Arsenal,West Ham,1.88828,1.02652,3,1,ENG-Premier League,2223
2022-12-26 17:30:00,Aston Villa,Liverpool,1.69155,3.50694,1,3,ENG-Premier League,2223
2022-12-26 12:30:00,Brentford,Tottenham,2.25263,0.883787,2,2,ENG-Premier League,2223
2022-12-26 15:00:00,Crystal Palace,Fulham,0.421754,2.69927,0,3,ENG-Premier League,2223
2022-12-26 15:00:00,Everton,Wolverhampton Wanderers,1.22653,1.22076,1,2,ENG-Premier League,2223
2022-12-26 15:00:00,Leicester,Newcastle United,0.31099,1.76382,0,3,ENG-Premier League,2223
2022-12-26 15:00:00,Southampton,Brighton,1.70709,1.00714,1,3,ENG-Premier League,2223
2022-12-27 17:30:00,Chelsea,Bournemouth,1.91378,0.44307,2,0,ENG-Premier League,2223
2022-12-27 20:00:00,Manchester United,Nottingham Forest,2.13668,0.477076,3,0,ENG-Premier League,2223
2022-12-28 20:00:00,Leeds,Manchester City,0.603751,4.16249,1,3,ENG-Premier League,2223
2022-12-30 20:00:00,Liverpool,Leicester,2.02463,0.863312,2,1,ENG-Premier League,2223
2022-12-30 19:45:00,West Ham,Brentford,1.13979,1.51436,0,2,ENG-Premier League,2223
2022-12-31 15:00:00,Bournemouth,Crystal Palace,0.895819,1.75264,0,2,ENG-Premier League,2223
2022-12-31 17:30:00,Brighton,Arsenal,1.15663,3.22106,2,4,ENG-Premier League,2223
2022-12-31 15:00:00,Fulham,Southampton,1.49305,0.698711,2,1,ENG-Premier League,2223
2022-12-31 15:00:00,Manchester City,Everton,2.36333,0.0760019,1,1,ENG-Premier League,2223
2022-12-31 15:00:00,Newcastle United,Leeds,2.78846,0.517099,0,0,ENG-Premier League,2223
2022-12-31 12:30:00,Wolverhampton Wanderers,Manchester United,0.587672,2.44728,0,1,ENG-Premier League,2223
2023-01-01 16:30:00,Nottingham Forest,Chelsea,0.985219,1.37305,1,1,ENG-Premier League,2223
2023-01-01 14:00:00,Tottenham,Aston Villa,0.569383,1.21733,0,2,ENG-Premier League,2223
2023-01-02 17:30:00,Brentford,Liverpool,2.0991,2.10461,3,1,ENG-Premier League,2223
2023-01-03 19:45:00,Arsenal,Newcastle United,0.970637,0.959523,0,0,ENG-Premier League,2223
2023-01-03 19:45:00,Everton,Brighton,1.16896,2.50731,1,4,ENG-Premier League,2223
2023-01-03 19:45:00,Leicester,Fulham,1.45221,1.33493,0,1,ENG-Premier League,2223
2023-01-03 20:00:00,Manchester United,Bournemouth,2.97383,0.679022,3,0,ENG-Premier League,2223
2023-01-04 20:00:00,Aston Villa,Wolverhampton Wanderers,1.03226,0.832522,1,1,ENG-Premier League,2223
2023-01-04 20:00:00,Crystal Palace,Tottenham,0.787525,1.66514,0,4,ENG-Premier League,2223
2023-01-04 19:45:00,Leeds,West Ham,1.2577,1.29245,2,2,ENG-Premier League,2223
2023-01-04 19:30:00,Southampton,Nottingham Forest,0.62937,1.22324,0,1,ENG-Premier League,2223
2023-01-05 20:00:00,Chelsea,Manchester City,0.493576,1.71972,0,1,ENG-Premier League,2223
2023-01-12 19:00:00,Fulham,Chelsea,0.711266,2.39911,2,1,ENG-Premier League,2223
2023-01-13 20:00:00,Aston Villa,Leeds,1.64599,2.46295,2,1,ENG-Premier League,2223
2023-01-14 17:30:00,Brentford,Bournemouth,1.29815,0.269283,2,0,ENG-Premier League,2223
2023-01-14 15:00:00,Brighton,Liverpool,2.40062,1.28853,3,0,ENG-Premier League,2223
2023-01-14 15:00:00,Everton,Southampton,1.18191,1.08412,1,2,ENG-Premier League,2223
2023-01-14 12:30:00,Manchester United,Manchester City,1.98228,0.73695,2,1,ENG-Premier League,2223
2023-01-14 15:00:00,Nottingham Forest,Leicester,1.75313,0.803421,2,0,ENG-Premier League,2223
2023-01-14 15:00:00,Wolverhampton Wanderers,West Ham,0.806232,0.735105,1,0,ENG-Premier League,2223
2023-01-15 14:00:00,Chelsea,Crystal Palace,2.12987,0.837366,1,0,ENG-Premier League,2223
2023-01-15 14:00:00,Newcastle United,Fulham,1.96256,0.989872,1,0,ENG-Premier League,2223
2023-01-15 16:30:00,Tottenham,Arsenal,1.71032,2.04232,0,2,ENG-Premier League,2223
2023-01-18 15:30:00,Crystal Palace,Manchester United,0.413339,1.39437,1,1,ENG-Premier League,2223
2023-01-19 19:00:00,Manchester City,Tottenham,2.34166,1.16499,4,2,ENG-Premier League,2223
2023-01-21 15:00:00,Bournemouth,Nottingham Forest,1.80549,1.57544,1,1,ENG-Premier League,2223
2023-01-21 17:30:00,Crystal Palace,Newcastle United,0.333154,1.44384,0,0,ENG-Premier League,2223
2023-01-21 15:00:00,Leicester,Brighton,1.35941,1.94491,2,2,ENG-Premier League,2223
2023-01-21 12:30:00,Liverpool,Chelsea,1.30125,1.84467,0,0,ENG-Premier League,2223
2023-01-21 15:00:00,Southampton,Aston Villa,0.672444,1.16432,0,1,ENG-Premier League,2223
2023-01-21 15:00:00,West Ham,Everton,2.46879,0.286826,2,0,ENG-Premier League,2223
2023-01-22 16:30:00,Arsenal,Manchester United,2.90273,0.272246,3,2,ENG-Premier League,2223
2023-01-22 14:00:00,Leeds,Brentford,0.374736,0.17114,0,0,ENG-Premier League,2223
2023-01-22 14:00:00,Manchester City,Wolverhampton Wanderers,3.32757,0.469277,3,0,ENG-Premier League,2223
2023-01-23 20:00:00,Fulham,Tottenham,1.09339,0.993805,0,1,ENG-Premier League,2223
2023-02-03 20:00:00,Chelsea,Fulham,1.41471,0.493341,0,0,ENG-Premier League,2223
2023-02-04 15:00:00,Aston Villa,Leicester,1.4989,2.49784,2,4,ENG-Premier League,2223
2023-02-04 15:00:00,Brentford,Southampton,2.36747,0.644385,3,0,ENG-Premier League,2223
2023-02-04 15:00:00,Brighton,Bournemouth,2.55696,0.908298,1,0,ENG-Premier League,2223
2023-02-04 12:30:00,Everton,Arsenal,2.09191,0.690102,1,0,ENG-Premier League,2223
2023-02-04 15:00:00,Manchester United,Crystal Palace,2.07035,1.3798,2,1,ENG-Premier League,2223
2023-02-04 17:30:00,Newcastle United,West Ham,1.22883,1.27831,1,1,ENG-Premier League,2223
2023-02-04 15:00:00,Wolverhampton Wanderers,Liverpool,2.63328,1.30193,3,0,ENG-Premier League,2223
2023-02-05 14:00:00,Nottingham Forest,Leeds,0.3325,1.12331,1,0,ENG-Premier League,2223
2023-02-05 16:30:00,Tottenham,Manchester City,1.42168,0.773747,1,0,ENG-Premier League,2223
2023-02-08 19:00:00,Manchester United,Leeds,2.00007,0.554798,2,2,ENG-Premier League,2223
2023-02-11 15:00:00,Arsenal,Brentford,1.36738,2.17538,1,1,ENG-Premier League,2223
2023-02-11 17:30:00,Bournemouth,Newcastle United,1.54458,1.54853,1,1,ENG-Premier League,2223
2023-02-11 15:00:00,Crystal Palace,Brighton,0.928279,2.64981,1,1,ENG-Premier League,2223
2023-02-11 15:00:00,Fulham,Nottingham Forest,1.69704,0.686824,2,0,ENG-Premier League,2223
2023-02-11 15:00:00,Leicester,Tottenham,1.41208,1.11709,4,1,ENG-Premier League,2223
2023-02-11 15:00:00,Southampton,Wolverhampton Wanderers,1.30203,0.615651,1,2,ENG-Premier League,2223
2023-02-11 12:30:00,West Ham,Chelsea,1.07615,0.900465,1,1,ENG-Premier League,2223
2023-02-12 14:00:00,Leeds,Manchester United,1.89163,1.30375,0,2,ENG-Premier League,2223
2023-02-12 16:30:00,Manchester City,Aston Villa,3.60987,0.275348,3,1,ENG-Premier League,2223
2023-02-13 20:00:00,Liverpool,Everton,2.23291,0.402331,2,0,ENG-Premier League,2223
2023-02-15 18:30:00,Arsenal,Manchester City,1.70139,2.00841,1,3,ENG-Premier League,2223
2023-02-18 12:30:00,Aston Villa,Arsenal,0.335752,2.85981,2,4,ENG-Premier League,2223
2023-02-18 15:00:00,Brentford,Crystal Palace,0.610105,1.12202,1,1,ENG-Premier League,2223
2023-02-18 15:00:00,Brighton,Fulham,2.71375,0.224214,0,1,ENG-Premier League,2223
2023-02-18 15:00:00,Chelsea,Southampton,1.61723,0.619532,0,1,ENG-Premier League,2223
2023-02-18 15:00:00,Everton,Leeds,1.53811,0.597403,1,0,ENG-Premier League,2223
2023-02-18 17:30:00,Newcastle United,Liverpool,1.74852,2.16549,0,2,ENG-Premier League,2223
2023-02-18 15:00:00,Nottingham Forest,Manchester City,1.12735,2.80966,1,1,ENG-Premier League,2223
2023-02-18 15:00:00,Wolverhampton Wanderers,Bournemouth,0.911415,1.15274,0,1,ENG-Premier League,2223
2023-02-19 14:00:00,Manchester United,Leicester,4.24663,1.39678,3,0,ENG-Premier League,2223
2023-02-19 16:30:00,Tottenham,West Ham,1.43042,0.365173,2,0,ENG-Premier League,2223
2023-02-24 20:00:00,Fulham,Wolverhampton Wanderers,0.913133,0.997097,1,1,ENG-Premier League,2223
2023-02-25 17:30:00,Bournemouth,Manchester City,1.08527,2.98206,1,4,ENG-Premier League,2223
2023-02-25 19:45:00,Crystal Palace,Liverpool,0.989086,1.35123,0,0,ENG-Premier League,2223
2023-02-25 15:00:00,Everton,Aston Villa,1.54109,2.06037,0,2,ENG-Premier League,2223
2023-02-25 15:00:00,Leeds,Southampton,0.720048,0.391128,1,0,ENG-Premier League,2223
2023-02-25 15:00:00,Leicester,Arsenal,0.0203463,0.722059,0,1,ENG-Premier League,2223
2023-02-25 15:00:00,West Ham,Nottingham Forest,3.05032,0.350849,4,0,ENG-Premier League,2223
2023-02-26 13:30:00,Tottenham,Chelsea,0.926313,0.262281,2,0,ENG-Premier League,2223
2023-03-01 20:00:00,Arsenal,Everton,3.06919,1.604,4,0,ENG-Premier League,2223
2023-03-01 20:00:00,Liverpool,Wolverhampton Wanderers,2.70191,0.78681,2,0,ENG-Premier League,2223
2023-03-04 15:00:00,Arsenal,Bournemouth,2.46279,1.74267,3,2,ENG-Premier League,2223
2023-03-04 15:00:00,Aston Villa,Crystal Palace,0.890605,0.152761,1,0,ENG-Premier League,2223
2023-03-04 15:00:00,Brighton,West Ham,3.49993,0.250045,4,0,ENG-Premier League,2223
2023-03-04 15:00:00,Chelsea,Leeds,1.8678,0.633995,1,0,ENG-Premier League,2223
2023-03-04 12:30:00,Manchester City,Newcastle United,1.34144,0.359809,2,0,ENG-Premier League,2223
2023-03-04 17:30:00,Southampton,Leicester,1.34332,1.67051,1,0,ENG-Premier League,2223
2023-03-04 15:00:00,Wolverhampton Wanderers,Tottenham,0.562477,1.25588,1,0,ENG-Premier League,2223
2023-03-05 16:30:00,Liverpool,Manchester United,3.44269,0.837542,7,0,ENG-Premier League,2223
2023-03-05 14:00:00,Nottingham Forest,Everton,0.799733,1.70877,2,2,ENG-Premier League,2223
2023-03-06 20:00:00,Brentford,Fulham,2.44358,1.67531,3,2,ENG-Premier League,2223
2023-03-11 12:30:00,Bournemouth,Liverpool,1.10128,2.13465,1,0,ENG-Premier League,2223
2023-03-11 17:30:00,Crystal Palace,Manchester City,0.185498,2.1884,0,1,ENG-Premier League,2223
2023-03-11 15:00:00,Everton,Brentford,1.71599,1.95088,1,0,ENG-Premier League,2223
2023-03-11 15:00:00,Leeds,Brighton,0.596738,1.51388,2,2,ENG-Premier League,2223
2023-03-11 15:00:00,Leicester,Chelsea,2.36139,1.49478,1,3,ENG-Premier League,2223
2023-03-11 15:00:00,Tottenham,Nottingham Forest,1.73482,1.62805,3,1,ENG-Premier League,2223
2023-03-12 14:00:00,Fulham,Arsenal,0.61832,2.64355,0,3,ENG-Premier League,2223
2023-03-12 14:00:00,Manchester United,Southampton,0.910911,1.18053,0,0,ENG-Premier League,2223
2023-03-12 16:30:00,Newcastle United,Wolverhampton Wanderers,2.45527,0.709895,2,1,ENG-Premier League,2223
2023-03-12 14:00:00,West Ham,Aston Villa,2.14634,1.99139,1,1,ENG-Premier League,2223
2023-03-15 19:30:00,Brighton,Crystal Palace,0.588727,1.21452,1,0,ENG-Premier League,2223
2023-03-15 19:30:00,Southampton,Brentford,0.358977,1.66591,0,2,ENG-Premier League,2223
2023-03-17 20:00:00,Nottingham Forest,Newcastle United,0.531985,2.50027,1,2,ENG-Premier League,2223
2023-03-18 15:00:00,Aston Villa,Bournemouth,3.45474,0.50014,3,0,ENG-Premier League,2223
2023-03-18 15:00:00,Brentford,Leicester,0.476467,1.42133,1,1,ENG-Premier League,2223
2023-03-18 17:30:00,Chelsea,Everton,1.90027,1.64675,2,2,ENG-Premier League,2223
2023-03-18 15:00:00,Southampton,Tottenham,2.52077,1.88473,3,3,ENG-Premier League,2223
2023-03-18 15:00:00,Wolverhampton Wanderers,Leeds,2.76358,1.6549,2,4,ENG-Premier League,2223
2023-03-19 14:00:00,Arsenal,Crystal Palace,1.53568,1.19194,4,1,ENG-Premier League,2223
2023-04-01 14:00:00,Arsenal,Leeds,3.29548,0.497609,4,1,ENG-Premier League,2223
2023-04-01 14:00:00,Bournemouth,Fulham,3.14054,0.601049,2,1,ENG-Premier League,2223
2023-04-01 14:00:00,Brighton,Brentford,3.8195,1.2788,3,3,ENG-Premier League,2223
2023-04-01 16:30:00,Chelsea,Aston Villa,2.38024,0.765794,0,2,ENG-Premier League,2223
2023-04-01 14:00:00,Crystal Palace,Leicester,1.93471,0.198959,2,1,ENG-Premier League,2223
2023-04-01 11:30:00,Manchester City,Liverpool,3.01243,0.318171,4,1,ENG-Premier League,2223
2023-04-01 14:00:00,Nottingham Forest,Wolverhampton Wanderers,1.11441,0.383739,1,1,ENG-Premier League,2223
2023-04-02 15:30:00,Newcastle United,Manchester United,3.33162,0.334127,2,0,ENG-Premier League,2223
2023-04-02 13:00:00,West Ham,Southampton,1.40363,0.318261,1,0,ENG-Premier League,2223
2023-04-03 19:00:00,Everton,Tottenham,0.823365,1.39177,1,1,ENG-Premier League,2223
2023-04-04 18:45:00,Bournemouth,Brighton,1.15322,2.63392,0,2,ENG-Premier League,2223
2023-04-04 19:00:00,Chelsea,Liverpool,2.18903,0.202217,0,0,ENG-Premier League,2223
2023-04-04 18:45:00,Leeds,Nottingham Forest,2.43248,0.613917,2,1,ENG-Premier League,2223
2023-04-04 18:45:00,Leicester,Aston Villa,0.671597,1.00159,1,2,ENG-Premier League,2223
2023-04-05 19:00:00,Manchester United,Brentford,1.1445,0.64499,1,0,ENG-Premier League,2223
2023-04-05 19:00:00,West Ham,Newcastle United,0.83342,2.84091,1,5,ENG-Premier League,2223
2023-04-08 14:00:00,Aston Villa,Nottingham Forest,1.42718,0.232452,2,0,ENG-Premier League,2223
2023-04-08 14:00:00,Brentford,Newcastle United,2.06521,1.02337,1,2,ENG-Premier League,2223
2023-04-08 14:00:00,Fulham,West Ham,0.456524,1.23261,0,1,ENG-Premier League,2223
2023-04-08 14:00:00,Leicester,Bournemouth,0.731965,1.92396,0,1,ENG-Premier League,2223
2023-04-08 11:30:00,Manchester United,Everton,4.38578,0.949183,2,0,ENG-Premier League,2223
2023-04-08 16:30:00,Southampton,Manchester City,0.492801,3.05999,1,4,ENG-Premier League,2223
2023-04-08 14:00:00,Tottenham,Brighton,0.594139,1.47549,2,1,ENG-Premier League,2223
2023-04-08 14:00:00,Wolverhampton Wanderers,Chelsea,0.601153,0.815308,1,0,ENG-Premier League,2223
2023-04-09 13:00:00,Leeds,Crystal Palace,1.02075,3.22687,1,5,ENG-Premier League,2223
2023-04-09 15:30:00,Liverpool,Arsenal,4.64012,1.53631,2,2,ENG-Premier League,2223
2023-04-15 11:30:00,Aston Villa,Newcastle United,1.91802,0.425086,3,0,ENG-Premier League,2223
2023-04-15 14:00:00,Chelsea,Brighton,0.46331,2.52107,1,2,ENG-Premier League,2223
2023-04-15 14:00:00,Everton,Fulham,2.24262,1.92209,1,3,ENG-Premier League,2223
2023-04-15 16:30:00,Manchester City,Leicester,1.60702,1.92692,3,1,ENG-Premier League,2223
2023-04-15 14:00:00,Southampton,Crystal Palace,0.678449,0.86306,0,2,ENG-Premier League,2223
2023-04-15 14:00:00,Tottenham,Bournemouth,2.30604,1.20598,2,3,ENG-Premier League,2223
2023-04-15 14:00:00,Wolverhampton Wanderers,Brentford,0.93912,1.5133,2,0,ENG-Premier League,2223
2023-04-16 15:30:00,Nottingham Forest,Manchester United,1.05289,3.33747,0,2,ENG-Premier League,2223
2023-04-16 13:00:00,West Ham,Arsenal,1.96095,2.71782,2,2,ENG-Premier League,2223
2023-04-17 19:00:00,Leeds,Liverpool,1.16748,2.65476,1,6,ENG-Premier League,2223
2023-04-21 19:00:00,Arsenal,Southampton,2.39609,1.43063,3,3,ENG-Premier League,2223
2023-04-22 14:00:00,Brentford,Aston Villa,2.03162,1.66602,1,1,ENG-Premier League,2223
2023-04-22 14:00:00,Crystal Palace,Everton,0.368137,0.433712,0,0,ENG-Premier League,2223
2023-04-22 11:30:00,Fulham,Leeds,1.43763,1.07482,2,1,ENG-Premier League,2223
2023-04-22 14:00:00,Leicester,Wolverhampton Wanderers,2.66929,0.59626,2,1,ENG-Premier League,2223
2023-04-22 14:00:00,Liverpool,Nottingham Forest,3.32745,0.724666,3,2,ENG-Premier League,2223
2023-04-23 13:00:00,Bournemouth,West Ham,0.974687,2.52322,0,4,ENG-Premier League,2223
2023-04-23 13:00:00,Newcastle United,Tottenham,3.98532,0.883001,6,1,ENG-Premier League,2223
2023-04-25 18:45:00,Aston Villa,Fulham,0.839159,0.079864,1,0,ENG-Premier League,2223
2023-04-25 19:00:00,Leeds,Leicester,2.09645,2.08594,1,1,ENG-Premier League,2223
2023-04-25 18:30:00,Wolverhampton Wanderers,Crystal Palace,1.12829,0.580294,2,0,ENG-Premier League,2223
2023-04-26 18:45:00,Chelsea,Brentford,1.21124,0.695344,0,2,ENG-Premier League,2223
2023-04-26 19:00:00,Manchester City,Arsenal,2.01168,0.398372,4,1,ENG-Premier League,2223
2023-04-26 18:30:00,Nottingham Forest,Brighton,2.43846,2.33064,3,1,ENG-Premier League,2223
2023-04-26 18:45:00,West Ham,Liverpool,0.939348,1.7045,1,2,ENG-Premier League,2223
2023-04-27 18:45:00,Everton,Newcastle United,0.777008,2.86368,1,4,ENG-Premier League,2223
2023-04-27 18:45:00,Southampton,Bournemouth,0.477034,0.988554,0,1,ENG-Premier League,2223
2023-04-27 19:15:00,Tottenham,Manchester United,2.37239,1.96508,2,2,ENG-Premier League,2223
2023-04-29 14:00:00,Brentford,Nottingham Forest,1.32059,0.939693,2,1,ENG-Premier League,2223
2023-04-29 14:00:00,Brighton,Wolverhampton Wanderers,3.60471,0.603985,6,0,ENG-Premier League,2223
2023-04-29 11:30:00,Crystal Palace,West Ham,2.31888,1.98262,4,3,ENG-Premier League,2223
2023-04-30 13:00:00,Bournemouth,Leeds,2.51723,1.33691,4,1,ENG-Premier League,2223
2023-04-30 13:00:00,Fulham,Manchester City,0.431813,2.32338,1,2,ENG-Premier League,2223
2023-04-30 15:30:00,Liverpool,Tottenham,2.42911,1.44927,4,3,ENG-Premier League,2223
2023-04-30 13:00:00,Manchester United,Aston Villa,1.3056,0.434738,1,0,ENG-Premier League,2223
2023-04-30 13:00:00,Newcastle United,Southampton,3.91457,0.897175,3,1,ENG-Premier League,2223
2023-05-01 19:00:00,Leicester,Everton,3.32486,3.28648,2,2,ENG-Premier League,2223
2023-05-02 19:00:00,Arsenal,Chelsea,2.7832,0.785202,3,1,ENG-Premier League,2223
2023-05-03 19:00:00,Liverpool,Fulham,1.67372,0.740125,1,0,ENG-Premier League,2223
2023-05-03 19:00:00,Manchester City,West Ham,2.99908,0.492075,3,0,ENG-Premier League,2223
2023-05-04 19:00:00,Brighton,Manchester United,2.09953,1.32105,1,0,ENG-Premier League,2223
2023-05-06 14:00:00,Bournemouth,Chelsea,1.21755,1.76852,1,3,ENG-Premier League,2223
2023-05-06 16:30:00,Liverpool,Brentford,1.992,0.183892,1,0,ENG-Premier League,2223
2023-05-06 14:00:00,Manchester City,Leeds,2.83472,0.140924,2,1,ENG-Premier League,2223
2023-05-06 14:00:00,Tottenham,Crystal Palace,1.15665,0.306669,1,0,ENG-Premier League,2223
2023-05-06 14:00:00,Wolverhampton Wanderers,Aston Villa,0.80605,1.50158,1,0,ENG-Premier League,2223
2023-05-07 15:30:00,Newcastle United,Arsenal,1.37224,1.29061,0,2,ENG-Premier League,2223
2023-05-07 18:00:00,West Ham,Manchester United,1.76618,1.1942,1,0,ENG-Premier League,2223
2023-05-08 16:30:00,Brighton,Everton,3.23717,2.94223,1,5,ENG-Premier League,2223
2023-05-08 14:00:00,Fulham,Leicester,1.75276,2.92566,5,3,ENG-Premier League,2223
2023-05-08 19:00:00,Nottingham Forest,Southampton,1.91326,3.31096,4,3,ENG-Premier League,2223
2023-05-13 14:00:00,Aston Villa,Tottenham,1.79987,1.18505,2,1,ENG-Premier League,2223
2023-05-13 14:00:00,Chelsea,Nottingham Forest,0.999181,1.96797,2,2,ENG-Premier League,2223
2023-05-13 14:00:00,Crystal Palace,Bournemouth,1.40237,0.262022,2,0,ENG-Premier League,2223
2023-05-13 11:30:00,Leeds,Newcastle United,2.01567,2.35118,2,2,ENG-Premier League,2223
2023-05-13 14:00:00,Manchester United,Wolverhampton Wanderers,3.10118,0.268789,2,0,ENG-Premier League,2223
2023-05-13 14:00:00,Southampton,Fulham,0.149649,1.27085,0,2,ENG-Premier League,2223
2023-05-14 15:30:00,Arsenal,Brighton,0.958651,2.21276,0,3,ENG-Premier League,2223
2023-05-14 13:00:00,Brentford,West Ham,4.42571,0.203312,2,0,ENG-Premier League,2223
2023-05-14 13:00:00,Everton,Manchester City,1.18597,1.04338,0,3,ENG-Premier League,2223
2023-05-15 19:00:00,Leicester,Liverpool,0.527496,1.77085,0,3,ENG-Premier League,2223
2023-05-18 18:30:00,Newcastle United,Brighton,4.11359,0.593493,4,1,ENG-Premier League,2223
2023-05-20 14:00:00,Bournemouth,Manchester United,0.815723,1.71783,0,1,ENG-Premier League,2223
2023-05-20 14:00:00,Fulham,Crystal Palace,1.95519,1.70785,2,2,ENG-Premier League,2223
2023-05-20 14:00:00,Liverpool,Aston Villa,0.918508,1.46948,1,1,ENG-Premier League,2223
2023-05-20 16:30:00,Nottingham Forest,Arsenal,1.1397,0.4902,1,0,ENG-Premier League,2223
2023-05-20 11:30:00,Tottenham,Brentford,1.61667,1.15344,1,3,ENG-Premier League,2223
2023-05-20 14:00:00,Wolverhampton Wanderers,Everton,1.28976,2.46976,1,1,ENG-Premier League,2223
2023-05-21 13:00:00,Brighton,Southampton,2.41418,0.863659,3,1,ENG-Premier League,2223
2023-05-21 15:00:00,Manchester City,Chelsea,1.20557,1.15648,1,0,ENG-Premier League,2223
2023-05-21 12:30:00,West Ham,Leeds,2.48001,0.645828,3,1,ENG-Premier League,2223
2023-05-22 19:00:00,Newcastle United,Leicester,2.05089,0.0839072,0,0,ENG-Premier League,2223
2023-05-24 19:00:00,Brighton,Manchester City,2.11486,1.92973,1,1,ENG-Premier League,2223
2023-05-25 19:00:00,Manchester United,Chelsea,4.92231,1.68364,4,1,ENG-Premier League,2223
2023-05-28 15:30:00,Arsenal,Wolverhampton Wanderers,3.02466,0.38772,5,0,ENG-Premier League,2223
2023-05-28 15:30:00,Aston Villa,Brighton,2.55845,1.23117,2,1,ENG-Premier League,2223
2023-05-28 15:30:00,Brentford,Manchester City,1.43893,1.18649,1,0,ENG-Premier League,2223
2023-05-28 15:30:00,Chelsea,Newcastle United,2.01924,1.51899,1,1,ENG-Premier League,2223
2023-05-28 15:30:00,Crystal Palace,Nottingham Forest,1.00786,0.436439,1,1,ENG-Premier League,2223
2023-05-28 15:30:00,Everton,Bournemouth,1.12933,0.432084,1,0,ENG-Premier League,2223
2023-05-28 15:30:00,Leeds,Tottenham,1.19151,2.03315,1,4,ENG-Premier League,2223
2023-05-28 15:30:00,Leicester,West Ham,2.03013,0.970352,2,1,ENG-Premier League,2223
2023-05-28 15:30:00,Manchester United,Fulham,2.74766,1.88167,2,1,ENG-Premier League,2223
2023-05-28 15:30:00,Southampton,Liverpool,1.33964,4.00345,4,4,ENG-Premier League,2223
2023-08-11 19:00:00,Burnley,Manchester City,0.311032,2.40074,0,3,ENG-Premier League,2324
2023-08-12 11:30:00,Arsenal,Nottingham Forest,0.84262,0.966305,2,1,ENG-Premier League,2324
2023-08-12 14:00:00,Bournemouth,West Ham,1.51025,1.4834,1,1,ENG-Premier League,2324
2023-08-12 14:00:00,Brighton,Luton,4.36748,1.88594,4,1,ENG-Premier League,2324
2023-08-12 14:00:00,Everton,Fulham,2.59001,1.58144,0,1,ENG-Premier League,2324
2023-08-12 16:30:00,Newcastle United,Aston Villa,4.32208,1.486,5,1,ENG-Premier League,2324
2023-08-12 14:00:00,Sheffield United,Crystal Palace,0.422704,2.27616,0,1,ENG-Premier League,2324
2023-08-13 13:00:00,Brentford,Tottenham,1.90756,1.45316,2,2,ENG-Premier League,2324
2023-08-13 15:30:00,Chelsea,Liverpool,1.93258,1.29994,1,1,ENG-Premier League,2324
2023-08-14 19:00:00,Manchester United,Wolverhampton Wanderers,1.97087,1.72228,1,0,ENG-Premier League,2324
2023-08-18 18:45:00,Nottingham Forest,Sheffield United,1.37181,0.551038,2,1,ENG-Premier League,2324
2023-08-19 14:00:00,Fulham,Brentford,0.399899,3.46888,0,3,ENG-Premier League,2324
2023-08-19 14:00:00,Liverpool,Bournemouth,3.25448,1.3867,3,1,ENG-Premier League,2324
2023-08-19 19:00:00,Manchester City,Newcastle United,1.22528,0.257154,1,0,ENG-Premier League,2324
2023-08-19 16:30:00,Tottenham,Manchester United,2.53904,2.44604,2,0,ENG-Premier League,2324
2023-08-19 14:00:00,Wolverhampton Wanderers,Brighton,2.68821,3.15562,1,4,ENG-Premier League,2324
2023-08-20 13:00:00,Aston Villa,Everton,3.24336,0.721465,4,0,ENG-Premier League,2324
2023-08-20 15:30:00,West Ham,Chelsea,1.71234,1.60916,3,1,ENG-Premier League,2324
2023-08-21 19:00:00,Crystal Palace,Arsenal,1.06916,2.20593,0,1,ENG-Premier League,2324
2023-08-25 19:00:00,Chelsea,Luton,3.41419,0.465741,3,0,ENG-Premier League,2324
2023-08-26 14:00:00,Arsenal,Fulham,3.23088,0.849817,2,2,ENG-Premier League,2324
2023-08-26 11:30:00,Bournemouth,Tottenham,0.483582,2.26115,0,2,ENG-Premier League,2324
2023-08-26 14:00:00,Brentford,Crystal Palace,0.948011,1.06061,1,1,ENG-Premier League,2324
2023-08-26 16:30:00,Brighton,West Ham,1.3743,2.9527,1,3,ENG-Premier League,2324
2023-08-26 14:00:00,Everton,Wolverhampton Wanderers,1.89792,1.40228,0,1,ENG-Premier League,2324
2023-08-26 14:00:00,Manchester United,Nottingham Forest,3.02803,0.960354,3,2,ENG-Premier League,2324
2023-08-27 13:00:00,Burnley,Aston Villa,0.630605,2.83691,1,3,ENG-Premier League,2324
2023-08-27 15:30:00,Newcastle United,Liverpool,1.62037,0.856121,1,2,ENG-Premier League,2324
2023-08-27 13:00:00,Sheffield United,Manchester City,0.762232,3.84804,1,2,ENG-Premier League,2324
2023-09-01 19:00:00,Luton,West Ham,2.02244,1.22528,1,2,ENG-Premier League,2324
2023-09-02 14:00:00,Brentford,Bournemouth,3.07185,2.11013,2,2,ENG-Premier League,2324
2023-09-02 16:30:00,Brighton,Newcastle United,1.32258,0.90476,3,1,ENG-Premier League,2324
2023-09-02 14:00:00,Burnley,Tottenham,1.66604,2.39785,2,5,ENG-Premier League,2324
2023-09-02 14:00:00,Chelsea,Nottingham Forest,2.28442,1.1505,0,1,ENG-Premier League,2324
2023-09-02 14:00:00,Manchester City,Fulham,2.00152,1.46427,5,1,ENG-Premier League,2324
2023-09-02 11:30:00,Sheffield United,Everton,1.575,2.73871,2,2,ENG-Premier League,2324
2023-09-03 15:30:00,Arsenal,Manchester United,1.90973,0.966109,3,1,ENG-Premier League,2324
2023-09-03 13:00:00,Crystal Palace,Wolverhampton Wanderers,2.32935,1.13911,3,2,ENG-Premier League,2324
2023-09-03 13:00:00,Liverpool,Aston Villa,2.73138,0.615503,3,0,ENG-Premier League,2324
2023-09-16 14:00:00,Aston Villa,Crystal Palace,2.31518,1.11696,3,1,ENG-Premier League,2324
2023-09-16 14:00:00,Fulham,Luton,1.75704,1.45705,1,0,ENG-Premier League,2324
2023-09-16 14:00:00,Manchester United,Brighton,0.719951,1.93908,1,3,ENG-Premier League,2324
2023-09-16 16:30:00,Newcastle United,Brentford,1.50126,0.633678,1,0,ENG-Premier League,2324
2023-09-16 14:00:00,Tottenham,Sheffield United,2.15909,0.790655,2,1,ENG-Premier League,2324
2023-09-16 14:00:00,West Ham,Manchester City,0.895632,4.15046,1,3,ENG-Premier League,2324
2023-09-16 11:30:00,Wolverhampton Wanderers,Liverpool,0.538833,2.82701,1,3,ENG-Premier League,2324
2023-09-17 13:00:00,Bournemouth,Chelsea,1.32515,1.39677,0,0,ENG-Premier League,2324
2023-09-17 15:30:00,Everton,Arsenal,0.28317,0.802605,0,1,ENG-Premier League,2324
2023-09-18 18:45:00,Nottingham Forest,Burnley,0.705795,0.807651,1,1,ENG-Premier League,2324
2023-09-23 16:30:00,Brentford,Everton,1.57402,2.51497,1,3,ENG-Premier League,2324
2023-09-23 19:00:00,Burnley,Manchester United,0.935444,0.840273,0,1,ENG-Premier League,2324
2023-09-23 14:00:00,Crystal Palace,Fulham,0.37236,0.542678,0,0,ENG-Premier League,2324
2023-09-23 14:00:00,Luton,Wolverhampton Wanderers,2.24101,0.762984,1,1,ENG-Premier League,2324
2023-09-23 14:00:00,Manchester City,Nottingham Forest,1.33984,0.729109,2,0,ENG-Premier League,2324
2023-09-24 13:00:00,Arsenal,Tottenham,2.3429,2.21166,2,2,ENG-Premier League,2324
2023-09-24 13:00:00,Brighton,Bournemouth,2.14533,1.58984,3,1,ENG-Premier League,2324
2023-09-24 13:00:00,Chelsea,Aston Villa,1.19716,1.13479,0,1,ENG-Premier League,2324
2023-09-24 13:00:00,Liverpool,West Ham,4.14262,1.53878,3,1,ENG-Premier League,2324
2023-09-24 15:30:00,Sheffield United,Newcastle United,0.579392,5.1082,0,8,ENG-Premier League,2324
2023-09-30 11:30:00,Aston Villa,Brighton,1.90746,1.72819,6,1,ENG-Premier League,2324
2023-09-30 14:00:00,Bournemouth,Arsenal,0.644443,4.0742,0,4,ENG-Premier League,2324
2023-09-30 14:00:00,Everton,Luton,3.65377,1.5102,1,2,ENG-Premier League,2324
2023-09-30 14:00:00,Manchester United,Crystal Palace,1.55408,1.19015,0,1,ENG-Premier League,2324
2023-09-30 14:00:00,Newcastle United,Burnley,3.08516,0.801849,2,0,ENG-Premier League,2324
2023-09-30 16:30:00,Tottenham,Liverpool,2.18823,1.12299,2,1,ENG-Premier League,2324
2023-09-30 14:00:00,West Ham,Sheffield United,3.19753,0.911997,2,0,ENG-Premier League,2324
2023-09-30 14:00:00,Wolverhampton Wanderers,Manchester City,0.673985,0.98075,2,1,ENG-Premier League,2324
2023-10-01 13:00:00,Nottingham Forest,Brentford,0.800317,1.75862,1,1,ENG-Premier League,2324
2023-10-02 19:00:00,Fulham,Chelsea,0.889383,1.98461,0,2,ENG-Premier League,2324
2023-10-03 18:30:00,Luton,Burnley,1.53058,0.920206,1,2,ENG-Premier League,2324
2023-10-07 14:00:00,Burnley,Chelsea,0.956642,1.97566,1,4,ENG-Premier League,2324
2023-10-07 16:30:00,Crystal Palace,Nottingham Forest,0.982452,1.22105,0,0,ENG-Premier League,2324
2023-10-07 14:00:00,Everton,Bournemouth,3.16482,0.981732,3,0,ENG-Premier League,2324
2023-10-07 14:00:00,Fulham,Sheffield United,2.26612,0.251809,3,1,ENG-Premier League,2324
2023-10-07 11:30:00,Luton,Tottenham,0.848118,2.37947,0,1,ENG-Premier League,2324
2023-10-07 14:00:00,Manchester United,Brentford,1.29356,1.02509,2,1,ENG-Premier League,2324
2023-10-08 15:30:00,Arsenal,Manchester City,0.386558,0.858071,1,0,ENG-Premier League,2324
2023-10-08 13:00:00,Brighton,Liverpool,2.23187,2.51029,2,2,ENG-Premier League,2324
2023-10-08 13:00:00,West Ham,Newcastle United,0.931345,1.97865,2,2,ENG-Premier League,2324
2023-10-08 13:00:00,Wolverhampton Wanderers,Aston Villa,1.76232,1.81618,1,1,ENG-Premier League,2324
2023-10-21 14:00:00,Bournemouth,Wolverhampton Wanderers,1.01839,2.30454,1,2,ENG-Premier League,2324
2023-10-21 14:00:00,Brentford,Burnley,3.15685,0.693129,3,0,ENG-Premier League,2324
2023-10-21 16:30:00,Chelsea,Arsenal,1.71838,1.05791,2,2,ENG-Premier League,2324
2023-10-21 11:30:00,Liverpool,Everton,2.28568,0.0937725,2,0,ENG-Premier League,2324
2023-10-21 14:00:00,Manchester City,Brighton,0.962509,0.963733,2,1,ENG-Premier League,2324
2023-10-21 14:00:00,Newcastle United,Crystal Palace,3.73336,1.08795,4,0,ENG-Premier League,2324
2023-10-21 14:00:00,Nottingham Forest,Luton,3.27549,1.49555,2,2,ENG-Premier League,2324
2023-10-21 19:00:00,Sheffield United,Manchester United,1.41074,1.46187,1,2,ENG-Premier League,2324
2023-10-22 15:30:00,Aston Villa,West Ham,2.34143,0.659622,4,1,ENG-Premier League,2324
2023-10-23 19:00:00,Tottenham,Fulham,1.63523,0.745838,2,0,ENG-Premier League,2324
2023-10-27 19:00:00,Crystal Palace,Tottenham,0.561834,0.989103,1,2,ENG-Premier League,2324
2023-10-28 14:00:00,Arsenal,Sheffield United,3.03496,0.0281554,5,0,ENG-Premier League,2324
2023-10-28 14:00:00,Bournemouth,Burnley,1.10052,0.90255,2,1,ENG-Premier League,2324
2023-10-28 11:30:00,Chelsea,Brentford,1.71801,2.48137,0,2,ENG-Premier League,2324
2023-10-28 16:30:00,Wolverhampton Wanderers,Newcastle United,0.863393,2.31987,2,2,ENG-Premier League,2324
2023-10-29 14:00:00,Aston Villa,Luton,3.07654,0.453117,3,1,ENG-Premier League,2324
2023-10-29 14:00:00,Brighton,Fulham,1.31996,0.552523,1,1,ENG-Premier League,2324
2023-10-29 14:00:00,Liverpool,Nottingham Forest,2.70428,0.642014,3,0,ENG-Premier League,2324
2023-10-29 15:30:00,Manchester United,Manchester City,0.714628,4.54595,0,3,ENG-Premier League,2324
2023-10-29 13:00:00,West Ham,Everton,0.618578,0.733813,0,1,ENG-Premier League,2324
2023-11-04 15:00:00,Brentford,West Ham,1.82944,1.75505,3,2,ENG-Premier League,2324
2023-11-04 15:00:00,Burnley,Crystal Palace,1.4998,1.43653,0,2,ENG-Premier League,2324
2023-11-04 15:00:00,Everton,Brighton,0.617607,0.442489,1,1,ENG-Premier League,2324
2023-11-04 12:30:00,Fulham,Manchester United,1.18241,0.697095,0,1,ENG-Premier League,2324
2023-11-04 15:00:00,Manchester City,Bournemouth,2.39949,0.643127,6,1,ENG-Premier League,2324
2023-11-04 17:30:00,Newcastle United,Arsenal,1.12355,0.535473,1,0,ENG-Premier League,2324
2023-11-04 15:00:00,Sheffield United,Wolverhampton Wanderers,1.10165,1.14803,2,1,ENG-Premier League,2324
2023-11-05 16:30:00,Luton,Liverpool,1.3411,3.03925,1,1,ENG-Premier League,2324
2023-11-05 14:00:00,Nottingham Forest,Aston Villa,0.592447,1.33116,2,0,ENG-Premier League,2324
2023-11-06 20:00:00,Tottenham,Chelsea,0.959108,4.05865,1,4,ENG-Premier League,2324
2023-11-11 15:00:00,Arsenal,Burnley,2.63194,0.327706,3,1,ENG-Premier League,2324
2023-11-11 17:30:00,Bournemouth,Newcastle United,2.78424,0.306141,2,0,ENG-Premier League,2324
2023-11-11 15:00:00,Crystal Palace,Everton,1.89194,1.7904,2,3,ENG-Premier League,2324
2023-11-11 15:00:00,Manchester United,Luton,2.74105,0.408265,1,0,ENG-Premier League,2324
2023-11-11 12:30:00,Wolverhampton Wanderers,Tottenham,1.90884,0.432315,2,1,ENG-Premier League,2324
2023-11-12 14:00:00,Aston Villa,Fulham,2.86039,0.648745,3,1,ENG-Premier League,2324
2023-11-12 14:00:00,Brighton,Sheffield United,1.08601,0.84434,1,1,ENG-Premier League,2324
2023-11-12 16:30:00,Chelsea,Manchester City,3.47238,3.19324,4,4,ENG-Premier League,2324
2023-11-12 14:00:00,Liverpool,Brentford,1.56004,1.44954,3,0,ENG-Premier League,2324
2023-11-12 14:00:00,West Ham,Nottingham Forest,2.06402,1.42128,3,2,ENG-Premier League,2324
2023-11-25 17:30:00,Brentford,Arsenal,1.66315,1.82699,0,1,ENG-Premier League,2324
2023-11-25 15:00:00,Burnley,West Ham,1.44228,1.36963,1,2,ENG-Premier League,2324
2023-11-25 15:00:00,Luton,Crystal Palace,0.996153,1.83546,2,1,ENG-Premier League,2324
2023-11-25 12:30:00,Manchester City,Liverpool,1.79622,0.766278,1,1,ENG-Premier League,2324
2023-11-25 15:00:00,Newcastle United,Chelsea,2.15227,0.968061,4,1,ENG-Premier League,2324
2023-11-25 15:00:00,Nottingham Forest,Brighton,2.22655,1.21792,2,3,ENG-Premier League,2324
2023-11-25 15:00:00,Sheffield United,Bournemouth,0.816227,3.13975,1,3,ENG-Premier League,2324
2023-11-26 16:30:00,Everton,Manchester United,2.49764,2.07334,0,3,ENG-Premier League,2324
2023-11-26 14:00:00,Tottenham,Aston Villa,2.22542,2.39755,1,2,ENG-Premier League,2324
2023-11-27 20:00:00,Fulham,Wolverhampton Wanderers,2.49057,1.57875,3,2,ENG-Premier League,2324
2023-12-02 15:00:00,Arsenal,Wolverhampton Wanderers,3.30368,1.07886,2,1,ENG-Premier League,2324
2023-12-02 15:00:00,Brentford,Luton,3.25952,0.227176,3,1,ENG-Premier League,2324
2023-12-02 15:00:00,Burnley,Sheffield United,2.60469,0.618131,5,0,ENG-Premier League,2324
2023-12-02 20:00:00,Newcastle United,Manchester United,2.90191,0.422674,1,0,ENG-Premier League,2324
2023-12-02 17:30:00,Nottingham Forest,Everton,0.673085,0.623789,0,1,ENG-Premier League,2324
2023-12-03 14:00:00,Bournemouth,Aston Villa,2.54937,0.89511,2,2,ENG-Premier League,2324
2023-12-03 14:00:00,Chelsea,Brighton,1.66304,0.855058,3,2,ENG-Premier League,2324
2023-12-03 14:00:00,Liverpool,Fulham,2.72831,1.51005,4,3,ENG-Premier League,2324
2023-12-03 16:30:00,Manchester City,Tottenham,2.90729,0.433077,3,3,ENG-Premier League,2324
2023-12-03 14:00:00,West Ham,Crystal Palace,1.1466,0.987682,1,1,ENG-Premier League,2324
2023-12-05 20:15:00,Luton,Arsenal,0.526254,2.58815,3,4,ENG-Premier League,2324
2023-12-05 19:30:00,Wolverhampton Wanderers,Burnley,1.11886,0.781542,1,0,ENG-Premier League,2324
2023-12-06 20:15:00,Aston Villa,Manchester City,2.1922,1.00198,1,0,ENG-Premier League,2324
2023-12-06 19:30:00,Brighton,Brentford,1.54099,1.22007,2,1,ENG-Premier League,2324
2023-12-06 19:30:00,Crystal Palace,Bournemouth,1.26441,1.79997,0,2,ENG-Premier League,2324
2023-12-06 19:30:00,Fulham,Nottingham Forest,3.09427,0.218659,5,0,ENG-Premier League,2324
2023-12-06 20:15:00,Manchester United,Chelsea,4.03949,2.3512,2,1,ENG-Premier League,2324
2023-12-06 19:30:00,Sheffield United,Liverpool,0.834172,1.80116,0,2,ENG-Premier League,2324
2023-12-07 19:30:00,Everton,Newcastle United,2.95393,1.29564,3,0,ENG-Premier League,2324
2023-12-07 20:15:00,Tottenham,West Ham,1.61268,1.7409,1,2,ENG-Premier League,2324
2023-12-09 17:30:00,Aston Villa,Arsenal,0.628499,1.71667,1,0,ENG-Premier League,2324
2023-12-09 15:00:00,Brighton,Burnley,2.96247,1.05162,1,1,ENG-Premier League,2324
2023-12-09 12:30:00,Crystal Palace,Liverpool,1.79152,1.3708,1,2,ENG-Premier League,2324
2023-12-09 15:00:00,Manchester United,Bournemouth,1.11296,1.9742,0,3,ENG-Premier League,2324
2023-12-09 15:00:00,Sheffield United,Brentford,0.841976,0.644638,1,0,ENG-Premier League,2324
2023-12-09 15:00:00,Wolverhampton Wanderers,Nottingham Forest,1.02199,1.21801,1,1,ENG-Premier League,2324
2023-12-10 14:00:00,Everton,Chelsea,1.11437,0.885512,2,0,ENG-Premier League,2324
2023-12-10 14:00:00,Fulham,West Ham,2.1884,0.983,5,0,ENG-Premier League,2324
2023-12-10 14:00:00,Luton,Manchester City,0.689037,2.23353,1,2,ENG-Premier League,2324
2023-12-10 16:30:00,Tottenham,Newcastle United,4.40118,1.61368,4,1,ENG-Premier League,2324
2023-12-15 20:00:00,Nottingham Forest,Tottenham,1.70569,1.60738,0,2,ENG-Premier League,2324
2023-12-16 17:30:00,Burnley,Everton,0.811435,2.22305,0,2,ENG-Premier League,2324
2023-12-16 15:00:00,Chelsea,Sheffield United,3.27322,0.44014,2,0,ENG-Premier League,2324
2023-12-16 15:00:00,Manchester City,Crystal Palace,2.41646,1.64977,2,2,ENG-Premier League,2324
2023-12-16 15:00:00,Newcastle United,Fulham,4.27933,0.471042,3,0,ENG-Premier League,2324
2023-12-17 14:00:00,Arsenal,Brighton,2.76976,0.663054,2,0,ENG-Premier League,2324
2023-12-17 14:00:00,Brentford,Aston Villa,0.796812,1.4664,1,2,ENG-Premier League,2324
2023-12-17 16:30:00,Liverpool,Manchester United,1.97111,0.632715,0,0,ENG-Premier League,2324
2023-12-17 14:00:00,West Ham,Wolverhampton Wanderers,1.03828,0.556206,3,0,ENG-Premier League,2324
2023-12-21 20:00:00,Crystal Palace,Brighton,1.65409,1.33653,1,1,ENG-Premier League,2324
2023-12-22 20:00:00,Aston Villa,Sheffield United,1.21861,0.646159,1,1,ENG-Premier League,2324
2023-12-23 15:00:00,Fulham,Burnley,1.38096,0.41714,0,2,ENG-Premier League,2324
2023-12-23 17:30:00,Liverpool,Arsenal,0.982901,0.851681,1,1,ENG-Premier League,2324
2023-12-23 15:00:00,Luton,Newcastle United,1.81844,1.41488,1,0,ENG-Premier League,2324
2023-12-23 15:00:00,Nottingham Forest,Bournemouth,0.791806,1.89067,2,3,ENG-Premier League,2324
2023-12-23 15:00:00,Tottenham,Everton,1.57527,1.98385,2,1,ENG-Premier League,2324
2023-12-23 12:30:00,West Ham,Manchester United,1.51468,0.730496,2,0,ENG-Premier League,2324
2023-12-24 13:00:00,Wolverhampton Wanderers,Chelsea,1.74626,1.75447,2,1,ENG-Premier League,2324
2023-12-26 15:00:00,Bournemouth,Fulham,2.07911,0.324365,3,0,ENG-Premier League,2324
2023-12-26 17:30:00,Burnley,Liverpool,0.972389,1.68451,0,2,ENG-Premier League,2324
2023-12-26 20:00:00,Manchester United,Aston Villa,1.20104,1.83637,3,2,ENG-Premier League,2324
2023-12-26 12:30:00,Newcastle United,Nottingham Forest,2.79106,3.1074,1,3,ENG-Premier League,2324
2023-12-26 15:00:00,Sheffield United,Luton,3.61788,0.715575,2,3,ENG-Premier League,2324
2023-12-27 19:30:00,Brentford,Wolverhampton Wanderers,2.59347,1.89483,1,4,ENG-Premier League,2324
2023-12-27 19:30:00,Chelsea,Crystal Palace,2.73005,0.958077,2,1,ENG-Premier League,2324
2023-12-27 20:15:00,Everton,Manchester City,1.23529,2.28321,1,3,ENG-Premier League,2324
2023-12-28 20:15:00,Arsenal,West Ham,2.7884,1.59711,0,2,ENG-Premier League,2324
2023-12-28 19:30:00,Brighton,Tottenham,3.84702,2.06955,4,2,ENG-Premier League,2324
2023-12-30 15:00:00,Aston Villa,Burnley,2.92587,1.11923,3,2,ENG-Premier League,2324
2023-12-30 15:00:00,Crystal Palace,Brentford,1.61057,1.28731,3,1,ENG-Premier League,2324
2023-12-30 12:30:00,Luton,Chelsea,2.64093,1.57463,2,3,ENG-Premier League,2324
2023-12-30 15:00:00,Manchester City,Sheffield United,2.24229,0.263211,2,0,ENG-Premier League,2324
2023-12-30 17:30:00,Nottingham Forest,Manchester United,0.744348,0.651905,2,1,ENG-Premier League,2324
2023-12-30 15:00:00,Wolverhampton Wanderers,Everton,2.64477,0.519641,3,0,ENG-Premier League,2324
2023-12-31 14:00:00,Fulham,Arsenal,1.52829,1.6591,2,1,ENG-Premier League,2324
2023-12-31 14:00:00,Tottenham,Bournemouth,2.15027,1.58229,3,1,ENG-Premier League,2324
2024-01-01 19:00:00,Liverpool,Newcastle United,6.67151,0.910974,4,2,ENG-Premier League,2324
2024-01-02 18:30:00,West Ham,Brighton,0.9831,2.1552,0,0,ENG-Premier League,2324
2024-01-12 19:45:00,Burnley,Luton,1.52023,0.965167,1,1,ENG-Premier League,2324
2024-01-13 12:30:00,Chelsea,Fulham,2.0456,0.697847,1,0,ENG-Premier League,2324
2024-01-13 17:30:00,Newcastle United,Manchester City,1.23638,2.55452,2,3,ENG-Premier League,2324
2024-01-14 14:00:00,Everton,Aston Villa,1.03664,1.3435,0,0,ENG-Premier League,2324
2024-01-14 16:30:00,Manchester United,Tottenham,0.923233,1.31224,2,2,ENG-Premier League,2324
2024-01-20 12:30:00,Arsenal,Crystal Palace,3.52167,0.288083,5,0,ENG-Premier League,2324
2024-01-20 17:30:00,Brentford,Nottingham Forest,1.94219,1.22251,3,2,ENG-Premier League,2324
2024-01-21 16:30:00,Bournemouth,Liverpool,0.834585,1.53344,0,4,ENG-Premier League,2324
2024-01-21 14:00:00,Sheffield United,West Ham,2.61362,2.4241,2,2,ENG-Premier League,2324
2024-01-22 19:45:00,Brighton,Wolverhampton Wanderers,1.3701,1.14116,0,0,ENG-Premier League,2324
2024-01-30 20:15:00,Aston Villa,Newcastle United,1.44485,3.3224,1,3,ENG-Premier League,2324
2024-01-30 20:00:00,Crystal Palace,Sheffield United,1.1601,0.768467,3,2,ENG-Premier League,2324
2024-01-30 19:45:00,Fulham,Everton,2.37499,2.83317,0,0,ENG-Premier League,2324
2024-01-30 19:45:00,Luton,Brighton,3.63312,1.01366,4,0,ENG-Premier League,2324
2024-01-30 19:30:00,Nottingham Forest,Arsenal,0.631618,1.39143,1,2,ENG-Premier League,2324
2024-01-31 20:15:00,Liverpool,Chelsea,3.6627,0.477972,4,1,ENG-Premier League,2324
2024-01-31 19:30:00,Manchester City,Burnley,1.84756,1.49114,3,1,ENG-Premier League,2324
2024-01-31 19:30:00,Tottenham,Brentford,3.36194,1.59637,3,2,ENG-Premier League,2324
2024-02-01 19:30:00,West Ham,Bournemouth,1.3128,1.13487,1,1,ENG-Premier League,2324
2024-02-01 20:15:00,Wolverhampton Wanderers,Manchester United,2.27609,3.22698,3,4,ENG-Premier League,2324
2024-02-03 15:00:00,Brighton,Crystal Palace,1.92591,0.241137,4,1,ENG-Premier League,2324
2024-02-03 15:00:00,Burnley,Fulham,1.00428,1.28806,2,2,ENG-Premier League,2324
2024-02-03 12:30:00,Everton,Tottenham,3.25881,0.922371,2,2,ENG-Premier League,2324
2024-02-03 15:00:00,Newcastle United,Luton,2.37353,2.67463,4,4,ENG-Premier League,2324
2024-02-03 17:30:00,Sheffield United,Aston Villa,1.52784,2.99015,0,5,ENG-Premier League,2324
2024-02-04 16:30:00,Arsenal,Liverpool,2.8526,0.542052,3,1,ENG-Premier League,2324
2024-02-04 14:00:00,Bournemouth,Nottingham Forest,1.1895,0.456548,1,1,ENG-Premier League,2324
2024-02-04 14:00:00,Chelsea,Wolverhampton Wanderers,2.35967,2.48996,2,4,ENG-Premier League,2324
2024-02-04 14:00:00,Manchester United,West Ham,0.96721,1.1807,3,0,ENG-Premier League,2324
2024-02-05 20:00:00,Brentford,Manchester City,0.865741,2.10785,1,3,ENG-Premier League,2324
2024-02-10 15:00:00,Fulham,Bournemouth,1.7456,2.60612,3,1,ENG-Premier League,2324
2024-02-10 15:00:00,Liverpool,Burnley,3.14734,1.11123,3,1,ENG-Premier League,2324
2024-02-10 15:00:00,Luton,Sheffield United,1.76215,1.98283,1,3,ENG-Premier League,2324
2024-02-10 12:30:00,Manchester City,Everton,1.58971,0.192072,2,0,ENG-Premier League,2324
2024-02-10 17:30:00,Nottingham Forest,Newcastle United,0.968075,0.511375,2,3,ENG-Premier League,2324
2024-02-10 15:00:00,Tottenham,Brighton,2.10928,1.49285,2,1,ENG-Premier League,2324
2024-02-10 15:00:00,Wolverhampton Wanderers,Brentford,1.05781,1.84908,0,2,ENG-Premier League,2324
2024-02-11 16:30:00,Aston Villa,Manchester United,2.64675,2.44591,1,2,ENG-Premier League,2324
2024-02-11 14:00:00,West Ham,Arsenal,0.191065,3.99893,0,6,ENG-Premier League,2324
2024-02-12 20:00:00,Crystal Palace,Chelsea,0.719516,1.26948,1,3,ENG-Premier League,2324
2024-02-17 12:30:00,Brentford,Liverpool,1.69518,3.08952,1,4,ENG-Premier League,2324
2024-02-17 15:00:00,Burnley,Arsenal,0.335143,2.20575,0,5,ENG-Premier League,2324
2024-02-17 15:00:00,Fulham,Aston Villa,1.41796,1.57297,1,2,ENG-Premier League,2324
2024-02-17 17:30:00,Manchester City,Chelsea,2.77713,1.82903,1,1,ENG-Premier League,2324
2024-02-17 15:00:00,Newcastle United,Bournemouth,2.38425,2.08098,2,2,ENG-Premier League,2324
2024-02-17 15:00:00,Nottingham Forest,West Ham,2.66942,0.520016,2,0,ENG-Premier League,2324
2024-02-17 15:00:00,Tottenham,Wolverhampton Wanderers,1.59768,1.77591,1,2,ENG-Premier League,2324
2024-02-18 16:30:00,Luton,Manchester United,1.57234,3.58973,1,2,ENG-Premier League,2324
2024-02-18 14:00:00,Sheffield United,Brighton,0.586214,3.35549,0,5,ENG-Premier League,2324
2024-02-19 20:00:00,Everton,Crystal Palace,2.44588,0.734685,1,1,ENG-Premier League,2324
2024-02-20 18:30:00,Manchester City,Brentford,2.53766,0.503799,1,0,ENG-Premier League,2324
2024-02-21 15:00:00,Liverpool,Luton,3.70302,0.956512,4,1,ENG-Premier League,2324
2024-02-24 20:00:00,Arsenal,Newcastle United,2.59336,0.217373,4,1,ENG-Premier League,2324
2024-02-24 15:00:00,Aston Villa,Nottingham Forest,3.48861,2.25569,4,2,ENG-Premier League,2324
2024-02-24 17:30:00,Bournemouth,Manchester City,0.925889,1.79636,0,1,ENG-Premier League,2324
2024-02-24 15:00:00,Brighton,Everton,1.6538,0.286655,1,1,ENG-Premier League,2324
2024-02-24 15:00:00,Crystal Palace,Burnley,2.41612,0.0760216,3,0,ENG-Premier League,2324
2024-02-24 15:00:00,Manchester United,Fulham,1.96036,1.1385,1,2,ENG-Premier League,2324
2024-02-25 13:30:00,Wolverhampton Wanderers,Sheffield United,1.21618,0.654342,1,0,ENG-Premier League,2324
2024-02-26 20:00:00,West Ham,Brentford,2.06873,1.33683,4,2,ENG-Premier League,2324
2024-03-02 15:00:00,Brentford,Chelsea,2.4732,2.1523,2,2,ENG-Premier League,2324
2024-03-02 15:00:00,Everton,West Ham,3.12075,2.17948,1,3,ENG-Premier League,2324
2024-03-02 15:00:00,Fulham,Brighton,1.37604,1.15198,3,0,ENG-Premier League,2324
2024-03-02 17:30:00,Luton,Aston Villa,2.43312,2.08586,2,3,ENG-Premier League,2324
2024-03-02 15:00:00,Newcastle United,Wolverhampton Wanderers,3.33495,0.507769,3,0,ENG-Premier League,2324
2024-03-02 15:00:00,Nottingham Forest,Liverpool,0.971466,1.32259,0,1,ENG-Premier League,2324
2024-03-02 15:00:00,Tottenham,Crystal Palace,2.6625,0.277887,3,1,ENG-Premier League,2324
2024-03-03 13:00:00,Burnley,Bournemouth,1.60461,1.43616,0,2,ENG-Premier League,2324
2024-03-03 15:30:00,Manchester City,Manchester United,2.64173,0.153764,3,1,ENG-Premier League,2324
2024-03-04 20:00:00,Sheffield United,Arsenal,0.201374,2.47294,0,6,ENG-Premier League,2324
2024-03-09 17:30:00,Arsenal,Brentford,1.59369,0.733239,2,1,ENG-Premier League,2324
2024-03-09 15:00:00,Bournemouth,Sheffield United,3.92657,1.91752,2,2,ENG-Premier League,2324
2024-03-09 15:00:00,Crystal Palace,Luton,3.25103,1.08531,1,1,ENG-Premier League,2324
2024-03-09 12:30:00,Manchester United,Everton,2.9016,1.8214,2,0,ENG-Premier League,2324
2024-03-09 15:00:00,Wolverhampton Wanderers,Fulham,1.29589,2.94155,2,1,ENG-Premier League,2324
2024-03-10 13:00:00,Aston Villa,Tottenham,1.23267,2.25381,0,4,ENG-Premier League,2324
2024-03-10 14:00:00,Brighton,Nottingham Forest,0.534518,0.687034,1,0,ENG-Premier League,2324
2024-03-10 15:45:00,Liverpool,Manchester City,2.25492,1.37289,1,1,ENG-Premier League,2324
2024-03-10 14:00:00,West Ham,Burnley,1.87414,0.88131,2,2,ENG-Premier League,2324
2024-03-11 20:00:00,Chelsea,Newcastle United,1.78315,0.568435,3,2,ENG-Premier League,2324
2024-03-13 19:30:00,Bournemouth,Luton,2.84403,2.79419,4,3,ENG-Premier League,2324
2024-03-16 15:00:00,Burnley,Brentford,2.69776,1.25123,2,1,ENG-Premier League,2324
2024-03-16 17:30:00,Fulham,Tottenham,2.47234,2.14564,3,0,ENG-Premier League,2324
2024-03-16 15:00:00,Luton,Nottingham Forest,0.853782,1.95268,1,1,ENG-Premier League,2324
2024-03-17 14:00:00,West Ham,Aston Villa,1.32829,0.911274,1,1,ENG-Premier League,2324
2024-03-30 17:30:00,Aston Villa,Wolverhampton Wanderers,1.28271,1.66232,2,0,ENG-Premier League,2324
2024-03-30 15:00:00,Bournemouth,Everton,1.39268,0.93378,2,1,ENG-Premier League,2324
2024-03-30 20:00:00,Brentford,Manchester United,3.16487,0.989565,1,1,ENG-Premier League,2324
2024-03-30 15:00:00,Chelsea,Burnley,4.46643,2.10422,2,2,ENG-Premier League,2324
2024-03-30 12:30:00,Newcastle United,West Ham,3.80922,0.994584,4,3,ENG-Premier League,2324
2024-03-30 15:00:00,Nottingham Forest,Crystal Palace,0.784652,0.900972,1,1,ENG-Premier League,2324
2024-03-30 15:00:00,Sheffield United,Fulham,1.78824,1.10254,3,3,ENG-Premier League,2324
2024-03-30 15:00:00,Tottenham,Luton,2.46523,0.402402,2,1,ENG-Premier League,2324
2024-03-31 14:00:00,Liverpool,Brighton,3.21149,0.43922,2,1,ENG-Premier League,2324
2024-03-31 16:30:00,Manchester City,Arsenal,1.22009,0.511402,0,0,ENG-Premier League,2324
2024-04-02 18:45:00,Bournemouth,Crystal Palace,1.30969,0.174389,1,0,ENG-Premier League,2324
2024-04-02 18:45:00,Burnley,Wolverhampton Wanderers,1.12581,1.01021,1,1,ENG-Premier League,2324
2024-04-02 18:30:00,Newcastle United,Everton,2.65009,1.69834,1,1,ENG-Premier League,2324
2024-04-02 18:30:00,Nottingham Forest,Fulham,1.94619,1.04304,3,1,ENG-Premier League,2324
2024-04-02 19:15:00,West Ham,Tottenham,1.47017,1.39423,1,1,ENG-Premier League,2324
2024-04-03 18:30:00,Arsenal,Luton,1.14384,0.292082,2,0,ENG-Premier League,2324
2024-04-03 18:30:00,Brentford,Brighton,0.423299,1.22404,0,0,ENG-Premier League,2324
2024-04-03 19:15:00,Manchester City,Aston Villa,3.87704,1.18643,4,1,ENG-Premier League,2324
2024-04-04 19:15:00,Chelsea,Manchester United,3.48048,1.56686,4,3,ENG-Premier League,2324
2024-04-04 18:30:00,Liverpool,Sheffield United,2.51772,0.720948,3,1,ENG-Premier League,2324
2024-04-06 14:00:00,Aston Villa,Brentford,1.16333,1.42064,3,3,ENG-Premier League,2324
2024-04-06 16:30:00,Brighton,Arsenal,0.428514,4.16518,0,3,ENG-Premier League,2324
2024-04-06 11:30:00,Crystal Palace,Manchester City,1.49472,2.26381,2,4,ENG-Premier League,2324
2024-04-06 14:00:00,Everton,Burnley,0.659844,0.34699,1,0,ENG-Premier League,2324
2024-04-06 14:00:00,Fulham,Newcastle United,0.834564,1.18012,0,1,ENG-Premier League,2324
2024-04-06 14:00:00,Luton,Bournemouth,1.30478,0.616108,2,1,ENG-Premier League,2324
2024-04-06 14:00:00,Wolverhampton Wanderers,West Ham,1.78341,1.14133,1,2,ENG-Premier League,2324
2024-04-07 14:30:00,Manchester United,Liverpool,0.814509,4.43457,2,2,ENG-Premier League,2324
2024-04-07 16:30:00,Sheffield United,Chelsea,1.74265,0.521789,2,2,ENG-Premier League,2324
2024-04-07 19:00:00,Tottenham,Nottingham Forest,1.61978,2.00122,3,1,ENG-Premier League,2324
2024-04-13 16:30:00,Bournemouth,Manchester United,2.38519,1.52274,2,2,ENG-Premier League,2324
2024-04-13 14:00:00,Brentford,Sheffield United,1.09071,0.834498,2,0,ENG-Premier League,2324
2024-04-13 14:00:00,Burnley,Brighton,1.8522,0.889445,1,1,ENG-Premier League,2324
2024-04-13 14:00:00,Manchester City,Luton,4.64245,0.809775,5,1,ENG-Premier League,2324
2024-04-13 11:30:00,Newcastle United,Tottenham,3.1483,0.737596,4,0,ENG-Premier League,2324
2024-04-13 14:00:00,Nottingham Forest,Wolverhampton Wanderers,1.76244,1.45688,2,2,ENG-Premier League,2324
2024-04-14 15:30:00,Arsenal,Aston Villa,1.89003,0.929049,0,2,ENG-Premier League,2324
2024-04-14 13:00:00,Liverpool,Crystal Palace,3.04497,2.12879,0,1,ENG-Premier League,2324
2024-04-14 13:00:00,West Ham,Fulham,1.45307,3.61413,0,2,ENG-Premier League,2324
2024-04-15 19:00:00,Chelsea,Everton,3.37093,1.21791,6,0,ENG-Premier League,2324
2024-04-20 14:00:00,Luton,Brentford,0.497799,3.7809,1,5,ENG-Premier League,2324
2024-04-20 14:00:00,Sheffield United,Burnley,1.97816,2.42338,1,4,ENG-Premier League,2324
2024-04-20 18:30:00,Wolverhampton Wanderers,Arsenal,0.164516,1.66179,0,2,ENG-Premier League,2324
2024-04-21 14:00:00,Aston Villa,Bournemouth,2.62687,2.05211,3,1,ENG-Premier League,2324
2024-04-21 14:00:00,Crystal Palace,West Ham,3.7185,1.34536,5,2,ENG-Premier League,2324
2024-04-21 12:30:00,Everton,Nottingham Forest,0.473233,1.18916,2,0,ENG-Premier League,2324
2024-04-21 15:30:00,Fulham,Liverpool,0.83885,1.02445,1,3,ENG-Premier League,2324
2024-04-23 19:00:00,Arsenal,Chelsea,3.45858,1.60343,5,0,ENG-Premier League,2324
2024-04-24 19:00:00,Crystal Palace,Newcastle United,1.43661,0.55129,2,0,ENG-Premier League,2324
2024-04-24 19:00:00,Everton,Liverpool,1.89111,1.87155,2,0,ENG-Premier League,2324
2024-04-24 19:00:00,Manchester United,Sheffield United,3.51311,1.20517,4,2,ENG-Premier League,2324
2024-04-24 18:45:00,Wolverhampton Wanderers,Bournemouth,0.484454,2.40311,0,1,ENG-Premier League,2324
2024-04-25 19:00:00,Brighton,Manchester City,0.572021,1.90507,0,4,ENG-Premier League,2324
2024-04-27 19:00:00,Aston Villa,Chelsea,0.612257,1.56401,2,2,ENG-Premier League,2324
2024-04-27 16:30:00,Everton,Brentford,1.21399,0.956356,1,0,ENG-Premier League,2324
2024-04-27 14:00:00,Fulham,Crystal Palace,1.39418,1.05387,1,1,ENG-Premier League,2324
2024-04-27 14:00:00,Manchester United,Burnley,3.06197,1.89591,1,1,ENG-Premier League,2324
2024-04-27 14:00:00,Newcastle United,Sheffield United,2.93477,1.82408,5,1,ENG-Premier League,2324
2024-04-27 11:30:00,West Ham,Liverpool,0.794025,2.29298,2,2,ENG-Premier League,2324
2024-04-27 14:00:00,Wolverhampton Wanderers,Luton,1.49011,0.90435,2,1,ENG-Premier League,2324
2024-04-28 13:00:00,Bournemouth,Brighton,2.48132,1.35682,3,0,ENG-Premier League,2324
2024-04-28 15:30:00,Nottingham Forest,Manchester City,2.17312,0.932063,0,2,ENG-Premier League,2324
2024-04-28 13:00:00,Tottenham,Arsenal,2.60458,1.51469,2,3,ENG-Premier League,2324
2024-05-02 18:30:00,Chelsea,Tottenham,2.22432,1.27064,2,0,ENG-Premier League,2324
2024-05-03 19:00:00,Luton,Everton,0.950391,1.22959,1,1,ENG-Premier League,2324
2024-05-04 11:30:00,Arsenal,Bournemouth,3.91372,0.4687,3,0,ENG-Premier League,2324
2024-05-04 14:00:00,Brentford,Fulham,0.809379,1.45579,0,0,ENG-Premier League,2324
2024-05-04 14:00:00,Burnley,Newcastle United,1.28632,4.25643,1,4,ENG-Premier League,2324
2024-05-04 16:30:00,Manchester City,Wolverhampton Wanderers,4.52542,0.396887,5,1,ENG-Premier League,2324
2024-05-04 14:00:00,Sheffield United,Nottingham Forest,2.48986,1.93818,1,3,ENG-Premier League,2324
2024-05-05 13:00:00,Brighton,Aston Villa,2.63566,0.0644055,1,0,ENG-Premier League,2324
2024-05-05 13:00:00,Chelsea,West Ham,4.21838,0.893899,5,0,ENG-Premier League,2324
2024-05-05 15:30:00,Liverpool,Tottenham,3.26222,1.17205,4,2,ENG-Premier League,2324
2024-05-06 19:00:00,Crystal Palace,Manchester United,2.0656,0.341417,4,0,ENG-Premier League,2324
2024-05-11 14:00:00,Bournemouth,Brentford,1.07237,1.92722,1,2,ENG-Premier League,2324
2024-05-11 14:00:00,Everton,Sheffield United,1.82411,0.465523,1,0,ENG-Premier League,2324
2024-05-11 11:30:00,Fulham,Manchester City,0.0886245,3.15218,0,4,ENG-Premier League,2324
2024-05-11 14:00:00,Newcastle United,Brighton,2.45163,1.91556,1,1,ENG-Premier League,2324
2024-05-11 16:30:00,Nottingham Forest,Chelsea,2.44569,2.41068,2,3,ENG-Premier League,2324
2024-05-11 14:00:00,Tottenham,Burnley,3.00238,0.950331,2,1,ENG-Premier League,2324
2024-05-11 14:00:00,West Ham,Luton,3.71009,0.640456,3,1,ENG-Premier League,2324
2024-05-11 14:00:00,Wolverhampton Wanderers,Crystal Palace,1.1561,2.51452,1,3,ENG-Premier League,2324
2024-05-12 15:30:00,Manchester United,Arsenal,0.551669,1.73104,0,1,ENG-Premier League,2324
2024-05-13 19:00:00,Aston Villa,Liverpool,2.71655,1.89968,3,3,ENG-Premier League,2324
2024-05-14 19:00:00,Tottenham,Manchester City,1.84285,2.70331,0,2,ENG-Premier League,2324
2024-05-15 18:45:00,Brighton,Chelsea,1.32423,1.544,1,2,ENG-Premier League,2324
2024-05-15 19:00:00,Manchester United,Newcastle United,1.49706,2.27657,3,2,ENG-Premier League,2324
2024-05-19 15:00:00,Arsenal,Everton,3.2117,0.664904,2,1,ENG-Premier League,2324
2024-05-19 15:00:00,Brentford,Newcastle United,1.70157,3.65044,2,4,ENG-Premier League,2324
2024-05-19 15:00:00,Brighton,Manchester United,1.9717,1.00404,0,2,ENG-Premier League,2324
2024-05-19 15:00:00,Burnley,Nottingham Forest,1.08222,1.57962,1,2,ENG-Premier League,2324
2024-05-19 15:00:00,Chelsea,Bournemouth,1.59771,2.002,2,1,ENG-Premier League,2324
2024-05-19 15:00:00,Crystal Palace,Aston Villa,2.23189,0.598846,5,0,ENG-Premier League,2324
2024-05-19 15:00:00,Liverpool,Wolverhampton Wanderers,5.65937,0.731254,2,0,ENG-Premier League,2324
2024-05-19 15:00:00,Luton,Fulham,2.06743,1.11598,2,4,ENG-Premier League,2324
2024-05-19 15:00:00,Manchester City,West Ham,2.31504,0.240159,3,1,ENG-Premier League,2324
2024-05-19 15:00:00,Sheffield United,Tottenham,0.697312,3.19675,0,3,ENG-Premier League,2324
2024-08-16 19:00:00,Manchester United,Fulham,2.04268,0.418711,1,0,ENG-Premier League,2425
2024-08-17 14:00:00,Arsenal,Wolverhampton Wanderers,1.6283,0.575835,2,0,ENG-Premier League,2425
2024-08-17 14:00:00,Everton,Brighton,0.405325,1.79083,0,3,ENG-Premier League,2425
2024-08-17 11:30:00,Ipswich,Liverpool,0.342601,3.92906,0,2,ENG-Premier League,2425
2024-08-17 14:00:00,Newcastle United,Southampton,0.433489,1.95483,1,0,ENG-Premier League,2425
2024-08-17 14:00:00,Nottingham Forest,Bournemouth,1.24405,1.90915,1,1,ENG-Premier League,2425
2024-08-17 16:30:00,West Ham,Aston Villa,2.8047,2.6703,1,2,ENG-Premier League,2425
2024-08-18 13:00:00,Brentford,Crystal Palace,1.38064,1.14757,2,1,ENG-Premier League,2425
2024-08-18 15:30:00,Chelsea,Manchester City,1.06123,1.18038,0,2,ENG-Premier League,2425
2024-08-19 19:00:00,Leicester,Tottenham,1.02614,1.40775,1,1,ENG-Premier League,2425
2024-08-24 16:30:00,Aston Villa,Arsenal,1.31664,1.41399,0,2,ENG-Premier League,2425
2024-08-24 11:30:00,Brighton,Manchester United,2.14153,1.28556,2,1,ENG-Premier League,2425
2024-08-24 14:00:00,Crystal Palace,West Ham,1.3761,1.53421,0,2,ENG-Premier League,2425
2024-08-24 14:00:00,Fulham,Leicester,1.96218,0.857005,2,1,ENG-Premier League,2425
2024-08-24 14:00:00,Manchester City,Ipswich,3.07818,0.479999,4,1,ENG-Premier League,2425
2024-08-24 14:00:00,Southampton,Nottingham Forest,0.214952,2.86475,0,1,ENG-Premier League,2425
2024-08-24 14:00:00,Tottenham,Everton,2.61143,0.648869,4,0,ENG-Premier League,2425
2024-08-25 13:00:00,Bournemouth,Newcastle United,2.53513,1.89287,1,1,ENG-Premier League,2425
2024-08-25 15:30:00,Liverpool,Brentford,2.71877,0.457239,2,0,ENG-Premier League,2425
2024-08-25 13:00:00,Wolverhampton Wanderers,Chelsea,2.4181,2.02935,2,6,ENG-Premier League,2425
2024-08-31 11:30:00,Arsenal,Brighton,2.41798,1.81748,1,1,ENG-Premier League,2425
2024-08-31 14:00:00,Brentford,Southampton,3.86281,1.64713,3,1,ENG-Premier League,2425
2024-08-31 14:00:00,Everton,Bournemouth,2.55629,2.95688,2,3,ENG-Premier League,2425
2024-08-31 14:00:00,Ipswich,Fulham,0.707048,1.18883,1,1,ENG-Premier League,2425
2024-08-31 14:00:00,Leicester,Aston Villa,0.774741,2.16385,1,2,ENG-Premier League,2425
2024-08-31 14:00:00,Nottingham Forest,Wolverhampton Wanderers,1.41069,0.937632,1,1,ENG-Premier League,2425
2024-08-31 16:30:00,West Ham,Manchester City,0.947201,3.19297,1,3,ENG-Premier League,2425
2024-09-01 12:30:00,Chelsea,Crystal Palace,2.97743,0.459708,1,1,ENG-Premier League,2425
2024-09-01 15:00:00,Manchester United,Liverpool,1.50087,2.10397,0,3,ENG-Premier League,2425
2024-09-01 12:30:00,Newcastle United,Tottenham,1.58694,1.63304,2,1,ENG-Premier League,2425
2024-09-14 16:30:00,Aston Villa,Everton,3.15876,0.852158,3,2,ENG-Premier League,2425
2024-09-14 19:00:00,Bournemouth,Chelsea,1.53731,0.932726,0,1,ENG-Premier League,2425
2024-09-14 14:00:00,Brighton,Ipswich,1.75696,0.721323,0,0,ENG-Premier League,2425
2024-09-14 14:00:00,Crystal Palace,Leicester,2.88716,1.65187,2,2,ENG-Premier League,2425
2024-09-14 14:00:00,Fulham,West Ham,2.88601,0.682719,1,1,ENG-Premier League,2425
2024-09-14 14:00:00,Liverpool,Nottingham Forest,1.17044,0.589532,0,1,ENG-Premier League,2425
2024-09-14 14:00:00,Manchester City,Brentford,1.55279,1.05094,2,1,ENG-Premier League,2425
2024-09-14 11:30:00,Southampton,Manchester United,1.35593,3.02693,0,3,ENG-Premier League,2425
2024-09-15 13:00:00,Tottenham,Arsenal,0.792595,1.1209,0,1,ENG-Premier League,2425
2024-09-15 15:30:00,Wolverhampton Wanderers,Newcastle United,1.46969,1.48343,1,2,ENG-Premier League,2425
2024-09-21 14:00:00,Aston Villa,Wolverhampton Wanderers,2.37351,0.520117,3,1,ENG-Premier League,2425
2024-09-21 16:30:00,Crystal Palace,Manchester United,1.66928,2.35056,0,0,ENG-Premier League,2425
2024-09-21 14:00:00,Fulham,Newcastle United,3.21141,1.09768,3,1,ENG-Premier League,2425
2024-09-21 14:00:00,Leicester,Everton,1.33793,1.82377,1,1,ENG-Premier League,2425
2024-09-21 14:00:00,Liverpool,Bournemouth,2.43731,1.46979,3,0,ENG-Premier League,2425
2024-09-21 14:00:00,Southampton,Ipswich,2.89813,1.645,1,1,ENG-Premier League,2425
2024-09-21 14:00:00,Tottenham,Brentford,3.89481,0.893565,3,1,ENG-Premier League,2425
2024-09-21 11:30:00,West Ham,Chelsea,0.758267,2.39727,0,3,ENG-Premier League,2425
2024-09-22 13:00:00,Brighton,Nottingham Forest,1.56836,1.36923,2,2,ENG-Premier League,2425
2024-09-22 15:30:00,Manchester City,Arsenal,2.75588,1.28411,2,2,ENG-Premier League,2425
2024-09-28 14:00:00,Arsenal,Leicester,6.05305,0.337909,4,2,ENG-Premier League,2425
2024-09-28 14:00:00,Brentford,West Ham,0.370222,0.878617,1,1,ENG-Premier League,2425
2024-09-28 14:00:00,Chelsea,Brighton,3.65839,1.20712,4,2,ENG-Premier League,2425
2024-09-28 14:00:00,Everton,Crystal Palace,1.10959,1.12358,2,1,ENG-Premier League,2425
2024-09-28 11:30:00,Newcastle United,Manchester City,1.34344,1.26516,1,1,ENG-Premier League,2425
2024-09-28 14:00:00,Nottingham Forest,Fulham,0.614351,1.43592,0,1,ENG-Premier League,2425
2024-09-28 16:30:00,Wolverhampton Wanderers,Liverpool,0.748925,2.11724,1,2,ENG-Premier League,2425
2024-09-29 13:00:00,Ipswich,Aston Villa,1.84608,1.14494,2,2,ENG-Premier League,2425
2024-09-29 15:30:00,Manchester United,Tottenham,0.600721,5.4072,0,3,ENG-Premier League,2425
2024-09-30 19:00:00,Bournemouth,Southampton,1.44215,0.696068,3,1,ENG-Premier League,2425
2024-10-05 14:00:00,Arsenal,Southampton,3.25165,1.27313,3,1,ENG-Premier League,2425
2024-10-05 14:00:00,Brentford,Wolverhampton Wanderers,4.13513,0.696254,5,3,ENG-Premier League,2425
2024-10-05 11:30:00,Crystal Palace,Liverpool,0.609481,2.07332,0,1,ENG-Premier League,2425
2024-10-05 16:30:00,Everton,Newcastle United,0.692214,1.79048,0,0,ENG-Premier League,2425
2024-10-05 14:00:00,Leicester,Bournemouth,0.912063,1.94963,1,0,ENG-Premier League,2425
2024-10-05 14:00:00,Manchester City,Fulham,1.36684,2.75846,3,2,ENG-Premier League,2425
2024-10-05 14:00:00,West Ham,Ipswich,4.39402,1.18463,4,1,ENG-Premier League,2425
2024-10-06 13:00:00,Aston Villa,Manchester United,0.532809,0.448537,0,0,ENG-Premier League,2425
2024-10-06 15:30:00,Brighton,Tottenham,1.97217,1.09279,3,2,ENG-Premier League,2425
2024-10-06 13:00:00,Chelsea,Nottingham Forest,2.27752,1.66654,1,1,ENG-Premier League,2425
2024-10-19 16:30:00,Bournemouth,Arsenal,2.18419,0.740758,2,0,ENG-Premier League,2425
2024-10-19 14:00:00,Fulham,Aston Villa,2.63074,1.43595,1,3,ENG-Premier League,2425
2024-10-19 14:00:00,Ipswich,Everton,1.174,1.60804,0,2,ENG-Premier League,2425
2024-10-19 14:00:00,Manchester United,Brentford,1.76555,0.892843,2,1,ENG-Premier League,2425
2024-10-19 14:00:00,Newcastle United,Brighton,1.93657,1.6779,0,1,ENG-Premier League,2425
2024-10-19 14:00:00,Southampton,Leicester,2.42776,2.83826,2,3,ENG-Premier League,2425
2024-10-19 11:30:00,Tottenham,West Ham,1.44052,0.858803,4,1,ENG-Premier League,2425
2024-10-20 15:30:00,Liverpool,Chelsea,2.22517,1.33904,2,1,ENG-Premier League,2425
2024-10-20 13:00:00,Wolverhampton Wanderers,Manchester City,0.761217,1.36569,1,2,ENG-Premier League,2425
2024-10-21 19:00:00,Nottingham Forest,Crystal Palace,1.88573,0.835001,1,0,ENG-Premier League,2425
2024-10-25 19:00:00,Leicester,Nottingham Forest,0.832415,2.54488,1,3,ENG-Premier League,2425
2024-10-26 14:00:00,Aston Villa,Bournemouth,1.974,0.328651,1,1,ENG-Premier League,2425
2024-10-26 14:00:00,Brentford,Ipswich,4.09663,1.65698,4,3,ENG-Premier League,2425
2024-10-26 14:00:00,Brighton,Wolverhampton Wanderers,1.51347,1.11074,2,2,ENG-Premier League,2425
2024-10-26 16:30:00,Everton,Fulham,0.884845,1.49531,1,1,ENG-Premier League,2425
2024-10-26 14:00:00,Manchester City,Southampton,3.16286,0.369989,1,0,ENG-Premier League,2425
2024-10-27 16:30:00,Arsenal,Liverpool,1.0883,1.35346,2,2,ENG-Premier League,2425
2024-10-27 14:00:00,Chelsea,Newcastle United,1.61794,1.74225,2,1,ENG-Premier League,2425
2024-10-27 14:00:00,Crystal Palace,Tottenham,0.978611,1.0192,1,0,ENG-Premier League,2425
2024-10-27 14:00:00,West Ham,Manchester United,2.99312,2.62598,2,1,ENG-Premier League,2425
2024-11-02 15:00:00,Bournemouth,Manchester City,2.4493,2.3527,2,1,ENG-Premier League,2425
2024-11-02 15:00:00,Ipswich,Leicester,1.33617,2.33858,1,1,ENG-Premier League,2425
2024-11-02 15:00:00,Liverpool,Brighton,1.81037,1.01568,2,1,ENG-Premier League,2425
2024-11-02 12:30:00,Newcastle United,Arsenal,0.859715,0.911305,1,0,ENG-Premier League,2425
2024-11-02 15:00:00,Nottingham Forest,West Ham,2.35011,0.132317,3,0,ENG-Premier League,2425
2024-11-02 15:00:00,Southampton,Everton,0.540345,1.78581,1,0,ENG-Premier League,2425
2024-11-02 17:30:00,Wolverhampton Wanderers,Crystal Palace,1.65018,2.64849,2,2,ENG-Premier League,2425
2024-11-03 16:30:00,Manchester United,Chelsea,2.1605,1.21071,1,1,ENG-Premier League,2425
2024-11-03 14:00:00,Tottenham,Aston Villa,2.09751,2.48749,4,1,ENG-Premier League,2425
2024-11-04 20:00:00,Fulham,Brentford,1.43017,0.739231,2,1,ENG-Premier League,2425
2024-11-09 15:00:00,Brentford,Bournemouth,1.56474,2.49234,3,2,ENG-Premier League,2425
2024-11-09 17:30:00,Brighton,Manchester City,2.87116,2.60334,2,1,ENG-Premier League,2425
2024-11-09 15:00:00,Crystal Palace,Fulham,1.96037,2.25331,0,2,ENG-Premier League,2425
2024-11-09 20:00:00,Liverpool,Aston Villa,2.68196,1.66337,2,0,ENG-Premier League,2425
2024-11-09 15:00:00,West Ham,Everton,1.1237,0.865983,0,0,ENG-Premier League,2425
2024-11-09 15:00:00,Wolverhampton Wanderers,Southampton,0.912781,0.792655,2,0,ENG-Premier League,2425
2024-11-10 16:30:00,Chelsea,Arsenal,1.24067,1.9605,1,1,ENG-Premier League,2425
2024-11-10 14:00:00,Manchester United,Leicester,1.2369,0.417295,3,0,ENG-Premier League,2425
2024-11-10 14:00:00,Nottingham Forest,Newcastle United,1.17852,1.86904,1,3,ENG-Premier League,2425
2024-11-10 14:00:00,Tottenham,Ipswich,1.75088,2.18392,1,2,ENG-Premier League,2425
2024-11-23 15:00:00,Arsenal,Nottingham Forest,1.66016,0.403136,3,0,ENG-Premier League,2425
2024-11-23 15:00:00,Aston Villa,Crystal Palace,3.04455,1.61437,2,2,ENG-Premier League,2425
2024-11-23 15:00:00,Bournemouth,Brighton,1.91157,1.23059,1,2,ENG-Premier League,2425
2024-11-23 15:00:00,Everton,Brentford,1.5951,1.34314,0,0,ENG-Premier League,2425
2024-11-23 15:00:00,Fulham,Wolverhampton Wanderers,0.717158,1.33903,1,4,ENG-Premier League,2425
2024-11-23 12:30:00,Leicester,Chelsea,0.967987,2.81658,1,2,ENG-Premier League,2425
2024-11-23 17:30:00,Manchester City,Tottenham,2.15899,3.30449,0,4,ENG-Premier League,2425
2024-11-24 16:30:00,Ipswich,Manchester United,1.98714,1.26912,1,1,ENG-Premier League,2425
2024-11-24 14:00:00,Southampton,Liverpool,1.53985,3.18835,2,3,ENG-Premier League,2425
2024-11-25 20:00:00,Newcastle United,West Ham,1.49781,0.942824,0,2,ENG-Premier League,2425
2024-11-29 20:00:00,Brighton,Southampton,1.86986,0.934969,1,1,ENG-Premier League,2425
2024-11-30 15:00:00,Brentford,Leicester,2.21885,0.907555,4,1,ENG-Premier League,2425
2024-11-30 15:00:00,Crystal Palace,Newcastle United,2.29595,0.020989,1,1,ENG-Premier League,2425
2024-11-30 15:00:00,Nottingham Forest,Ipswich,1.76587,0.462771,1,0,ENG-Premier League,2425
2024-11-30 17:30:00,West Ham,Arsenal,1.23539,3.99935,2,5,ENG-Premier League,2425
2024-11-30 15:00:00,Wolverhampton Wanderers,Bournemouth,0.866034,3.07901,2,4,ENG-Premier League,2425
2024-12-01 13:30:00,Chelsea,Aston Villa,1.94939,0.875443,3,0,ENG-Premier League,2425
2024-12-01 16:00:00,Liverpool,Manchester City,3.70054,0.745015,2,0,ENG-Premier League,2425
2024-12-01 13:30:00,Manchester United,Everton,1.76161,0.766749,4,0,ENG-Premier League,2425
2024-12-01 13:30:00,Tottenham,Fulham,1.01086,1.57274,1,1,ENG-Premier League,2425
2024-12-03 19:30:00,Ipswich,Crystal Palace,0.471708,1.65422,0,1,ENG-Premier League,2425
2024-12-03 20:15:00,Leicester,West Ham,2.78061,2.87716,3,1,ENG-Premier League,2425
2024-12-04 20:15:00,Arsenal,Manchester United,2.96684,0.256083,2,0,ENG-Premier League,2425
2024-12-04 20:15:00,Aston Villa,Brentford,3.21673,1.13266,3,1,ENG-Premier League,2425
2024-12-04 19:30:00,Everton,Wolverhampton Wanderers,1.49904,0.847724,4,0,ENG-Premier League,2425
2024-12-04 19:30:00,Manchester City,Nottingham Forest,3.20169,0.802155,3,0,ENG-Premier League,2425
2024-12-04 19:30:00,Newcastle United,Liverpool,1.52057,2.22766,3,3,ENG-Premier League,2425
2024-12-04 19:30:00,Southampton,Chelsea,1.91014,5.8331,1,5,ENG-Premier League,2425
2024-12-05 20:15:00,Bournemouth,Tottenham,3.27716,0.623934,1,0,ENG-Premier League,2425
2024-12-05 19:30:00,Fulham,Brighton,0.666644,1.09939,3,1,ENG-Premier League,2425
2024-12-07 15:00:00,Aston Villa,Southampton,2.51338,0.385832,1,0,ENG-Premier League,2425
2024-12-07 15:00:00,Brentford,Newcastle United,1.746,1.95645,4,2,ENG-Premier League,2425
2024-12-07 15:00:00,Crystal Palace,Manchester City,1.21476,1.5846,2,2,ENG-Premier League,2425
2024-12-07 17:30:00,Manchester United,Nottingham Forest,1.4697,0.651217,2,3,ENG-Premier League,2425
2024-12-08 14:00:00,Fulham,Arsenal,0.150988,2.4333,1,1,ENG-Premier League,2425
2024-12-08 14:00:00,Ipswich,Bournemouth,1.5668,3.49127,1,2,ENG-Premier League,2425
2024-12-08 14:00:00,Leicester,Brighton,1.42438,1.12184,2,2,ENG-Premier League,2425
2024-12-08 16:30:00,Tottenham,Chelsea,3.25488,2.57326,3,4,ENG-Premier League,2425
2024-12-09 20:00:00,West Ham,Wolverhampton Wanderers,1.19808,1.47567,2,1,ENG-Premier League,2425
2024-12-14 15:00:00,Arsenal,Everton,1.30865,0.132166,0,0,ENG-Premier League,2425
2024-12-14 15:00:00,Liverpool,Fulham,2.09698,1.2862,2,2,ENG-Premier League,2425
2024-12-14 15:00:00,Newcastle United,Leicester,3.95461,0.186759,4,0,ENG-Premier League,2425
2024-12-14 17:30:00,Nottingham Forest,Aston Villa,2.2861,0.389423,2,1,ENG-Premier League,2425
2024-12-14 15:00:00,Wolverhampton Wanderers,Ipswich,1.23748,1.73349,1,2,ENG-Premier League,2425
2024-12-15 14:00:00,Brighton,Crystal Palace,1.32323,3.00618,1,3,ENG-Premier League,2425
2024-12-15 19:00:00,Chelsea,Brentford,2.59146,1.65861,2,1,ENG-Premier League,2425
2024-12-15 16:30:00,Manchester City,Manchester United,0.638103,2.04662,1,2,ENG-Premier League,2425
2024-12-15 19:00:00,Southampton,Tottenham,1.27356,3.89322,0,5,ENG-Premier League,2425
2024-12-16 20:00:00,Bournemouth,West Ham,2.04842,1.81827,1,1,ENG-Premier League,2425
2024-12-21 12:30:00,Aston Villa,Manchester City,2.05988,1.09627,2,1,ENG-Premier League,2425
2024-12-21 15:00:00,Brentford,Nottingham Forest,0.769004,0.964897,0,2,ENG-Premier League,2425
2024-12-21 17:30:00,Crystal Palace,Arsenal,1.6052,3.05434,1,5,ENG-Premier League,2425
2024-12-21 15:00:00,Ipswich,Newcastle United,1.06427,3.23386,0,4,ENG-Premier League,2425
2024-12-21 15:00:00,West Ham,Brighton,1.22937,1.34379,1,1,ENG-Premier League,2425
2024-12-22 14:00:00,Everton,Chelsea,1.07081,1.51591,0,0,ENG-Premier League,2425
2024-12-22 14:00:00,Fulham,Southampton,1.25255,0.280031,0,0,ENG-Premier League,2425
2024-12-22 14:00:00,Leicester,Wolverhampton Wanderers,0.78868,1.13531,0,3,ENG-Premier League,2425
2024-12-22 14:00:00,Manchester United,Bournemouth,2.28533,1.82831,0,3,ENG-Premier League,2425
2024-12-22 16:30:00,Tottenham,Liverpool,1.20245,5.20214,3,6,ENG-Premier League,2425
2024-12-26 15:00:00,Bournemouth,Crystal Palace,1.20189,0.500066,0,0,ENG-Premier League,2425
2024-12-26 15:00:00,Chelsea,Fulham,1.55626,1.77929,1,2,ENG-Premier League,2425
2024-12-26 20:00:00,Liverpool,Leicester,1.89935,0.22097,3,1,ENG-Premier League,2425
2024-12-26 12:30:00,Manchester City,Everton,2.51965,0.653289,1,1,ENG-Premier League,2425
2024-12-26 15:00:00,Newcastle United,Aston Villa,2.82867,0.225522,3,0,ENG-Premier League,2425
2024-12-26 15:00:00,Nottingham Forest,Tottenham,1.30018,1.05758,1,0,ENG-Premier League,2425
2024-12-26 15:00:00,Southampton,West Ham,2.19833,1.90111,0,1,ENG-Premier League,2425
2024-12-26 17:30:00,Wolverhampton Wanderers,Manchester United,0.826489,0.358876,2,0,ENG-Premier League,2425
2024-12-27 20:15:00,Arsenal,Ipswich,2.16462,0.0783327,1,0,ENG-Premier League,2425
2024-12-27 19:30:00,Brighton,Brentford,1.33538,0.961233,0,0,ENG-Premier League,2425
2024-12-29 15:00:00,Crystal Palace,Southampton,3.05417,1.21853,2,1,ENG-Premier League,2425
2024-12-29 15:00:00,Everton,Nottingham Forest,0.615191,2.02753,0,2,ENG-Premier League,2425
2024-12-29 15:00:00,Fulham,Bournemouth,0.961566,1.70692,2,2,ENG-Premier League,2425
2024-12-29 14:30:00,Leicester,Manchester City,1.84208,1.58002,0,2,ENG-Premier League,2425
2024-12-29 15:00:00,Tottenham,Wolverhampton Wanderers,2.28433,0.640697,2,2,ENG-Premier League,2425
2024-12-29 17:15:00,West Ham,Liverpool,0.518279,3.29868,0,5,ENG-Premier League,2425
2024-12-30 19:45:00,Aston Villa,Brighton,1.87997,0.938042,2,2,ENG-Premier League,2425
2024-12-30 19:45:00,Ipswich,Chelsea,1.50093,1.60622,2,0,ENG-Premier League,2425
2024-12-30 20:00:00,Manchester United,Newcastle United,1.00073,2.2424,0,2,ENG-Premier League,2425
2025-01-01 17:30:00,Brentford,Arsenal,0.272604,1.99848,1,3,ENG-Premier League,2425
2025-01-04 15:00:00,Aston Villa,Leicester,2.3456,0.81548,2,1,ENG-Premier League,2425
2025-01-04 15:00:00,Bournemouth,Everton,2.61852,0.561015,1,0,ENG-Premier League,2425
2025-01-04 17:30:00,Brighton,Arsenal,1.76513,1.81142,1,1,ENG-Premier League,2425
2025-01-04 15:00:00,Crystal Palace,Chelsea,1.2766,1.51541,1,1,ENG-Premier League,2425
2025-01-04 15:00:00,Manchester City,West Ham,1.97986,1.53286,4,1,ENG-Premier League,2425
2025-01-04 15:00:00,Southampton,Brentford,0.249614,5.54874,0,5,ENG-Premier League,2425
2025-01-04 12:30:00,Tottenham,Newcastle United,1.00333,2.42963,1,2,ENG-Premier League,2425
2025-01-05 14:00:00,Fulham,Ipswich,2.65469,1.4434,2,2,ENG-Premier League,2425
2025-01-05 16:30:00,Liverpool,Manchester United,2.862,1.67469,2,2,ENG-Premier League,2425
2025-01-06 20:00:00,Wolverhampton Wanderers,Nottingham Forest,1.90463,2.57227,0,3,ENG-Premier League,2425
2025-01-14 19:30:00,Brentford,Manchester City,2.39088,2.65315,2,2,ENG-Premier League,2425
2025-01-14 19:30:00,Chelsea,Bournemouth,2.53808,1.14845,2,2,ENG-Premier League,2425
2025-01-14 20:00:00,Nottingham Forest,Liverpool,0.5292,2.72291,1,1,ENG-Premier League,2425
2025-01-14 19:30:00,West Ham,Fulham,0.937322,2.83581,3,2,ENG-Premier League,2425
2025-01-15 20:00:00,Arsenal,Tottenham,2.25501,0.777071,2,1,ENG-Premier League,2425
2025-01-15 19:30:00,Everton,Aston Villa,1.23126,1.28522,0,1,ENG-Premier League,2425
2025-01-15 19:30:00,Leicester,Crystal Palace,2.09904,2.2647,0,2,ENG-Premier League,2425
2025-01-15 19:30:00,Newcastle United,Wolverhampton Wanderers,2.13327,1.47433,3,0,ENG-Premier League,2425
2025-01-16 19:30:00,Ipswich,Brighton,0.268127,1.06343,0,2,ENG-Premier League,2425
2025-01-16 20:00:00,Manchester United,Southampton,3.10847,1.36705,3,1,ENG-Premier League,2425
2025-01-18 17:30:00,Arsenal,Aston Villa,1.64458,1.20602,2,2,ENG-Premier League,2425
2025-01-18 15:00:00,Brentford,Liverpool,1.20021,4.16249,0,2,ENG-Premier League,2425
2025-01-18 15:00:00,Leicester,Fulham,0.676934,2.36823,0,2,ENG-Premier League,2425
2025-01-18 12:30:00,Newcastle United,Bournemouth,0.837801,2.70174,1,4,ENG-Premier League,2425
2025-01-18 15:00:00,West Ham,Crystal Palace,0.221062,1.62561,0,2,ENG-Premier League,2425
2025-01-19 14:00:00,Everton,Tottenham,2.56089,1.35719,3,2,ENG-Premier League,2425
2025-01-19 16:30:00,Ipswich,Manchester City,0.795637,3.20228,0,6,ENG-Premier League,2425
2025-01-19 14:00:00,Manchester United,Brighton,1.31823,2.17172,1,3,ENG-Premier League,2425
2025-01-19 14:00:00,Nottingham Forest,Southampton,2.36419,1.25922,3,2,ENG-Premier League,2425
2025-01-20 20:00:00,Chelsea,Wolverhampton Wanderers,3.14882,1.06726,3,1,ENG-Premier League,2425
2025-01-25 15:00:00,Bournemouth,Nottingham Forest,2.8254,0.996166,5,0,ENG-Premier League,2425
2025-01-25 15:00:00,Brighton,Everton,0.64378,0.870883,0,1,ENG-Premier League,2425
2025-01-25 15:00:00,Liverpool,Ipswich,2.16809,0.804707,4,1,ENG-Premier League,2425
2025-01-25 17:30:00,Manchester City,Chelsea,2.23213,1.49843,3,1,ENG-Premier League,2425
2025-01-25 15:00:00,Southampton,Newcastle United,0.825621,3.08319,1,3,ENG-Premier League,2425
2025-01-25 15:00:00,Wolverhampton Wanderers,Arsenal,0.514724,0.887358,0,1,ENG-Premier League,2425
2025-01-26 16:30:00,Aston Villa,West Ham,0.907851,1.67886,1,1,ENG-Premier League,2425
2025-01-26 14:00:00,Crystal Palace,Brentford,1.23177,1.92037,1,2,ENG-Premier League,2425
2025-01-26 19:00:00,Fulham,Manchester United,0.560571,0.201988,0,1,ENG-Premier League,2425
2025-01-26 14:00:00,Tottenham,Leicester,1.27483,1.40469,1,2,ENG-Premier League,2425
2025-02-01 15:00:00,Bournemouth,Liverpool,1.65273,2.7219,0,2,ENG-Premier League,2425
2025-02-01 15:00:00,Everton,Leicester,3.11261,0.447136,4,0,ENG-Premier League,2425
2025-02-01 15:00:00,Ipswich,Southampton,1.94845,1.17566,1,2,ENG-Premier League,2425
2025-02-01 15:00:00,Newcastle United,Fulham,1.22716,1.60881,1,2,ENG-Premier League,2425
2025-02-01 12:30:00,Nottingham Forest,Brighton,4.0677,0.756296,7,0,ENG-Premier League,2425
2025-02-01 17:30:00,Wolverhampton Wanderers,Aston Villa,2.00146,0.742809,2,0,ENG-Premier League,2425
2025-02-02 16:30:00,Arsenal,Manchester City,1.53202,0.743191,5,1,ENG-Premier League,2425
2025-02-02 14:00:00,Brentford,Tottenham,1.66475,0.945355,0,2,ENG-Premier League,2425
2025-02-02 14:00:00,Manchester United,Crystal Palace,1.50706,2.44633,0,2,ENG-Premier League,2425
2025-02-03 20:00:00,Chelsea,West Ham,1.39066,1.1868,2,1,ENG-Premier League,2425
2025-02-12 19:30:00,Everton,Liverpool,0.910523,0.929103,2,2,ENG-Premier League,2425
2025-02-14 20:00:00,Brighton,Chelsea,2.06892,0.649788,3,0,ENG-Premier League,2425
2025-02-15 15:00:00,Aston Villa,Ipswich,2.89841,0.332864,1,1,ENG-Premier League,2425
2025-02-15 17:30:00,Crystal Palace,Everton,2.30646,1.01565,1,2,ENG-Premier League,2425
2025-02-15 15:00:00,Fulham,Nottingham Forest,2.20993,0.331301,2,1,ENG-Premier League,2425
2025-02-15 12:30:00,Leicester,Arsenal,0.233209,1.75,0,2,ENG-Premier League,2425
2025-02-15 15:00:00,Manchester City,Newcastle United,2.12004,0.157211,4,0,ENG-Premier League,2425
2025-02-15 15:00:00,Southampton,Bournemouth,0.974418,2.08722,1,3,ENG-Premier League,2425
2025-02-15 15:00:00,West Ham,Brentford,0.673466,1.96499,0,1,ENG-Premier League,2425
2025-02-16 14:00:00,Liverpool,Wolverhampton Wanderers,1.86758,1.05329,2,1,ENG-Premier League,2425
2025-02-16 16:30:00,Tottenham,Manchester United,1.97109,1.42652,1,0,ENG-Premier League,2425
2025-02-19 15:00:00,Aston Villa,Liverpool,1.02269,2.04279,2,2,ENG-Premier League,2425
2025-02-21 20:00:00,Leicester,Brentford,0.727901,2.03465,0,4,ENG-Premier League,2425
2025-02-22 15:00:00,Arsenal,West Ham,1.37264,1.02684,0,1,ENG-Premier League,2425
2025-02-22 17:30:00,Aston Villa,Chelsea,2.69413,2.17418,2,1,ENG-Premier League,2425
2025-02-22 15:00:00,Bournemouth,Wolverhampton Wanderers,0.629691,2.10124,0,1,ENG-Premier League,2425
2025-02-22 12:30:00,Everton,Manchester United,2.10444,0.645685,2,2,ENG-Premier League,2425
2025-02-22 15:00:00,Fulham,Crystal Palace,0.23426,1.46203,0,2,ENG-Premier League,2425
2025-02-22 15:00:00,Ipswich,Tottenham,1.15389,1.58741,1,4,ENG-Premier League,2425
2025-02-22 15:00:00,Southampton,Brighton,0.154147,5.12018,0,4,ENG-Premier League,2425
2025-02-23 16:30:00,Manchester City,Liverpool,0.58248,0.807058,0,2,ENG-Premier League,2425
2025-02-23 14:00:00,Newcastle United,Nottingham Forest,3.45858,2.38603,4,3,ENG-Premier League,2425
2025-02-25 19:30:00,Brighton,Bournemouth,2.57927,1.70169,2,1,ENG-Premier League,2425
2025-02-25 20:15:00,Chelsea,Southampton,2.98234,0.845039,4,0,ENG-Premier League,2425
2025-02-25 19:30:00,Crystal Palace,Aston Villa,4.02522,0.667217,4,1,ENG-Premier League,2425
2025-02-25 19:30:00,Wolverhampton Wanderers,Fulham,0.928973,1.43473,1,2,ENG-Premier League,2425
2025-02-26 19:30:00,Brentford,Everton,1.34009,1.44955,1,1,ENG-Premier League,2425
2025-02-26 20:15:00,Liverpool,Newcastle United,1.40027,0.45882,2,0,ENG-Premier League,2425
2025-02-26 19:30:00,Manchester United,Ipswich,1.40202,1.04498,3,2,ENG-Premier League,2425
2025-02-26 19:30:00,Nottingham Forest,Arsenal,0.508611,1.31766,0,0,ENG-Premier League,2425
2025-02-26 19:30:00,Tottenham,Manchester City,1.28426,2.38641,0,1,ENG-Premier League,2425
2025-02-27 20:00:00,West Ham,Leicester,1.70437,0.289578,2,0,ENG-Premier League,2425
2025-03-08 17:30:00,Brentford,Aston Villa,0.637743,1.29638,0,1,ENG-Premier League,2425
2025-03-08 15:00:00,Brighton,Fulham,1.94417,0.708227,2,1,ENG-Premier League,2425
2025-03-08 15:00:00,Crystal Palace,Ipswich,3.13879,1.63282,1,0,ENG-Premier League,2425
2025-03-08 15:00:00,Liverpool,Southampton,4.98996,0.511566,3,1,ENG-Premier League,2425
2025-03-08 12:30:00,Nottingham Forest,Manchester City,0.501476,0.721234,1,0,ENG-Premier League,2425
2025-03-08 20:00:00,Wolverhampton Wanderers,Everton,0.812432,1.3672,1,1,ENG-Premier League,2425
2025-03-09 14:00:00,Chelsea,Leicester,1.76844,0.108487,1,0,ENG-Premier League,2425
2025-03-09 16:30:00,Manchester United,Arsenal,1.31107,1.82996,1,1,ENG-Premier League,2425
2025-03-09 14:00:00,Tottenham,Bournemouth,1.35053,2.22536,2,2,ENG-Premier League,2425
2025-03-10 20:00:00,West Ham,Newcastle United,0.823986,1.62976,0,1,ENG-Premier League,2425
2025-03-15 17:30:00,Bournemouth,Brentford,2.02714,1.60321,1,2,ENG-Premier League,2425
2025-03-15 15:00:00,Everton,West Ham,1.189,0.516029,1,1,ENG-Premier League,2425
2025-03-15 15:00:00,Ipswich,Nottingham Forest,0.520839,1.30722,2,4,ENG-Premier League,2425
2025-03-15 15:00:00,Manchester City,Brighton,2.02642,2.11119,2,2,ENG-Premier League,2425
2025-03-15 15:00:00,Southampton,Wolverhampton Wanderers,1.2821,0.540718,1,2,ENG-Premier League,2425
2025-03-16 13:30:00,Arsenal,Chelsea,0.695725,0.286036,1,0,ENG-Premier League,2425
2025-03-16 13:30:00,Fulham,Tottenham,1.03966,1.40865,2,0,ENG-Premier League,2425
2025-03-16 19:00:00,Leicester,Manchester United,1.30455,1.13892,0,3,ENG-Premier League,2425
2025-04-01 19:45:00,Arsenal,Fulham,2.30189,1.44206,2,1,ENG-Premier League,2425
2025-04-01 20:00:00,Nottingham Forest,Manchester United,0.512063,1.86688,1,0,ENG-Premier League,2425
2025-04-01 19:45:00,Wolverhampton Wanderers,West Ham,1.10359,1.73057,1,0,ENG-Premier League,2425
2025-04-02 19:45:00,Bournemouth,Ipswich,1.99637,1.41263,1,2,ENG-Premier League,2425
2025-04-02 19:45:00,Brighton,Aston Villa,0.558009,1.20715,0,3,ENG-Premier League,2425
2025-04-02 20:00:00,Liverpool,Everton,1.29718,0.823136,1,0,ENG-Premier League,2425
2025-04-02 19:45:00,Manchester City,Leicester,2.07165,0.104741,2,0,ENG-Premier League,2425
2025-04-02 19:45:00,Newcastle United,Brentford,2.26584,1.53201,2,1,ENG-Premier League,2425
2025-04-02 19:45:00,Southampton,Crystal Palace,0.687304,0.93776,1,1,ENG-Premier League,2425
2025-04-03 19:00:00,Chelsea,Tottenham,1.30443,1.40274,1,0,ENG-Premier League,2425
2025-04-05 16:30:00,Aston Villa,Nottingham Forest,2.63349,0.96769,2,1,ENG-Premier League,2425
2025-04-05 14:00:00,Crystal Palace,Brighton,0.443965,1.27226,2,1,ENG-Premier League,2425
2025-04-05 11:30:00,Everton,Arsenal,1.22875,1.4031,1,1,ENG-Premier League,2425
2025-04-05 14:00:00,Ipswich,Wolverhampton Wanderers,0.872356,2.8096,1,2,ENG-Premier League,2425
2025-04-05 14:00:00,West Ham,Bournemouth,0.907832,1.94869,2,2,ENG-Premier League,2425
2025-04-06 13:00:00,Brentford,Chelsea,1.36123,1.47829,0,0,ENG-Premier League,2425
2025-04-06 13:00:00,Fulham,Liverpool,1.72764,1.40638,3,2,ENG-Premier League,2425
2025-04-06 15:30:00,Manchester United,Manchester City,1.23317,0.687894,0,0,ENG-Premier League,2425
2025-04-06 13:00:00,Tottenham,Southampton,2.648,0.780439,3,1,ENG-Premier League,2425
2025-04-07 19:00:00,Leicester,Newcastle United,0.354575,3.44111,0,3,ENG-Premier League,2425
2025-04-12 16:30:00,Arsenal,Brentford,0.767369,0.588583,1,1,ENG-Premier League,2425
2025-04-12 14:00:00,Brighton,Leicester,3.6978,1.98444,2,2,ENG-Premier League,2425
2025-04-12 11:30:00,Manchester City,Crystal Palace,4.59724,1.33808,5,2,ENG-Premier League,2425
2025-04-12 14:00:00,Nottingham Forest,Everton,0.423949,1.26036,0,1,ENG-Premier League,2425
2025-04-12 14:00:00,Southampton,Aston Villa,0.412256,2.99927,0,3,ENG-Premier League,2425
2025-04-13 13:00:00,Chelsea,Ipswich,2.90758,1.60301,2,2,ENG-Premier League,2425
2025-04-13 13:00:00,Liverpool,West Ham,1.42902,1.46598,2,1,ENG-Premier League,2425
2025-04-13 15:30:00,Newcastle United,Manchester United,2.6383,0.786568,4,1,ENG-Premier League,2425
2025-04-13 13:00:00,Wolverhampton Wanderers,Tottenham,2.22977,1.62887,4,2,ENG-Premier League,2425
2025-04-14 19:00:00,Bournemouth,Fulham,1.8577,1.07203,1,0,ENG-Premier League,2425
2025-04-16 18:30:00,Newcastle United,Crystal Palace,2.32947,2.37548,5,0,ENG-Premier League,2425
2025-04-19 16:30:00,Aston Villa,Newcastle United,3.05371,1.27176,4,1,ENG-Premier League,2425
2025-04-19 14:00:00,Brentford,Brighton,2.95516,1.24107,4,2,ENG-Premier League,2425
2025-04-19 14:00:00,Crystal Palace,Bournemouth,0.337818,0.664093,0,0,ENG-Premier League,2425
2025-04-19 14:00:00,Everton,Manchester City,0.81683,1.87989,0,2,ENG-Premier League,2425
2025-04-19 14:00:00,West Ham,Southampton,0.98423,0.922877,1,1,ENG-Premier League,2425
2025-04-20 13:00:00,Fulham,Chelsea,0.306122,0.75172,1,2,ENG-Premier League,2425
2025-04-20 13:00:00,Ipswich,Arsenal,0.192879,2.81362,0,4,ENG-Premier League,2425
2025-04-20 15:30:00,Leicester,Liverpool,0.232205,4.52706,0,1,ENG-Premier League,2425
2025-04-20 13:00:00,Manchester United,Wolverhampton Wanderers,1.13966,0.187814,0,1,ENG-Premier League,2425
2025-04-21 19:00:00,Tottenham,Nottingham Forest,2.4024,0.557682,1,2,ENG-Premier League,2425
2025-04-22 19:00:00,Manchester City,Aston Villa,1.36232,1.85906,2,1,ENG-Premier League,2425
2025-04-23 19:00:00,Arsenal,Crystal Palace,1.92149,2.50515,2,2,ENG-Premier League,2425
2025-04-26 14:00:00,Brighton,West Ham,1.29433,1.24134,3,2,ENG-Premier League,2425
2025-04-26 11:30:00,Chelsea,Everton,0.768313,0.916838,1,0,ENG-Premier League,2425
2025-04-26 14:00:00,Newcastle United,Ipswich,4.11539,0.127203,3,0,ENG-Premier League,2425
2025-04-26 14:00:00,Southampton,Fulham,0.935581,1.9956,1,2,ENG-Premier League,2425
2025-04-26 14:00:00,Wolverhampton Wanderers,Leicester,2.57666,1.04978,3,0,ENG-Premier League,2425
2025-04-27 13:00:00,Bournemouth,Manchester United,0.60995,1.91039,1,1,ENG-Premier League,2425
2025-04-27 15:30:00,Liverpool,Tottenham,2.51104,0.512812,5,1,ENG-Premier League,2425
2025-05-01 18:30:00,Nottingham Forest,Brentford,0.670607,1.52054,0,2,ENG-Premier League,2425
2025-05-02 19:00:00,Manchester City,Wolverhampton Wanderers,0.859463,0.622455,1,0,ENG-Premier League,2425
2025-05-03 16:30:00,Arsenal,Bournemouth,2.05484,1.41783,1,2,ENG-Premier League,2425
2025-05-03 11:30:00,Aston Villa,Fulham,1.29013,0.702787,1,0,ENG-Premier League,2425
2025-05-03 14:00:00,Everton,Ipswich,0.808481,1.14351,2,2,ENG-Premier League,2425
2025-05-03 14:00:00,Leicester,Southampton,1.60739,0.550774,2,0,ENG-Premier League,2425
2025-05-04 13:00:00,Brentford,Manchester United,3.58737,1.13404,4,3,ENG-Premier League,2425
2025-05-04 13:00:00,Brighton,Newcastle United,0.687863,1.63777,1,1,ENG-Premier League,2425
2025-05-04 15:30:00,Chelsea,Liverpool,3.51944,1.4267,3,1,ENG-Premier League,2425
2025-05-04 13:00:00,West Ham,Tottenham,1.15166,0.847022,1,1,ENG-Premier League,2425
2025-05-05 19:00:00,Crystal Palace,Nottingham Forest,2.34037,0.63684,1,1,ENG-Premier League,2425
2025-05-10 16:30:00,Bournemouth,Aston Villa,1.02272,1.12376,0,1,ENG-Premier League,2425
2025-05-10 14:00:00,Fulham,Everton,1.20869,1.32604,1,3,ENG-Premier League,2425
2025-05-10 14:00:00,Ipswich,Brentford,0.717433,1.32077,0,1,ENG-Premier League,2425
2025-05-10 14:00:00,Southampton,Manchester City,0.136995,1.58463,0,0,ENG-Premier League,2425
2025-05-10 14:00:00,Wolverhampton Wanderers,Brighton,0.73395,1.41254,0,2,ENG-Premier League,2425
2025-05-11 15:30:00,Liverpool,Arsenal,2.74682,2.18795,2,2,ENG-Premier League,2425
2025-05-11 13:15:00,Manchester United,West Ham,2.31287,2.15985,0,2,ENG-Premier League,2425
2025-05-11 11:00:00,Newcastle United,Chelsea,1.6703,0.646426,2,0,ENG-Premier League,2425
2025-05-11 13:15:00,Nottingham Forest,Leicester,1.76909,1.22949,2,2,ENG-Premier League,2425
2025-05-11 13:15:00,Tottenham,Crystal Palace,0.806792,3.98546,0,2,ENG-Premier League,2425
2025-05-16 18:30:00,Aston Villa,Tottenham,1.69061,0.523016,2,0,ENG-Premier League,2425
2025-05-16 19:15:00,Chelsea,Manchester United,1.29571,0.337632,1,0,ENG-Premier League,2425
2025-05-18 15:30:00,Arsenal,Newcastle United,1.15958,2.24634,1,0,ENG-Premier League,2425
2025-05-18 14:00:00,Brentford,Fulham,2.43045,1.61741,2,3,ENG-Premier League,2425
2025-05-18 11:00:00,Everton,Southampton,2.67793,1.05025,2,0,ENG-Premier League,2425
2025-05-18 14:00:00,Leicester,Ipswich,0.788544,1.36957,2,0,ENG-Premier League,2425
2025-05-18 13:15:00,West Ham,Nottingham Forest,0.850457,2.14756,1,2,ENG-Premier League,2425
2025-05-19 19:00:00,Brighton,Liverpool,2.17789,3.065,3,2,ENG-Premier League,2425
2025-05-20 19:00:00,Crystal Palace,Wolverhampton Wanderers,1.68451,1.42886,4,2,ENG-Premier League,2425
2025-05-20 19:00:00,Manchester City,Bournemouth,1.59779,0.962014,3,1,ENG-Premier League,2425
2025-05-25 15:00:00,Bournemouth,Leicester,2.72449,0.156702,2,0,ENG-Premier League,2425
2025-05-25 15:00:00,Fulham,Manchester City,2.21797,2.45923,0,2,ENG-Premier League,2425
2025-05-25 15:00:00,Ipswich,West Ham,0.893095,0.967379,1,3,ENG-Premier League,2425
2025-05-25 15:00:00,Liverpool,Crystal Palace,1.92122,1.4144,1,1,ENG-Premier League,2425
2025-05-25 15:00:00,Manchester United,Aston Villa,2.96259,0.335222,2,0,ENG-Premier League,2425
2025-05-25 15:00:00,Newcastle United,Everton,1.1591,1.07279,0,1,ENG-Premier League,2425
2025-05-25 15:00:00,Nottingham Forest,Chelsea,1.58014,1.30874,0,1,ENG-Premier League,2425
2025-05-25 15:00:00,Southampton,Arsenal,0.598144,2.40711,1,2,ENG-Premier League,2425
2025-05-25 15:00:00,Tottenham,Brighton,1.85265,3.11624,1,4,ENG-Premier League,2425
2025-05-25 15:00:00,Wolverhampton Wanderers,Brentford,1.10889,1.97196,1,1,ENG-Premier League,2425
2021-08-13 19:00:00,Valencia,Getafe,1.57861,1.19326,1,0,ESP-La Liga,2122
2021-08-14 20:00:00,Alaves,Real Madrid,1.41097,2.15551,1,4,ESP-La Liga,2122
2021-08-14 17:30:00,Cadiz,Levante,0.993589,0.915954,1,1,ESP-La Liga,2122
2021-08-14 17:30:00,Mallorca,Real Betis,0.569578,0.814085,1,1,ESP-La Liga,2122
2021-08-14 20:00:00,Osasuna,Espanyol,0.579404,0.583698,0,0,ESP-La Liga,2122
2021-08-15 18:00:00,Barcelona,Real Sociedad,3.46484,0.902312,4,2,ESP-La Liga,2122
2021-08-15 15:30:00,Celta Vigo,Atletico Madrid,1.59399,1.805,1,2,ESP-La Liga,2122
2021-08-15 20:15:00,Sevilla,Rayo Vallecano,3.67402,0.484078,3,0,ESP-La Liga,2122
2021-08-16 20:00:00,Elche,Athletic Club,0.933565,0.634866,0,0,ESP-La Liga,2122
2021-08-16 18:00:00,Villarreal,Granada,1.21791,0.246735,0,0,ESP-La Liga,2122
2021-08-20 19:00:00,Real Betis,Cadiz,1.82337,1.4533,1,1,ESP-La Liga,2122
2021-08-21 15:00:00,Alaves,Mallorca,0.920977,0.82407,0,1,ESP-La Liga,2122
2021-08-21 20:00:00,Athletic Club,Barcelona,1.43436,1.18383,1,1,ESP-La Liga,2122
2021-08-21 17:30:00,Espanyol,Villarreal,1.68861,0.597171,0,0,ESP-La Liga,2122
2021-08-21 17:30:00,Granada,Valencia,0.752693,1.50025,1,1,ESP-La Liga,2122
2021-08-22 17:30:00,Atletico Madrid,Elche,1.04508,0.168373,1,0,ESP-La Liga,2122
2021-08-22 20:00:00,Levante,Real Madrid,1.63837,2.14125,3,3,ESP-La Liga,2122
2021-08-22 15:00:00,Real Sociedad,Rayo Vallecano,2.26913,0.76322,1,0,ESP-La Liga,2122
2021-08-23 18:00:00,Getafe,Sevilla,0.391853,0.813891,0,1,ESP-La Liga,2122
2021-08-23 20:00:00,Osasuna,Celta Vigo,2.58218,0.084571,0,0,ESP-La Liga,2122
2021-08-27 18:00:00,Mallorca,Espanyol,1.28733,0.296878,1,0,ESP-La Liga,2122
2021-08-27 20:15:00,Valencia,Alaves,2.33998,0.360675,3,0,ESP-La Liga,2122
2021-08-28 15:00:00,Celta Vigo,Athletic Club,0.934567,1.45227,0,1,ESP-La Liga,2122
2021-08-28 17:30:00,Elche,Sevilla,0.855435,1.70035,1,1,ESP-La Liga,2122
2021-08-28 20:00:00,Real Betis,Real Madrid,0.420687,0.94097,0,1,ESP-La Liga,2122
2021-08-28 17:30:00,Real Sociedad,Levante,0.855875,0.521015,1,0,ESP-La Liga,2122
2021-08-29 20:00:00,Atletico Madrid,Villarreal,1.773,0.448731,2,2,ESP-La Liga,2122
2021-08-29 15:00:00,Barcelona,Getafe,1.05122,0.283315,2,1,ESP-La Liga,2122
2021-08-29 17:30:00,Cadiz,Osasuna,1.36149,2.28418,2,3,ESP-La Liga,2122
2021-08-29 17:30:00,Rayo Vallecano,Granada,2.19631,0.586302,4,0,ESP-La Liga,2122
2021-09-11 19:00:00,Athletic Club,Mallorca,1.855,0.22503,2,0,ESP-La Liga,2122
2021-09-11 16:30:00,Levante,Rayo Vallecano,1.10993,2.7683,1,1,ESP-La Liga,2122
2021-09-12 16:30:00,Cadiz,Real Sociedad,0.607763,2.36611,0,2,ESP-La Liga,2122
2021-09-12 12:00:00,Espanyol,Atletico Madrid,0.373891,0.732283,1,2,ESP-La Liga,2122
2021-09-12 14:15:00,Osasuna,Valencia,0.457252,0.924929,1,4,ESP-La Liga,2122
2021-09-12 19:00:00,Real Madrid,Celta Vigo,3.03734,1.99062,5,2,ESP-La Liga,2122
2021-09-13 18:00:00,Getafe,Elche,0.3796,1.07401,0,1,ESP-La Liga,2122
2021-09-13 20:00:00,Granada,Real Betis,0.780077,2.43767,1,2,ESP-La Liga,2122
2021-09-17 19:00:00,Celta Vigo,Cadiz,0.993864,1.07407,1,2,ESP-La Liga,2122
2021-09-18 19:00:00,Alaves,Osasuna,0.251601,1.32313,0,2,ESP-La Liga,2122
2021-09-18 14:15:00,Atletico Madrid,Athletic Club,1.10053,1.10578,0,0,ESP-La Liga,2122
2021-09-18 16:30:00,Elche,Levante,0.536512,1.12463,1,1,ESP-La Liga,2122
2021-09-18 12:00:00,Rayo Vallecano,Getafe,1.98661,1.15428,3,0,ESP-La Liga,2122
2021-09-19 12:00:00,Mallorca,Villarreal,0.529054,1.63437,0,0,ESP-La Liga,2122
2021-09-19 16:30:00,Real Betis,Espanyol,2.36891,1.21693,2,2,ESP-La Liga,2122
2021-09-19 14:15:00,Real Sociedad,Sevilla,1.17723,0.7654,0,0,ESP-La Liga,2122
2021-09-19 19:00:00,Valencia,Real Madrid,0.647432,1.36343,1,2,ESP-La Liga,2122
2021-09-20 19:00:00,Barcelona,Granada,1.88236,0.612728,1,1,ESP-La Liga,2122
2021-09-21 20:00:00,Athletic Club,Rayo Vallecano,0.956027,1.04121,1,2,ESP-La Liga,2122
2021-09-21 17:30:00,Getafe,Atletico Madrid,0.330581,1.47906,1,2,ESP-La Liga,2122
2021-09-21 20:00:00,Levante,Celta Vigo,1.40702,0.739683,0,2,ESP-La Liga,2122
2021-09-22 17:30:00,Espanyol,Alaves,1.61796,0.424815,1,0,ESP-La Liga,2122
2021-09-22 20:00:00,Real Madrid,Mallorca,2.3746,1.19165,6,1,ESP-La Liga,2122
2021-09-22 17:30:00,Sevilla,Valencia,1.20708,0.442431,3,1,ESP-La Liga,2122
2021-09-22 20:00:00,Villarreal,Elche,2.77855,1.09551,4,1,ESP-La Liga,2122
2021-09-23 20:00:00,Cadiz,Barcelona,1.40061,0.361756,0,0,ESP-La Liga,2122
2021-09-23 17:30:00,Granada,Real Sociedad,1.25019,1.58153,2,3,ESP-La Liga,2122
2021-09-23 17:30:00,Osasuna,Real Betis,0.820269,2.20306,1,3,ESP-La Liga,2122
2021-09-25 12:00:00,Alaves,Atletico Madrid,1.19699,0.558059,1,0,ESP-La Liga,2122
2021-09-25 19:00:00,Real Madrid,Villarreal,1.53636,0.666401,0,0,ESP-La Liga,2122
2021-09-25 16:30:00,Sevilla,Espanyol,1.57528,0.478568,2,0,ESP-La Liga,2122
2021-09-25 14:15:00,Valencia,Athletic Club,1.08633,0.830524,1,1,ESP-La Liga,2122
2021-09-26 14:15:00,Barcelona,Levante,3.11328,0.712689,3,0,ESP-La Liga,2122
2021-09-26 12:00:00,Mallorca,Osasuna,2.74158,1.63553,2,3,ESP-La Liga,2122
2021-09-26 16:30:00,Rayo Vallecano,Cadiz,1.89007,1.09997,3,1,ESP-La Liga,2122
2021-09-26 19:00:00,Real Betis,Getafe,2.4642,0.590585,2,0,ESP-La Liga,2122
2021-09-26 16:30:00,Real Sociedad,Elche,2.11835,0.573483,1,0,ESP-La Liga,2122
2021-09-27 19:00:00,Celta Vigo,Granada,1.26658,0.541862,1,0,ESP-La Liga,2122
2021-10-01 19:00:00,Athletic Club,Alaves,2.49402,0.808018,1,0,ESP-La Liga,2122
2021-10-02 19:00:00,Atletico Madrid,Barcelona,1.37412,0.74746,2,0,ESP-La Liga,2122
2021-10-02 16:30:00,Cadiz,Valencia,0.156791,1.43757,0,0,ESP-La Liga,2122
2021-10-02 14:15:00,Mallorca,Levante,0.442135,1.43388,1,0,ESP-La Liga,2122
2021-10-02 12:00:00,Osasuna,Rayo Vallecano,0.657174,0.148539,1,0,ESP-La Liga,2122
2021-10-03 12:00:00,Elche,Celta Vigo,1.39817,0.713553,1,0,ESP-La Liga,2122
2021-10-03 14:15:00,Espanyol,Real Madrid,1.29119,1.62384,2,1,ESP-La Liga,2122
2021-10-03 16:30:00,Getafe,Real Sociedad,0.523662,0.799948,1,1,ESP-La Liga,2122
2021-10-03 19:00:00,Granada,Sevilla,0.0843984,1.4028,1,0,ESP-La Liga,2122
2021-10-03 16:30:00,Villarreal,Real Betis,2.58641,0.527081,2,0,ESP-La Liga,2122
2021-10-16 16:30:00,Levante,Getafe,0.83295,0.557421,0,0,ESP-La Liga,2122
2021-10-16 19:00:00,Real Sociedad,Mallorca,0.404506,0.35977,1,0,ESP-La Liga,2122
2021-10-17 19:00:00,Barcelona,Valencia,2.37862,0.378333,3,1,ESP-La Liga,2122
2021-10-17 14:15:00,Celta Vigo,Sevilla,0.888941,0.828384,0,1,ESP-La Liga,2122
2021-10-17 12:00:00,Rayo Vallecano,Elche,1.10651,0.326072,2,1,ESP-La Liga,2122
2021-10-17 16:30:00,Villarreal,Osasuna,0.713142,0.957297,1,2,ESP-La Liga,2122
2021-10-18 17:00:00,Alaves,Real Betis,1.35769,1.47785,0,1,ESP-La Liga,2122
2021-10-18 19:00:00,Espanyol,Cadiz,1.73503,0.603648,2,0,ESP-La Liga,2122
2021-10-22 19:00:00,Osasuna,Granada,1.24456,0.434896,1,1,ESP-La Liga,2122
2021-10-23 19:00:00,Athletic Club,Villarreal,2.64328,0.605636,2,1,ESP-La Liga,2122
2021-10-23 14:15:00,Cadiz,Alaves,2.00294,1.86733,0,2,ESP-La Liga,2122
2021-10-23 16:30:00,Elche,Espanyol,0.998945,1.05435,2,2,ESP-La Liga,2122
2021-10-23 12:00:00,Valencia,Mallorca,1.47094,0.807566,2,2,ESP-La Liga,2122
2021-10-24 19:00:00,Atletico Madrid,Real Sociedad,1.75286,0.834092,2,2,ESP-La Liga,2122
2021-10-24 14:15:00,Barcelona,Real Madrid,1.58789,1.5463,1,2,ESP-La Liga,2122
2021-10-24 16:30:00,Real Betis,Rayo Vallecano,1.43375,1.16768,3,2,ESP-La Liga,2122
2021-10-24 12:00:00,Sevilla,Levante,1.82952,1.28779,5,3,ESP-La Liga,2122
2021-10-25 19:00:00,Getafe,Celta Vigo,0.461119,2.48108,0,3,ESP-La Liga,2122
2021-10-26 17:00:00,Alaves,Elche,1.81349,0.281657,1,0,ESP-La Liga,2122
2021-10-26 19:00:00,Espanyol,Athletic Club,1.23306,3.68446,1,1,ESP-La Liga,2122
2021-10-26 19:30:00,Villarreal,Cadiz,1.95102,1.53615,3,3,ESP-La Liga,2122
2021-10-27 17:00:00,Mallorca,Sevilla,2.27366,1.42068,1,1,ESP-La Liga,2122
2021-10-27 17:00:00,Rayo Vallecano,Barcelona,0.786282,2.85731,1,0,ESP-La Liga,2122
2021-10-27 18:00:00,Real Betis,Valencia,2.58067,2.17844,4,1,ESP-La Liga,2122
2021-10-27 19:30:00,Real Madrid,Osasuna,0.655438,0.71046,0,0,ESP-La Liga,2122
2021-10-28 17:00:00,Celta Vigo,Real Sociedad,0.995591,1.42714,0,2,ESP-La Liga,2122
2021-10-28 18:00:00,Granada,Getafe,2.26351,0.581107,1,1,ESP-La Liga,2122
2021-10-28 19:30:00,Levante,Atletico Madrid,2.12426,1.33383,2,2,ESP-La Liga,2122
2021-10-30 19:00:00,Barcelona,Alaves,1.56007,0.599628,1,1,ESP-La Liga,2122
2021-10-30 12:00:00,Elche,Real Madrid,1.15068,1.60735,1,2,ESP-La Liga,2122
2021-10-30 14:15:00,Sevilla,Osasuna,2.43378,0.790454,2,0,ESP-La Liga,2122
2021-10-30 16:30:00,Valencia,Villarreal,1.66395,0.804209,2,0,ESP-La Liga,2122
2021-10-31 15:15:00,Atletico Madrid,Real Betis,2.5506,0.521096,3,0,ESP-La Liga,2122
2021-10-31 13:00:00,Cadiz,Mallorca,1.80233,1.03662,1,1,ESP-La Liga,2122
2021-10-31 17:30:00,Getafe,Espanyol,0.951784,0.619895,2,1,ESP-La Liga,2122
2021-10-31 20:00:00,Real Sociedad,Athletic Club,1.05807,1.01149,1,1,ESP-La Liga,2122
2021-11-01 20:00:00,Levante,Granada,1.33088,1.46089,0,3,ESP-La Liga,2122
2021-11-01 17:30:00,Rayo Vallecano,Celta Vigo,0.467972,0.43779,0,0,ESP-La Liga,2122
2021-11-05 20:00:00,Athletic Club,Cadiz,0.584754,0.491777,0,1,ESP-La Liga,2122
2021-11-06 17:30:00,Alaves,Levante,1.53471,0.802633,2,1,ESP-La Liga,2122
2021-11-06 15:15:00,Celta Vigo,Barcelona,1.77068,1.13925,3,3,ESP-La Liga,2122
2021-11-06 13:00:00,Espanyol,Granada,1.76367,2.06874,2,0,ESP-La Liga,2122
2021-11-06 20:00:00,Real Madrid,Rayo Vallecano,2.72626,1.78044,2,1,ESP-La Liga,2122
2021-11-07 17:30:00,Mallorca,Elche,2.04894,0.679919,2,2,ESP-La Liga,2122
2021-11-07 17:30:00,Osasuna,Real Sociedad,0.495749,1.43263,0,2,ESP-La Liga,2122
2021-11-07 20:00:00,Real Betis,Sevilla,0.389163,1.42156,0,2,ESP-La Liga,2122
2021-11-07 15:15:00,Valencia,Atletico Madrid,1.57167,2.63804,3,3,ESP-La Liga,2122
2021-11-07 13:00:00,Villarreal,Getafe,1.49263,0.153162,1,0,ESP-La Liga,2122
2021-11-19 20:00:00,Levante,Athletic Club,0.630763,0.452179,0,0,ESP-La Liga,2122
2021-11-20 17:30:00,Atletico Madrid,Osasuna,1.61044,0.378974,1,0,ESP-La Liga,2122
2021-11-20 20:00:00,Barcelona,Espanyol,1.51262,1.41291,1,0,ESP-La Liga,2122
2021-11-20 13:00:00,Celta Vigo,Villarreal,0.90981,2.71931,1,1,ESP-La Liga,2122
2021-11-20 15:15:00,Sevilla,Alaves,1.37509,1.47367,2,2,ESP-La Liga,2122
2021-11-21 17:30:00,Elche,Real Betis,0.824849,1.60069,0,3,ESP-La Liga,2122
2021-11-21 13:00:00,Getafe,Cadiz,1.54295,0.370193,4,0,ESP-La Liga,2122
2021-11-21 15:15:00,Granada,Real Madrid,0.56422,3.77854,1,4,ESP-La Liga,2122
2021-11-21 20:00:00,Real Sociedad,Valencia,0.405372,0.584859,0,0,ESP-La Liga,2122
2021-11-22 20:00:00,Rayo Vallecano,Mallorca,1.94957,0.827606,3,1,ESP-La Liga,2122
2021-11-26 20:00:00,Athletic Club,Granada,1.33935,0.977596,2,2,ESP-La Liga,2122
2021-11-27 13:00:00,Alaves,Celta Vigo,0.677245,1.54308,1,2,ESP-La Liga,2122
2021-11-27 17:30:00,Mallorca,Getafe,0.472696,0.739333,0,0,ESP-La Liga,2122
2021-11-27 15:15:00,Valencia,Rayo Vallecano,1.58132,2.02852,1,1,ESP-La Liga,2122
2021-11-27 20:00:00,Villarreal,Barcelona,1.55977,3.37249,1,3,ESP-La Liga,2122
2021-11-28 17:30:00,Cadiz,Atletico Madrid,0.766477,3.32569,1,4,ESP-La Liga,2122
2021-11-28 15:15:00,Espanyol,Real Sociedad,0.378098,1.32638,1,0,ESP-La Liga,2122
2021-11-28 13:00:00,Real Betis,Levante,2.3097,0.645945,3,1,ESP-La Liga,2122
2021-11-28 20:00:00,Real Madrid,Sevilla,1.2476,1.30167,2,1,ESP-La Liga,2122
2021-11-29 20:00:00,Osasuna,Elche,2.13729,1.05682,1,1,ESP-La Liga,2122
2021-12-01 20:00:00,Real Madrid,Athletic Club,1.60531,2.70199,1,0,ESP-La Liga,2122
2021-12-03 20:00:00,Granada,Alaves,1.08266,1.38466,2,1,ESP-La Liga,2122
2021-12-04 17:30:00,Atletico Madrid,Mallorca,2.07045,0.775913,1,2,ESP-La Liga,2122
2021-12-04 15:15:00,Barcelona,Real Betis,1.20871,0.642697,0,1,ESP-La Liga,2122
2021-12-04 20:00:00,Real Sociedad,Real Madrid,0.585154,2.19245,0,2,ESP-La Liga,2122
2021-12-04 13:00:00,Sevilla,Villarreal,0.46965,1.90918,1,0,ESP-La Liga,2122
2021-12-05 20:00:00,Celta Vigo,Valencia,0.645079,1.01149,1,2,ESP-La Liga,2122
2021-12-05 15:15:00,Elche,Cadiz,2.33084,1.50592,3,1,ESP-La Liga,2122
2021-12-05 17:30:00,Levante,Osasuna,0.510046,0.250564,0,0,ESP-La Liga,2122
2021-12-05 13:00:00,Rayo Vallecano,Espanyol,0.649198,0.474816,1,0,ESP-La Liga,2122
2021-12-06 20:00:00,Getafe,Athletic Club,1.35736,0.466017,0,0,ESP-La Liga,2122
2021-12-10 20:00:00,Mallorca,Celta Vigo,0.898098,1.33476,0,0,ESP-La Liga,2122
2021-12-11 15:15:00,Alaves,Getafe,0.989074,1.04682,1,1,ESP-La Liga,2122
2021-12-11 20:00:00,Athletic Club,Sevilla,2.35659,0.214536,0,1,ESP-La Liga,2122
2021-12-11 13:00:00,Espanyol,Levante,2.1352,3.38759,4,3,ESP-La Liga,2122
2021-12-11 17:30:00,Valencia,Elche,1.67544,1.12996,2,1,ESP-La Liga,2122
2021-12-12 15:15:00,Osasuna,Barcelona,0.367626,1.3894,2,2,ESP-La Liga,2122
2021-12-12 17:30:00,Real Betis,Real Sociedad,1.21698,1.06737,4,0,ESP-La Liga,2122
2021-12-12 20:00:00,Real Madrid,Atletico Madrid,0.587828,0.769681,2,0,ESP-La Liga,2122
2021-12-12 13:00:00,Villarreal,Rayo Vallecano,2.10964,1.41255,2,0,ESP-La Liga,2122
2021-12-13 20:00:00,Cadiz,Granada,0.6189,1.12436,1,1,ESP-La Liga,2122
2021-12-17 20:00:00,Celta Vigo,Espanyol,1.6562,0.377711,3,1,ESP-La Liga,2122
2021-12-18 17:30:00,Barcelona,Elche,2.96397,1.26552,3,2,ESP-La Liga,2122
2021-12-18 13:00:00,Rayo Vallecano,Alaves,1.87281,0.198501,2,0,ESP-La Liga,2122
2021-12-18 15:15:00,Real Sociedad,Villarreal,1.34561,3.02243,1,3,ESP-La Liga,2122
2021-12-18 20:00:00,Sevilla,Atletico Madrid,0.373147,1.24499,2,1,ESP-La Liga,2122
2021-12-19 15:15:00,Athletic Club,Real Betis,1.1909,2.01927,3,2,ESP-La Liga,2122
2021-12-19 17:30:00,Getafe,Osasuna,1.09096,0.712207,1,0,ESP-La Liga,2122
2021-12-19 13:00:00,Granada,Mallorca,2.71538,1.08613,4,1,ESP-La Liga,2122
2021-12-19 20:00:00,Real Madrid,Cadiz,2.79615,0.242189,0,0,ESP-La Liga,2122
2021-12-20 20:00:00,Levante,Valencia,2.73541,2.10622,3,4,ESP-La Liga,2122
2021-12-21 22:30:00,Sevilla,Barcelona,0.299426,1.90576,1,1,ESP-La Liga,2122
2021-12-21 20:00:00,Villarreal,Alaves,3.87986,0.310052,5,2,ESP-La Liga,2122
2021-12-22 20:30:00,Athletic Club,Real Madrid,1.0933,1.58518,1,2,ESP-La Liga,2122
2021-12-22 20:00:00,Granada,Atletico Madrid,0.911053,1.77937,2,1,ESP-La Liga,2122
2021-12-31 15:15:00,Valencia,Espanyol,0.864078,2.14833,1,2,ESP-La Liga,2122
2022-01-02 17:30:00,Alaves,Real Sociedad,1.5407,1.38111,1,1,ESP-La Liga,2122
2022-01-02 15:15:00,Atletico Madrid,Rayo Vallecano,1.98103,0.104074,2,0,ESP-La Liga,2122
2022-01-02 15:15:00,Elche,Granada,1.44824,0.965958,0,0,ESP-La Liga,2122
2022-01-02 13:00:00,Getafe,Real Madrid,0.900039,0.913167,1,0,ESP-La Liga,2122
2022-01-02 20:00:00,Mallorca,Barcelona,0.988536,1.61795,0,1,ESP-La Liga,2122
2022-01-02 17:30:00,Real Betis,Celta Vigo,0.889436,1.872,0,2,ESP-La Liga,2122
2022-01-03 20:15:00,Cadiz,Sevilla,0.238594,1.28387,0,1,ESP-La Liga,2122
2022-01-03 20:00:00,Osasuna,Athletic Club,0.521945,2.48538,1,3,ESP-La Liga,2122
2022-01-03 18:00:00,Villarreal,Levante,4.19047,0.423407,5,0,ESP-La Liga,2122
2022-01-08 17:30:00,Granada,Barcelona,0.747757,0.967234,1,1,ESP-La Liga,2122
2022-01-08 13:00:00,Levante,Mallorca,1.32485,1.16534,2,0,ESP-La Liga,2122
2022-01-08 20:00:00,Real Madrid,Valencia,4.1129,1.12054,4,1,ESP-La Liga,2122
2022-01-08 15:15:00,Real Sociedad,Celta Vigo,2.32107,0.313993,1,0,ESP-La Liga,2122
2022-01-09 17:30:00,Alaves,Athletic Club,0.585505,0.463719,0,0,ESP-La Liga,2122
2022-01-09 17:30:00,Osasuna,Cadiz,3.13396,0.210192,2,0,ESP-La Liga,2122
2022-01-09 13:00:00,Rayo Vallecano,Real Betis,1.47922,1.26688,1,1,ESP-La Liga,2122
2022-01-09 15:15:00,Sevilla,Getafe,0.592329,0.114607,1,0,ESP-La Liga,2122
2022-01-09 20:00:00,Villarreal,Atletico Madrid,2.56125,0.882404,2,2,ESP-La Liga,2122
2022-01-10 20:00:00,Espanyol,Elche,1.30222,0.662335,1,2,ESP-La Liga,2122
2022-01-16 18:00:00,Elche,Villarreal,0.204155,0.755426,1,0,ESP-La Liga,2122
2022-01-18 18:00:00,Cadiz,Espanyol,0.801983,1.91578,2,2,ESP-La Liga,2122
2022-01-18 20:00:00,Real Betis,Alaves,2.10165,0.260065,4,0,ESP-La Liga,2122
2022-01-19 18:00:00,Celta Vigo,Osasuna,1.52433,0.46556,2,0,ESP-La Liga,2122
2022-01-19 20:30:00,Valencia,Sevilla,0.573449,1.17995,1,1,ESP-La Liga,2122
2022-01-20 18:00:00,Getafe,Granada,1.18065,0.856476,4,2,ESP-La Liga,2122
2022-01-21 20:00:00,Espanyol,Real Betis,1.57092,2.85687,1,4,ESP-La Liga,2122
2022-01-22 20:00:00,Atletico Madrid,Valencia,2.25966,0.726623,3,2,ESP-La Liga,2122
2022-01-22 13:00:00,Levante,Cadiz,1.08487,0.911469,0,2,ESP-La Liga,2122
2022-01-22 17:30:00,Sevilla,Celta Vigo,0.885077,0.469693,2,2,ESP-La Liga,2122
2022-01-22 15:15:00,Villarreal,Mallorca,2.19824,1.59983,3,0,ESP-La Liga,2122
2022-01-23 20:00:00,Alaves,Barcelona,0.733223,1.14948,0,1,ESP-La Liga,2122
2022-01-23 13:00:00,Granada,Osasuna,0.582823,2.17061,0,2,ESP-La Liga,2122
2022-01-23 17:30:00,Rayo Vallecano,Athletic Club,1.45337,0.412898,0,1,ESP-La Liga,2122
2022-01-23 15:15:00,Real Madrid,Elche,3.82847,0.725434,2,2,ESP-La Liga,2122
2022-01-23 17:30:00,Real Sociedad,Getafe,1.21342,0.350506,0,0,ESP-La Liga,2122
2022-02-04 20:00:00,Getafe,Levante,1.1718,0.556029,3,0,ESP-La Liga,2122
2022-02-05 17:30:00,Celta Vigo,Rayo Vallecano,0.65442,0.678815,2,0,ESP-La Liga,2122
2022-02-05 13:00:00,Elche,Alaves,1.77379,1.12234,3,1,ESP-La Liga,2122
2022-02-05 15:15:00,Mallorca,Cadiz,2.23498,0.887418,2,1,ESP-La Liga,2122
2022-02-05 20:00:00,Osasuna,Sevilla,0.397154,1.34983,0,0,ESP-La Liga,2122
2022-02-06 15:15:00,Barcelona,Atletico Madrid,0.926663,1.61465,4,2,ESP-La Liga,2122
2022-02-06 17:30:00,Real Betis,Villarreal,0.737524,1.34131,0,2,ESP-La Liga,2122
2022-02-06 20:00:00,Real Madrid,Granada,1.47173,0.39522,1,0,ESP-La Liga,2122
2022-02-06 13:00:00,Valencia,Real Sociedad,1.19065,0.539612,0,0,ESP-La Liga,2122
2022-02-07 20:00:00,Athletic Club,Espanyol,1.07545,0.580028,2,1,ESP-La Liga,2122
2022-02-11 20:00:00,Sevilla,Elche,0.767939,0.28732,2,0,ESP-La Liga,2122
2022-02-12 20:00:00,Atletico Madrid,Getafe,3.20819,2.2661,4,3,ESP-La Liga,2122
2022-02-12 13:00:00,Cadiz,Celta Vigo,0.880656,0.900788,0,0,ESP-La Liga,2122
2022-02-12 17:30:00,Rayo Vallecano,Osasuna,0.590034,2.12321,0,3,ESP-La Liga,2122
2022-02-12 15:15:00,Villarreal,Real Madrid,0.460031,2.11101,0,0,ESP-La Liga,2122
2022-02-13 13:00:00,Alaves,Valencia,2.03492,1.18082,2,1,ESP-La Liga,2122
2022-02-13 20:00:00,Espanyol,Barcelona,0.624266,1.62221,2,2,ESP-La Liga,2122
2022-02-13 15:15:00,Levante,Real Betis,1.66764,2.09703,2,4,ESP-La Liga,2122
2022-02-13 17:30:00,Real Sociedad,Granada,3.43761,0.773811,2,0,ESP-La Liga,2122
2022-02-14 20:00:00,Mallorca,Athletic Club,1.81722,1.54391,3,2,ESP-La Liga,2122
2022-02-16 18:00:00,Atletico Madrid,Levante,1.10602,0.813252,0,1,ESP-La Liga,2122
2022-02-18 20:00:00,Elche,Rayo Vallecano,2.95715,0.832156,2,1,ESP-La Liga,2122
2022-02-19 17:30:00,Cadiz,Getafe,0.653762,0.885378,1,1,ESP-La Liga,2122
2022-02-19 13:00:00,Granada,Villarreal,2.12749,5.34192,1,4,ESP-La Liga,2122
2022-02-19 15:15:00,Osasuna,Atletico Madrid,0.689493,0.928671,0,3,ESP-La Liga,2122
2022-02-19 20:00:00,Real Madrid,Alaves,3.02281,0.63724,3,0,ESP-La Liga,2122
2022-02-20 20:00:00,Athletic Club,Real Sociedad,3.08821,0.528403,4,0,ESP-La Liga,2122
2022-02-20 13:00:00,Espanyol,Sevilla,1.60205,0.958453,1,1,ESP-La Liga,2122
2022-02-20 17:30:00,Real Betis,Mallorca,1.47285,0.33988,2,1,ESP-La Liga,2122
2022-02-20 15:15:00,Valencia,Barcelona,0.774868,2.4686,1,4,ESP-La Liga,2122
2022-02-21 20:00:00,Celta Vigo,Levante,1.40465,1.54675,1,1,ESP-La Liga,2122
2022-02-25 20:00:00,Levante,Elche,2.13075,1.0394,3,0,ESP-La Liga,2122
2022-02-26 20:00:00,Atletico Madrid,Celta Vigo,0.771653,0.724951,2,0,ESP-La Liga,2122
2022-02-26 15:15:00,Getafe,Alaves,1.2384,1.33865,2,2,ESP-La Liga,2122
2022-02-26 13:00:00,Mallorca,Valencia,1.38849,0.71964,0,1,ESP-La Liga,2122
2022-02-26 17:30:00,Rayo Vallecano,Real Madrid,1.19813,1.92697,0,1,ESP-La Liga,2122
2022-02-27 20:00:00,Barcelona,Athletic Club,3.24274,0.332521,4,0,ESP-La Liga,2122
2022-02-27 17:30:00,Real Sociedad,Osasuna,1.52268,0.410683,1,0,ESP-La Liga,2122
2022-02-27 15:15:00,Sevilla,Real Betis,1.73411,0.745673,2,1,ESP-La Liga,2122
2022-02-27 13:00:00,Villarreal,Espanyol,4.80545,0.641431,5,1,ESP-La Liga,2122
2022-02-28 20:00:00,Granada,Cadiz,0.240876,0.902122,0,0,ESP-La Liga,2122
2022-03-02 20:00:00,Mallorca,Real Sociedad,0.455768,1.44904,0,2,ESP-La Liga,2122
2022-03-04 20:00:00,Alaves,Sevilla,2.03396,1.07969,0,0,ESP-La Liga,2122
2022-03-05 15:15:00,Espanyol,Getafe,0.12167,0.477665,2,0,ESP-La Liga,2122
2022-03-05 13:00:00,Osasuna,Villarreal,1.52659,0.522906,1,0,ESP-La Liga,2122
2022-03-05 20:00:00,Real Madrid,Real Sociedad,2.08769,0.743278,4,1,ESP-La Liga,2122
2022-03-05 17:30:00,Valencia,Granada,1.83454,0.209802,3,1,ESP-La Liga,2122
2022-03-06 13:00:00,Cadiz,Rayo Vallecano,1.1663,0.908358,2,0,ESP-La Liga,2122
2022-03-06 17:30:00,Celta Vigo,Mallorca,2.80024,1.59076,4,3,ESP-La Liga,2122
2022-03-06 15:15:00,Elche,Barcelona,0.850008,4.0864,1,2,ESP-La Liga,2122
2022-03-06 20:00:00,Real Betis,Atletico Madrid,1.31499,2.6744,1,3,ESP-La Liga,2122
2022-03-07 20:00:00,Athletic Club,Levante,3.4866,0.552215,3,1,ESP-La Liga,2122
2022-03-11 20:00:00,Atletico Madrid,Cadiz,0.659742,0.817457,2,1,ESP-La Liga,2122
2022-03-12 20:00:00,Getafe,Valencia,1.20664,0.250843,0,0,ESP-La Liga,2122
2022-03-12 15:15:00,Granada,Elche,1.34208,1.32937,0,1,ESP-La Liga,2122
2022-03-12 13:00:00,Levante,Espanyol,1.25649,0.47916,1,1,ESP-La Liga,2122
2022-03-12 17:30:00,Villarreal,Celta Vigo,1.16993,0.933297,1,0,ESP-La Liga,2122
2022-03-13 20:00:00,Barcelona,Osasuna,3.90343,0.110884,4,0,ESP-La Liga,2122
2022-03-13 13:00:00,Rayo Vallecano,Sevilla,0.626895,0.412843,1,1,ESP-La Liga,2122
2022-03-13 15:15:00,Real Betis,Athletic Club,0.846393,0.707634,1,0,ESP-La Liga,2122
2022-03-13 17:30:00,Real Sociedad,Alaves,3.04773,0.666399,1,0,ESP-La Liga,2122
2022-03-14 20:00:00,Mallorca,Real Madrid,1.17685,1.81712,0,3,ESP-La Liga,2122
2022-03-18 20:00:00,Athletic Club,Getafe,2.64347,0.562831,1,1,ESP-La Liga,2122
2022-03-19 13:00:00,Alaves,Granada,2.13094,2.19056,2,3,ESP-La Liga,2122
2022-03-19 15:15:00,Elche,Valencia,0.509372,0.979663,0,1,ESP-La Liga,2122
2022-03-19 17:30:00,Osasuna,Levante,2.67397,1.21866,3,1,ESP-La Liga,2122
2022-03-19 20:00:00,Rayo Vallecano,Atletico Madrid,1.88474,1.1919,0,1,ESP-La Liga,2122
2022-03-20 15:15:00,Cadiz,Villarreal,1.4273,0.192945,1,0,ESP-La Liga,2122
2022-03-20 15:15:00,Celta Vigo,Real Betis,1.26157,0.444295,0,0,ESP-La Liga,2122
2022-03-20 13:00:00,Espanyol,Mallorca,1.54033,0.306153,1,0,ESP-La Liga,2122
2022-03-20 20:00:00,Real Madrid,Barcelona,0.627785,4.25983,0,4,ESP-La Liga,2122
2022-03-20 17:30:00,Sevilla,Real Sociedad,0.355365,1.22058,0,0,ESP-La Liga,2122
2022-04-02 19:00:00,Atletico Madrid,Alaves,2.86429,0.518108,4,1,ESP-La Liga,2122
2022-04-02 16:30:00,Celta Vigo,Real Madrid,1.07389,2.94585,1,2,ESP-La Liga,2122
2022-04-02 12:00:00,Getafe,Mallorca,1.69452,0.308149,1,0,ESP-La Liga,2122
2022-04-02 14:15:00,Levante,Villarreal,1.71737,1.10171,2,0,ESP-La Liga,2122
2022-04-03 12:00:00,Athletic Club,Elche,2.08095,0.45189,2,1,ESP-La Liga,2122
2022-04-03 19:00:00,Barcelona,Sevilla,1.93362,0.488161,1,0,ESP-La Liga,2122
2022-04-03 16:30:00,Granada,Rayo Vallecano,2.26365,1.04645,2,2,ESP-La Liga,2122
2022-04-03 14:15:00,Real Betis,Osasuna,4.85779,0.310951,4,1,ESP-La Liga,2122
2022-04-03 16:30:00,Valencia,Cadiz,0.107859,0.196233,0,0,ESP-La Liga,2122
2022-04-04 19:00:00,Real Sociedad,Espanyol,1.95778,0.714821,1,0,ESP-La Liga,2122
2022-04-08 19:00:00,Sevilla,Granada,3.30823,0.981555,4,2,ESP-La Liga,2122
2022-04-09 12:00:00,Cadiz,Real Betis,1.15546,1.22849,1,2,ESP-La Liga,2122
2022-04-09 14:15:00,Mallorca,Atletico Madrid,1.08047,0.575266,1,0,ESP-La Liga,2122
2022-04-09 19:00:00,Real Madrid,Getafe,1.62196,0.407933,2,0,ESP-La Liga,2122
2022-04-09 16:30:00,Villarreal,Athletic Club,0.919935,2.04982,1,1,ESP-La Liga,2122
2022-04-10 16:30:00,Elche,Real Sociedad,1.0483,2.08213,1,2,ESP-La Liga,2122
2022-04-10 14:15:00,Espanyol,Celta Vigo,1.55824,0.6961,1,0,ESP-La Liga,2122
2022-04-10 19:00:00,Levante,Barcelona,2.98698,1.36074,2,3,ESP-La Liga,2122
2022-04-10 12:00:00,Osasuna,Alaves,2.67295,0.779772,1,0,ESP-La Liga,2122
2022-04-11 19:00:00,Rayo Vallecano,Valencia,0.556213,0.56958,1,1,ESP-La Liga,2122
2022-04-15 19:00:00,Real Sociedad,Real Betis,0.86796,0.377534,0,0,ESP-La Liga,2122
2022-04-16 14:15:00,Alaves,Rayo Vallecano,0.531373,1.22034,1,0,ESP-La Liga,2122
2022-04-16 12:00:00,Elche,Mallorca,1.49995,1.06428,3,0,ESP-La Liga,2122
2022-04-16 19:00:00,Getafe,Villarreal,0.939154,2.82388,1,2,ESP-La Liga,2122
2022-04-16 16:30:00,Valencia,Osasuna,1.20904,1.06317,1,2,ESP-La Liga,2122
2022-04-17 16:30:00,Athletic Club,Celta Vigo,0.910556,0.882589,0,2,ESP-La Liga,2122
2022-04-17 14:15:00,Atletico Madrid,Espanyol,1.58913,0.814562,2,1,ESP-La Liga,2122
2022-04-17 12:00:00,Granada,Levante,1.15642,4.45893,1,4,ESP-La Liga,2122
2022-04-17 19:00:00,Sevilla,Real Madrid,1.17236,1.53527,2,3,ESP-La Liga,2122
2022-04-18 19:00:00,Barcelona,Cadiz,1.35403,1.92768,0,1,ESP-La Liga,2122
2022-04-19 17:00:00,Mallorca,Alaves,0.91373,0.561806,2,1,ESP-La Liga,2122
2022-04-19 19:00:00,Real Betis,Elche,1.34387,0.834721,0,1,ESP-La Liga,2122
2022-04-19 19:30:00,Villarreal,Valencia,2.79507,0.313345,2,0,ESP-La Liga,2122
2022-04-20 17:00:00,Atletico Madrid,Granada,1.14761,0.150986,0,0,ESP-La Liga,2122
2022-04-20 18:00:00,Celta Vigo,Getafe,0.326278,1.45896,0,2,ESP-La Liga,2122
2022-04-20 19:30:00,Osasuna,Real Madrid,0.872915,4.60461,1,3,ESP-La Liga,2122
2022-04-21 18:00:00,Cadiz,Athletic Club,3.42624,2.33226,2,3,ESP-La Liga,2122
2022-04-21 17:00:00,Espanyol,Rayo Vallecano,0.454741,1.01579,0,1,ESP-La Liga,2122
2022-04-21 17:00:00,Levante,Sevilla,2.62106,2.46009,2,3,ESP-La Liga,2122
2022-04-21 19:30:00,Real Sociedad,Barcelona,1.0324,1.96498,0,1,ESP-La Liga,2122
2022-04-24 19:00:00,Barcelona,Rayo Vallecano,1.10806,0.247749,0,1,ESP-La Liga,2122
2022-04-29 19:00:00,Sevilla,Cadiz,0.873458,0.899478,1,1,ESP-La Liga,2122
2022-04-30 12:00:00,Alaves,Villarreal,1.85307,1.14043,2,1,ESP-La Liga,2122
2022-04-30 19:00:00,Athletic Club,Atletico Madrid,1.24712,0.503211,2,0,ESP-La Liga,2122
2022-04-30 14:15:00,Real Madrid,Espanyol,2.31704,1.64156,4,0,ESP-La Liga,2122
2022-04-30 16:30:00,Valencia,Levante,0.737326,1.70278,1,1,ESP-La Liga,2122
2022-05-01 19:00:00,Barcelona,Mallorca,1.64114,1.23981,2,1,ESP-La Liga,2122
2022-05-01 12:00:00,Elche,Osasuna,0.80936,1.11898,1,1,ESP-La Liga,2122
2022-05-01 14:15:00,Granada,Celta Vigo,0.999398,1.30137,1,1,ESP-La Liga,2122
2022-05-01 16:30:00,Rayo Vallecano,Real Sociedad,1.19946,0.87498,1,1,ESP-La Liga,2122
2022-05-02 19:00:00,Getafe,Real Betis,0.851757,0.470229,0,0,ESP-La Liga,2122
2022-05-06 19:00:00,Levante,Real Sociedad,2.22217,2.30649,2,1,ESP-La Liga,2122
2022-05-07 14:15:00,Athletic Club,Valencia,1.54495,0.127375,0,0,ESP-La Liga,2122
2022-05-07 16:30:00,Cadiz,Elche,2.02383,0.0634173,3,0,ESP-La Liga,2122
2022-05-07 16:30:00,Celta Vigo,Alaves,2.99933,0.136283,4,0,ESP-La Liga,2122
2022-05-07 12:00:00,Mallorca,Granada,1.77941,2.64631,2,6,ESP-La Liga,2122
2022-05-07 19:00:00,Real Betis,Barcelona,0.627814,1.19659,1,2,ESP-La Liga,2122
2022-05-08 19:00:00,Atletico Madrid,Real Madrid,2.45366,1.13607,1,0,ESP-La Liga,2122
2022-05-08 16:30:00,Espanyol,Osasuna,0.56923,1.11008,1,1,ESP-La Liga,2122
2022-05-08 12:00:00,Getafe,Rayo Vallecano,0.629264,0.816549,0,0,ESP-La Liga,2122
2022-05-08 14:15:00,Villarreal,Sevilla,2.70051,0.986887,1,1,ESP-La Liga,2122
2022-05-10 19:30:00,Barcelona,Celta Vigo,1.23358,0.851127,3,1,ESP-La Liga,2122
2022-05-10 18:00:00,Granada,Athletic Club,1.01967,0.35575,1,0,ESP-La Liga,2122
2022-05-10 17:00:00,Valencia,Real Betis,1.11931,1.83636,0,3,ESP-La Liga,2122
2022-05-11 17:00:00,Alaves,Espanyol,2.4573,0.902191,2,1,ESP-La Liga,2122
2022-05-11 19:30:00,Elche,Atletico Madrid,0.169168,2.61258,0,2,ESP-La Liga,2122
2022-05-11 17:00:00,Osasuna,Getafe,0.608205,0.582724,1,1,ESP-La Liga,2122
2022-05-11 18:30:00,Sevilla,Mallorca,1.65199,0.553368,0,0,ESP-La Liga,2122
2022-05-12 18:00:00,Rayo Vallecano,Villarreal,1.8933,2.9178,1,5,ESP-La Liga,2122
2022-05-12 19:30:00,Real Madrid,Levante,4.89552,0.695945,6,0,ESP-La Liga,2122
2022-05-12 17:00:00,Real Sociedad,Cadiz,2.65814,0.675387,3,0,ESP-La Liga,2122
2022-05-15 17:30:00,Athletic Club,Osasuna,1.47829,0.764272,2,0,ESP-La Liga,2122
2022-05-15 17:30:00,Atletico Madrid,Sevilla,0.892826,0.794179,1,1,ESP-La Liga,2122
2022-05-15 17:30:00,Cadiz,Real Madrid,2.66633,1.92483,1,1,ESP-La Liga,2122
2022-05-15 17:30:00,Celta Vigo,Elche,1.5573,0.445721,1,0,ESP-La Liga,2122
2022-05-15 17:30:00,Espanyol,Valencia,0.59873,2.2262,1,1,ESP-La Liga,2122
2022-05-15 17:30:00,Getafe,Barcelona,0.237476,0.19547,0,0,ESP-La Liga,2122
2022-05-15 17:30:00,Levante,Alaves,2.14717,0.571687,3,1,ESP-La Liga,2122
2022-05-15 17:30:00,Mallorca,Rayo Vallecano,0.945419,2.04546,2,1,ESP-La Liga,2122
2022-05-15 17:30:00,Real Betis,Granada,1.70154,1.15584,2,0,ESP-La Liga,2122
2022-05-15 17:30:00,Villarreal,Real Sociedad,1.01013,2.72677,1,2,ESP-La Liga,2122
2022-05-20 19:00:00,Rayo Vallecano,Levante,2.7327,3.28491,2,4,ESP-La Liga,2122
2022-05-20 19:00:00,Real Madrid,Real Betis,1.8155,1.43562,0,0,ESP-La Liga,2122
2022-05-21 15:30:00,Valencia,Celta Vigo,1.47889,1.40936,2,0,ESP-La Liga,2122
2022-05-22 18:00:00,Alaves,Cadiz,0.391505,1.84089,0,1,ESP-La Liga,2122
2022-05-22 20:00:00,Barcelona,Villarreal,0.628178,0.68657,0,2,ESP-La Liga,2122
2022-05-22 15:30:00,Elche,Getafe,3.02536,1.06857,3,1,ESP-La Liga,2122
2022-05-22 18:00:00,Granada,Espanyol,2.0332,0.386799,0,0,ESP-La Liga,2122
2022-05-22 18:00:00,Osasuna,Mallorca,0.897014,1.2351,0,2,ESP-La Liga,2122
2022-05-22 20:00:00,Real Sociedad,Atletico Madrid,2.21737,0.586617,1,2,ESP-La Liga,2122
2022-05-22 20:00:00,Sevilla,Athletic Club,1.41239,0.487249,1,0,ESP-La Liga,2122
2022-08-12 19:00:00,Osasuna,Sevilla,1.35571,0.965574,2,1,ESP-La Liga,2223
2022-08-13 19:00:00,Barcelona,Rayo Vallecano,1.37129,0.77153,0,0,ESP-La Liga,2223
2022-08-13 15:00:00,Celta Vigo,Espanyol,0.347363,1.0334,2,2,ESP-La Liga,2223
2022-08-13 17:00:00,Real Valladolid,Villarreal,0.859075,1.39509,0,3,ESP-La Liga,2223
2022-08-14 20:00:00,Almeria,Real Madrid,0.80073,3.11412,1,2,ESP-La Liga,2223
2022-08-14 15:30:00,Cadiz,Real Sociedad,0.294358,2.64367,0,1,ESP-La Liga,2223
2022-08-14 17:30:00,Valencia,Girona,1.87878,0.132198,1,0,ESP-La Liga,2223
2022-08-15 15:30:00,Athletic Club,Mallorca,1.60559,0.476414,0,0,ESP-La Liga,2223
2022-08-15 17:30:00,Getafe,Atletico Madrid,1.14045,1.48417,0,3,ESP-La Liga,2223
2022-08-15 19:30:00,Real Betis,Elche,3.99664,0.29379,3,0,ESP-La Liga,2223
2022-08-19 18:00:00,Espanyol,Rayo Vallecano,0.904012,1.69789,0,2,ESP-La Liga,2223
2022-08-19 20:00:00,Sevilla,Real Valladolid,1.95115,0.557629,1,1,ESP-La Liga,2223
2022-08-20 20:00:00,Celta Vigo,Real Madrid,1.31973,3.59631,1,4,ESP-La Liga,2223
2022-08-20 17:30:00,Mallorca,Real Betis,1.46761,2.21648,1,2,ESP-La Liga,2223
2022-08-20 15:30:00,Osasuna,Cadiz,2.92362,1.01741,2,0,ESP-La Liga,2223
2022-08-21 15:30:00,Athletic Club,Valencia,0.761587,0.676158,1,0,ESP-La Liga,2223
2022-08-21 17:30:00,Atletico Madrid,Villarreal,1.5852,1.9825,0,2,ESP-La Liga,2223
2022-08-21 20:00:00,Real Sociedad,Barcelona,0.79913,2.04035,1,4,ESP-La Liga,2223
2022-08-22 18:00:00,Elche,Almeria,0.899007,0.969747,1,1,ESP-La Liga,2223
2022-08-22 20:00:00,Girona,Getafe,1.52171,0.692785,3,1,ESP-La Liga,2223
2022-08-26 18:00:00,Girona,Celta Vigo,0.566228,0.625546,0,1,ESP-La Liga,2223
2022-08-26 20:00:00,Real Betis,Osasuna,0.507146,0.910349,1,0,ESP-La Liga,2223
2022-08-27 20:00:00,Almeria,Sevilla,2.15407,1.37889,2,1,ESP-La Liga,2223
2022-08-27 15:30:00,Elche,Real Sociedad,1.23504,1.81171,0,1,ESP-La Liga,2223
2022-08-27 17:30:00,Rayo Vallecano,Mallorca,0.864794,0.855715,0,2,ESP-La Liga,2223
2022-08-28 17:30:00,Barcelona,Real Valladolid,3.28674,0.720063,4,0,ESP-La Liga,2223
2022-08-28 20:00:00,Espanyol,Real Madrid,1.63359,2.04602,1,3,ESP-La Liga,2223
2022-08-28 15:30:00,Getafe,Villarreal,0.273957,1.13195,0,0,ESP-La Liga,2223
2022-08-29 18:00:00,Cadiz,Athletic Club,0.239303,3.18677,0,4,ESP-La Liga,2223
2022-08-29 20:00:00,Valencia,Atletico Madrid,0.65396,1.97507,0,1,ESP-La Liga,2223
2022-09-02 19:00:00,Celta Vigo,Cadiz,1.50986,0.234828,3,0,ESP-La Liga,2223
2022-09-03 12:00:00,Mallorca,Girona,0.895835,1.09499,1,1,ESP-La Liga,2223
2022-09-03 14:15:00,Real Madrid,Real Betis,3.20593,0.333406,2,1,ESP-La Liga,2223
2022-09-03 16:30:00,Real Sociedad,Atletico Madrid,1.75154,2.24791,1,1,ESP-La Liga,2223
2022-09-03 19:00:00,Sevilla,Barcelona,0.829157,4.67838,0,3,ESP-La Liga,2223
2022-09-04 14:15:00,Athletic Club,Espanyol,1.24661,1.11365,0,1,ESP-La Liga,2223
2022-09-04 12:00:00,Osasuna,Rayo Vallecano,3.1751,0.179917,2,1,ESP-La Liga,2223
2022-09-04 19:00:00,Valencia,Getafe,2.92757,0.572495,5,1,ESP-La Liga,2223
2022-09-04 16:30:00,Villarreal,Elche,3.5829,0.21919,4,0,ESP-La Liga,2223
2022-09-05 19:00:00,Real Valladolid,Almeria,2.12493,0.505353,1,0,ESP-La Liga,2223
2022-09-09 19:00:00,Girona,Real Valladolid,2.59252,0.510622,2,1,ESP-La Liga,2223
2022-09-10 19:00:00,Atletico Madrid,Celta Vigo,0.92341,1.30565,4,1,ESP-La Liga,2223
2022-09-10 16:30:00,Cadiz,Barcelona,0.24818,2.66856,0,4,ESP-La Liga,2223
2022-09-10 14:15:00,Espanyol,Sevilla,2.37055,2.32043,2,3,ESP-La Liga,2223
2022-09-10 12:00:00,Rayo Vallecano,Valencia,2.01158,2.18195,2,1,ESP-La Liga,2223
2022-09-11 14:15:00,Elche,Athletic Club,0.748083,3.2386,1,4,ESP-La Liga,2223
2022-09-11 16:30:00,Getafe,Real Sociedad,1.06907,1.32142,2,1,ESP-La Liga,2223
2022-09-11 19:00:00,Real Betis,Villarreal,1.61505,2.44235,1,0,ESP-La Liga,2223
2022-09-11 12:00:00,Real Madrid,Mallorca,2.21791,0.950984,4,1,ESP-La Liga,2223
2022-09-12 19:00:00,Almeria,Osasuna,0.166505,2.14,0,1,ESP-La Liga,2223
2022-09-16 19:00:00,Real Valladolid,Cadiz,1.98829,0.523314,0,1,ESP-La Liga,2223
2022-09-17 19:00:00,Athletic Club,Rayo Vallecano,2.17305,0.62187,3,2,ESP-La Liga,2223
2022-09-17 14:15:00,Barcelona,Elche,5.17903,0.0129931,3,0,ESP-La Liga,2223
2022-09-17 12:00:00,Mallorca,Almeria,0.968715,0.297582,1,0,ESP-La Liga,2223
2022-09-17 16:30:00,Valencia,Celta Vigo,1.91153,0.587167,3,0,ESP-La Liga,2223
2022-09-18 19:00:00,Atletico Madrid,Real Madrid,1.10431,1.09277,1,2,ESP-La Liga,2223
2022-09-18 12:00:00,Osasuna,Getafe,1.1323,1.43239,0,2,ESP-La Liga,2223
2022-09-18 16:30:00,Real Betis,Girona,1.49153,1.34699,2,1,ESP-La Liga,2223
2022-09-18 16:30:00,Real Sociedad,Espanyol,2.35791,1.28945,2,1,ESP-La Liga,2223
2022-09-18 14:15:00,Villarreal,Sevilla,2.10358,0.436539,1,1,ESP-La Liga,2223
2022-09-30 19:00:00,Athletic Club,Almeria,2.55531,0.42606,4,0,ESP-La Liga,2223
2022-10-01 12:00:00,Cadiz,Villarreal,1.06071,1.43089,0,0,ESP-La Liga,2223
2022-10-01 14:15:00,Getafe,Real Valladolid,2.50588,1.32186,2,3,ESP-La Liga,2223
2022-10-01 19:00:00,Mallorca,Barcelona,0.925106,0.636371,0,1,ESP-La Liga,2223
2022-10-01 16:30:00,Sevilla,Atletico Madrid,0.362804,2.12095,0,2,ESP-La Liga,2223
2022-10-02 14:15:00,Celta Vigo,Real Betis,0.892987,1.10607,1,0,ESP-La Liga,2223
2022-10-02 12:00:00,Espanyol,Valencia,0.738099,1.35604,2,2,ESP-La Liga,2223
2022-10-02 16:30:00,Girona,Real Sociedad,0.932579,2.23639,3,5,ESP-La Liga,2223
2022-10-02 19:00:00,Real Madrid,Osasuna,2.56301,0.466155,1,1,ESP-La Liga,2223
2022-10-03 19:00:00,Rayo Vallecano,Elche,0.651238,0.924633,2,1,ESP-La Liga,2223
2022-10-07 19:00:00,Osasuna,Valencia,1.96282,2.73352,1,2,ESP-La Liga,2223
2022-10-08 12:00:00,Almeria,Rayo Vallecano,1.05684,0.893142,3,1,ESP-La Liga,2223
2022-10-08 14:15:00,Atletico Madrid,Girona,2.19801,0.721587,2,1,ESP-La Liga,2223
2022-10-08 19:00:00,Getafe,Real Madrid,0.262283,1.48053,0,1,ESP-La Liga,2223
2022-10-08 16:30:00,Sevilla,Athletic Club,1.35598,1.91863,1,1,ESP-La Liga,2223
2022-10-09 19:00:00,Barcelona,Celta Vigo,1.98459,1.35022,1,0,ESP-La Liga,2223
2022-10-09 14:15:00,Cadiz,Espanyol,1.33811,1.47057,2,2,ESP-La Liga,2223
2022-10-09 16:30:00,Real Sociedad,Villarreal,2.37138,0.221593,1,0,ESP-La Liga,2223
2022-10-09 12:00:00,Real Valladolid,Real Betis,0.662444,0.545154,0,0,ESP-La Liga,2223
2022-10-10 19:00:00,Elche,Mallorca,0.334856,2.69714,1,1,ESP-La Liga,2223
2022-10-14 19:00:00,Rayo Vallecano,Getafe,1.11946,0.395734,0,0,ESP-La Liga,2223
2022-10-15 19:00:00,Athletic Club,Atletico Madrid,1.33263,0.463248,0,1,ESP-La Liga,2223
2022-10-15 12:00:00,Girona,Cadiz,2.36044,1.3467,1,1,ESP-La Liga,2223
2022-10-15 16:30:00,Mallorca,Sevilla,1.41043,0.176713,0,1,ESP-La Liga,2223
2022-10-15 14:15:00,Valencia,Elche,3.04132,1.30317,2,2,ESP-La Liga,2223
2022-10-16 12:00:00,Celta Vigo,Real Sociedad,0.482536,1.17936,1,2,ESP-La Liga,2223
2022-10-16 16:30:00,Espanyol,Real Valladolid,1.63127,0.552288,1,0,ESP-La Liga,2223
2022-10-16 19:00:00,Real Betis,Almeria,3.19417,1.11551,3,1,ESP-La Liga,2223
2022-10-16 14:15:00,Real Madrid,Barcelona,1.46965,1.66548,3,1,ESP-La Liga,2223
2022-10-17 19:00:00,Villarreal,Osasuna,2.15273,0.33234,2,0,ESP-La Liga,2223
2022-10-18 19:00:00,Atletico Madrid,Rayo Vallecano,0.817771,1.61962,1,1,ESP-La Liga,2223
2022-10-18 18:00:00,Getafe,Athletic Club,0.753077,1.10208,2,2,ESP-La Liga,2223
2022-10-18 17:00:00,Sevilla,Valencia,1.19743,1.71123,1,1,ESP-La Liga,2223
2022-10-19 17:00:00,Cadiz,Real Betis,0.74688,1.22222,0,0,ESP-La Liga,2223
2022-10-19 19:00:00,Elche,Real Madrid,1.04972,1.6151,0,3,ESP-La Liga,2223
2022-10-19 18:00:00,Real Sociedad,Mallorca,2.16436,1.09436,1,0,ESP-La Liga,2223
2022-10-19 17:00:00,Real Valladolid,Celta Vigo,1.63342,2.03107,4,1,ESP-La Liga,2223
2022-10-20 17:00:00,Almeria,Girona,2.08595,2.65444,3,2,ESP-La Liga,2223
2022-10-20 19:00:00,Barcelona,Villarreal,3.61604,0.503294,3,0,ESP-La Liga,2223
2022-10-20 18:00:00,Osasuna,Espanyol,1.02851,1.44867,1,0,ESP-La Liga,2223
2022-10-22 12:00:00,Rayo Vallecano,Cadiz,3.88516,0.642193,5,1,ESP-La Liga,2223
2022-10-22 19:00:00,Real Madrid,Sevilla,2.17678,0.518059,3,1,ESP-La Liga,2223
2022-10-22 14:15:00,Real Valladolid,Real Sociedad,0.785666,0.82513,1,0,ESP-La Liga,2223
2022-10-22 16:30:00,Valencia,Mallorca,1.07022,1.25148,1,2,ESP-La Liga,2223
2022-10-23 19:00:00,Barcelona,Athletic Club,2.13539,0.240803,4,0,ESP-La Liga,2223
2022-10-23 12:00:00,Espanyol,Elche,2.18547,0.318561,2,2,ESP-La Liga,2223
2022-10-23 16:30:00,Girona,Osasuna,0.666875,0.693721,1,1,ESP-La Liga,2223
2022-10-23 14:15:00,Real Betis,Atletico Madrid,1.33076,0.585496,1,2,ESP-La Liga,2223
2022-10-23 16:30:00,Villarreal,Almeria,0.852495,1.24152,2,1,ESP-La Liga,2223
2022-10-24 19:00:00,Celta Vigo,Getafe,0.821869,0.226128,1,1,ESP-La Liga,2223
2022-10-28 19:00:00,Mallorca,Espanyol,1.19,0.248446,1,1,ESP-La Liga,2223
2022-10-29 12:00:00,Almeria,Celta Vigo,2.30529,0.197875,3,1,ESP-La Liga,2223
2022-10-29 14:15:00,Cadiz,Atletico Madrid,1.58908,1.79745,3,2,ESP-La Liga,2223
2022-10-29 16:30:00,Sevilla,Rayo Vallecano,0.978055,0.773435,0,1,ESP-La Liga,2223
2022-10-29 19:00:00,Valencia,Barcelona,0.187414,2.33418,0,1,ESP-La Liga,2223
2022-10-30 17:30:00,Athletic Club,Villarreal,2.05689,0.221451,1,0,ESP-La Liga,2223
2022-10-30 13:00:00,Osasuna,Real Valladolid,1.90028,0.330479,2,0,ESP-La Liga,2223
2022-10-30 15:15:00,Real Madrid,Girona,2.65755,1.99848,1,1,ESP-La Liga,2223
2022-10-30 20:00:00,Real Sociedad,Real Betis,1.28165,1.34514,0,2,ESP-La Liga,2223
2022-10-31 20:00:00,Elche,Getafe,1.22713,0.372744,0,1,ESP-La Liga,2223
2022-11-04 20:00:00,Girona,Athletic Club,1.06554,0.81175,2,1,ESP-La Liga,2223
2022-11-05 20:00:00,Barcelona,Almeria,4.33587,0.538049,2,0,ESP-La Liga,2223
2022-11-05 17:30:00,Celta Vigo,Osasuna,0.824768,0.360091,1,2,ESP-La Liga,2223
2022-11-05 14:00:00,Getafe,Cadiz,0.517067,1.24542,0,0,ESP-La Liga,2223
2022-11-05 15:15:00,Real Valladolid,Elche,2.81292,0.198499,2,1,ESP-La Liga,2223
2022-11-06 13:00:00,Atletico Madrid,Espanyol,2.02314,0.870622,1,1,ESP-La Liga,2223
2022-11-06 20:00:00,Real Betis,Sevilla,1.13067,1.49591,1,1,ESP-La Liga,2223
2022-11-06 15:15:00,Real Sociedad,Valencia,1.45821,0.795825,1,1,ESP-La Liga,2223
2022-11-06 17:30:00,Villarreal,Mallorca,0.429852,0.704012,0,2,ESP-La Liga,2223
2022-11-07 20:00:00,Rayo Vallecano,Real Madrid,1.65854,2.21264,3,2,ESP-La Liga,2223
2022-11-08 19:00:00,Athletic Club,Real Valladolid,2.65727,0.481138,3,0,ESP-La Liga,2223
2022-11-08 18:00:00,Elche,Girona,0.914455,2.20883,1,2,ESP-La Liga,2223
2022-11-08 20:30:00,Osasuna,Barcelona,1.23564,1.01467,1,2,ESP-La Liga,2223
2022-11-09 18:00:00,Almeria,Getafe,0.346293,0.451929,1,0,ESP-La Liga,2223
2022-11-09 19:00:00,Espanyol,Villarreal,0.841866,0.750078,0,1,ESP-La Liga,2223
2022-11-09 20:30:00,Mallorca,Atletico Madrid,1.46593,1.50598,1,0,ESP-La Liga,2223
2022-11-09 18:00:00,Sevilla,Real Sociedad,0.69755,2.18846,1,2,ESP-La Liga,2223
2022-11-10 18:00:00,Rayo Vallecano,Celta Vigo,0.442488,0.677591,0,0,ESP-La Liga,2223
2022-11-10 20:30:00,Real Madrid,Cadiz,1.73107,1.11674,2,1,ESP-La Liga,2223
2022-11-10 19:00:00,Valencia,Real Betis,2.2469,0.307626,3,0,ESP-La Liga,2223
2022-12-29 20:30:00,Atletico Madrid,Elche,1.74436,0.568911,2,0,ESP-La Liga,2223
2022-12-29 16:00:00,Girona,Rayo Vallecano,2.26829,1.3213,2,2,ESP-La Liga,2223
2022-12-29 18:15:00,Real Betis,Athletic Club,0.541791,0.358148,0,0,ESP-La Liga,2223
2022-12-30 18:15:00,Cadiz,Almeria,1.57833,2.22992,1,1,ESP-La Liga,2223
2022-12-30 18:15:00,Celta Vigo,Sevilla,1.66459,0.594381,1,1,ESP-La Liga,2223
2022-12-30 16:00:00,Getafe,Mallorca,1.32751,0.359715,2,0,ESP-La Liga,2223
2022-12-30 20:30:00,Real Valladolid,Real Madrid,0.535068,2.5342,0,2,ESP-La Liga,2223
2022-12-31 13:00:00,Barcelona,Espanyol,2.74555,0.846842,1,1,ESP-La Liga,2223
2022-12-31 15:15:00,Real Sociedad,Osasuna,1.54314,0.305627,2,0,ESP-La Liga,2223
2022-12-31 15:15:00,Villarreal,Valencia,2.37349,1.16707,2,1,ESP-La Liga,2223
2023-01-06 17:30:00,Elche,Celta Vigo,1.14494,1.9713,0,1,ESP-La Liga,2223
2023-01-06 20:00:00,Valencia,Cadiz,0.495475,0.434224,0,1,ESP-La Liga,2223
2023-01-07 20:00:00,Espanyol,Girona,1.26728,1.65781,2,2,ESP-La Liga,2223
2023-01-07 17:30:00,Mallorca,Real Valladolid,1.52838,0.434531,1,0,ESP-La Liga,2223
2023-01-07 15:15:00,Villarreal,Real Madrid,2.41742,2.16674,2,1,ESP-La Liga,2223
2023-01-08 13:00:00,Almeria,Real Sociedad,0.30978,2.11666,0,2,ESP-La Liga,2223
2023-01-08 20:00:00,Atletico Madrid,Barcelona,1.93573,1.23617,0,1,ESP-La Liga,2223
2023-01-08 15:15:00,Rayo Vallecano,Real Betis,1.38976,0.735098,1,2,ESP-La Liga,2223
2023-01-08 17:30:00,Sevilla,Getafe,1.21643,1.17518,2,1,ESP-La Liga,2223
2023-01-09 20:00:00,Athletic Club,Osasuna,1.17556,0.427681,0,0,ESP-La Liga,2223
2023-01-13 20:00:00,Celta Vigo,Villarreal,2.45811,0.105032,1,1,ESP-La Liga,2223
2023-01-14 15:15:00,Girona,Sevilla,2.8461,0.784402,2,1,ESP-La Liga,2223
2023-01-14 17:30:00,Osasuna,Mallorca,1.19142,0.523266,1,0,ESP-La Liga,2223
2023-01-14 20:00:00,Real Sociedad,Athletic Club,1.88839,0.265103,3,1,ESP-La Liga,2223
2023-01-14 13:00:00,Real Valladolid,Rayo Vallecano,0.611009,1.16996,0,1,ESP-La Liga,2223
2023-01-15 15:15:00,Almeria,Atletico Madrid,1.08212,2.08354,1,1,ESP-La Liga,2223
2023-01-15 13:00:00,Getafe,Espanyol,0.496479,0.460177,1,2,ESP-La Liga,2223
2023-01-16 20:00:00,Cadiz,Elche,1.40204,0.654686,1,1,ESP-La Liga,2223
2023-01-20 20:00:00,Mallorca,Celta Vigo,0.403993,0.425448,1,0,ESP-La Liga,2223
2023-01-21 17:30:00,Atletico Madrid,Real Valladolid,4.11414,0.421793,3,0,ESP-La Liga,2223
2023-01-21 15:15:00,Espanyol,Real Betis,2.16171,0.835514,1,0,ESP-La Liga,2223
2023-01-21 13:00:00,Rayo Vallecano,Real Sociedad,0.64183,1.43612,0,2,ESP-La Liga,2223
2023-01-21 20:00:00,Sevilla,Cadiz,1.66028,0.0765073,1,0,ESP-La Liga,2223
2023-01-22 20:00:00,Athletic Club,Real Madrid,1.15604,0.946951,0,2,ESP-La Liga,2223
2023-01-22 17:30:00,Barcelona,Getafe,0.712066,1.2457,1,0,ESP-La Liga,2223
2023-01-22 15:15:00,Elche,Osasuna,2.36237,0.607835,1,1,ESP-La Liga,2223
2023-01-22 13:00:00,Villarreal,Girona,2.79546,0.637476,1,0,ESP-La Liga,2223
2023-01-23 20:00:00,Valencia,Almeria,2.70702,1.68834,2,2,ESP-La Liga,2223
2023-01-27 20:00:00,Almeria,Espanyol,2.17998,0.805809,3,1,ESP-La Liga,2223
2023-01-28 13:00:00,Cadiz,Mallorca,1.8313,0.306812,2,0,ESP-La Liga,2223
2023-01-28 20:00:00,Getafe,Real Betis,0.206383,2.00036,0,1,ESP-La Liga,2223
2023-01-28 15:15:00,Girona,Barcelona,0.893789,0.981042,0,1,ESP-La Liga,2223
2023-01-28 17:30:00,Sevilla,Elche,3.27297,0.340633,3,0,ESP-La Liga,2223
2023-01-29 17:30:00,Celta Vigo,Athletic Club,0.614646,0.232576,1,0,ESP-La Liga,2223
2023-01-29 15:15:00,Osasuna,Atletico Madrid,0.741393,1.29745,0,1,ESP-La Liga,2223
2023-01-29 20:00:00,Real Madrid,Real Sociedad,1.40476,0.370087,0,0,ESP-La Liga,2223
2023-01-29 13:00:00,Real Valladolid,Valencia,1.47049,1.05725,1,0,ESP-La Liga,2223
2023-01-30 20:00:00,Villarreal,Rayo Vallecano,1.19676,0.830107,0,1,ESP-La Liga,2223
2023-02-01 20:00:00,Real Betis,Barcelona,0.760581,2.38335,1,2,ESP-La Liga,2223
2023-02-02 20:00:00,Real Madrid,Valencia,2.60454,0.213484,2,0,ESP-La Liga,2223
2023-02-03 20:00:00,Athletic Club,Cadiz,2.30209,1.55348,4,1,ESP-La Liga,2223
2023-02-04 17:30:00,Atletico Madrid,Getafe,1.01341,1.13659,1,1,ESP-La Liga,2223
2023-02-04 15:15:00,Elche,Villarreal,2.88986,1.48923,3,1,ESP-La Liga,2223
2023-02-04 13:00:00,Espanyol,Osasuna,1.56394,0.919455,1,1,ESP-La Liga,2223
2023-02-04 20:00:00,Real Betis,Celta Vigo,3.54117,2.30434,3,4,ESP-La Liga,2223
2023-02-05 20:00:00,Barcelona,Sevilla,3.09763,0.0413799,3,0,ESP-La Liga,2223
2023-02-05 15:15:00,Girona,Valencia,2.57015,0.877751,1,0,ESP-La Liga,2223
2023-02-05 13:00:00,Mallorca,Real Madrid,0.241595,1.39842,1,0,ESP-La Liga,2223
2023-02-05 17:30:00,Real Sociedad,Real Valladolid,1.21593,0.781504,0,1,ESP-La Liga,2223
2023-02-06 20:00:00,Rayo Vallecano,Almeria,1.38079,1.37549,2,0,ESP-La Liga,2223
2023-02-10 20:00:00,Cadiz,Girona,0.717862,0.213596,2,0,ESP-La Liga,2223
2023-02-11 15:15:00,Almeria,Real Betis,2.00937,3.30673,2,3,ESP-La Liga,2223
2023-02-11 17:30:00,Sevilla,Mallorca,2.16804,0.206824,2,0,ESP-La Liga,2223
2023-02-11 20:00:00,Valencia,Athletic Club,1.6755,1.34748,1,2,ESP-La Liga,2223
2023-02-12 15:15:00,Celta Vigo,Atletico Madrid,1.057,0.955578,0,1,ESP-La Liga,2223
2023-02-12 13:00:00,Getafe,Rayo Vallecano,1.23739,1.70522,1,1,ESP-La Liga,2223
2023-02-12 17:30:00,Real Valladolid,Osasuna,1.96448,1.03574,0,0,ESP-La Liga,2223
2023-02-12 20:00:00,Villarreal,Barcelona,1.05151,1.37827,0,1,ESP-La Liga,2223
2023-02-13 20:00:00,Espanyol,Real Sociedad,1.25733,1.20722,2,3,ESP-La Liga,2223
2023-02-15 20:00:00,Real Madrid,Elche,4.04364,0.619125,4,0,ESP-La Liga,2223
2023-02-17 17:00:00,Girona,Almeria,3.22586,1.23696,6,2,ESP-La Liga,2223
2023-02-18 17:30:00,Mallorca,Villarreal,2.74393,1.01893,4,2,ESP-La Liga,2223
2023-02-18 20:00:00,Osasuna,Real Madrid,0.400542,1.86475,0,2,ESP-La Liga,2223
2023-02-18 15:15:00,Real Betis,Real Valladolid,2.21822,0.97905,2,1,ESP-La Liga,2223
2023-02-18 10:00:00,Real Sociedad,Celta Vigo,1.52902,1.34253,1,1,ESP-La Liga,2223
2023-02-19 17:30:00,Atletico Madrid,Athletic Club,1.06493,1.00816,1,0,ESP-La Liga,2223
2023-02-19 20:00:00,Barcelona,Cadiz,2.28935,1.404,2,0,ESP-La Liga,2223
2023-02-19 13:00:00,Elche,Espanyol,1.60154,1.35887,0,1,ESP-La Liga,2223
2023-02-19 15:15:00,Rayo Vallecano,Sevilla,1.37468,0.476153,1,1,ESP-La Liga,2223
2023-02-20 20:00:00,Getafe,Valencia,2.13388,1.09398,1,0,ESP-La Liga,2223
2023-02-24 20:00:00,Elche,Real Betis,0.883935,4.05176,2,3,ESP-La Liga,2223
2023-02-25 15:15:00,Cadiz,Rayo Vallecano,0.816453,0.407208,1,0,ESP-La Liga,2223
2023-02-25 13:00:00,Espanyol,Mallorca,1.99389,0.557974,2,1,ESP-La Liga,2223
2023-02-25 17:30:00,Real Madrid,Atletico Madrid,1.56317,0.217661,1,1,ESP-La Liga,2223
2023-02-25 20:00:00,Valencia,Real Sociedad,0.636111,0.817876,1,0,ESP-La Liga,2223
2023-02-26 17:30:00,Almeria,Barcelona,0.828027,1.15571,1,0,ESP-La Liga,2223
2023-02-26 13:00:00,Athletic Club,Girona,1.34464,1.33877,2,3,ESP-La Liga,2223
2023-02-26 15:15:00,Celta Vigo,Real Valladolid,2.97597,0.902118,3,0,ESP-La Liga,2223
2023-02-26 20:00:00,Sevilla,Osasuna,2.38177,1.34283,2,3,ESP-La Liga,2223
2023-02-27 20:00:00,Villarreal,Getafe,1.9115,0.467981,2,1,ESP-La Liga,2223
2023-03-03 20:00:00,Real Sociedad,Cadiz,1.07575,0.847252,0,0,ESP-La Liga,2223
2023-03-04 15:15:00,Almeria,Villarreal,0.371041,2.37286,0,2,ESP-La Liga,2223
2023-03-04 20:00:00,Atletico Madrid,Sevilla,3.05182,1.76791,6,1,ESP-La Liga,2223
2023-03-04 13:00:00,Getafe,Girona,1.86918,0.845978,3,2,ESP-La Liga,2223
2023-03-04 17:30:00,Mallorca,Elche,0.96231,0.957134,0,1,ESP-La Liga,2223
2023-03-05 15:15:00,Barcelona,Valencia,2.09199,0.629336,1,0,ESP-La Liga,2223
2023-03-05 17:30:00,Rayo Vallecano,Athletic Club,0.853959,1.25683,0,0,ESP-La Liga,2223
2023-03-05 20:00:00,Real Betis,Real Madrid,0.59294,1.14462,0,0,ESP-La Liga,2223
2023-03-05 13:00:00,Real Valladolid,Espanyol,1.38048,0.946065,2,1,ESP-La Liga,2223
2023-03-06 20:00:00,Osasuna,Celta Vigo,1.16313,0.726128,0,0,ESP-La Liga,2223
2023-03-10 20:00:00,Cadiz,Getafe,1.73207,2.6986,2,2,ESP-La Liga,2223
2023-03-11 17:30:00,Celta Vigo,Rayo Vallecano,2.13766,0.697265,3,0,ESP-La Liga,2223
2023-03-11 15:15:00,Elche,Real Valladolid,2.80287,0.246865,1,1,ESP-La Liga,2223
2023-03-11 13:00:00,Real Madrid,Espanyol,1.78234,1.10182,3,1,ESP-La Liga,2223
2023-03-11 20:00:00,Valencia,Osasuna,1.84171,0.257674,1,0,ESP-La Liga,2223
2023-03-12 20:00:00,Athletic Club,Barcelona,1.13701,0.724931,0,1,ESP-La Liga,2223
2023-03-12 13:00:00,Mallorca,Real Sociedad,1.4638,0.683339,1,1,ESP-La Liga,2223
2023-03-12 15:15:00,Sevilla,Almeria,3.15875,1.51939,2,1,ESP-La Liga,2223
2023-03-12 17:30:00,Villarreal,Real Betis,1.33264,1.03133,1,1,ESP-La Liga,2223
2023-03-13 20:00:00,Girona,Atletico Madrid,0.301909,1.80682,0,1,ESP-La Liga,2223
2023-03-17 20:00:00,Real Valladolid,Athletic Club,1.08382,2.34513,1,3,ESP-La Liga,2223
2023-03-18 13:00:00,Almeria,Cadiz,2.69365,1.13127,1,1,ESP-La Liga,2223
2023-03-18 20:00:00,Atletico Madrid,Valencia,3.36294,0.68946,3,0,ESP-La Liga,2223
2023-03-18 17:30:00,Espanyol,Celta Vigo,1.7106,1.63211,1,3,ESP-La Liga,2223
2023-03-18 15:15:00,Rayo Vallecano,Girona,1.71981,1.50856,2,2,ESP-La Liga,2223
2023-03-19 20:00:00,Barcelona,Real Madrid,1.66532,0.524212,2,1,ESP-La Liga,2223
2023-03-19 17:30:00,Getafe,Sevilla,2.0733,0.81914,2,0,ESP-La Liga,2223
2023-03-19 15:15:00,Osasuna,Villarreal,1.15562,1.5875,0,3,ESP-La Liga,2223
2023-03-19 13:00:00,Real Betis,Mallorca,0.606846,0.140478,1,0,ESP-La Liga,2223
2023-03-19 15:15:00,Real Sociedad,Elche,2.69405,0.0819691,2,0,ESP-La Liga,2223
2023-03-31 20:00:00,Mallorca,Osasuna,0.433196,0.507781,0,0,ESP-La Liga,2223
2023-04-01 14:15:00,Athletic Club,Getafe,0.751393,0.723494,0,0,ESP-La Liga,2223
2023-04-01 16:30:00,Cadiz,Sevilla,0.691241,1.72869,0,2,ESP-La Liga,2223
2023-04-01 19:00:00,Elche,Barcelona,0.508304,1.61804,0,4,ESP-La Liga,2223
2023-04-01 12:00:00,Girona,Espanyol,1.45036,0.946182,2,1,ESP-La Liga,2223
2023-04-02 19:00:00,Atletico Madrid,Real Betis,1.70131,0.371436,1,0,ESP-La Liga,2223
2023-04-02 12:00:00,Celta Vigo,Almeria,2.13933,1.23651,2,2,ESP-La Liga,2223
2023-04-02 14:15:00,Real Madrid,Real Valladolid,4.82721,0.719567,6,0,ESP-La Liga,2223
2023-04-02 16:30:00,Villarreal,Real Sociedad,2.80501,0.912497,2,0,ESP-La Liga,2223
2023-04-03 19:00:00,Valencia,Rayo Vallecano,2.71116,0.645345,1,1,ESP-La Liga,2223
2023-04-07 19:00:00,Sevilla,Celta Vigo,0.475247,0.611169,2,2,ESP-La Liga,2223
2023-04-08 14:15:00,Espanyol,Athletic Club,1.16752,2.73876,1,2,ESP-La Liga,2223
2023-04-08 12:00:00,Osasuna,Elche,1.68972,0.657812,2,1,ESP-La Liga,2223
2023-04-08 19:00:00,Real Madrid,Villarreal,2.23296,1.24489,2,3,ESP-La Liga,2223
2023-04-08 16:30:00,Real Sociedad,Getafe,2.1178,0.243923,2,0,ESP-La Liga,2223
2023-04-09 16:30:00,Almeria,Valencia,1.49927,1.08869,2,1,ESP-La Liga,2223
2023-04-09 19:00:00,Rayo Vallecano,Atletico Madrid,0.564426,2.36535,1,2,ESP-La Liga,2223
2023-04-09 14:15:00,Real Betis,Cadiz,1.58835,2.85597,0,2,ESP-La Liga,2223
2023-04-09 12:00:00,Real Valladolid,Mallorca,0.948859,1.98329,3,3,ESP-La Liga,2223
2023-04-10 19:00:00,Barcelona,Girona,1.05077,0.491057,0,0,ESP-La Liga,2223
2023-04-14 19:00:00,Rayo Vallecano,Osasuna,1.08431,0.373133,2,1,ESP-La Liga,2223
2023-04-15 14:15:00,Athletic Club,Real Sociedad,1.00026,1.71232,2,0,ESP-La Liga,2223
2023-04-15 19:00:00,Cadiz,Real Madrid,0.583718,4.49059,0,2,ESP-La Liga,2223
2023-04-15 16:30:00,Real Betis,Espanyol,1.965,0.616302,3,1,ESP-La Liga,2223
2023-04-15 12:00:00,Villarreal,Real Valladolid,1.99484,2.41465,1,2,ESP-La Liga,2223
2023-04-16 16:30:00,Atletico Madrid,Almeria,2.51151,0.058186,2,1,ESP-La Liga,2223
2023-04-16 14:15:00,Getafe,Barcelona,0.621219,1.04627,0,0,ESP-La Liga,2223
2023-04-16 12:00:00,Girona,Elche,1.22906,0.577847,2,0,ESP-La Liga,2223
2023-04-16 19:00:00,Valencia,Sevilla,0.527847,1.46976,0,2,ESP-La Liga,2223
2023-04-17 19:00:00,Celta Vigo,Mallorca,0.469148,1.18361,0,1,ESP-La Liga,2223
2023-04-21 19:00:00,Espanyol,Cadiz,1.52285,1.12699,0,0,ESP-La Liga,2223
2023-04-22 14:15:00,Almeria,Athletic Club,0.573355,1.83476,1,2,ESP-La Liga,2223
2023-04-22 12:00:00,Osasuna,Real Betis,1.63275,1.99331,3,2,ESP-La Liga,2223
2023-04-22 19:00:00,Real Madrid,Celta Vigo,1.81403,0.744532,2,0,ESP-La Liga,2223
2023-04-22 16:30:00,Real Sociedad,Rayo Vallecano,0.814682,0.359842,2,1,ESP-La Liga,2223
2023-04-22 16:30:00,Real Valladolid,Girona,1.11143,1.0586,1,0,ESP-La Liga,2223
2023-04-23 14:15:00,Barcelona,Atletico Madrid,2.12803,0.714419,1,0,ESP-La Liga,2223
2023-04-23 12:00:00,Elche,Valencia,0.795158,1.05313,0,2,ESP-La Liga,2223
2023-04-23 16:30:00,Mallorca,Getafe,1.917,0.118861,3,1,ESP-La Liga,2223
2023-04-23 19:00:00,Sevilla,Villarreal,0.853114,2.13506,2,1,ESP-La Liga,2223
2023-04-25 17:30:00,Cadiz,Osasuna,1.4054,0.865548,0,1,ESP-La Liga,2223
2023-04-25 17:30:00,Girona,Real Madrid,2.4202,1.63006,4,2,ESP-La Liga,2223
2023-04-25 20:00:00,Real Betis,Real Sociedad,0.7286,0.607061,0,0,ESP-La Liga,2223
2023-04-26 17:30:00,Atletico Madrid,Mallorca,2.61545,0.741129,3,1,ESP-La Liga,2223
2023-04-26 20:00:00,Celta Vigo,Elche,1.4351,1.48138,1,0,ESP-La Liga,2223
2023-04-26 17:30:00,Getafe,Almeria,1.66712,2.08963,1,2,ESP-La Liga,2223
2023-04-26 20:00:00,Rayo Vallecano,Barcelona,0.862266,1.00988,2,1,ESP-La Liga,2223
2023-04-27 20:00:00,Athletic Club,Sevilla,0.194682,1.00143,0,1,ESP-La Liga,2223
2023-04-27 17:30:00,Valencia,Real Valladolid,0.900084,0.993149,2,1,ESP-La Liga,2223
2023-04-27 17:30:00,Villarreal,Espanyol,4.94822,1.12119,4,2,ESP-La Liga,2223
2023-04-28 19:00:00,Osasuna,Real Sociedad,0.987164,2.09575,0,2,ESP-La Liga,2223
2023-04-29 19:00:00,Barcelona,Real Betis,3.0864,0.231066,4,0,ESP-La Liga,2223
2023-04-29 14:15:00,Elche,Rayo Vallecano,3.37969,0.565048,4,0,ESP-La Liga,2223
2023-04-29 16:30:00,Real Madrid,Almeria,3.20538,1.375,4,2,ESP-La Liga,2223
2023-04-30 12:00:00,Cadiz,Valencia,2.16593,1.05204,2,1,ESP-La Liga,2223
2023-04-30 16:30:00,Espanyol,Getafe,2.44417,0.410072,1,0,ESP-La Liga,2223
2023-04-30 19:00:00,Real Valladolid,Atletico Madrid,1.46642,2.75586,2,5,ESP-La Liga,2223
2023-04-30 14:15:00,Villarreal,Celta Vigo,2.36969,0.746823,3,1,ESP-La Liga,2223
2023-05-01 17:00:00,Mallorca,Athletic Club,1.2911,1.3765,1,1,ESP-La Liga,2223
2023-05-01 19:00:00,Sevilla,Girona,2.35198,1.13007,0,2,ESP-La Liga,2223
2023-05-02 17:30:00,Almeria,Elche,1.82539,1.01416,2,1,ESP-La Liga,2223
2023-05-02 17:30:00,Barcelona,Osasuna,2.40046,0.355588,1,0,ESP-La Liga,2223
2023-05-02 20:00:00,Real Sociedad,Real Madrid,2.26252,0.867228,2,0,ESP-La Liga,2223
2023-05-03 20:00:00,Atletico Madrid,Cadiz,4.25954,0.0260457,5,1,ESP-La Liga,2223
2023-05-03 20:00:00,Getafe,Celta Vigo,2.8705,0.219098,1,0,ESP-La Liga,2223
2023-05-03 17:30:00,Valencia,Villarreal,1.04163,0.742844,1,1,ESP-La Liga,2223
2023-05-04 20:00:00,Athletic Club,Real Betis,1.01449,0.753982,0,1,ESP-La Liga,2223
2023-05-04 17:30:00,Girona,Mallorca,2.20534,1.34254,2,1,ESP-La Liga,2223
2023-05-04 20:00:00,Rayo Vallecano,Real Valladolid,1.57028,0.571427,2,1,ESP-La Liga,2223
2023-05-04 17:30:00,Sevilla,Espanyol,2.902,0.61847,3,2,ESP-La Liga,2223
2023-05-12 19:00:00,Mallorca,Cadiz,1.6025,0.611231,1,0,ESP-La Liga,2223
2023-05-13 14:15:00,Osasuna,Almeria,1.87424,0.507884,3,1,ESP-La Liga,2223
2023-05-13 19:00:00,Real Madrid,Getafe,0.879325,0.586304,1,0,ESP-La Liga,2223
2023-05-13 12:00:00,Real Sociedad,Girona,3.05494,1.4691,2,2,ESP-La Liga,2223
2023-05-13 16:30:00,Villarreal,Athletic Club,3.09272,1.82199,5,1,ESP-La Liga,2223
2023-05-14 12:00:00,Celta Vigo,Valencia,1.216,1.86638,1,2,ESP-La Liga,2223
2023-05-14 14:15:00,Elche,Atletico Madrid,2.28487,1.44785,1,0,ESP-La Liga,2223
2023-05-14 19:00:00,Espanyol,Barcelona,2.72734,3.6498,2,4,ESP-La Liga,2223
2023-05-14 16:30:00,Real Valladolid,Sevilla,2.01745,3.05781,0,3,ESP-La Liga,2223
2023-05-15 19:00:00,Real Betis,Rayo Vallecano,2.69596,1.71956,3,1,ESP-La Liga,2223
2023-05-19 19:00:00,Cadiz,Real Valladolid,2.1319,0.20683,2,0,ESP-La Liga,2223
2023-05-20 16:30:00,Almeria,Mallorca,1.70726,0.35959,3,0,ESP-La Liga,2223
2023-05-20 14:15:00,Athletic Club,Celta Vigo,1.04201,0.283064,2,1,ESP-La Liga,2223
2023-05-20 19:00:00,Barcelona,Real Sociedad,1.8413,2.8035,1,2,ESP-La Liga,2223
2023-05-20 16:30:00,Getafe,Elche,1.58846,1.34186,1,1,ESP-La Liga,2223
2023-05-20 12:00:00,Girona,Villarreal,1.31674,1.71579,1,2,ESP-La Liga,2223
2023-05-21 14:15:00,Atletico Madrid,Osasuna,2.08773,0.714505,3,0,ESP-La Liga,2223
2023-05-21 12:00:00,Rayo Vallecano,Espanyol,1.83113,1.3061,1,2,ESP-La Liga,2223
2023-05-21 19:00:00,Sevilla,Real Betis,1.51947,0.114129,0,0,ESP-La Liga,2223
2023-05-21 16:30:00,Valencia,Real Madrid,1.49126,2.08896,1,0,ESP-La Liga,2223
2023-05-23 17:30:00,Celta Vigo,Girona,0.933339,1.40034,1,1,ESP-La Liga,2223
2023-05-23 17:30:00,Real Sociedad,Almeria,1.91983,0.0996009,1,0,ESP-La Liga,2223
2023-05-23 20:00:00,Real Valladolid,Barcelona,2.20591,1.72866,3,1,ESP-La Liga,2223
2023-05-24 17:30:00,Elche,Sevilla,1.35854,0.889054,1,1,ESP-La Liga,2223
2023-05-24 20:00:00,Espanyol,Atletico Madrid,3.03603,2.76349,3,3,ESP-La Liga,2223
2023-05-24 20:00:00,Real Betis,Getafe,1.09282,0.344449,0,1,ESP-La Liga,2223
2023-05-24 17:30:00,Real Madrid,Rayo Vallecano,1.66281,0.446413,2,1,ESP-La Liga,2223
2023-05-24 17:30:00,Villarreal,Cadiz,2.9741,2.09634,2,0,ESP-La Liga,2223
2023-05-25 17:30:00,Mallorca,Valencia,0.538476,2.073,1,0,ESP-La Liga,2223
2023-05-25 19:30:00,Osasuna,Athletic Club,0.906699,0.534145,2,0,ESP-La Liga,2223
2023-05-27 17:00:00,Sevilla,Real Madrid,0.980153,0.815661,1,2,ESP-La Liga,2223
2023-05-28 17:00:00,Almeria,Real Valladolid,1.5528,0.364363,0,0,ESP-La Liga,2223
2023-05-28 17:00:00,Athletic Club,Elche,2.91389,0.769369,0,1,ESP-La Liga,2223
2023-05-28 17:00:00,Atletico Madrid,Real Sociedad,0.818599,0.943774,2,1,ESP-La Liga,2223
2023-05-28 17:00:00,Barcelona,Mallorca,4.40817,0.124265,3,0,ESP-La Liga,2223
2023-05-28 17:00:00,Cadiz,Celta Vigo,1.59827,0.599427,1,0,ESP-La Liga,2223
2023-05-28 17:00:00,Getafe,Osasuna,2.7187,0.432264,2,1,ESP-La Liga,2223
2023-05-28 17:00:00,Girona,Real Betis,1.63315,2.32066,1,2,ESP-La Liga,2223
2023-05-28 17:00:00,Rayo Vallecano,Villarreal,1.16605,0.622891,2,1,ESP-La Liga,2223
2023-05-28 17:00:00,Valencia,Espanyol,2.5327,1.78056,2,2,ESP-La Liga,2223
2023-06-04 18:00:00,Celta Vigo,Barcelona,0.565601,1.41678,2,1,ESP-La Liga,2223
2023-06-04 18:00:00,Elche,Cadiz,1.534,2.22255,1,1,ESP-La Liga,2223
2023-06-04 18:00:00,Espanyol,Almeria,0.500084,2.03499,3,3,ESP-La Liga,2223
2023-06-04 18:00:00,Mallorca,Rayo Vallecano,2.25123,1.04004,3,0,ESP-La Liga,2223
2023-06-04 18:00:00,Osasuna,Girona,1.91718,0.822488,2,1,ESP-La Liga,2223
2023-06-04 18:00:00,Real Betis,Valencia,0.677919,0.845969,1,1,ESP-La Liga,2223
2023-06-04 18:00:00,Real Madrid,Athletic Club,1.72224,2.17987,1,1,ESP-La Liga,2223
2023-06-04 18:00:00,Real Sociedad,Sevilla,2.35387,0.461529,2,1,ESP-La Liga,2223
2023-06-04 18:00:00,Real Valladolid,Getafe,0.686831,0.27917,0,0,ESP-La Liga,2223
2023-06-04 18:00:00,Villarreal,Atletico Madrid,2.06391,1.16068,2,2,ESP-La Liga,2223
2023-08-11 17:30:00,Almeria,Rayo Vallecano,1.1196,2.09532,0,2,ESP-La Liga,2324
2023-08-11 19:30:00,Sevilla,Valencia,0.714148,1.06796,1,2,ESP-La Liga,2324
2023-08-12 19:30:00,Athletic Club,Real Madrid,0.700577,1.33266,0,2,ESP-La Liga,2324
2023-08-12 17:30:00,Las Palmas,Mallorca,0.871699,1.49411,1,1,ESP-La Liga,2324
2023-08-12 15:00:00,Real Sociedad,Girona,1.46019,1.27791,1,1,ESP-La Liga,2324
2023-08-13 15:00:00,Celta Vigo,Osasuna,0.783184,0.964645,0,2,ESP-La Liga,2324
2023-08-13 19:30:00,Getafe,Barcelona,0.804505,1.67817,0,0,ESP-La Liga,2324
2023-08-13 17:30:00,Villarreal,Real Betis,0.737812,0.969349,1,2,ESP-La Liga,2324
2023-08-14 19:30:00,Atletico Madrid,Granada,3.01246,1.13452,3,1,ESP-La Liga,2324
2023-08-14 17:30:00,Cadiz,Alaves,0.822358,0.227442,1,0,ESP-La Liga,2324
2023-08-18 17:30:00,Mallorca,Villarreal,0.370077,2.12458,0,1,ESP-La Liga,2324
2023-08-18 19:30:00,Valencia,Las Palmas,1.50324,0.741978,1,0,ESP-La Liga,2324
2023-08-19 17:30:00,Almeria,Real Madrid,1.81328,2.8802,1,3,ESP-La Liga,2324
2023-08-19 19:30:00,Osasuna,Athletic Club,1.33582,1.88906,0,2,ESP-La Liga,2324
2023-08-19 15:00:00,Real Sociedad,Celta Vigo,0.917678,1.77937,1,1,ESP-La Liga,2324
2023-08-20 17:30:00,Barcelona,Cadiz,3.42524,1.11132,2,0,ESP-La Liga,2324
2023-08-20 15:30:00,Girona,Getafe,1.86612,0.754861,3,0,ESP-La Liga,2324
2023-08-20 19:30:00,Real Betis,Atletico Madrid,1.02642,0.34492,0,0,ESP-La Liga,2324
2023-08-21 17:00:00,Alaves,Sevilla,2.17962,0.958638,4,3,ESP-La Liga,2324
2023-08-21 19:30:00,Granada,Rayo Vallecano,0.837141,2.7851,0,2,ESP-La Liga,2324
2023-08-25 19:30:00,Celta Vigo,Real Madrid,1.17827,1.6167,0,1,ESP-La Liga,2324
2023-08-25 17:30:00,Las Palmas,Real Sociedad,1.56933,1.11751,0,0,ESP-La Liga,2324
2023-08-26 17:00:00,Cadiz,Almeria,1.56203,0.271622,1,1,ESP-La Liga,2324
2023-08-26 17:30:00,Granada,Mallorca,1.81377,2.50232,3,2,ESP-La Liga,2324
2023-08-26 19:30:00,Sevilla,Girona,1.93643,1.07498,1,2,ESP-La Liga,2324
2023-08-27 19:30:00,Athletic Club,Real Betis,2.86727,0.346198,4,2,ESP-La Liga,2324
2023-08-27 17:30:00,Valencia,Osasuna,1.87647,1.45939,1,2,ESP-La Liga,2324
2023-08-27 15:30:00,Villarreal,Barcelona,1.87195,2.95807,3,4,ESP-La Liga,2324
2023-08-28 17:30:00,Getafe,Alaves,2.67029,0.860623,1,0,ESP-La Liga,2324
2023-08-28 19:30:00,Rayo Vallecano,Atletico Madrid,0.542939,3.29424,0,7,ESP-La Liga,2324
2023-09-01 20:00:00,Almeria,Celta Vigo,3.16421,1.96028,2,3,ESP-La Liga,2324
2023-09-01 17:30:00,Cadiz,Villarreal,1.97214,0.494033,3,1,ESP-La Liga,2324
2023-09-02 16:30:00,Alaves,Valencia,1.90475,0.715753,1,0,ESP-La Liga,2324
2023-09-02 19:00:00,Real Betis,Rayo Vallecano,0.91924,1.53554,1,0,ESP-La Liga,2324
2023-09-02 14:15:00,Real Madrid,Getafe,2.64665,0.893748,2,1,ESP-La Liga,2324
2023-09-02 12:00:00,Real Sociedad,Granada,2.08686,0.549509,5,3,ESP-La Liga,2324
2023-09-03 12:00:00,Girona,Las Palmas,1.42397,1.18696,1,0,ESP-La Liga,2324
2023-09-03 14:15:00,Mallorca,Athletic Club,0.403052,0.645541,0,0,ESP-La Liga,2324
2023-09-03 19:00:00,Osasuna,Barcelona,0.801843,1.77255,1,2,ESP-La Liga,2324
2023-09-15 19:00:00,Rayo Vallecano,Alaves,2.64605,0.556231,2,0,ESP-La Liga,2324
2023-09-16 12:00:00,Athletic Club,Cadiz,4.05837,0.238836,3,0,ESP-La Liga,2324
2023-09-16 19:00:00,Barcelona,Real Betis,2.54628,0.852869,5,0,ESP-La Liga,2324
2023-09-16 16:30:00,Celta Vigo,Mallorca,2.06489,0.853213,0,1,ESP-La Liga,2324
2023-09-16 14:15:00,Valencia,Atletico Madrid,2.22142,0.564083,3,0,ESP-La Liga,2324
2023-09-17 12:00:00,Getafe,Osasuna,0.736469,1.29606,3,2,ESP-La Liga,2324
2023-09-17 19:00:00,Real Madrid,Real Sociedad,2.56902,2.1546,2,1,ESP-La Liga,2324
2023-09-17 16:30:00,Sevilla,Las Palmas,2.43059,1.03513,1,0,ESP-La Liga,2324
2023-09-17 14:15:00,Villarreal,Almeria,1.43205,1.76794,2,1,ESP-La Liga,2324
2023-09-18 19:00:00,Granada,Girona,1.97263,2.1418,2,4,ESP-La Liga,2324
2023-09-22 19:00:00,Alaves,Athletic Club,1.97317,1.77623,0,2,ESP-La Liga,2324
2023-09-23 19:00:00,Almeria,Valencia,2.46387,0.995742,2,2,ESP-La Liga,2324
2023-09-23 16:30:00,Barcelona,Celta Vigo,1.82246,1.67938,3,2,ESP-La Liga,2324
2023-09-23 12:00:00,Girona,Mallorca,4.19225,2.42602,5,3,ESP-La Liga,2324
2023-09-23 14:15:00,Osasuna,Sevilla,1.57361,0.693906,0,0,ESP-La Liga,2324
2023-09-24 19:00:00,Atletico Madrid,Real Madrid,1.79578,0.847915,3,1,ESP-La Liga,2324
2023-09-24 16:30:00,Las Palmas,Granada,0.701293,0.0378648,1,0,ESP-La Liga,2324
2023-09-24 14:15:00,Rayo Vallecano,Villarreal,1.0345,1.0365,1,1,ESP-La Liga,2324
2023-09-24 16:30:00,Real Betis,Cadiz,2.70742,0.570946,1,1,ESP-La Liga,2324
2023-09-24 12:00:00,Real Sociedad,Getafe,2.13384,1.59398,4,3,ESP-La Liga,2324
2023-09-26 19:30:00,Mallorca,Barcelona,1.21366,1.62815,2,2,ESP-La Liga,2324
2023-09-26 17:00:00,Sevilla,Almeria,2.90509,1.37069,5,1,ESP-La Liga,2324
2023-09-27 17:00:00,Athletic Club,Getafe,0.60877,1.30782,2,2,ESP-La Liga,2324
2023-09-27 19:30:00,Cadiz,Rayo Vallecano,0.35761,0.258447,0,0,ESP-La Liga,2324
2023-09-27 17:00:00,Real Madrid,Las Palmas,2.71542,0.618032,2,0,ESP-La Liga,2324
2023-09-27 19:30:00,Valencia,Real Sociedad,0.356756,0.29355,0,1,ESP-La Liga,2324
2023-09-27 17:00:00,Villarreal,Girona,1.89071,2.29941,1,2,ESP-La Liga,2324
2023-09-28 17:00:00,Celta Vigo,Alaves,0.497466,2.39712,1,1,ESP-La Liga,2324
2023-09-28 17:00:00,Granada,Real Betis,1.55108,0.870668,1,1,ESP-La Liga,2324
2023-09-28 19:30:00,Osasuna,Atletico Madrid,0.759357,1.22827,0,2,ESP-La Liga,2324
2023-09-29 19:00:00,Barcelona,Sevilla,2.5598,1.07557,1,0,ESP-La Liga,2324
2023-09-30 12:00:00,Getafe,Villarreal,0.768368,0.112227,0,0,ESP-La Liga,2324
2023-09-30 16:30:00,Girona,Real Madrid,2.17781,2.78602,0,3,ESP-La Liga,2324
2023-09-30 14:15:00,Rayo Vallecano,Mallorca,1.78616,1.33689,2,2,ESP-La Liga,2324
2023-09-30 19:00:00,Real Sociedad,Athletic Club,1.38238,1.96039,3,0,ESP-La Liga,2324
2023-10-01 14:15:00,Alaves,Osasuna,1.5824,1.26744,0,2,ESP-La Liga,2324
2023-10-01 12:00:00,Almeria,Granada,2.24188,3.51421,3,3,ESP-La Liga,2324
2023-10-01 19:00:00,Atletico Madrid,Cadiz,3.10102,0.677345,3,2,ESP-La Liga,2324
2023-10-01 19:00:00,Real Betis,Valencia,2.53745,0.510459,3,0,ESP-La Liga,2324
2023-10-02 19:00:00,Las Palmas,Celta Vigo,1.46382,1.54337,2,1,ESP-La Liga,2324
2023-10-06 19:00:00,Athletic Club,Almeria,3.02889,0.0892217,3,0,ESP-La Liga,2324
2023-10-07 12:00:00,Cadiz,Girona,0.653575,1.26462,0,1,ESP-La Liga,2324
2023-10-07 16:30:00,Mallorca,Valencia,0.919992,0.509313,1,1,ESP-La Liga,2324
2023-10-07 14:15:00,Real Madrid,Osasuna,4.47802,0.164111,4,0,ESP-La Liga,2324
2023-10-07 19:00:00,Sevilla,Rayo Vallecano,0.807105,0.998714,2,2,ESP-La Liga,2324
2023-10-08 16:30:00,Alaves,Real Betis,1.89594,0.872851,1,1,ESP-La Liga,2324
2023-10-08 14:15:00,Atletico Madrid,Real Sociedad,2.94239,0.928071,2,1,ESP-La Liga,2324
2023-10-08 16:30:00,Celta Vigo,Getafe,3.02859,1.00866,2,2,ESP-La Liga,2324
2023-10-08 19:00:00,Granada,Barcelona,0.611577,2.99552,2,2,ESP-La Liga,2324
2023-10-08 12:00:00,Villarreal,Las Palmas,1.16305,1.1602,1,2,ESP-La Liga,2324
2023-10-20 19:00:00,Osasuna,Granada,1.79846,0.776224,2,0,ESP-La Liga,2324
2023-10-21 19:00:00,Celta Vigo,Atletico Madrid,1.26757,2.39246,0,3,ESP-La Liga,2324
2023-10-21 14:15:00,Getafe,Real Betis,1.86677,1.42816,1,1,ESP-La Liga,2324
2023-10-21 12:00:00,Real Sociedad,Mallorca,2.0056,2.03914,1,0,ESP-La Liga,2324
2023-10-21 16:30:00,Sevilla,Real Madrid,1.8723,2.17904,1,1,ESP-La Liga,2324
2023-10-22 19:00:00,Barcelona,Athletic Club,1.70266,0.453295,1,0,ESP-La Liga,2324
2023-10-22 14:15:00,Girona,Almeria,2.1972,0.878392,5,2,ESP-La Liga,2324
2023-10-22 12:00:00,Las Palmas,Rayo Vallecano,1.18559,1.25598,0,1,ESP-La Liga,2324
2023-10-22 16:30:00,Villarreal,Alaves,1.71642,1.79896,1,1,ESP-La Liga,2324
2023-10-23 19:00:00,Valencia,Cadiz,1.6763,0.551967,2,0,ESP-La Liga,2324
2023-10-27 19:00:00,Girona,Celta Vigo,0.619488,0.174681,1,0,ESP-La Liga,2324
2023-10-28 12:00:00,Almeria,Las Palmas,0.275712,1.06446,1,2,ESP-La Liga,2324
2023-10-28 14:15:00,Barcelona,Real Madrid,1.32038,0.959404,1,2,ESP-La Liga,2324
2023-10-28 19:00:00,Cadiz,Sevilla,1.42705,1.28392,2,2,ESP-La Liga,2324
2023-10-28 16:30:00,Mallorca,Getafe,0.722341,0.292202,0,0,ESP-La Liga,2324
2023-10-29 17:30:00,Athletic Club,Valencia,1.63308,2.17868,2,2,ESP-La Liga,2324
2023-10-29 20:00:00,Atletico Madrid,Alaves,1.94088,0.385398,2,1,ESP-La Liga,2324
2023-10-29 15:15:00,Rayo Vallecano,Real Sociedad,0.844003,1.93178,2,2,ESP-La Liga,2324
2023-10-29 13:00:00,Real Betis,Osasuna,1.43393,0.446425,2,1,ESP-La Liga,2324
2023-10-30 20:00:00,Granada,Villarreal,2.80131,1.90197,2,3,ESP-La Liga,2324
2023-11-03 19:00:00,Las Palmas,Atletico Madrid,0.452709,1.52768,2,1,ESP-La Liga,2324
2023-11-04 17:30:00,Celta Vigo,Sevilla,3.01524,1.25089,1,1,ESP-La Liga,2324
2023-11-04 13:00:00,Osasuna,Girona,2.18398,2.78694,2,4,ESP-La Liga,2324
2023-11-04 15:15:00,Real Betis,Mallorca,2.84664,0.540374,2,0,ESP-La Liga,2324
2023-11-04 20:00:00,Real Sociedad,Barcelona,0.84705,1.22041,0,1,ESP-La Liga,2324
2023-11-05 13:00:00,Alaves,Almeria,2.57982,0.893084,1,0,ESP-La Liga,2324
2023-11-05 20:00:00,Real Madrid,Rayo Vallecano,1.85349,0.134981,0,0,ESP-La Liga,2324
2023-11-05 15:15:00,Valencia,Granada,1.18921,0.344591,1,0,ESP-La Liga,2324
2023-11-05 17:30:00,Villarreal,Athletic Club,1.78074,2.22797,2,3,ESP-La Liga,2324
2023-11-06 20:00:00,Getafe,Cadiz,1.21452,0.821864,1,0,ESP-La Liga,2324
2023-11-10 20:00:00,Athletic Club,Celta Vigo,4.72334,2.25302,4,3,ESP-La Liga,2324
2023-11-11 15:15:00,Almeria,Real Sociedad,0.637245,2.53693,1,3,ESP-La Liga,2324
2023-11-11 17:30:00,Granada,Getafe,1.4404,2.30149,1,1,ESP-La Liga,2324
2023-11-11 17:30:00,Osasuna,Las Palmas,1.44069,0.291858,1,1,ESP-La Liga,2324
2023-11-11 13:00:00,Rayo Vallecano,Girona,1.67584,4.2691,1,2,ESP-La Liga,2324
2023-11-11 20:00:00,Real Madrid,Valencia,1.90598,2.03068,5,1,ESP-La Liga,2324
2023-11-12 20:00:00,Atletico Madrid,Villarreal,3.93786,0.868854,3,1,ESP-La Liga,2324
2023-11-12 15:15:00,Barcelona,Alaves,1.81139,1.83858,2,1,ESP-La Liga,2324
2023-11-12 17:30:00,Sevilla,Real Betis,0.615603,2.17922,1,1,ESP-La Liga,2324
2023-11-24 20:00:00,Alaves,Granada,0.871813,1.13855,3,1,ESP-La Liga,2324
2023-11-25 20:00:00,Atletico Madrid,Mallorca,2.29683,0.945212,1,0,ESP-La Liga,2324
2023-11-25 17:30:00,Getafe,Almeria,1.39391,1.72918,2,1,ESP-La Liga,2324
2023-11-25 13:00:00,Rayo Vallecano,Barcelona,0.912299,1.30627,1,1,ESP-La Liga,2324
2023-11-25 15:15:00,Valencia,Celta Vigo,0.247015,0.609862,0,0,ESP-La Liga,2324
2023-11-26 17:30:00,Cadiz,Real Madrid,1.13056,1.84054,0,3,ESP-La Liga,2324
2023-11-26 20:00:00,Real Betis,Las Palmas,1.92649,0.751589,1,0,ESP-La Liga,2324
2023-11-26 15:15:00,Real Sociedad,Sevilla,1.05204,0.374082,2,1,ESP-La Liga,2324
2023-11-26 13:00:00,Villarreal,Osasuna,2.84591,1.26437,3,1,ESP-La Liga,2324
2023-11-27 20:00:00,Girona,Athletic Club,1.36177,1.67266,1,1,ESP-La Liga,2324
2023-11-29 20:00:00,Mallorca,Cadiz,0.8514,0.251799,1,1,ESP-La Liga,2324
2023-12-01 19:00:00,Las Palmas,Getafe,1.8817,0.76355,2,0,ESP-La Liga,2324
2023-12-02 15:15:00,Athletic Club,Rayo Vallecano,1.6869,0.34629,4,0,ESP-La Liga,2324
2023-12-02 13:00:00,Girona,Valencia,1.85396,1.00981,2,1,ESP-La Liga,2324
2023-12-02 20:00:00,Osasuna,Real Sociedad,1.01822,1.69944,1,1,ESP-La Liga,2324
2023-12-02 17:30:00,Real Madrid,Granada,2.2606,0.110085,2,0,ESP-La Liga,2324
2023-12-03 15:15:00,Almeria,Real Betis,2.69938,0.769817,0,0,ESP-La Liga,2324
2023-12-03 20:00:00,Barcelona,Atletico Madrid,3.18789,0.996297,1,0,ESP-La Liga,2324
2023-12-03 13:00:00,Mallorca,Alaves,0.909609,0.277842,0,0,ESP-La Liga,2324
2023-12-03 17:30:00,Sevilla,Villarreal,2.4784,1.47061,1,1,ESP-La Liga,2324
2023-12-04 20:00:00,Celta Vigo,Cadiz,2.73216,0.346727,1,1,ESP-La Liga,2324
2023-12-08 20:00:00,Getafe,Valencia,0.841976,0.183916,1,0,ESP-La Liga,2324
2023-12-09 13:00:00,Alaves,Las Palmas,2.20546,0.473883,0,1,ESP-La Liga,2324
2023-12-09 20:00:00,Mallorca,Sevilla,0.533315,0.554467,1,0,ESP-La Liga,2324
2023-12-09 15:15:00,Real Betis,Real Madrid,1.51575,0.803862,1,1,ESP-La Liga,2324
2023-12-09 17:30:00,Villarreal,Real Sociedad,2.37019,2.19834,0,3,ESP-La Liga,2324
2023-12-10 13:00:00,Atletico Madrid,Almeria,2.16876,1.6656,2,1,ESP-La Liga,2324
2023-12-10 20:00:00,Barcelona,Girona,4.25448,2.93797,2,4,ESP-La Liga,2324
2023-12-10 17:30:00,Cadiz,Osasuna,1.15321,1.81825,1,1,ESP-La Liga,2324
2023-12-11 20:00:00,Rayo Vallecano,Celta Vigo,1.32415,0.126167,0,0,ESP-La Liga,2324
2023-12-12 15:15:00,Granada,Athletic Club,0.543471,1.68816,1,1,ESP-La Liga,2324
2023-12-15 20:00:00,Osasuna,Rayo Vallecano,1.77561,1.15316,1,0,ESP-La Liga,2324
2023-12-16 15:15:00,Athletic Club,Atletico Madrid,2.73082,0.342126,2,0,ESP-La Liga,2324
2023-12-16 13:00:00,Celta Vigo,Granada,1.33261,0.690175,1,0,ESP-La Liga,2324
2023-12-16 17:30:00,Sevilla,Getafe,0.80788,2.83746,0,3,ESP-La Liga,2324
2023-12-16 20:00:00,Valencia,Barcelona,0.78681,3.16129,1,1,ESP-La Liga,2324
2023-12-17 13:00:00,Almeria,Mallorca,0.314828,1.51369,0,0,ESP-La Liga,2324
2023-12-17 17:30:00,Las Palmas,Cadiz,0.826817,1.42619,1,1,ESP-La Liga,2324
2023-12-17 20:00:00,Real Madrid,Villarreal,3.22478,0.421986,4,1,ESP-La Liga,2324
2023-12-17 15:15:00,Real Sociedad,Real Betis,0.989954,1.37163,0,0,ESP-La Liga,2324
2023-12-18 20:00:00,Girona,Alaves,1.92988,0.546438,3,0,ESP-La Liga,2324
2023-12-19 20:30:00,Atletico Madrid,Getafe,2.02936,2.53681,3,3,ESP-La Liga,2324
2023-12-19 20:30:00,Granada,Sevilla,1.12822,0.514939,0,3,ESP-La Liga,2324
2023-12-19 18:00:00,Rayo Vallecano,Valencia,0.51265,0.33485,0,1,ESP-La Liga,2324
2023-12-20 20:30:00,Athletic Club,Las Palmas,3.53577,0.2514,1,0,ESP-La Liga,2324
2023-12-20 18:00:00,Barcelona,Almeria,4.04903,1.39703,3,2,ESP-La Liga,2324
2023-12-20 20:30:00,Villarreal,Celta Vigo,2.59564,1.98503,3,2,ESP-La Liga,2324
2023-12-21 20:30:00,Alaves,Real Madrid,0.388196,0.947483,0,1,ESP-La Liga,2324
2023-12-21 18:00:00,Cadiz,Real Sociedad,0.856097,0.6603,0,0,ESP-La Liga,2324
2023-12-21 20:30:00,Mallorca,Osasuna,1.68391,1.5871,3,2,ESP-La Liga,2324
2023-12-21 18:00:00,Real Betis,Girona,1.61394,1.64551,1,1,ESP-La Liga,2324
2023-12-23 14:15:00,Atletico Madrid,Sevilla,1.53277,0.279969,1,0,ESP-La Liga,2324
2024-01-02 16:00:00,Getafe,Rayo Vallecano,0.651184,2.73568,0,2,ESP-La Liga,2324
2024-01-02 18:15:00,Real Sociedad,Alaves,0.98082,0.969339,1,1,ESP-La Liga,2324
2024-01-02 20:30:00,Valencia,Villarreal,2.78114,1.15004,3,1,ESP-La Liga,2324
2024-01-03 18:15:00,Celta Vigo,Real Betis,2.54675,1.73674,2,1,ESP-La Liga,2324
2024-01-03 20:30:00,Girona,Atletico Madrid,2.32369,2.67389,4,3,ESP-La Liga,2324
2024-01-03 16:00:00,Granada,Cadiz,3.87666,0.746073,2,0,ESP-La Liga,2324
2024-01-03 18:15:00,Real Madrid,Mallorca,1.87575,0.840414,1,0,ESP-La Liga,2324
2024-01-04 20:30:00,Las Palmas,Barcelona,0.967341,2.3608,1,2,ESP-La Liga,2324
2024-01-04 16:00:00,Osasuna,Almeria,2.03356,0.239636,1,0,ESP-La Liga,2324
2024-01-04 18:15:00,Sevilla,Athletic Club,0.54777,1.99704,0,2,ESP-La Liga,2324
2024-01-12 20:00:00,Sevilla,Alaves,2.49561,2.08895,2,3,ESP-La Liga,2324
2024-01-13 17:30:00,Athletic Club,Real Sociedad,1.73042,1.02381,2,1,ESP-La Liga,2324
2024-01-13 13:00:00,Las Palmas,Villarreal,0.963955,1.71198,3,0,ESP-La Liga,2324
2024-01-13 15:15:00,Mallorca,Celta Vigo,2.59976,0.711693,1,1,ESP-La Liga,2324
2024-01-13 20:00:00,Real Betis,Granada,2.00904,0.658067,1,0,ESP-La Liga,2324
2024-01-14 13:00:00,Almeria,Girona,2.20551,0.246622,0,0,ESP-La Liga,2324
2024-01-14 15:15:00,Cadiz,Valencia,1.55289,1.7596,1,4,ESP-La Liga,2324
2024-01-19 20:00:00,Alaves,Cadiz,1.83115,0.670357,1,0,ESP-La Liga,2324
2024-01-20 20:00:00,Celta Vigo,Real Sociedad,0.257377,0.630224,0,1,ESP-La Liga,2324
2024-01-20 13:00:00,Rayo Vallecano,Las Palmas,2.16832,0.786109,0,2,ESP-La Liga,2324
2024-01-20 17:30:00,Valencia,Athletic Club,0.7444,0.351363,1,0,ESP-La Liga,2324
2024-01-20 15:15:00,Villarreal,Mallorca,1.7328,0.430539,1,1,ESP-La Liga,2324
2024-01-21 20:00:00,Girona,Sevilla,2.95279,0.947841,5,1,ESP-La Liga,2324
2024-01-21 13:00:00,Osasuna,Getafe,1.57055,1.50775,3,2,ESP-La Liga,2324
2024-01-21 17:30:00,Real Betis,Barcelona,1.61122,2.71025,2,4,ESP-La Liga,2324
2024-01-21 15:15:00,Real Madrid,Almeria,3.07258,0.928735,3,2,ESP-La Liga,2324
2024-01-22 20:00:00,Granada,Atletico Madrid,0.684269,1.42876,0,1,ESP-La Liga,2324
2024-01-26 20:00:00,Almeria,Alaves,1.80182,2.061,0,3,ESP-La Liga,2324
2024-01-27 17:30:00,Barcelona,Villarreal,2.02779,2.36875,3,5,ESP-La Liga,2324
2024-01-27 15:15:00,Las Palmas,Real Madrid,0.929969,2.05683,1,2,ESP-La Liga,2324
2024-01-27 20:00:00,Mallorca,Real Betis,1.72961,0.400759,0,1,ESP-La Liga,2324
2024-01-27 13:00:00,Real Sociedad,Rayo Vallecano,0.251108,0.129675,0,0,ESP-La Liga,2324
2024-01-28 20:00:00,Atletico Madrid,Valencia,2.80234,0.406631,2,0,ESP-La Liga,2324
2024-01-28 15:15:00,Cadiz,Athletic Club,0.367526,0.25604,0,0,ESP-La Liga,2324
2024-01-28 13:00:00,Celta Vigo,Girona,1.03961,1.60712,0,1,ESP-La Liga,2324
2024-01-28 17:30:00,Sevilla,Osasuna,1.42372,1.07779,1,1,ESP-La Liga,2324
2024-01-29 20:00:00,Getafe,Granada,1.03385,1.504,2,0,ESP-La Liga,2324
2024-01-31 20:00:00,Atletico Madrid,Rayo Vallecano,1.29884,0.426602,2,1,ESP-La Liga,2324
2024-01-31 18:00:00,Barcelona,Osasuna,2.21737,1.41966,1,0,ESP-La Liga,2324
2024-02-01 20:00:00,Getafe,Real Madrid,0.791039,2.72231,0,2,ESP-La Liga,2324
2024-02-02 20:00:00,Athletic Club,Mallorca,1.95995,0.469702,4,0,ESP-La Liga,2324
2024-02-03 17:30:00,Alaves,Barcelona,1.04716,1.55781,1,3,ESP-La Liga,2324
2024-02-03 20:00:00,Girona,Real Sociedad,1.04543,0.583723,0,0,ESP-La Liga,2324
2024-02-03 15:15:00,Granada,Las Palmas,0.155607,1.27614,1,1,ESP-La Liga,2324
2024-02-03 13:00:00,Valencia,Almeria,1.38646,1.5882,2,1,ESP-La Liga,2324
2024-02-04 15:15:00,Osasuna,Celta Vigo,1.00524,1.37845,0,3,ESP-La Liga,2324
2024-02-04 17:30:00,Real Betis,Getafe,1.54414,1.9002,1,1,ESP-La Liga,2324
2024-02-04 20:00:00,Real Madrid,Atletico Madrid,2.36334,1.35012,1,1,ESP-La Liga,2324
2024-02-04 13:00:00,Villarreal,Cadiz,1.00089,0.686978,0,0,ESP-La Liga,2324
2024-02-05 20:00:00,Rayo Vallecano,Sevilla,2.1306,1.77647,1,2,ESP-La Liga,2324
2024-02-09 20:00:00,Cadiz,Real Betis,0.755069,1.43872,0,2,ESP-La Liga,2324
2024-02-10 13:00:00,Alaves,Villarreal,2.09111,1.29002,1,1,ESP-La Liga,2324
2024-02-10 20:00:00,Las Palmas,Valencia,1.41954,0.251178,2,0,ESP-La Liga,2324
2024-02-10 17:30:00,Real Madrid,Girona,3.32636,0.180194,4,0,ESP-La Liga,2324
2024-02-10 15:15:00,Real Sociedad,Osasuna,2.50503,0.704714,0,1,ESP-La Liga,2324
2024-02-11 20:00:00,Barcelona,Granada,2.5229,1.20453,3,3,ESP-La Liga,2324
2024-02-11 13:00:00,Getafe,Celta Vigo,2.22295,1.2733,3,2,ESP-La Liga,2324
2024-02-11 15:15:00,Mallorca,Rayo Vallecano,0.82898,1.40787,2,1,ESP-La Liga,2324
2024-02-11 17:30:00,Sevilla,Atletico Madrid,2.15338,1.67549,1,0,ESP-La Liga,2324
2024-02-12 20:00:00,Almeria,Athletic Club,0.900611,0.621857,0,0,ESP-La Liga,2324
2024-02-16 20:00:00,Villarreal,Getafe,1.61961,0.976893,1,1,ESP-La Liga,2324
2024-02-17 13:00:00,Atletico Madrid,Las Palmas,2.79269,0.660284,5,0,ESP-La Liga,2324
2024-02-17 17:30:00,Celta Vigo,Barcelona,0.636492,1.5046,1,2,ESP-La Liga,2324
2024-02-17 15:15:00,Osasuna,Cadiz,1.37854,0.919753,2,0,ESP-La Liga,2324
2024-02-17 20:00:00,Valencia,Sevilla,1.11987,0.0457854,0,0,ESP-La Liga,2324
2024-02-18 15:15:00,Granada,Almeria,1.79616,0.693843,1,1,ESP-La Liga,2324
2024-02-18 17:30:00,Mallorca,Real Sociedad,0.188904,1.20859,1,2,ESP-La Liga,2324
2024-02-18 13:00:00,Rayo Vallecano,Real Madrid,1.1431,1.0219,1,1,ESP-La Liga,2324
2024-02-18 20:00:00,Real Betis,Alaves,1.18267,0.490778,0,0,ESP-La Liga,2324
2024-02-19 20:00:00,Athletic Club,Girona,2.7904,1.80583,3,2,ESP-La Liga,2324
2024-02-23 20:00:00,Real Sociedad,Villarreal,1.48985,1.6421,1,3,ESP-La Liga,2324
2024-02-24 17:30:00,Alaves,Mallorca,0.501891,1.80166,1,1,ESP-La Liga,2324
2024-02-24 20:00:00,Almeria,Atletico Madrid,0.352281,1.87638,2,2,ESP-La Liga,2324
2024-02-24 15:15:00,Barcelona,Getafe,2.65095,0.316762,4,0,ESP-La Liga,2324
2024-02-25 13:00:00,Cadiz,Celta Vigo,1.87476,0.680213,2,2,ESP-La Liga,2324
2024-02-25 17:30:00,Las Palmas,Osasuna,0.942659,0.387933,1,1,ESP-La Liga,2324
2024-02-25 15:15:00,Real Betis,Athletic Club,0.921277,0.137757,3,1,ESP-La Liga,2324
2024-02-25 20:00:00,Real Madrid,Sevilla,1.01644,0.967099,1,0,ESP-La Liga,2324
2024-02-26 20:00:00,Girona,Rayo Vallecano,2.81311,0.564655,3,0,ESP-La Liga,2324
2024-03-01 20:00:00,Celta Vigo,Almeria,1.82317,0.3259,1,0,ESP-La Liga,2324
2024-03-02 17:30:00,Getafe,Las Palmas,2.38804,1.37145,3,3,ESP-La Liga,2324
2024-03-02 15:15:00,Rayo Vallecano,Cadiz,0.688061,1.21648,1,1,ESP-La Liga,2324
2024-03-02 13:00:00,Sevilla,Real Sociedad,2.15506,1.27238,3,2,ESP-La Liga,2324
2024-03-02 20:00:00,Valencia,Real Madrid,1.33185,1.45798,2,2,ESP-La Liga,2324
2024-03-03 20:00:00,Athletic Club,Barcelona,0.468397,0.714592,0,0,ESP-La Liga,2324
2024-03-03 15:15:00,Atletico Madrid,Real Betis,3.54138,0.588581,2,1,ESP-La Liga,2324
2024-03-03 17:30:00,Mallorca,Girona,0.943297,1.08616,1,0,ESP-La Liga,2324
2024-03-03 13:00:00,Villarreal,Granada,3.02991,0.276758,5,1,ESP-La Liga,2324
2024-03-04 20:00:00,Osasuna,Alaves,1.71646,1.14533,1,0,ESP-La Liga,2324
2024-03-08 20:00:00,Barcelona,Mallorca,2.06225,0.504754,1,0,ESP-La Liga,2324
2024-03-09 15:15:00,Cadiz,Atletico Madrid,1.18033,0.895711,2,0,ESP-La Liga,2324
2024-03-09 20:00:00,Girona,Osasuna,2.1772,0.185235,2,0,ESP-La Liga,2324
2024-03-09 17:30:00,Granada,Real Sociedad,2.0551,1.88323,2,3,ESP-La Liga,2324
2024-03-09 13:00:00,Valencia,Getafe,1.27245,1.17773,1,0,ESP-La Liga,2324
2024-03-10 13:00:00,Alaves,Rayo Vallecano,0.640241,0.579451,1,0,ESP-La Liga,2324
2024-03-10 15:15:00,Las Palmas,Athletic Club,0.834663,1.27321,0,2,ESP-La Liga,2324
2024-03-10 20:00:00,Real Betis,Villarreal,1.39975,1.30814,2,3,ESP-La Liga,2324
2024-03-10 17:30:00,Real Madrid,Celta Vigo,3.6885,0.53726,4,0,ESP-La Liga,2324
2024-03-11 20:00:00,Almeria,Sevilla,1.81235,2.6495,2,2,ESP-La Liga,2324
2024-03-15 20:00:00,Real Sociedad,Cadiz,2.34962,0.695705,2,0,ESP-La Liga,2324
2024-03-16 20:00:00,Athletic Club,Alaves,2.31129,1.38702,2,0,ESP-La Liga,2324
2024-03-16 17:30:00,Getafe,Girona,1.10963,1.70185,1,0,ESP-La Liga,2324
2024-03-16 13:00:00,Mallorca,Granada,1.65502,0.295993,1,0,ESP-La Liga,2324
2024-03-16 15:15:00,Osasuna,Real Madrid,0.669756,3.05767,2,4,ESP-La Liga,2324
2024-03-17 20:00:00,Atletico Madrid,Barcelona,0.570805,1.94966,0,3,ESP-La Liga,2324
2024-03-17 16:15:00,Las Palmas,Almeria,0.793707,0.688106,0,1,ESP-La Liga,2324
2024-03-17 17:30:00,Rayo Vallecano,Real Betis,0.790186,0.69375,2,0,ESP-La Liga,2324
2024-03-17 13:00:00,Sevilla,Celta Vigo,1.75591,2.23423,1,2,ESP-La Liga,2324
2024-03-17 15:15:00,Villarreal,Valencia,2.1872,1.07722,1,0,ESP-La Liga,2324
2024-03-29 20:00:00,Cadiz,Granada,1.19169,0.412637,1,0,ESP-La Liga,2324
2024-03-30 15:15:00,Almeria,Osasuna,0.745696,1.00888,0,3,ESP-La Liga,2324
2024-03-30 20:00:00,Barcelona,Las Palmas,1.72947,0.314295,1,0,ESP-La Liga,2324
2024-03-30 13:00:00,Getafe,Sevilla,1.57791,0.901033,0,1,ESP-La Liga,2324
2024-03-30 17:30:00,Valencia,Mallorca,1.33845,0.673736,0,0,ESP-La Liga,2324
2024-03-31 17:30:00,Alaves,Real Sociedad,0.142958,1.29248,0,1,ESP-La Liga,2324
2024-03-31 13:00:00,Celta Vigo,Rayo Vallecano,0.838396,0.515128,0,0,ESP-La Liga,2324
2024-03-31 15:15:00,Girona,Real Betis,2.43161,0.524961,3,2,ESP-La Liga,2324
2024-03-31 20:00:00,Real Madrid,Athletic Club,1.1877,0.304704,2,0,ESP-La Liga,2324
2024-04-01 19:00:00,Villarreal,Atletico Madrid,0.681964,1.2402,1,2,ESP-La Liga,2324
2024-04-04 18:00:00,Granada,Valencia,0.729135,0.718558,0,1,ESP-La Liga,2324
2024-04-12 19:00:00,Real Betis,Celta Vigo,1.22903,1.58129,2,1,ESP-La Liga,2324
2024-04-13 12:00:00,Atletico Madrid,Girona,2.58629,2.20992,3,1,ESP-La Liga,2324
2024-04-13 19:00:00,Cadiz,Barcelona,0.79048,0.833415,0,1,ESP-La Liga,2324
2024-04-13 16:30:00,Mallorca,Real Madrid,0.592998,1.81161,0,1,ESP-La Liga,2324
2024-04-13 14:15:00,Rayo Vallecano,Getafe,0.777828,0.25153,0,0,ESP-La Liga,2324
2024-04-14 16:30:00,Athletic Club,Villarreal,0.823044,2.1913,1,1,ESP-La Liga,2324
2024-04-14 14:15:00,Granada,Alaves,1.86823,0.279326,2,0,ESP-La Liga,2324
2024-04-14 12:00:00,Las Palmas,Sevilla,0.0909476,2.06406,0,2,ESP-La Liga,2324
2024-04-14 19:00:00,Real Sociedad,Almeria,1.68743,1.77546,2,2,ESP-La Liga,2324
2024-04-15 19:00:00,Osasuna,Valencia,2.26875,0.235711,0,1,ESP-La Liga,2324
2024-04-19 19:00:00,Athletic Club,Granada,1.64137,0.150973,1,1,ESP-La Liga,2324
2024-04-20 12:00:00,Celta Vigo,Las Palmas,3.58931,0.90843,4,1,ESP-La Liga,2324
2024-04-20 19:00:00,Girona,Cadiz,2.30941,1.82433,4,1,ESP-La Liga,2324
2024-04-20 14:15:00,Rayo Vallecano,Osasuna,0.560289,0.930714,2,1,ESP-La Liga,2324
2024-04-20 16:30:00,Valencia,Real Betis,0.951475,1.82123,1,2,ESP-La Liga,2324
2024-04-21 16:30:00,Alaves,Atletico Madrid,0.521018,0.715212,2,0,ESP-La Liga,2324
2024-04-21 14:15:00,Almeria,Villarreal,2.14538,1.60008,1,2,ESP-La Liga,2324
2024-04-21 12:00:00,Getafe,Real Sociedad,1.19821,1.03517,1,1,ESP-La Liga,2324
2024-04-21 19:00:00,Real Madrid,Barcelona,2.7698,1.34666,3,2,ESP-La Liga,2324
2024-04-22 19:00:00,Sevilla,Mallorca,1.72842,0.879845,2,1,ESP-La Liga,2324
2024-04-26 19:00:00,Real Sociedad,Real Madrid,0.380904,0.462672,0,1,ESP-La Liga,2324
2024-04-27 16:30:00,Alaves,Celta Vigo,3.41094,0.188273,3,0,ESP-La Liga,2324
2024-04-27 14:15:00,Almeria,Getafe,2.748,1.67485,1,3,ESP-La Liga,2324
2024-04-27 19:00:00,Atletico Madrid,Athletic Club,0.62028,0.894572,3,1,ESP-La Liga,2324
2024-04-27 12:00:00,Las Palmas,Girona,1.41676,2.0472,0,2,ESP-La Liga,2324
2024-04-28 12:00:00,Cadiz,Mallorca,0.441837,0.827497,1,1,ESP-La Liga,2324
2024-04-28 14:15:00,Granada,Osasuna,2.31468,0.989028,3,0,ESP-La Liga,2324
2024-04-28 19:00:00,Real Betis,Sevilla,2.39465,1.26484,1,1,ESP-La Liga,2324
2024-04-28 16:30:00,Villarreal,Rayo Vallecano,1.98091,0.896929,3,0,ESP-La Liga,2324
2024-04-29 19:00:00,Barcelona,Valencia,2.59636,1.49346,4,2,ESP-La Liga,2324
2024-05-03 19:00:00,Getafe,Athletic Club,4.41644,0.925588,0,2,ESP-La Liga,2324
2024-05-04 16:30:00,Girona,Barcelona,2.31519,2.6053,4,2,ESP-La Liga,2324
2024-05-04 19:00:00,Mallorca,Atletico Madrid,0.328479,0.874778,0,1,ESP-La Liga,2324
2024-05-04 14:15:00,Real Madrid,Cadiz,2.63447,0.998827,3,0,ESP-La Liga,2324
2024-05-04 12:00:00,Real Sociedad,Las Palmas,0.899129,0.56693,2,0,ESP-La Liga,2324
2024-05-05 14:15:00,Celta Vigo,Villarreal,4.41257,0.544766,3,2,ESP-La Liga,2324
2024-05-05 12:00:00,Osasuna,Real Betis,1.02463,1.44688,0,2,ESP-La Liga,2324
2024-05-05 19:00:00,Rayo Vallecano,Almeria,2.09609,0.555982,0,1,ESP-La Liga,2324
2024-05-05 19:00:00,Sevilla,Granada,2.45224,0.227083,3,0,ESP-La Liga,2324
2024-05-05 16:30:00,Valencia,Alaves,1.40821,1.16915,0,1,ESP-La Liga,2324
2024-05-10 19:00:00,Alaves,Girona,2.40148,1.53657,2,2,ESP-La Liga,2324
2024-05-11 19:00:00,Athletic Club,Osasuna,2.17034,1.05326,2,2,ESP-La Liga,2324
2024-05-11 16:30:00,Granada,Real Madrid,0.699759,2.7909,0,4,ESP-La Liga,2324
2024-05-11 12:00:00,Mallorca,Las Palmas,0.45718,0.313172,1,0,ESP-La Liga,2324
2024-05-11 14:15:00,Villarreal,Sevilla,3.10775,1.95835,3,2,ESP-La Liga,2324
2024-05-12 14:15:00,Atletico Madrid,Celta Vigo,1.81009,0.370026,1,0,ESP-La Liga,2324
2024-05-12 12:00:00,Cadiz,Getafe,1.42818,0.310309,1,0,ESP-La Liga,2324
2024-05-12 19:00:00,Real Betis,Almeria,1.69343,1.08304,3,2,ESP-La Liga,2324
2024-05-12 16:30:00,Valencia,Rayo Vallecano,1.1633,0.785651,0,0,ESP-La Liga,2324
2024-05-13 19:00:00,Barcelona,Real Sociedad,1.66029,0.799193,2,0,ESP-La Liga,2324
2024-05-14 20:00:00,Girona,Villarreal,2.28453,0.776468,0,1,ESP-La Liga,2324
2024-05-14 17:30:00,Osasuna,Mallorca,0.428998,0.919263,1,1,ESP-La Liga,2324
2024-05-14 19:30:00,Real Madrid,Alaves,2.88216,1.50657,5,0,ESP-La Liga,2324
2024-05-15 20:00:00,Celta Vigo,Athletic Club,0.758179,0.377111,2,1,ESP-La Liga,2324
2024-05-15 20:00:00,Getafe,Atletico Madrid,0.446969,1.67036,0,3,ESP-La Liga,2324
2024-05-15 17:30:00,Rayo Vallecano,Granada,3.00296,0.933417,2,1,ESP-La Liga,2324
2024-05-15 17:30:00,Sevilla,Cadiz,1.43788,2.85137,0,1,ESP-La Liga,2324
2024-05-16 19:30:00,Almeria,Barcelona,1.03949,2.13122,0,2,ESP-La Liga,2324
2024-05-16 17:30:00,Las Palmas,Real Betis,2.61533,1.3277,2,2,ESP-La Liga,2324
2024-05-16 20:00:00,Real Sociedad,Valencia,1.13192,0.774644,1,0,ESP-La Liga,2324
2024-05-18 19:00:00,Alaves,Getafe,1.57753,0.658124,1,0,ESP-La Liga,2324
2024-05-19 17:00:00,Athletic Club,Sevilla,1.78593,1.29208,2,0,ESP-La Liga,2324
2024-05-19 17:00:00,Atletico Madrid,Osasuna,1.76117,1.88434,1,4,ESP-La Liga,2324
2024-05-19 17:00:00,Barcelona,Rayo Vallecano,1.69959,1.68527,3,0,ESP-La Liga,2324
2024-05-19 17:00:00,Cadiz,Las Palmas,1.36112,0.966249,0,0,ESP-La Liga,2324
2024-05-19 17:00:00,Granada,Celta Vigo,1.75765,2.02078,1,2,ESP-La Liga,2324
2024-05-19 17:00:00,Mallorca,Almeria,2.45608,0.238391,2,2,ESP-La Liga,2324
2024-05-19 17:00:00,Real Betis,Real Sociedad,1.60754,0.792849,0,2,ESP-La Liga,2324
2024-05-19 17:00:00,Valencia,Girona,3.35606,2.90299,1,3,ESP-La Liga,2324
2024-05-19 17:00:00,Villarreal,Real Madrid,2.21178,1.59129,4,4,ESP-La Liga,2324
2024-05-24 19:00:00,Girona,Granada,4.75092,0.987219,7,0,ESP-La Liga,2324
2024-05-25 16:30:00,Almeria,Cadiz,3.23442,0.494605,6,1,ESP-La Liga,2324
2024-05-25 12:00:00,Osasuna,Villarreal,1.09355,0.835313,1,1,ESP-La Liga,2324
2024-05-25 16:30:00,Rayo Vallecano,Athletic Club,1.47462,0.930597,0,1,ESP-La Liga,2324
2024-05-25 19:00:00,Real Madrid,Real Betis,1.24417,1.15552,0,0,ESP-La Liga,2324
2024-05-25 14:15:00,Real Sociedad,Atletico Madrid,0.570544,2.19824,0,2,ESP-La Liga,2324
2024-05-26 14:15:00,Celta Vigo,Valencia,1.50162,2.16042,2,2,ESP-La Liga,2324
2024-05-26 12:00:00,Getafe,Mallorca,1.07908,1.34437,1,2,ESP-La Liga,2324
2024-05-26 14:15:00,Las Palmas,Alaves,1.15618,2.23542,1,1,ESP-La Liga,2324
2024-05-26 19:00:00,Sevilla,Barcelona,1.96266,1.4772,1,2,ESP-La Liga,2324
2024-08-15 17:00:00,Athletic Club,Getafe,0.290195,0.537517,1,1,ESP-La Liga,2425
2024-08-15 19:30:00,Real Betis,Girona,1.80582,1.54726,1,1,ESP-La Liga,2425
2024-08-16 17:00:00,Celta Vigo,Alaves,0.793797,1.9391,2,1,ESP-La Liga,2425
2024-08-16 19:30:00,Las Palmas,Sevilla,1.3187,2.09987,2,2,ESP-La Liga,2425
2024-08-17 17:00:00,Osasuna,Leganes,1.7631,1.33949,1,1,ESP-La Liga,2425
2024-08-17 19:30:00,Valencia,Barcelona,1.55206,3.48824,1,2,ESP-La Liga,2425
2024-08-18 19:30:00,Mallorca,Real Madrid,1.30561,0.608052,1,1,ESP-La Liga,2425
2024-08-18 17:00:00,Real Sociedad,Rayo Vallecano,1.56608,1.60148,1,2,ESP-La Liga,2425
2024-08-19 17:00:00,Real Valladolid,Espanyol,1.17753,0.515586,1,0,ESP-La Liga,2425
2024-08-19 19:30:00,Villarreal,Atletico Madrid,0.68684,1.13868,2,2,ESP-La Liga,2425
2024-08-23 17:00:00,Celta Vigo,Valencia,1.30571,1.1544,3,1,ESP-La Liga,2425
2024-08-23 19:30:00,Sevilla,Villarreal,1.23826,1.39825,1,2,ESP-La Liga,2425
2024-08-24 17:00:00,Barcelona,Athletic Club,2.41577,1.09985,2,1,ESP-La Liga,2425
2024-08-24 19:30:00,Espanyol,Real Sociedad,1.79566,0.796104,0,1,ESP-La Liga,2425
2024-08-24 19:30:00,Getafe,Rayo Vallecano,0.512723,0.161076,0,0,ESP-La Liga,2425
2024-08-24 15:00:00,Osasuna,Mallorca,0.887678,0.427602,1,0,ESP-La Liga,2425
2024-08-25 17:15:00,Alaves,Real Betis,0.172545,1.36012,0,0,ESP-La Liga,2425
2024-08-25 19:30:00,Atletico Madrid,Girona,1.42393,0.596524,3,0,ESP-La Liga,2425
2024-08-25 17:00:00,Leganes,Las Palmas,1.58998,1.23438,2,1,ESP-La Liga,2425
2024-08-25 15:00:00,Real Madrid,Real Valladolid,2.17954,0.378528,3,0,ESP-La Liga,2425
2024-08-26 19:30:00,Villarreal,Celta Vigo,4.3817,3.79183,4,3,ESP-La Liga,2425
2024-08-27 17:00:00,Mallorca,Sevilla,0.940858,0.60976,0,0,ESP-La Liga,2425
2024-08-27 19:30:00,Rayo Vallecano,Barcelona,0.392473,1.51872,1,2,ESP-La Liga,2425
2024-08-28 17:00:00,Athletic Club,Valencia,1.51595,0.0996371,1,0,ESP-La Liga,2425
2024-08-28 19:30:00,Atletico Madrid,Espanyol,3.88587,0.855829,0,0,ESP-La Liga,2425
2024-08-28 19:30:00,Real Sociedad,Alaves,0.951647,2.62561,1,2,ESP-La Liga,2425
2024-08-28 17:00:00,Real Valladolid,Leganes,0.773785,0.184577,0,0,ESP-La Liga,2425
2024-08-29 17:00:00,Girona,Osasuna,2.6015,0.0199618,4,0,ESP-La Liga,2425
2024-08-29 19:30:00,Las Palmas,Real Madrid,0.809213,3.28322,1,1,ESP-La Liga,2425
2024-08-31 17:00:00,Athletic Club,Atletico Madrid,0.252231,1.58613,0,1,ESP-La Liga,2425
2024-08-31 15:00:00,Barcelona,Real Valladolid,4.94022,0.422493,7,0,ESP-La Liga,2425
2024-08-31 17:15:00,Espanyol,Rayo Vallecano,1.84679,1.0088,2,1,ESP-La Liga,2425
2024-08-31 19:30:00,Leganes,Mallorca,0.52078,1.48758,0,1,ESP-La Liga,2425
2024-08-31 19:30:00,Valencia,Villarreal,1.14322,0.885369,1,1,ESP-La Liga,2425
2024-09-01 15:00:00,Alaves,Las Palmas,2.01026,0.547308,2,0,ESP-La Liga,2425
2024-09-01 17:15:00,Getafe,Real Sociedad,0.547095,0.0209183,0,0,ESP-La Liga,2425
2024-09-01 15:00:00,Osasuna,Celta Vigo,0.779621,1.72329,3,2,ESP-La Liga,2425
2024-09-01 19:30:00,Real Madrid,Real Betis,2.37168,0.831429,2,0,ESP-La Liga,2425
2024-09-01 17:00:00,Sevilla,Girona,0.812687,2.36355,0,2,ESP-La Liga,2425
2024-09-13 19:00:00,Real Betis,Leganes,1.72201,0.107021,2,0,ESP-La Liga,2425
2024-09-14 14:15:00,Espanyol,Alaves,1.95102,2.3693,3,2,ESP-La Liga,2425
2024-09-14 12:00:00,Mallorca,Villarreal,0.345425,2.41884,1,2,ESP-La Liga,2425
2024-09-14 19:00:00,Real Sociedad,Real Madrid,1.41828,2.2759,0,2,ESP-La Liga,2425
2024-09-14 16:30:00,Sevilla,Getafe,1.64801,0.971555,1,0,ESP-La Liga,2425
2024-09-15 19:00:00,Atletico Madrid,Valencia,3.22965,0.18311,3,0,ESP-La Liga,2425
2024-09-15 12:00:00,Celta Vigo,Real Valladolid,1.99273,0.382657,3,1,ESP-La Liga,2425
2024-09-15 14:15:00,Girona,Barcelona,1.09568,2.5936,1,4,ESP-La Liga,2425
2024-09-15 16:30:00,Las Palmas,Athletic Club,1.5194,1.80432,2,3,ESP-La Liga,2425
2024-09-16 19:00:00,Rayo Vallecano,Osasuna,1.48433,0.530311,3,1,ESP-La Liga,2425
2024-09-17 19:00:00,Mallorca,Real Sociedad,1.56932,0.499139,1,0,ESP-La Liga,2425
2024-09-18 17:00:00,Real Betis,Getafe,3.06176,0.864309,2,1,ESP-La Liga,2425
2024-09-19 17:00:00,Leganes,Athletic Club,0.666594,1.32325,0,2,ESP-La Liga,2425
2024-09-20 19:00:00,Alaves,Sevilla,1.40641,0.623937,2,1,ESP-La Liga,2425
2024-09-21 14:15:00,Osasuna,Las Palmas,1.97167,1.28282,2,1,ESP-La Liga,2425
2024-09-21 19:00:00,Real Madrid,Espanyol,4.89487,0.318831,4,1,ESP-La Liga,2425
2024-09-21 12:00:00,Real Valladolid,Real Sociedad,0.952589,1.3906,0,0,ESP-La Liga,2425
2024-09-21 16:30:00,Valencia,Girona,0.350785,0.387698,2,0,ESP-La Liga,2425
2024-09-22 14:15:00,Athletic Club,Celta Vigo,0.864304,1.21547,3,1,ESP-La Liga,2425
2024-09-22 12:00:00,Getafe,Leganes,1.24276,0.783211,1,1,ESP-La Liga,2425
2024-09-22 19:00:00,Rayo Vallecano,Atletico Madrid,1.68952,0.554066,1,1,ESP-La Liga,2425
2024-09-22 16:30:00,Villarreal,Barcelona,2.39605,4.1937,1,5,ESP-La Liga,2425
2024-09-23 19:00:00,Real Betis,Mallorca,1.37084,1.4369,1,2,ESP-La Liga,2425
2024-09-24 19:00:00,Real Madrid,Alaves,1.79791,0.853455,3,2,ESP-La Liga,2425
2024-09-24 17:00:00,Sevilla,Real Valladolid,1.67099,0.411515,2,1,ESP-La Liga,2425
2024-09-24 17:00:00,Valencia,Osasuna,1.17527,0.377552,0,0,ESP-La Liga,2425
2024-09-25 19:00:00,Barcelona,Getafe,2.20799,0.929851,1,0,ESP-La Liga,2425
2024-09-25 17:00:00,Girona,Rayo Vallecano,2.1579,0.377734,0,0,ESP-La Liga,2425
2024-09-26 19:00:00,Celta Vigo,Atletico Madrid,1.76126,0.778357,0,1,ESP-La Liga,2425
2024-09-26 17:00:00,Espanyol,Villarreal,0.355072,1.96233,1,2,ESP-La Liga,2425
2024-09-26 17:00:00,Las Palmas,Real Betis,1.10799,2.66646,1,1,ESP-La Liga,2425
2024-09-27 19:00:00,Real Valladolid,Mallorca,1.31551,2.49026,1,2,ESP-La Liga,2425
2024-09-28 12:00:00,Getafe,Alaves,2.55847,0.415348,2,0,ESP-La Liga,2425
2024-09-28 19:00:00,Osasuna,Barcelona,2.50067,0.751814,4,2,ESP-La Liga,2425
2024-09-28 14:15:00,Rayo Vallecano,Leganes,1.15229,0.852356,1,1,ESP-La Liga,2425
2024-09-28 16:30:00,Real Sociedad,Valencia,3.6853,0.805963,3,0,ESP-La Liga,2425
2024-09-29 14:15:00,Athletic Club,Sevilla,1.82961,1.24147,1,1,ESP-La Liga,2425
2024-09-29 19:00:00,Atletico Madrid,Real Madrid,1.05477,0.660987,1,1,ESP-La Liga,2425
2024-09-29 12:00:00,Celta Vigo,Girona,0.52399,1.41269,1,1,ESP-La Liga,2425
2024-09-29 16:30:00,Real Betis,Espanyol,1.97922,0.569387,1,0,ESP-La Liga,2425
2024-09-30 19:00:00,Villarreal,Las Palmas,4.07869,0.802357,3,1,ESP-La Liga,2425
2024-10-04 19:00:00,Leganes,Valencia,0.913168,0.703751,0,0,ESP-La Liga,2425
2024-10-05 12:00:00,Espanyol,Mallorca,0.948554,1.79839,2,1,ESP-La Liga,2425
2024-10-05 14:15:00,Getafe,Osasuna,1.34832,0.247706,1,1,ESP-La Liga,2425
2024-10-05 16:30:00,Las Palmas,Celta Vigo,0.964894,0.814163,0,1,ESP-La Liga,2425
2024-10-05 19:00:00,Real Madrid,Villarreal,0.459582,1.4618,2,0,ESP-La Liga,2425
2024-10-05 16:30:00,Real Valladolid,Rayo Vallecano,1.65842,1.64746,1,2,ESP-La Liga,2425
2024-10-06 14:15:00,Alaves,Barcelona,0.794829,2.49367,0,3,ESP-La Liga,2425
2024-10-06 12:00:00,Girona,Athletic Club,2.17393,3.15974,2,1,ESP-La Liga,2425
2024-10-06 19:00:00,Real Sociedad,Atletico Madrid,1.08517,0.561748,1,1,ESP-La Liga,2425
2024-10-06 16:30:00,Sevilla,Real Betis,1.8284,0.436615,1,0,ESP-La Liga,2425
2024-10-18 19:00:00,Alaves,Real Valladolid,0.433035,2.33646,2,3,ESP-La Liga,2425
2024-10-19 12:00:00,Athletic Club,Espanyol,1.46517,0.500795,4,1,ESP-La Liga,2425
2024-10-19 19:00:00,Celta Vigo,Real Madrid,1.79112,1.19816,1,2,ESP-La Liga,2425
2024-10-19 16:30:00,Girona,Real Sociedad,0.446152,1.86082,0,1,ESP-La Liga,2425
2024-10-19 14:15:00,Osasuna,Real Betis,2.21025,2.79181,1,2,ESP-La Liga,2425
2024-10-20 14:15:00,Atletico Madrid,Leganes,5.21397,0.271901,3,1,ESP-La Liga,2425
2024-10-20 19:00:00,Barcelona,Sevilla,4.08528,0.599652,5,1,ESP-La Liga,2425
2024-10-20 12:00:00,Mallorca,Rayo Vallecano,2.72076,0.464955,1,0,ESP-La Liga,2425
2024-10-20 16:30:00,Villarreal,Getafe,1.14683,2.02638,1,1,ESP-La Liga,2425
2024-10-21 19:00:00,Valencia,Las Palmas,1.94417,1.56861,2,3,ESP-La Liga,2425
2024-10-25 19:00:00,Espanyol,Sevilla,1.0292,0.813306,0,2,ESP-La Liga,2425
2024-10-26 16:30:00,Las Palmas,Girona,1.24451,1.04715,1,0,ESP-La Liga,2425
2024-10-26 14:15:00,Rayo Vallecano,Alaves,2.89009,0.871439,1,0,ESP-La Liga,2425
2024-10-26 19:00:00,Real Madrid,Barcelona,1.40359,2.51566,0,4,ESP-La Liga,2425
2024-10-26 12:00:00,Real Valladolid,Villarreal,0.97802,2.68435,1,2,ESP-La Liga,2425
2024-10-27 15:15:00,Getafe,Valencia,2.97825,0.63831,1,1,ESP-La Liga,2425
2024-10-27 13:00:00,Leganes,Celta Vigo,1.54881,0.767239,3,0,ESP-La Liga,2425
2024-10-27 17:30:00,Real Betis,Atletico Madrid,2.20384,0.555217,1,0,ESP-La Liga,2425
2024-10-27 20:00:00,Real Sociedad,Osasuna,1.6767,1.06487,0,2,ESP-La Liga,2425
2024-10-28 20:00:00,Mallorca,Athletic Club,0.542356,0.755466,0,0,ESP-La Liga,2425
2024-11-01 20:00:00,Alaves,Mallorca,1.43582,0.708287,1,0,ESP-La Liga,2425
2024-11-02 15:15:00,Girona,Leganes,1.81274,0.320545,4,3,ESP-La Liga,2425
2024-11-02 13:00:00,Osasuna,Real Valladolid,3.21695,0.204092,1,0,ESP-La Liga,2425
2024-11-03 20:00:00,Athletic Club,Real Betis,4.2033,1.54499,1,1,ESP-La Liga,2425
2024-11-03 13:00:00,Atletico Madrid,Las Palmas,1.73469,0.0329044,2,0,ESP-La Liga,2425
2024-11-03 15:15:00,Barcelona,Espanyol,1.94398,0.787359,3,1,ESP-La Liga,2425
2024-11-03 17:30:00,Sevilla,Real Sociedad,0.629505,1.21835,0,2,ESP-La Liga,2425
2024-11-04 20:00:00,Celta Vigo,Getafe,2.12477,0.424746,1,0,ESP-La Liga,2425
2024-11-08 20:00:00,Rayo Vallecano,Las Palmas,2.63982,1.25211,1,3,ESP-La Liga,2425
2024-11-09 21:00:00,Leganes,Sevilla,1.09319,0.539924,1,0,ESP-La Liga,2425
2024-11-09 13:00:00,Real Madrid,Osasuna,3.27315,0.0678926,4,0,ESP-La Liga,2425
2024-11-09 15:15:00,Villarreal,Alaves,1.44293,0.608571,3,0,ESP-La Liga,2425
2024-11-10 17:30:00,Getafe,Girona,0.220796,0.521025,0,1,ESP-La Liga,2425
2024-11-10 15:15:00,Mallorca,Atletico Madrid,0.735147,0.93863,0,1,ESP-La Liga,2425
2024-11-10 13:00:00,Real Betis,Celta Vigo,1.65065,0.941675,2,2,ESP-La Liga,2425
2024-11-10 20:00:00,Real Sociedad,Barcelona,1.88518,0.514102,1,0,ESP-La Liga,2425
2024-11-10 17:30:00,Real Valladolid,Athletic Club,0.887674,1.487,1,1,ESP-La Liga,2425
2024-11-22 20:00:00,Getafe,Real Valladolid,0.658487,0.729169,2,0,ESP-La Liga,2425
2024-11-23 15:15:00,Atletico Madrid,Alaves,2.05318,0.785902,2,1,ESP-La Liga,2425
2024-11-23 20:00:00,Celta Vigo,Barcelona,2.75981,1.93782,2,2,ESP-La Liga,2425
2024-11-23 17:30:00,Girona,Espanyol,3.28521,0.488285,4,1,ESP-La Liga,2425
2024-11-23 17:30:00,Las Palmas,Mallorca,1.15972,1.45816,2,3,ESP-La Liga,2425
2024-11-23 13:00:00,Valencia,Real Betis,1.67338,1.05242,4,2,ESP-La Liga,2425
2024-11-24 20:00:00,Athletic Club,Real Sociedad,1.65075,0.799084,1,0,ESP-La Liga,2425
2024-11-24 17:30:00,Leganes,Real Madrid,0.108948,2.73014,0,3,ESP-La Liga,2425
2024-11-24 13:00:00,Osasuna,Villarreal,1.3273,2.68193,2,2,ESP-La Liga,2425
2024-11-24 15:15:00,Sevilla,Rayo Vallecano,1.57063,0.862262,1,0,ESP-La Liga,2425
2024-11-29 20:00:00,Mallorca,Valencia,0.721435,1.33443,2,1,ESP-La Liga,2425
2024-11-30 15:15:00,Alaves,Leganes,1.28884,1.3688,1,1,ESP-La Liga,2425
2024-11-30 13:00:00,Barcelona,Las Palmas,2.18354,0.599185,1,2,ESP-La Liga,2425
2024-11-30 17:30:00,Espanyol,Celta Vigo,1.50136,1.55998,3,1,ESP-La Liga,2425
2024-11-30 20:00:00,Real Valladolid,Atletico Madrid,0.437294,3.40487,0,5,ESP-La Liga,2425
2024-12-01 17:30:00,Rayo Vallecano,Athletic Club,0.590024,0.556919,1,2,ESP-La Liga,2425
2024-12-01 15:15:00,Real Madrid,Getafe,3.23626,0.34657,2,0,ESP-La Liga,2425
2024-12-01 20:00:00,Real Sociedad,Real Betis,0.818081,0.366137,2,0,ESP-La Liga,2425
2024-12-01 13:00:00,Villarreal,Girona,1.96842,0.516301,2,2,ESP-La Liga,2425
2024-12-02 20:00:00,Sevilla,Osasuna,1.09081,1.04839,1,1,ESP-La Liga,2425
2024-12-03 18:00:00,Mallorca,Barcelona,0.921728,5.38074,1,5,ESP-La Liga,2425
2024-12-04 20:00:00,Athletic Club,Real Madrid,2.08134,1.97732,2,1,ESP-La Liga,2425
2024-12-06 20:00:00,Celta Vigo,Mallorca,1.19949,1.09038,2,0,ESP-La Liga,2425
2024-12-07 20:00:00,Girona,Real Madrid,0.351337,1.16034,0,3,ESP-La Liga,2425
2024-12-07 13:00:00,Las Palmas,Real Valladolid,1.27625,1.30835,2,1,ESP-La Liga,2425
2024-12-07 15:15:00,Real Betis,Barcelona,2.76257,1.54117,2,2,ESP-La Liga,2425
2024-12-07 17:30:00,Valencia,Rayo Vallecano,1.0002,1.02294,0,1,ESP-La Liga,2425
2024-12-08 15:15:00,Athletic Club,Villarreal,1.31484,0.796459,2,0,ESP-La Liga,2425
2024-12-08 20:00:00,Atletico Madrid,Sevilla,2.32183,0.635773,4,3,ESP-La Liga,2425
2024-12-08 13:00:00,Leganes,Real Sociedad,0.463722,1.74462,0,3,ESP-La Liga,2425
2024-12-08 17:30:00,Osasuna,Alaves,2.31345,1.50067,2,2,ESP-La Liga,2425
2024-12-09 20:00:00,Getafe,Espanyol,0.530268,1.17303,1,0,ESP-La Liga,2425
2024-12-13 20:00:00,Real Valladolid,Valencia,0.531831,0.657242,1,0,ESP-La Liga,2425
2024-12-14 13:00:00,Espanyol,Osasuna,0.298744,0.213917,0,0,ESP-La Liga,2425
2024-12-14 15:15:00,Mallorca,Girona,1.65091,0.939735,2,1,ESP-La Liga,2425
2024-12-14 20:00:00,Rayo Vallecano,Real Madrid,1.60769,1.15429,3,3,ESP-La Liga,2425
2024-12-14 17:30:00,Sevilla,Celta Vigo,0.487466,0.928845,1,0,ESP-La Liga,2425
2024-12-15 15:15:00,Alaves,Athletic Club,0.803776,0.843706,1,1,ESP-La Liga,2425
2024-12-15 13:00:00,Atletico Madrid,Getafe,1.85376,0.238672,1,0,ESP-La Liga,2425
2024-12-15 20:00:00,Barcelona,Leganes,2.16597,0.77236,0,1,ESP-La Liga,2425
2024-12-15 17:30:00,Real Sociedad,Las Palmas,1.24562,0.840973,0,0,ESP-La Liga,2425
2024-12-15 17:30:00,Villarreal,Real Betis,1.60957,1.6735,1,2,ESP-La Liga,2425
2024-12-18 20:30:00,Espanyol,Valencia,1.87851,1.78128,1,1,ESP-La Liga,2425
2024-12-18 20:30:00,Villarreal,Rayo Vallecano,2.52908,1.85712,1,1,ESP-La Liga,2425
2024-12-20 20:00:00,Girona,Real Valladolid,2.16439,0.0119855,3,0,ESP-La Liga,2425
2024-12-21 20:00:00,Barcelona,Atletico Madrid,3.37424,0.710716,1,2,ESP-La Liga,2425
2024-12-21 15:15:00,Celta Vigo,Real Sociedad,1.22165,0.314488,2,0,ESP-La Liga,2425
2024-12-21 13:00:00,Getafe,Mallorca,0.735241,2.06274,0,1,ESP-La Liga,2425
2024-12-21 17:30:00,Osasuna,Athletic Club,0.417557,1.18093,1,2,ESP-La Liga,2425
2024-12-22 17:30:00,Las Palmas,Espanyol,0.956162,0.878983,1,0,ESP-La Liga,2425
2024-12-22 17:30:00,Leganes,Villarreal,1.47457,4.01011,2,5,ESP-La Liga,2425
2024-12-22 20:00:00,Real Betis,Rayo Vallecano,1.93031,0.878426,1,1,ESP-La Liga,2425
2024-12-22 15:15:00,Real Madrid,Sevilla,2.90098,1.41183,4,2,ESP-La Liga,2425
2024-12-22 13:00:00,Valencia,Alaves,1.34762,1.54294,2,2,ESP-La Liga,2425
2025-01-03 20:00:00,Valencia,Real Madrid,1.35313,2.69157,1,2,ESP-La Liga,2425
2025-01-10 20:00:00,Rayo Vallecano,Celta Vigo,1.00439,3.25801,2,1,ESP-La Liga,2425
2025-01-11 13:00:00,Alaves,Girona,1.72201,0.625652,0,1,ESP-La Liga,2425
2025-01-11 17:30:00,Espanyol,Leganes,1.05544,1.92496,1,1,ESP-La Liga,2425
2025-01-11 15:15:00,Real Valladolid,Real Betis,1.62446,1.03813,1,0,ESP-La Liga,2425
2025-01-11 20:00:00,Sevilla,Valencia,0.734356,1.08107,1,1,ESP-La Liga,2425
2025-01-12 15:15:00,Atletico Madrid,Osasuna,2.28719,0.391974,1,0,ESP-La Liga,2425
2025-01-12 13:00:00,Las Palmas,Getafe,1.62636,1.39575,1,2,ESP-La Liga,2425
2025-01-13 20:00:00,Real Sociedad,Villarreal,0.805968,1.22527,1,0,ESP-La Liga,2425
2025-01-17 20:00:00,Espanyol,Real Valladolid,1.28839,1.72021,2,1,ESP-La Liga,2425
2025-01-18 20:00:00,Getafe,Barcelona,1.16921,3.50383,1,1,ESP-La Liga,2425
2025-01-18 13:00:00,Girona,Sevilla,1.14329,3.09224,1,2,ESP-La Liga,2425
2025-01-18 15:15:00,Leganes,Atletico Madrid,0.770342,3.0563,1,0,ESP-La Liga,2425
2025-01-18 17:30:00,Real Betis,Alaves,0.501492,1.6539,1,3,ESP-La Liga,2425
2025-01-19 13:00:00,Celta Vigo,Athletic Club,0.40033,2.49675,1,2,ESP-La Liga,2425
2025-01-19 17:30:00,Osasuna,Rayo Vallecano,0.660386,0.797534,1,1,ESP-La Liga,2425
2025-01-19 15:15:00,Real Madrid,Las Palmas,6.40549,1.06201,4,1,ESP-La Liga,2425
2025-01-19 20:00:00,Valencia,Real Sociedad,1.77248,0.758224,1,0,ESP-La Liga,2425
2025-01-20 20:00:00,Villarreal,Mallorca,2.35437,0.390989,4,0,ESP-La Liga,2425
2025-01-24 20:00:00,Las Palmas,Osasuna,0.833212,2.53692,1,1,ESP-La Liga,2425
2025-01-25 15:15:00,Atletico Madrid,Villarreal,1.72274,1.78456,1,1,ESP-La Liga,2425
2025-01-25 13:00:00,Mallorca,Real Betis,0.789384,0.59491,0,1,ESP-La Liga,2425
2025-01-25 20:00:00,Real Valladolid,Real Madrid,0.234653,2.45677,0,3,ESP-La Liga,2425
2025-01-25 17:30:00,Sevilla,Espanyol,1.15013,1.27943,1,1,ESP-La Liga,2425
2025-01-26 17:30:00,Athletic Club,Leganes,2.27277,1.57401,0,0,ESP-La Liga,2425
2025-01-26 20:00:00,Barcelona,Valencia,4.35875,1.30328,7,1,ESP-La Liga,2425
2025-01-26 13:00:00,Rayo Vallecano,Girona,3.01055,1.56182,2,1,ESP-La Liga,2425
2025-01-26 15:15:00,Real Sociedad,Getafe,1.26074,2.01027,0,3,ESP-La Liga,2425
2025-01-27 20:00:00,Alaves,Celta Vigo,0.891741,0.155093,1,1,ESP-La Liga,2425
2025-01-31 20:00:00,Leganes,Rayo Vallecano,1.00009,2.39088,0,1,ESP-La Liga,2425
2025-02-01 17:30:00,Atletico Madrid,Mallorca,1.59869,0.421783,2,0,ESP-La Liga,2425
2025-02-01 20:00:00,Espanyol,Real Madrid,0.52719,1.52796,1,0,ESP-La Liga,2425
2025-02-01 13:00:00,Getafe,Sevilla,0.922731,0.871043,0,0,ESP-La Liga,2425
2025-02-01 15:15:00,Villarreal,Real Valladolid,3.89354,0.747261,5,1,ESP-La Liga,2425
2025-02-02 13:00:00,Barcelona,Alaves,1.18526,0.126278,1,0,ESP-La Liga,2425
2025-02-02 17:30:00,Osasuna,Real Sociedad,1.11088,2.35115,2,1,ESP-La Liga,2425
2025-02-02 20:00:00,Real Betis,Athletic Club,1.31717,1.75905,2,2,ESP-La Liga,2425
2025-02-02 15:15:00,Valencia,Celta Vigo,1.93065,0.51501,2,1,ESP-La Liga,2425
2025-02-03 20:00:00,Girona,Las Palmas,2.19186,1.31791,2,1,ESP-La Liga,2425
2025-02-07 20:00:00,Rayo Vallecano,Real Valladolid,2.87261,0.610157,1,0,ESP-La Liga,2425
2025-02-08 15:15:00,Athletic Club,Girona,3.81937,0.0558089,3,0,ESP-La Liga,2425
2025-02-08 13:00:00,Celta Vigo,Real Betis,1.75134,1.51159,3,2,ESP-La Liga,2425
2025-02-08 17:30:00,Las Palmas,Villarreal,1.90619,1.26021,1,2,ESP-La Liga,2425
2025-02-08 20:00:00,Real Madrid,Atletico Madrid,2.55575,1.62463,1,1,ESP-La Liga,2425
2025-02-09 13:00:00,Alaves,Getafe,1.25855,0.825065,0,1,ESP-La Liga,2425
2025-02-09 17:30:00,Real Sociedad,Espanyol,1.67839,0.872507,2,1,ESP-La Liga,2425
2025-02-09 20:00:00,Sevilla,Barcelona,0.921429,1.93199,1,4,ESP-La Liga,2425
2025-02-09 15:15:00,Valencia,Leganes,2.03187,0.417562,2,0,ESP-La Liga,2425
2025-02-10 20:00:00,Mallorca,Osasuna,1.17321,1.81967,1,1,ESP-La Liga,2425
2025-02-14 20:00:00,Girona,Getafe,1.287,0.95535,1,2,ESP-La Liga,2425
2025-02-15 17:30:00,Atletico Madrid,Celta Vigo,0.689105,1.45388,1,1,ESP-La Liga,2425
2025-02-15 13:00:00,Leganes,Alaves,1.76328,1.4212,3,3,ESP-La Liga,2425
2025-02-15 15:15:00,Osasuna,Real Madrid,1.64382,2.73344,1,1,ESP-La Liga,2425
2025-02-15 20:00:00,Villarreal,Valencia,1.04228,0.740954,1,1,ESP-La Liga,2425
2025-02-16 13:00:00,Espanyol,Athletic Club,1.19577,0.896815,1,1,ESP-La Liga,2425
2025-02-16 17:30:00,Mallorca,Las Palmas,2.33414,1.04401,3,1,ESP-La Liga,2425
2025-02-16 20:00:00,Real Betis,Real Sociedad,2.49445,0.20529,3,0,ESP-La Liga,2425
2025-02-16 15:15:00,Real Valladolid,Sevilla,0.532481,1.4827,0,4,ESP-La Liga,2425
2025-02-17 20:00:00,Barcelona,Rayo Vallecano,2.82775,1.30941,1,0,ESP-La Liga,2425
2025-02-21 20:00:00,Celta Vigo,Osasuna,2.31891,0.838476,1,0,ESP-La Liga,2425
2025-02-22 13:00:00,Alaves,Espanyol,1.54627,0.495881,0,1,ESP-La Liga,2425
2025-02-22 20:00:00,Las Palmas,Barcelona,0.431009,1.66486,0,2,ESP-La Liga,2425
2025-02-22 15:15:00,Rayo Vallecano,Villarreal,0.514336,0.79404,0,1,ESP-La Liga,2425
2025-02-22 17:30:00,Valencia,Atletico Madrid,1.35435,2.31785,0,3,ESP-La Liga,2425
2025-02-23 13:00:00,Athletic Club,Real Valladolid,5.3162,0.598765,7,1,ESP-La Liga,2425
2025-02-23 17:30:00,Getafe,Real Betis,0.86267,2.34571,1,2,ESP-La Liga,2425
2025-02-23 15:15:00,Real Madrid,Girona,2.36313,0.325619,2,0,ESP-La Liga,2425
2025-02-23 20:00:00,Real Sociedad,Leganes,1.0679,0.256673,3,0,ESP-La Liga,2425
2025-02-24 20:00:00,Sevilla,Mallorca,1.5822,1.64957,1,1,ESP-La Liga,2425
2025-02-28 20:00:00,Real Valladolid,Las Palmas,2.17386,0.163235,1,1,ESP-La Liga,2425
2025-03-01 20:00:00,Atletico Madrid,Athletic Club,2.01612,1.54329,1,0,ESP-La Liga,2425
2025-03-01 13:00:00,Girona,Celta Vigo,0.89503,1.64758,2,2,ESP-La Liga,2425
2025-03-01 15:15:00,Rayo Vallecano,Sevilla,2.59009,0.807803,1,1,ESP-La Liga,2425
2025-03-01 17:30:00,Real Betis,Real Madrid,2.23957,1.05072,2,1,ESP-La Liga,2425
2025-03-02 15:15:00,Barcelona,Real Sociedad,3.63697,0.0,4,0,ESP-La Liga,2425
2025-03-02 13:00:00,Leganes,Getafe,0.554524,0.585024,1,0,ESP-La Liga,2425
2025-03-02 17:30:00,Mallorca,Alaves,1.83195,1.63763,1,1,ESP-La Liga,2425
2025-03-02 20:00:00,Osasuna,Valencia,1.26777,1.54983,3,3,ESP-La Liga,2425
2025-03-08 15:15:00,Alaves,Villarreal,1.21479,2.63287,1,0,ESP-La Liga,2425
2025-03-08 13:00:00,Celta Vigo,Leganes,1.07104,0.99815,2,1,ESP-La Liga,2425
2025-03-08 17:30:00,Valencia,Real Valladolid,2.37105,0.645621,2,1,ESP-La Liga,2425
2025-03-09 17:30:00,Athletic Club,Mallorca,0.938663,1.02509,1,1,ESP-La Liga,2425
2025-03-09 13:00:00,Getafe,Atletico Madrid,1.39814,1.02142,2,1,ESP-La Liga,2425
2025-03-09 17:30:00,Real Betis,Las Palmas,2.31412,0.426529,1,0,ESP-La Liga,2425
2025-03-09 15:15:00,Real Madrid,Rayo Vallecano,1.59439,1.21003,2,1,ESP-La Liga,2425
2025-03-09 20:00:00,Real Sociedad,Sevilla,0.803868,1.01162,0,1,ESP-La Liga,2425
2025-03-10 20:00:00,Espanyol,Girona,0.325296,1.58787,1,1,ESP-La Liga,2425
2025-03-14 20:00:00,Las Palmas,Alaves,1.94387,1.49888,2,2,ESP-La Liga,2425
2025-03-15 20:00:00,Girona,Valencia,1.17978,1.21975,1,1,ESP-La Liga,2425
2025-03-15 15:15:00,Mallorca,Espanyol,2.57036,0.184342,2,1,ESP-La Liga,2425
2025-03-15 13:00:00,Real Valladolid,Celta Vigo,0.839415,1.81654,0,1,ESP-La Liga,2425
2025-03-15 17:30:00,Villarreal,Real Madrid,2.00539,1.10001,1,2,ESP-La Liga,2425
2025-03-16 20:00:00,Atletico Madrid,Barcelona,1.09435,2.16215,2,4,ESP-La Liga,2425
2025-03-16 13:00:00,Leganes,Real Betis,1.57329,2.92809,2,3,ESP-La Liga,2425
2025-03-16 17:30:00,Osasuna,Getafe,2.08486,0.900928,1,2,ESP-La Liga,2425
2025-03-16 17:30:00,Rayo Vallecano,Real Sociedad,0.536859,0.905535,2,2,ESP-La Liga,2425
2025-03-16 15:15:00,Sevilla,Athletic Club,0.459323,1.64488,0,1,ESP-La Liga,2425
2025-03-27 20:00:00,Barcelona,Osasuna,4.63707,0.53356,3,0,ESP-La Liga,2425
2025-03-29 17:30:00,Alaves,Rayo Vallecano,1.60064,0.681703,0,2,ESP-La Liga,2425
2025-03-29 15:15:00,Espanyol,Atletico Madrid,0.985043,0.994468,1,1,ESP-La Liga,2425
2025-03-29 20:00:00,Real Madrid,Leganes,3.59257,2.38359,3,2,ESP-La Liga,2425
2025-03-29 13:00:00,Real Sociedad,Real Valladolid,1.32811,1.29525,2,1,ESP-La Liga,2425
2025-03-30 17:30:00,Athletic Club,Osasuna,0.759463,0.564979,0,0,ESP-La Liga,2425
2025-03-30 15:15:00,Barcelona,Girona,2.75333,0.490847,4,1,ESP-La Liga,2425
2025-03-30 13:00:00,Getafe,Villarreal,0.940085,1.38471,1,2,ESP-La Liga,2425
2025-03-30 20:00:00,Real Betis,Sevilla,0.894203,0.867589,2,1,ESP-La Liga,2425
2025-03-30 17:30:00,Valencia,Mallorca,0.731544,0.657805,1,0,ESP-La Liga,2425
2025-03-31 20:00:00,Celta Vigo,Las Palmas,1.07663,0.52734,1,1,ESP-La Liga,2425
2025-04-04 19:00:00,Rayo Vallecano,Espanyol,0.501253,3.48741,0,4,ESP-La Liga,2425
2025-04-05 19:00:00,Barcelona,Real Betis,1.46844,0.249939,1,1,ESP-La Liga,2425
2025-04-05 12:00:00,Girona,Alaves,1.73306,0.805674,0,1,ESP-La Liga,2425
2025-04-05 16:30:00,Mallorca,Celta Vigo,0.670008,1.12056,1,2,ESP-La Liga,2425
2025-04-05 14:15:00,Real Madrid,Valencia,3.36121,1.08997,1,2,ESP-La Liga,2425
2025-04-06 12:00:00,Las Palmas,Real Sociedad,1.75387,2.81501,1,3,ESP-La Liga,2425
2025-04-06 16:30:00,Real Valladolid,Getafe,0.300994,2.80288,0,4,ESP-La Liga,2425
2025-04-06 14:15:00,Sevilla,Atletico Madrid,0.818692,1.23653,1,2,ESP-La Liga,2425
2025-04-06 19:00:00,Villarreal,Athletic Club,1.59491,0.998653,0,0,ESP-La Liga,2425
2025-04-07 19:00:00,Leganes,Osasuna,2.22334,2.07408,1,1,ESP-La Liga,2425
2025-04-11 19:00:00,Valencia,Sevilla,1.42634,0.910522,1,0,ESP-La Liga,2425
2025-04-12 16:30:00,Celta Vigo,Espanyol,0.824366,0.780846,0,2,ESP-La Liga,2425
2025-04-12 14:15:00,Getafe,Las Palmas,1.61783,1.54225,1,3,ESP-La Liga,2425
2025-04-12 19:00:00,Leganes,Barcelona,0.5988,1.10105,0,1,ESP-La Liga,2425
2025-04-12 12:00:00,Real Sociedad,Mallorca,0.616782,0.801126,0,2,ESP-La Liga,2425
2025-04-13 14:15:00,Alaves,Real Madrid,0.607781,1.26541,0,1,ESP-La Liga,2425
2025-04-13 19:00:00,Athletic Club,Rayo Vallecano,1.97654,1.81883,3,1,ESP-La Liga,2425
2025-04-13 12:00:00,Osasuna,Girona,1.68846,0.57428,2,1,ESP-La Liga,2425
2025-04-13 16:30:00,Real Betis,Villarreal,2.04046,1.32607,1,2,ESP-La Liga,2425
2025-04-14 19:00:00,Atletico Madrid,Real Valladolid,4.06291,1.38016,4,2,ESP-La Liga,2425
2025-04-18 19:00:00,Espanyol,Getafe,0.367268,0.736613,1,0,ESP-La Liga,2425
2025-04-19 14:15:00,Barcelona,Celta Vigo,2.56587,2.50499,4,3,ESP-La Liga,2425
2025-04-19 19:00:00,Las Palmas,Atletico Madrid,0.768437,0.757145,1,0,ESP-La Liga,2425
2025-04-19 16:30:00,Mallorca,Leganes,1.06921,0.951824,0,0,ESP-La Liga,2425
2025-04-19 12:00:00,Rayo Vallecano,Valencia,0.722317,2.06284,1,1,ESP-La Liga,2425
2025-04-20 19:00:00,Real Madrid,Athletic Club,2.40667,0.132511,1,0,ESP-La Liga,2425
2025-04-20 12:00:00,Real Valladolid,Osasuna,1.45455,2.36202,2,3,ESP-La Liga,2425
2025-04-20 16:30:00,Sevilla,Alaves,1.89613,1.30312,1,1,ESP-La Liga,2425
2025-04-20 14:15:00,Villarreal,Real Sociedad,2.14498,2.29777,2,2,ESP-La Liga,2425
2025-04-21 19:00:00,Girona,Real Betis,1.10326,2.28252,1,3,ESP-La Liga,2425
2025-04-22 19:30:00,Barcelona,Mallorca,3.43457,0.326579,1,0,ESP-La Liga,2425
2025-04-22 19:00:00,Valencia,Espanyol,1.07897,0.344156,1,1,ESP-La Liga,2425
2025-04-23 19:30:00,Alaves,Real Sociedad,0.815479,0.472083,1,0,ESP-La Liga,2425
2025-04-23 17:00:00,Athletic Club,Las Palmas,2.63805,1.01774,1,0,ESP-La Liga,2425
2025-04-23 17:00:00,Celta Vigo,Villarreal,3.19678,0.5946,3,0,ESP-La Liga,2425
2025-04-23 19:30:00,Getafe,Real Madrid,2.53565,1.74803,0,1,ESP-La Liga,2425
2025-04-24 19:30:00,Atletico Madrid,Rayo Vallecano,3.34529,1.13186,3,0,ESP-La Liga,2425
2025-04-24 17:00:00,Leganes,Girona,0.330809,0.764098,1,1,ESP-La Liga,2425
2025-04-24 17:00:00,Osasuna,Sevilla,0.373711,0.934425,1,0,ESP-La Liga,2425
2025-04-24 19:30:00,Real Betis,Real Valladolid,2.26702,0.839722,5,1,ESP-La Liga,2425
2025-04-27 14:15:00,Villarreal,Espanyol,1.35413,1.53522,1,0,ESP-La Liga,2425
2025-05-02 19:00:00,Rayo Vallecano,Getafe,1.2162,0.8041,1,0,ESP-La Liga,2425
2025-05-03 12:00:00,Alaves,Atletico Madrid,0.908148,0.391409,0,0,ESP-La Liga,2425
2025-05-03 16:30:00,Las Palmas,Valencia,1.80995,1.6731,2,3,ESP-La Liga,2425
2025-05-03 19:00:00,Real Valladolid,Barcelona,0.745612,2.21168,1,2,ESP-La Liga,2425
2025-05-03 14:15:00,Villarreal,Osasuna,2.30041,1.41412,4,2,ESP-La Liga,2425
2025-05-04 16:30:00,Espanyol,Real Betis,0.873167,1.05631,1,2,ESP-La Liga,2425
2025-05-04 12:00:00,Real Madrid,Celta Vigo,3.07408,2.13071,3,2,ESP-La Liga,2425
2025-05-04 19:00:00,Real Sociedad,Athletic Club,0.893155,0.232928,0,0,ESP-La Liga,2425
2025-05-04 14:15:00,Sevilla,Leganes,2.33742,0.804853,2,2,ESP-La Liga,2425
2025-05-05 19:00:00,Girona,Mallorca,1.77813,0.488126,1,0,ESP-La Liga,2425
2025-05-09 19:00:00,Las Palmas,Rayo Vallecano,0.721442,1.00781,0,1,ESP-La Liga,2425
2025-05-10 19:00:00,Atletico Madrid,Real Sociedad,1.71528,0.298675,4,0,ESP-La Liga,2425
2025-05-10 14:15:00,Celta Vigo,Sevilla,0.959531,2.61391,3,2,ESP-La Liga,2425
2025-05-10 16:30:00,Girona,Villarreal,0.280235,2.28245,0,1,ESP-La Liga,2425
2025-05-10 16:30:00,Mallorca,Real Valladolid,1.75638,2.76393,2,1,ESP-La Liga,2425
2025-05-10 12:00:00,Valencia,Getafe,2.97396,0.590071,3,0,ESP-La Liga,2425
2025-05-11 16:30:00,Athletic Club,Alaves,1.35049,0.642793,1,0,ESP-La Liga,2425
2025-05-11 14:15:00,Barcelona,Real Madrid,4.10632,2.5616,4,3,ESP-La Liga,2425
2025-05-11 12:00:00,Leganes,Espanyol,2.05779,1.57739,3,2,ESP-La Liga,2425
2025-05-11 19:00:00,Real Betis,Osasuna,0.359348,2.2272,1,1,ESP-La Liga,2425
2025-05-13 18:00:00,Real Sociedad,Celta Vigo,3.31324,1.29945,0,1,ESP-La Liga,2425
2025-05-13 17:00:00,Real Valladolid,Girona,1.30694,1.56752,0,1,ESP-La Liga,2425
2025-05-13 19:30:00,Sevilla,Las Palmas,0.93125,0.399067,1,0,ESP-La Liga,2425
2025-05-14 17:00:00,Alaves,Valencia,2.06262,0.584778,1,0,ESP-La Liga,2425
2025-05-14 19:30:00,Real Madrid,Mallorca,3.46174,0.475193,2,1,ESP-La Liga,2425
2025-05-14 17:00:00,Villarreal,Leganes,2.28885,1.19032,3,0,ESP-La Liga,2425
2025-05-15 19:30:00,Espanyol,Barcelona,1.51531,0.735877,0,2,ESP-La Liga,2425
2025-05-15 19:30:00,Getafe,Athletic Club,0.73382,1.33336,0,2,ESP-La Liga,2425
2025-05-15 17:00:00,Osasuna,Atletico Madrid,1.07473,1.34093,2,0,ESP-La Liga,2425
2025-05-15 17:00:00,Rayo Vallecano,Real Betis,1.30199,1.17134,2,2,ESP-La Liga,2425
2025-05-18 17:00:00,Atletico Madrid,Real Betis,4.94276,0.821908,4,1,ESP-La Liga,2425
2025-05-18 17:00:00,Barcelona,Villarreal,1.569,1.96183,2,3,ESP-La Liga,2425
2025-05-18 17:00:00,Celta Vigo,Rayo Vallecano,2.4242,0.906857,1,2,ESP-La Liga,2425
2025-05-18 17:00:00,Las Palmas,Leganes,0.513718,1.06274,0,1,ESP-La Liga,2425
2025-05-18 17:00:00,Mallorca,Getafe,0.809089,1.55977,1,2,ESP-La Liga,2425
2025-05-18 17:00:00,Osasuna,Espanyol,1.92502,0.572332,2,0,ESP-La Liga,2425
2025-05-18 17:00:00,Real Sociedad,Girona,1.87253,1.64512,3,2,ESP-La Liga,2425
2025-05-18 17:00:00,Real Valladolid,Alaves,0.890453,1.22692,0,1,ESP-La Liga,2425
2025-05-18 17:00:00,Sevilla,Real Madrid,0.484891,1.95992,0,2,ESP-La Liga,2425
2025-05-18 17:00:00,Valencia,Athletic Club,0.388682,1.16214,0,1,ESP-La Liga,2425
2025-05-23 19:00:00,Real Betis,Valencia,1.15286,0.647724,1,1,ESP-La Liga,2425
2025-05-24 19:00:00,Alaves,Osasuna,1.57466,1.88098,1,1,ESP-La Liga,2425
2025-05-24 16:30:00,Espanyol,Las Palmas,1.72167,0.735505,2,0,ESP-La Liga,2425
2025-05-24 19:00:00,Getafe,Celta Vigo,0.35897,1.30818,1,2,ESP-La Liga,2425
2025-05-24 16:30:00,Leganes,Real Valladolid,1.74736,0.479375,3,0,ESP-La Liga,2425
2025-05-24 19:00:00,Rayo Vallecano,Mallorca,2.11982,0.747939,0,0,ESP-La Liga,2425
2025-05-24 14:15:00,Real Madrid,Real Sociedad,2.61915,1.18496,2,0,ESP-La Liga,2425
2025-05-25 19:00:00,Athletic Club,Barcelona,0.750806,3.36402,0,3,ESP-La Liga,2425
2025-05-25 12:00:00,Girona,Atletico Madrid,0.0503369,3.10637,0,4,ESP-La Liga,2425
2025-05-25 14:15:00,Villarreal,Sevilla,1.28805,1.64829,4,2,ESP-La Liga,2425
2021-08-21 18:45:00,Empoli,Lazio,1.13436,1.78152,1,3,ITA-Serie A,2122
2021-08-21 16:30:00,Inter,Genoa,2.20707,0.967177,4,0,ITA-Serie A,2122
2021-08-21 18:45:00,Torino,Atalanta,0.864837,1.01343,1,2,ITA-Serie A,2122
2021-08-21 16:30:00,Verona,Sassuolo,2.25155,1.86679,2,3,ITA-Serie A,2122
2021-08-22 16:30:00,Bologna,Salernitana,1.72577,1.63711,3,2,ITA-Serie A,2122
2021-08-22 18:45:00,Napoli,Venezia,2.39159,0.60988,2,0,ITA-Serie A,2122
2021-08-22 18:45:00,Roma,Fiorentina,2.75414,0.867167,3,1,ITA-Serie A,2122
2021-08-22 16:30:00,Udinese,Juventus,2.08573,1.49379,2,2,ITA-Serie A,2122
2021-08-23 16:30:00,Cagliari,Spezia,3.28935,1.03088,2,2,ITA-Serie A,2122
2021-08-23 18:45:00,Sampdoria,AC Milan,1.24757,0.804449,0,1,ITA-Serie A,2122
2021-08-27 16:30:00,Udinese,Venezia,3.01783,0.908926,3,0,ITA-Serie A,2122
2021-08-27 18:45:00,Verona,Inter,0.603998,1.8369,1,3,ITA-Serie A,2122
2021-08-28 16:30:00,Atalanta,Bologna,0.989249,0.41987,0,0,ITA-Serie A,2122
2021-08-28 18:45:00,Fiorentina,Torino,0.53999,0.293784,2,1,ITA-Serie A,2122
2021-08-28 18:45:00,Juventus,Empoli,1.81566,1.10327,0,1,ITA-Serie A,2122
2021-08-28 16:30:00,Lazio,Spezia,2.71713,0.735352,6,1,ITA-Serie A,2122
2021-08-29 18:45:00,AC Milan,Cagliari,2.67169,0.406709,4,1,ITA-Serie A,2122
2021-08-29 16:30:00,Genoa,Napoli,0.339332,1.15407,1,2,ITA-Serie A,2122
2021-08-29 18:45:00,Salernitana,Roma,0.221399,1.88679,0,4,ITA-Serie A,2122
2021-08-29 16:30:00,Sassuolo,Sampdoria,1.22815,0.577075,0,0,ITA-Serie A,2122
2021-09-11 18:45:00,Atalanta,Fiorentina,2.11526,1.81465,1,2,ITA-Serie A,2122
2021-09-11 13:00:00,Empoli,Venezia,1.88537,2.43118,1,2,ITA-Serie A,2122
2021-09-11 16:00:00,Napoli,Juventus,2.18708,1.56057,2,1,ITA-Serie A,2122
2021-09-12 16:00:00,AC Milan,Lazio,3.47807,0.24655,2,0,ITA-Serie A,2122
2021-09-12 13:00:00,Cagliari,Genoa,1.83111,1.25494,2,3,ITA-Serie A,2122
2021-09-12 18:45:00,Roma,Sassuolo,2.32713,2.09991,2,1,ITA-Serie A,2122
2021-09-12 10:30:00,Sampdoria,Inter,1.46613,0.965476,2,2,ITA-Serie A,2122
2021-09-12 13:00:00,Spezia,Udinese,0.788419,0.78059,0,1,ITA-Serie A,2122
2021-09-12 13:00:00,Torino,Salernitana,2.9969,0.252452,4,0,ITA-Serie A,2122
2021-09-13 18:45:00,Bologna,Verona,1.25512,0.315142,1,0,ITA-Serie A,2122
2021-09-17 18:45:00,Sassuolo,Torino,0.79628,2.48473,0,1,ITA-Serie A,2122
2021-09-18 13:00:00,Genoa,Fiorentina,1.28373,1.12359,1,2,ITA-Serie A,2122
2021-09-18 16:00:00,Inter,Bologna,4.28011,0.855616,6,1,ITA-Serie A,2122
2021-09-18 18:45:00,Salernitana,Atalanta,0.792486,1.38299,0,1,ITA-Serie A,2122
2021-09-19 10:30:00,Empoli,Sampdoria,0.927264,1.34865,0,3,ITA-Serie A,2122
2021-09-19 18:45:00,Juventus,AC Milan,1.31518,1.04896,1,1,ITA-Serie A,2122
2021-09-19 16:00:00,Lazio,Cagliari,1.72557,1.91594,2,2,ITA-Serie A,2122
2021-09-19 13:00:00,Venezia,Spezia,0.805717,0.478482,1,2,ITA-Serie A,2122
2021-09-19 16:00:00,Verona,Roma,1.02132,0.661729,3,2,ITA-Serie A,2122
2021-09-20 18:45:00,Udinese,Napoli,0.243458,3.30273,0,4,ITA-Serie A,2122
2021-09-21 18:45:00,Atalanta,Sassuolo,2.10813,0.911464,2,1,ITA-Serie A,2122
2021-09-21 16:30:00,Bologna,Genoa,2.2881,1.69881,2,2,ITA-Serie A,2122
2021-09-21 18:45:00,Fiorentina,Inter,1.733,2.73737,1,3,ITA-Serie A,2122
2021-09-22 18:45:00,AC Milan,Venezia,2.11409,0.581225,2,0,ITA-Serie A,2122
2021-09-22 18:45:00,Cagliari,Empoli,0.754694,1.14537,0,2,ITA-Serie A,2122
2021-09-22 16:30:00,Salernitana,Verona,2.68942,2.06188,2,2,ITA-Serie A,2122
2021-09-22 16:30:00,Spezia,Juventus,1.03395,2.54565,2,3,ITA-Serie A,2122
2021-09-23 18:45:00,Roma,Udinese,1.383,0.809534,1,0,ITA-Serie A,2122
2021-09-23 16:30:00,Sampdoria,Napoli,0.56857,2.10601,0,4,ITA-Serie A,2122
2021-09-23 16:30:00,Torino,Lazio,1.27244,0.846161,1,1,ITA-Serie A,2122
2021-09-25 18:45:00,Genoa,Verona,1.43713,2.07264,3,3,ITA-Serie A,2122
2021-09-25 16:00:00,Inter,Atalanta,3.52091,1.50237,2,2,ITA-Serie A,2122
2021-09-25 13:00:00,Spezia,AC Milan,0.953769,1.74102,1,2,ITA-Serie A,2122
2021-09-26 13:00:00,Empoli,Bologna,1.47687,2.49784,4,2,ITA-Serie A,2122
2021-09-26 10:30:00,Juventus,Sampdoria,2.62795,0.600946,3,2,ITA-Serie A,2122
2021-09-26 16:00:00,Lazio,Roma,2.48417,1.84369,3,2,ITA-Serie A,2122
2021-09-26 18:45:00,Napoli,Cagliari,2.05833,0.153322,2,0,ITA-Serie A,2122
2021-09-26 13:00:00,Sassuolo,Salernitana,1.60845,1.16385,1,0,ITA-Serie A,2122
2021-09-26 13:00:00,Udinese,Fiorentina,0.492029,1.13861,0,1,ITA-Serie A,2122
2021-09-27 18:45:00,Venezia,Torino,1.5265,0.8526,1,1,ITA-Serie A,2122
2021-10-01 18:45:00,Cagliari,Venezia,0.658426,0.486148,1,1,ITA-Serie A,2122
2021-10-02 13:00:00,Salernitana,Genoa,0.547267,1.58603,1,0,ITA-Serie A,2122
2021-10-02 18:45:00,Sassuolo,Inter,1.61921,2.04169,1,2,ITA-Serie A,2122
2021-10-02 16:00:00,Torino,Juventus,0.908329,1.89552,0,1,ITA-Serie A,2122
2021-10-03 18:45:00,Atalanta,AC Milan,2.63096,2.50955,2,3,ITA-Serie A,2122
2021-10-03 10:30:00,Bologna,Lazio,0.778479,0.96271,3,0,ITA-Serie A,2122
2021-10-03 16:00:00,Fiorentina,Napoli,0.383136,1.64223,1,2,ITA-Serie A,2122
2021-10-03 16:00:00,Roma,Empoli,1.8551,0.43764,2,0,ITA-Serie A,2122
2021-10-03 13:00:00,Sampdoria,Udinese,1.52931,3.28192,3,3,ITA-Serie A,2122
2021-10-03 13:00:00,Verona,Spezia,0.690616,1.57689,4,0,ITA-Serie A,2122
2021-10-16 18:45:00,AC Milan,Verona,1.51852,1.58319,3,2,ITA-Serie A,2122
2021-10-16 16:00:00,Lazio,Inter,2.31397,1.44791,3,1,ITA-Serie A,2122
2021-10-16 13:00:00,Spezia,Salernitana,1.67718,1.60938,2,1,ITA-Serie A,2122
2021-10-17 10:30:00,Cagliari,Sampdoria,1.50713,1.78619,3,1,ITA-Serie A,2122
2021-10-17 13:00:00,Empoli,Atalanta,0.575048,3.83506,1,4,ITA-Serie A,2122
2021-10-17 13:00:00,Genoa,Sassuolo,1.38414,2.8217,2,2,ITA-Serie A,2122
2021-10-17 18:45:00,Juventus,Roma,1.46974,1.4565,1,0,ITA-Serie A,2122
2021-10-17 16:00:00,Napoli,Torino,1.32917,1.07482,1,0,ITA-Serie A,2122
2021-10-17 13:00:00,Udinese,Bologna,1.35716,1.49614,1,1,ITA-Serie A,2122
2021-10-18 18:45:00,Venezia,Fiorentina,0.794394,0.42719,1,0,ITA-Serie A,2122
2021-10-22 18:45:00,Sampdoria,Spezia,0.974056,1.05608,2,1,ITA-Serie A,2122
2021-10-22 16:30:00,Torino,Genoa,2.2411,2.35473,3,2,ITA-Serie A,2122
2021-10-23 18:45:00,Bologna,AC Milan,0.631007,0.90866,2,4,ITA-Serie A,2122
2021-10-23 13:00:00,Salernitana,Empoli,1.37213,2.83049,2,4,ITA-Serie A,2122
2021-10-23 16:00:00,Sassuolo,Venezia,2.13069,0.506648,3,1,ITA-Serie A,2122
2021-10-24 10:30:00,Atalanta,Udinese,0.629032,0.667553,1,1,ITA-Serie A,2122
2021-10-24 13:00:00,Fiorentina,Cagliari,3.1216,0.119909,3,0,ITA-Serie A,2122
2021-10-24 18:45:00,Inter,Juventus,0.961912,1.34492,1,1,ITA-Serie A,2122
2021-10-24 16:00:00,Roma,Napoli,1.6324,0.593957,0,0,ITA-Serie A,2122
2021-10-24 13:00:00,Verona,Lazio,3.536,1.42458,4,1,ITA-Serie A,2122
2021-10-26 18:45:00,AC Milan,Torino,1.12486,0.488007,1,0,ITA-Serie A,2122
2021-10-26 16:30:00,Spezia,Genoa,2.40615,1.0654,1,1,ITA-Serie A,2122
2021-10-26 16:30:00,Venezia,Salernitana,0.62413,1.52483,1,2,ITA-Serie A,2122
2021-10-27 18:45:00,Cagliari,Roma,1.31963,2.49703,1,2,ITA-Serie A,2122
2021-10-27 18:45:00,Empoli,Inter,0.542985,3.07924,0,2,ITA-Serie A,2122
2021-10-27 16:30:00,Juventus,Sassuolo,1.15204,1.12654,1,2,ITA-Serie A,2122
2021-10-27 18:45:00,Lazio,Fiorentina,0.637443,0.517761,1,0,ITA-Serie A,2122
2021-10-27 16:30:00,Sampdoria,Atalanta,0.984824,1.98512,1,3,ITA-Serie A,2122
2021-10-27 16:30:00,Udinese,Verona,0.940667,0.843224,1,1,ITA-Serie A,2122
2021-10-28 18:45:00,Napoli,Bologna,2.67727,0.251648,3,0,ITA-Serie A,2122
2021-10-30 13:00:00,Atalanta,Lazio,0.723746,1.4355,2,2,ITA-Serie A,2122
2021-10-30 18:45:00,Torino,Sampdoria,2.61562,0.249004,3,0,ITA-Serie A,2122
2021-10-30 16:00:00,Verona,Juventus,1.57716,1.78968,2,1,ITA-Serie A,2122
2021-10-31 14:00:00,Fiorentina,Spezia,2.8175,0.0882599,3,0,ITA-Serie A,2122
2021-10-31 14:00:00,Genoa,Venezia,0.720997,0.488128,0,0,ITA-Serie A,2122
2021-10-31 11:30:00,Inter,Udinese,2.0569,0.303819,2,0,ITA-Serie A,2122
2021-10-31 19:45:00,Roma,AC Milan,1.25894,1.86101,1,2,ITA-Serie A,2122
2021-10-31 17:00:00,Salernitana,Napoli,0.405769,1.54055,0,1,ITA-Serie A,2122
2021-10-31 14:00:00,Sassuolo,Empoli,1.24312,1.4834,1,2,ITA-Serie A,2122
2021-11-01 19:45:00,Bologna,Cagliari,1.7361,0.403517,2,0,ITA-Serie A,2122
2021-11-05 19:45:00,Empoli,Genoa,0.745284,1.69731,2,2,ITA-Serie A,2122
2021-11-06 19:45:00,Cagliari,Atalanta,0.510728,3.54195,1,2,ITA-Serie A,2122
2021-11-06 17:00:00,Juventus,Fiorentina,0.984607,0.320219,1,0,ITA-Serie A,2122
2021-11-06 14:00:00,Spezia,Torino,0.333765,0.420439,1,0,ITA-Serie A,2122
2021-11-07 19:45:00,AC Milan,Inter,1.15715,2.34764,1,1,ITA-Serie A,2122
2021-11-07 17:00:00,Lazio,Salernitana,1.67971,0.239577,3,0,ITA-Serie A,2122
2021-11-07 17:00:00,Napoli,Verona,0.800943,1.22561,1,1,ITA-Serie A,2122
2021-11-07 14:00:00,Sampdoria,Bologna,1.05575,1.86418,1,2,ITA-Serie A,2122
2021-11-07 14:00:00,Udinese,Sassuolo,1.59111,0.694033,3,2,ITA-Serie A,2122
2021-11-07 11:30:00,Venezia,Roma,3.22538,2.76533,3,2,ITA-Serie A,2122
2021-11-20 14:00:00,Atalanta,Spezia,2.5762,0.928225,5,2,ITA-Serie A,2122
2021-11-20 19:45:00,Fiorentina,AC Milan,1.50869,1.57419,4,3,ITA-Serie A,2122
2021-11-20 17:00:00,Lazio,Juventus,0.254933,2.76719,0,2,ITA-Serie A,2122
2021-11-21 14:00:00,Bologna,Venezia,0.995082,1.01889,0,1,ITA-Serie A,2122
2021-11-21 19:45:00,Genoa,Roma,0.102684,2.34272,0,2,ITA-Serie A,2122
2021-11-21 17:00:00,Inter,Napoli,2.19596,0.941603,3,2,ITA-Serie A,2122
2021-11-21 14:00:00,Salernitana,Sampdoria,0.982098,1.52856,0,2,ITA-Serie A,2122
2021-11-21 11:30:00,Sassuolo,Cagliari,3.47952,1.23102,2,2,ITA-Serie A,2122
2021-11-22 19:45:00,Torino,Udinese,1.93566,1.00294,2,1,ITA-Serie A,2122
2021-11-22 17:30:00,Verona,Empoli,1.30231,1.56263,2,1,ITA-Serie A,2122
2021-11-26 19:45:00,Cagliari,Salernitana,1.71881,0.238047,1,1,ITA-Serie A,2122
2021-11-27 14:00:00,Empoli,Fiorentina,2.14107,2.39546,2,1,ITA-Serie A,2122
2021-11-27 17:00:00,Juventus,Atalanta,0.818174,0.573467,0,1,ITA-Serie A,2122
2021-11-27 14:00:00,Sampdoria,Verona,0.75047,0.697659,3,1,ITA-Serie A,2122
2021-11-27 19:45:00,Venezia,Inter,0.192519,2.60343,0,2,ITA-Serie A,2122
2021-11-28 14:00:00,AC Milan,Sassuolo,0.880541,1.18489,1,3,ITA-Serie A,2122
2021-11-28 19:45:00,Napoli,Lazio,1.19531,0.272761,4,0,ITA-Serie A,2122
2021-11-28 17:00:00,Roma,Torino,0.962178,0.798443,1,0,ITA-Serie A,2122
2021-11-28 14:00:00,Spezia,Bologna,0.638423,2.54608,0,1,ITA-Serie A,2122
2021-11-28 11:30:00,Udinese,Genoa,0.782758,0.602047,0,0,ITA-Serie A,2122
2021-11-30 17:30:00,Atalanta,Venezia,2.90312,0.520194,4,0,ITA-Serie A,2122
2021-11-30 17:30:00,Fiorentina,Sampdoria,2.87335,0.634027,3,1,ITA-Serie A,2122
2021-11-30 19:45:00,Salernitana,Juventus,0.461655,2.54436,0,2,ITA-Serie A,2122
2021-11-30 19:45:00,Verona,Cagliari,1.16014,0.575054,0,0,ITA-Serie A,2122
2021-12-01 17:30:00,Bologna,Roma,0.220551,0.90512,1,0,ITA-Serie A,2122
2021-12-01 19:45:00,Genoa,AC Milan,0.357508,1.10251,0,3,ITA-Serie A,2122
2021-12-01 17:30:00,Inter,Spezia,2.85144,0.25153,2,0,ITA-Serie A,2122
2021-12-01 19:45:00,Sassuolo,Napoli,0.306603,0.922552,2,2,ITA-Serie A,2122
2021-12-02 19:45:00,Lazio,Udinese,1.45921,2.04224,4,4,ITA-Serie A,2122
2021-12-02 17:30:00,Torino,Empoli,1.37796,0.972492,2,2,ITA-Serie A,2122
2021-12-04 14:00:00,AC Milan,Salernitana,2.58223,0.194258,2,0,ITA-Serie A,2122
2021-12-04 19:45:00,Napoli,Atalanta,1.11737,1.52971,2,3,ITA-Serie A,2122
2021-12-04 17:00:00,Roma,Inter,0.530518,1.67407,0,3,ITA-Serie A,2122
2021-12-05 11:30:00,Bologna,Fiorentina,0.587444,1.21379,2,3,ITA-Serie A,2122
2021-12-05 19:45:00,Juventus,Genoa,3.00541,0.0,2,0,ITA-Serie A,2122
2021-12-05 17:00:00,Sampdoria,Lazio,1.14767,1.15156,1,3,ITA-Serie A,2122
2021-12-05 14:00:00,Spezia,Sassuolo,2.36057,1.4473,2,2,ITA-Serie A,2122
2021-12-05 14:00:00,Venezia,Verona,1.48718,2.08845,3,4,ITA-Serie A,2122
2021-12-06 19:45:00,Cagliari,Torino,1.20956,1.90192,1,1,ITA-Serie A,2122
2021-12-06 17:30:00,Empoli,Udinese,2.02523,2.08721,3,1,ITA-Serie A,2122
2021-12-10 19:45:00,Genoa,Sampdoria,1.01041,2.02929,1,3,ITA-Serie A,2122
2021-12-11 14:00:00,Fiorentina,Salernitana,2.74247,0.924612,4,0,ITA-Serie A,2122
2021-12-11 19:45:00,Udinese,AC Milan,2.28394,1.15102,1,1,ITA-Serie A,2122
2021-12-11 17:00:00,Venezia,Juventus,0.433734,1.53897,1,1,ITA-Serie A,2122
2021-12-12 19:45:00,Inter,Cagliari,3.63912,0.222398,4,0,ITA-Serie A,2122
2021-12-12 17:00:00,Napoli,Empoli,1.61708,0.644488,0,1,ITA-Serie A,2122
2021-12-12 17:00:00,Sassuolo,Lazio,0.893952,0.733536,2,1,ITA-Serie A,2122
2021-12-12 11:30:00,Torino,Bologna,2.12527,0.945252,2,1,ITA-Serie A,2122
2021-12-12 14:00:00,Verona,Atalanta,0.996933,1.01933,1,2,ITA-Serie A,2122
2021-12-13 19:45:00,Roma,Spezia,2.29875,0.609287,2,0,ITA-Serie A,2122
2021-12-17 17:30:00,Lazio,Genoa,2.07083,0.172789,3,1,ITA-Serie A,2122
2021-12-17 19:45:00,Salernitana,Inter,1.09173,3.31333,0,5,ITA-Serie A,2122
2021-12-18 14:00:00,Atalanta,Roma,1.47111,1.99516,1,4,ITA-Serie A,2122
2021-12-18 17:00:00,Bologna,Juventus,0.844256,1.39683,0,2,ITA-Serie A,2122
2021-12-18 19:45:00,Cagliari,Udinese,0.183657,0.521701,0,4,ITA-Serie A,2122
2021-12-19 19:45:00,AC Milan,Napoli,0.369086,0.994378,0,1,ITA-Serie A,2122
2021-12-19 11:30:00,Fiorentina,Sassuolo,2.26952,1.00122,2,2,ITA-Serie A,2122
2021-12-19 17:00:00,Sampdoria,Venezia,1.80875,0.811355,1,1,ITA-Serie A,2122
2021-12-19 14:00:00,Spezia,Empoli,1.36967,1.224,1,1,ITA-Serie A,2122
2021-12-19 17:00:00,Torino,Verona,0.860761,0.261412,1,0,ITA-Serie A,2122
2021-12-21 19:45:00,Genoa,Atalanta,0.0227283,1.41779,0,0,ITA-Serie A,2122
2021-12-21 19:45:00,Juventus,Cagliari,2.24385,1.13484,2,0,ITA-Serie A,2122
2021-12-22 19:45:00,Empoli,AC Milan,1.66086,1.96497,2,4,ITA-Serie A,2122
2021-12-22 17:30:00,Inter,Torino,1.02989,0.536356,1,0,ITA-Serie A,2122
2021-12-22 19:45:00,Napoli,Spezia,1.45364,0.355079,0,1,ITA-Serie A,2122
2021-12-22 17:30:00,Roma,Sampdoria,1.45266,1.18082,1,1,ITA-Serie A,2122
2021-12-22 15:30:00,Sassuolo,Bologna,0.775996,1.4889,0,3,ITA-Serie A,2122
2021-12-22 15:30:00,Venezia,Lazio,0.755959,1.55202,1,3,ITA-Serie A,2122
2021-12-22 17:30:00,Verona,Fiorentina,0.948779,1.28925,1,1,ITA-Serie A,2122
2022-01-06 17:30:00,AC Milan,Roma,3.01902,0.861234,3,1,ITA-Serie A,2122
2022-01-06 19:45:00,Juventus,Napoli,1.07965,0.884683,1,1,ITA-Serie A,2122
2022-01-06 13:30:00,Lazio,Empoli,3.09009,2.15425,3,3,ITA-Serie A,2122
2022-01-06 11:30:00,Sampdoria,Cagliari,0.731494,2.18965,1,2,ITA-Serie A,2122
2022-01-06 15:30:00,Sassuolo,Genoa,2.1565,0.213242,1,1,ITA-Serie A,2122
2022-01-06 13:30:00,Spezia,Verona,1.32415,2.16034,1,2,ITA-Serie A,2122
2022-01-09 13:30:00,Empoli,Sassuolo,1.02555,4.0481,1,5,ITA-Serie A,2122
2022-01-09 17:30:00,Genoa,Spezia,0.956415,1.75709,0,1,ITA-Serie A,2122
2022-01-09 19:45:00,Inter,Lazio,2.15451,0.747451,2,1,ITA-Serie A,2122
2022-01-09 15:30:00,Napoli,Sampdoria,1.42942,0.369245,1,0,ITA-Serie A,2122
2022-01-09 17:30:00,Roma,Juventus,2.53255,1.45001,3,4,ITA-Serie A,2122
2022-01-09 15:30:00,Udinese,Atalanta,0.725694,3.65946,2,6,ITA-Serie A,2122
2022-01-09 11:30:00,Venezia,AC Milan,0.511301,3.87292,0,3,ITA-Serie A,2122
2022-01-09 19:45:00,Verona,Salernitana,1.38469,1.28422,1,2,ITA-Serie A,2122
2022-01-10 16:00:00,Torino,Fiorentina,2.52401,0.472644,4,0,ITA-Serie A,2122
2022-01-11 19:45:00,Cagliari,Bologna,1.47121,0.693001,2,1,ITA-Serie A,2122
2022-01-15 19:45:00,Juventus,Udinese,1.70532,0.552532,2,0,ITA-Serie A,2122
2022-01-15 17:00:00,Salernitana,Lazio,0.232152,1.73777,0,3,ITA-Serie A,2122
2022-01-15 14:00:00,Sampdoria,Torino,1.28669,1.31237,1,2,ITA-Serie A,2122
2022-01-16 19:45:00,Atalanta,Inter,1.51513,1.50653,0,0,ITA-Serie A,2122
2022-01-16 17:00:00,Roma,Cagliari,2.01468,0.642616,1,0,ITA-Serie A,2122
2022-01-16 11:30:00,Sassuolo,Verona,0.85553,4.11644,2,4,ITA-Serie A,2122
2022-01-16 14:00:00,Venezia,Empoli,1.03771,1.12304,1,1,ITA-Serie A,2122
2022-01-17 17:30:00,AC Milan,Spezia,2.85028,1.56746,1,2,ITA-Serie A,2122
2022-01-17 17:30:00,Bologna,Napoli,0.80171,2.20066,0,2,ITA-Serie A,2122
2022-01-17 19:45:00,Fiorentina,Genoa,3.75618,0.0786195,6,0,ITA-Serie A,2122
2022-01-21 19:45:00,Verona,Bologna,2.05174,0.416668,2,1,ITA-Serie A,2122
2022-01-22 14:00:00,Genoa,Udinese,1.73379,0.0599026,0,0,ITA-Serie A,2122
2022-01-22 17:00:00,Inter,Venezia,2.86895,0.222828,2,1,ITA-Serie A,2122
2022-01-22 19:45:00,Lazio,Atalanta,0.272931,0.310955,0,0,ITA-Serie A,2122
2022-01-23 19:45:00,AC Milan,Juventus,0.705495,0.352915,0,0,ITA-Serie A,2122
2022-01-23 11:30:00,Cagliari,Fiorentina,2.42279,2.56091,1,1,ITA-Serie A,2122
2022-01-23 17:00:00,Empoli,Roma,1.23141,2.17975,2,4,ITA-Serie A,2122
2022-01-23 14:00:00,Napoli,Salernitana,4.54865,0.0822889,4,1,ITA-Serie A,2122
2022-01-23 14:00:00,Spezia,Sampdoria,0.529956,0.438332,1,0,ITA-Serie A,2122
2022-01-23 14:00:00,Torino,Sassuolo,3.25065,0.628281,1,1,ITA-Serie A,2122
2022-02-05 19:45:00,Fiorentina,Lazio,0.709615,2.48806,0,3,ITA-Serie A,2122
2022-02-05 17:00:00,Inter,AC Milan,1.06379,1.17012,1,2,ITA-Serie A,2122
2022-02-05 14:00:00,Roma,Genoa,1.4581,0.537092,0,0,ITA-Serie A,2122
2022-02-06 11:30:00,Atalanta,Cagliari,0.983984,1.62586,1,2,ITA-Serie A,2122
2022-02-06 14:00:00,Bologna,Empoli,0.553308,1.87705,0,0,ITA-Serie A,2122
2022-02-06 19:45:00,Juventus,Verona,1.38424,0.434667,2,0,ITA-Serie A,2122
2022-02-06 14:00:00,Sampdoria,Sassuolo,2.41944,1.32565,4,0,ITA-Serie A,2122
2022-02-06 17:00:00,Udinese,Torino,1.18272,0.231176,2,0,ITA-Serie A,2122
2022-02-06 14:00:00,Venezia,Napoli,0.387253,1.79731,0,2,ITA-Serie A,2122
2022-02-07 19:45:00,Salernitana,Spezia,0.419799,1.99832,2,2,ITA-Serie A,2122
2022-02-12 14:00:00,Lazio,Bologna,2.15933,0.975118,3,0,ITA-Serie A,2122
2022-02-12 17:00:00,Napoli,Inter,1.87896,0.770409,1,1,ITA-Serie A,2122
2022-02-12 19:45:00,Torino,Venezia,0.545957,0.468815,1,2,ITA-Serie A,2122
2022-02-13 11:30:00,AC Milan,Sampdoria,1.58606,0.171196,1,0,ITA-Serie A,2122
2022-02-13 19:45:00,Atalanta,Juventus,2.4593,1.04207,1,1,ITA-Serie A,2122
2022-02-13 14:00:00,Empoli,Cagliari,0.62072,0.833332,1,1,ITA-Serie A,2122
2022-02-13 14:00:00,Genoa,Salernitana,2.59108,0.96554,1,1,ITA-Serie A,2122
2022-02-13 17:00:00,Sassuolo,Roma,1.08187,1.74236,2,2,ITA-Serie A,2122
2022-02-13 14:00:00,Verona,Udinese,0.622109,1.01066,4,0,ITA-Serie A,2122
2022-02-14 19:45:00,Spezia,Fiorentina,0.489481,2.36382,1,2,ITA-Serie A,2122
2022-02-18 19:45:00,Juventus,Torino,0.773842,0.848296,1,1,ITA-Serie A,2122
2022-02-19 17:00:00,Roma,Verona,0.31384,0.82269,2,2,ITA-Serie A,2122
2022-02-19 19:45:00,Salernitana,AC Milan,0.602765,1.20115,2,2,ITA-Serie A,2122
2022-02-19 14:00:00,Sampdoria,Empoli,0.565043,1.31858,2,0,ITA-Serie A,2122
2022-02-20 11:30:00,Fiorentina,Atalanta,0.71376,0.402145,1,0,ITA-Serie A,2122
2022-02-20 17:00:00,Inter,Sassuolo,3.34692,1.94409,0,2,ITA-Serie A,2122
2022-02-20 19:45:00,Udinese,Lazio,1.84915,1.33877,1,1,ITA-Serie A,2122
2022-02-20 14:00:00,Venezia,Genoa,1.09963,1.76519,1,1,ITA-Serie A,2122
2022-02-21 20:00:00,Bologna,Spezia,2.0119,0.262135,2,1,ITA-Serie A,2122
2022-02-21 18:00:00,Cagliari,Napoli,2.24847,1.45257,1,1,ITA-Serie A,2122
2022-02-25 17:45:00,AC Milan,Udinese,0.778008,0.698483,1,1,ITA-Serie A,2122
2022-02-25 20:00:00,Genoa,Inter,0.770871,1.15904,0,0,ITA-Serie A,2122
2022-02-26 17:00:00,Empoli,Juventus,1.37121,2.13647,2,3,ITA-Serie A,2122
2022-02-26 14:00:00,Salernitana,Bologna,1.32318,0.611632,1,1,ITA-Serie A,2122
2022-02-26 19:45:00,Sassuolo,Fiorentina,1.72605,2.13772,2,1,ITA-Serie A,2122
2022-02-27 19:45:00,Lazio,Napoli,1.43139,0.849244,1,2,ITA-Serie A,2122
2022-02-27 17:00:00,Spezia,Roma,0.364313,4.55711,0,1,ITA-Serie A,2122
2022-02-27 11:30:00,Torino,Cagliari,1.3681,1.69853,1,2,ITA-Serie A,2122
2022-02-27 14:00:00,Verona,Venezia,3.53339,0.974017,3,1,ITA-Serie A,2122
2022-02-28 19:45:00,Atalanta,Sampdoria,2.69433,0.476071,4,0,ITA-Serie A,2122
2022-03-04 19:45:00,Inter,Salernitana,4.69296,0.836976,5,0,ITA-Serie A,2122
2022-03-05 19:45:00,Cagliari,Lazio,0.596491,2.68261,0,3,ITA-Serie A,2122
2022-03-05 17:00:00,Roma,Atalanta,1.74727,1.05953,1,0,ITA-Serie A,2122
2022-03-05 14:00:00,Udinese,Sampdoria,2.57043,0.661531,2,1,ITA-Serie A,2122
2022-03-06 14:00:00,Bologna,Torino,0.24493,0.754248,0,0,ITA-Serie A,2122
2022-03-06 14:00:00,Fiorentina,Verona,1.53524,0.97388,1,1,ITA-Serie A,2122
2022-03-06 11:30:00,Genoa,Empoli,1.26288,0.319298,0,0,ITA-Serie A,2122
2022-03-06 17:00:00,Juventus,Spezia,1.41795,0.984779,1,0,ITA-Serie A,2122
2022-03-06 19:45:00,Napoli,AC Milan,0.377216,1.29857,0,1,ITA-Serie A,2122
2022-03-06 14:00:00,Venezia,Sassuolo,3.09905,3.70614,1,4,ITA-Serie A,2122
2022-03-12 19:45:00,AC Milan,Empoli,0.868404,0.69889,1,0,ITA-Serie A,2122
2022-03-12 14:00:00,Salernitana,Sassuolo,1.63738,1.5945,2,2,ITA-Serie A,2122
2022-03-12 17:00:00,Sampdoria,Juventus,1.39467,1.43772,1,3,ITA-Serie A,2122
2022-03-12 14:00:00,Spezia,Cagliari,2.30067,0.490723,2,0,ITA-Serie A,2122
2022-03-13 17:00:00,Atalanta,Genoa,1.1714,0.731994,0,0,ITA-Serie A,2122
2022-03-13 11:30:00,Fiorentina,Bologna,2.74019,0.966761,1,0,ITA-Serie A,2122
2022-03-13 19:45:00,Torino,Inter,2.30248,2.6573,1,1,ITA-Serie A,2122
2022-03-13 17:00:00,Udinese,Roma,0.92821,1.07674,1,1,ITA-Serie A,2122
2022-03-13 14:00:00,Verona,Napoli,0.870895,2.06949,1,2,ITA-Serie A,2122
2022-03-14 19:45:00,Lazio,Venezia,1.45542,0.399391,1,0,ITA-Serie A,2122
2022-03-18 20:00:00,Genoa,Torino,0.953473,0.517226,1,0,ITA-Serie A,2122
2022-03-18 17:45:00,Sassuolo,Spezia,2.44051,0.28431,4,1,ITA-Serie A,2122
2022-03-19 19:45:00,Cagliari,AC Milan,0.748068,2.41621,0,1,ITA-Serie A,2122
2022-03-19 17:00:00,Inter,Fiorentina,0.996394,1.05358,1,1,ITA-Serie A,2122
2022-03-19 14:00:00,Napoli,Udinese,1.28206,0.771369,2,1,ITA-Serie A,2122
2022-03-20 19:45:00,Bologna,Atalanta,1.59506,1.58088,0,1,ITA-Serie A,2122
2022-03-20 14:00:00,Empoli,Verona,0.934289,1.54465,1,1,ITA-Serie A,2122
2022-03-20 14:00:00,Juventus,Salernitana,2.40548,0.438066,2,0,ITA-Serie A,2122
2022-03-20 17:00:00,Roma,Lazio,2.47701,0.358377,3,0,ITA-Serie A,2122
2022-03-20 11:30:00,Venezia,Sampdoria,1.64587,1.39567,0,2,ITA-Serie A,2122
2022-04-02 16:00:00,Lazio,Sassuolo,2.09117,1.71478,2,1,ITA-Serie A,2122
2022-04-02 18:45:00,Salernitana,Torino,1.08204,1.45234,0,1,ITA-Serie A,2122
2022-04-02 13:00:00,Spezia,Venezia,1.14124,0.53455,1,0,ITA-Serie A,2122
2022-04-03 13:00:00,Atalanta,Napoli,1.66786,1.84682,1,3,ITA-Serie A,2122
2022-04-03 10:30:00,Fiorentina,Empoli,1.71922,0.207616,1,0,ITA-Serie A,2122
2022-04-03 18:45:00,Juventus,Inter,1.89815,1.0453,0,1,ITA-Serie A,2122
2022-04-03 16:00:00,Sampdoria,Roma,0.449626,1.1837,0,1,ITA-Serie A,2122
2022-04-03 13:00:00,Udinese,Cagliari,5.37396,0.256503,5,1,ITA-Serie A,2122
2022-04-04 18:45:00,AC Milan,Bologna,1.83563,0.79281,0,0,ITA-Serie A,2122
2022-04-04 16:30:00,Verona,Genoa,1.209,0.709184,1,0,ITA-Serie A,2122
2022-04-09 18:45:00,Cagliari,Juventus,0.213416,1.58167,1,2,ITA-Serie A,2122
2022-04-09 13:00:00,Empoli,Spezia,0.888808,1.52229,0,0,ITA-Serie A,2122
2022-04-09 16:00:00,Inter,Verona,2.68092,0.916591,2,0,ITA-Serie A,2122
2022-04-10 10:30:00,Genoa,Lazio,0.57986,2.15663,1,4,ITA-Serie A,2122
2022-04-10 13:00:00,Napoli,Fiorentina,1.45436,0.894842,2,3,ITA-Serie A,2122
2022-04-10 16:00:00,Roma,Salernitana,1.95563,0.544663,2,1,ITA-Serie A,2122
2022-04-10 13:00:00,Sassuolo,Atalanta,1.66107,1.85636,2,1,ITA-Serie A,2122
2022-04-10 18:45:00,Torino,AC Milan,0.635906,0.691935,0,0,ITA-Serie A,2122
2022-04-10 13:00:00,Venezia,Udinese,1.18437,3.08444,1,2,ITA-Serie A,2122
2022-04-11 18:45:00,Bologna,Sampdoria,2.56257,0.566838,2,0,ITA-Serie A,2122
2022-04-15 19:00:00,AC Milan,Genoa,1.81517,0.252167,2,0,ITA-Serie A,2122
2022-04-15 17:00:00,Spezia,Inter,0.413811,2.74371,1,3,ITA-Serie A,2122
2022-04-16 10:30:00,Cagliari,Sassuolo,1.90806,0.294539,1,0,ITA-Serie A,2122
2022-04-16 14:30:00,Fiorentina,Venezia,3.78568,0.131667,1,0,ITA-Serie A,2122
2022-04-16 16:30:00,Juventus,Bologna,2.24238,0.991401,1,1,ITA-Serie A,2122
2022-04-16 18:45:00,Lazio,Torino,0.987224,0.981319,1,1,ITA-Serie A,2122
2022-04-16 12:30:00,Sampdoria,Salernitana,0.90485,0.505369,1,2,ITA-Serie A,2122
2022-04-16 12:30:00,Udinese,Empoli,1.12137,1.96032,4,1,ITA-Serie A,2122
2022-04-18 19:00:00,Atalanta,Verona,1.27003,3.74719,1,2,ITA-Serie A,2122
2022-04-18 17:00:00,Napoli,Roma,1.2951,1.34625,1,1,ITA-Serie A,2122
2022-04-20 16:45:00,Udinese,Salernitana,0.480919,1.09235,0,1,ITA-Serie A,2122
2022-04-23 16:00:00,Inter,Roma,1.78507,1.23184,3,1,ITA-Serie A,2122
2022-04-23 13:00:00,Torino,Spezia,2.68611,0.989529,2,1,ITA-Serie A,2122
2022-04-23 13:00:00,Venezia,Atalanta,0.703396,3.55103,1,3,ITA-Serie A,2122
2022-04-23 18:45:00,Verona,Sampdoria,1.42671,0.913747,1,1,ITA-Serie A,2122
2022-04-24 13:00:00,Bologna,Udinese,0.933408,1.71422,2,2,ITA-Serie A,2122
2022-04-24 13:00:00,Empoli,Napoli,1.80347,1.30674,3,2,ITA-Serie A,2122
2022-04-24 16:00:00,Genoa,Cagliari,0.72812,0.923392,1,0,ITA-Serie A,2122
2022-04-24 18:45:00,Lazio,AC Milan,0.75325,2.45325,1,2,ITA-Serie A,2122
2022-04-24 10:30:00,Salernitana,Fiorentina,1.32457,0.507881,2,1,ITA-Serie A,2122
2022-04-25 18:45:00,Sassuolo,Juventus,1.3833,0.54335,1,2,ITA-Serie A,2122
2022-04-27 20:15:00,Atalanta,Torino,2.63289,2.44099,4,4,ITA-Serie A,2122
2022-04-27 18:15:00,Bologna,Inter,1.38147,2.44323,2,1,ITA-Serie A,2122
2022-04-27 16:00:00,Fiorentina,Udinese,2.81473,3.3303,0,4,ITA-Serie A,2122
2022-04-30 13:00:00,Cagliari,Verona,0.698699,1.5873,1,2,ITA-Serie A,2122
2022-04-30 13:00:00,Napoli,Sassuolo,3.24407,1.15108,6,1,ITA-Serie A,2122
2022-04-30 16:00:00,Sampdoria,Genoa,1.54966,1.54661,1,0,ITA-Serie A,2122
2022-04-30 18:45:00,Spezia,Lazio,1.59858,3.13613,3,4,ITA-Serie A,2122
2022-05-01 13:00:00,AC Milan,Fiorentina,1.54898,0.516032,1,0,ITA-Serie A,2122
2022-05-01 13:00:00,Empoli,Torino,0.722045,3.02504,1,3,ITA-Serie A,2122
2022-05-01 10:30:00,Juventus,Venezia,2.2771,0.746217,2,1,ITA-Serie A,2122
2022-05-01 18:45:00,Roma,Bologna,0.985697,1.44805,0,0,ITA-Serie A,2122
2022-05-01 16:00:00,Udinese,Inter,1.22718,2.52307,1,2,ITA-Serie A,2122
2022-05-02 18:45:00,Atalanta,Salernitana,1.48441,1.4366,1,1,ITA-Serie A,2122
2022-05-05 16:00:00,Salernitana,Venezia,1.97941,1.32167,2,1,ITA-Serie A,2122
2022-05-06 19:00:00,Genoa,Juventus,3.11452,1.95852,2,1,ITA-Serie A,2122
2022-05-06 16:45:00,Inter,Empoli,5.56052,0.682871,4,2,ITA-Serie A,2122
2022-05-07 18:45:00,Lazio,Sampdoria,2.35961,0.726496,2,0,ITA-Serie A,2122
2022-05-07 16:00:00,Sassuolo,Udinese,1.50599,2.43382,1,1,ITA-Serie A,2122
2022-05-07 13:00:00,Torino,Napoli,0.569398,1.5765,0,1,ITA-Serie A,2122
2022-05-08 16:00:00,Salernitana,Cagliari,1.62897,0.382997,1,1,ITA-Serie A,2122
2022-05-08 10:30:00,Spezia,Atalanta,1.09582,2.4171,1,3,ITA-Serie A,2122
2022-05-08 13:00:00,Venezia,Bologna,2.47386,2.42822,4,3,ITA-Serie A,2122
2022-05-08 18:45:00,Verona,AC Milan,1.07974,3.12506,1,3,ITA-Serie A,2122
2022-05-09 18:45:00,Fiorentina,Roma,1.70341,0.580624,2,0,ITA-Serie A,2122
2022-05-14 13:00:00,Empoli,Salernitana,1.76936,3.34278,1,1,ITA-Serie A,2122
2022-05-14 18:45:00,Roma,Venezia,3.01714,0.343274,1,1,ITA-Serie A,2122
2022-05-14 16:00:00,Udinese,Spezia,1.40244,2.64896,2,3,ITA-Serie A,2122
2022-05-14 16:00:00,Verona,Torino,0.692798,1.74109,0,1,ITA-Serie A,2122
2022-05-15 16:00:00,AC Milan,Atalanta,1.53356,0.779491,2,0,ITA-Serie A,2122
2022-05-15 10:30:00,Bologna,Sassuolo,1.64743,2.61319,1,3,ITA-Serie A,2122
2022-05-15 18:45:00,Cagliari,Inter,0.669726,2.63086,1,3,ITA-Serie A,2122
2022-05-15 13:00:00,Napoli,Genoa,2.3453,1.0345,3,0,ITA-Serie A,2122
2022-05-16 18:45:00,Juventus,Lazio,0.767731,0.839523,2,2,ITA-Serie A,2122
2022-05-16 16:30:00,Sampdoria,Fiorentina,1.7651,1.57284,4,1,ITA-Serie A,2122
2022-05-20 18:45:00,Torino,Roma,0.516826,2.72468,0,3,ITA-Serie A,2122
2022-05-21 18:45:00,Atalanta,Empoli,3.27816,0.290017,0,1,ITA-Serie A,2122
2022-05-21 18:45:00,Fiorentina,Juventus,1.38571,0.0655878,2,0,ITA-Serie A,2122
2022-05-21 15:15:00,Genoa,Bologna,0.916093,1.06929,0,1,ITA-Serie A,2122
2022-05-21 18:45:00,Lazio,Verona,3.45526,1.97266,3,3,ITA-Serie A,2122
2022-05-22 16:00:00,Inter,Sampdoria,2.96426,0.836763,3,0,ITA-Serie A,2122
2022-05-22 19:00:00,Salernitana,Udinese,2.38256,2.36064,0,4,ITA-Serie A,2122
2022-05-22 16:00:00,Sassuolo,AC Milan,0.293355,4.00571,0,3,ITA-Serie A,2122
2022-05-22 10:30:00,Spezia,Napoli,1.70411,1.7779,0,3,ITA-Serie A,2122
2022-05-22 19:00:00,Venezia,Cagliari,0.665291,1.57535,0,0,ITA-Serie A,2122
2022-08-13 16:30:00,AC Milan,Udinese,2.68095,0.439661,4,2,ITA-Serie A,2223
2022-08-13 18:45:00,Lecce,Inter,0.752988,2.52817,1,2,ITA-Serie A,2223
2022-08-13 18:45:00,Monza,Torino,1.0301,3.13646,1,2,ITA-Serie A,2223
2022-08-13 16:30:00,Sampdoria,Atalanta,0.617683,2.28675,0,2,ITA-Serie A,2223
2022-08-14 16:30:00,Fiorentina,Cremonese,2.01254,1.76638,3,2,ITA-Serie A,2223
2022-08-14 16:30:00,Lazio,Bologna,0.709672,1.59632,2,1,ITA-Serie A,2223
2022-08-14 18:45:00,Salernitana,Roma,0.505094,2.98256,0,1,ITA-Serie A,2223
2022-08-14 18:45:00,Spezia,Empoli,0.861875,0.987781,1,0,ITA-Serie A,2223
2022-08-15 18:45:00,Juventus,Sassuolo,2.24204,0.878583,3,0,ITA-Serie A,2223
2022-08-15 16:30:00,Verona,Napoli,1.13087,2.79803,2,5,ITA-Serie A,2223
2022-08-20 18:45:00,Inter,Spezia,2.62744,0.482897,3,0,ITA-Serie A,2223
2022-08-20 18:45:00,Sassuolo,Lecce,0.803483,0.703764,1,0,ITA-Serie A,2223
2022-08-20 16:30:00,Torino,Lazio,0.996405,0.713273,0,0,ITA-Serie A,2223
2022-08-20 16:30:00,Udinese,Salernitana,1.42871,1.50184,0,0,ITA-Serie A,2223
2022-08-21 18:45:00,Atalanta,AC Milan,0.538424,1.53637,1,1,ITA-Serie A,2223
2022-08-21 18:45:00,Bologna,Verona,1.13475,2.46808,1,1,ITA-Serie A,2223
2022-08-21 16:30:00,Empoli,Fiorentina,0.757409,0.796219,0,0,ITA-Serie A,2223
2022-08-21 16:30:00,Napoli,Monza,3.26352,0.121476,4,0,ITA-Serie A,2223
2022-08-22 16:30:00,Roma,Cremonese,2.91426,0.508942,1,0,ITA-Serie A,2223
2022-08-22 18:45:00,Sampdoria,Juventus,0.948831,0.807606,0,0,ITA-Serie A,2223
2022-08-26 18:45:00,Lazio,Inter,0.997005,1.62842,3,1,ITA-Serie A,2223
2022-08-26 16:30:00,Monza,Udinese,0.988468,2.26189,1,2,ITA-Serie A,2223
2022-08-27 18:45:00,AC Milan,Bologna,2.83694,0.505259,2,0,ITA-Serie A,2223
2022-08-27 16:30:00,Cremonese,Torino,0.815757,2.71403,1,2,ITA-Serie A,2223
2022-08-27 16:30:00,Juventus,Roma,0.633345,0.963959,1,1,ITA-Serie A,2223
2022-08-27 18:45:00,Spezia,Sassuolo,1.17548,2.83921,2,2,ITA-Serie A,2223
2022-08-28 18:45:00,Fiorentina,Napoli,0.381649,1.68549,0,0,ITA-Serie A,2223
2022-08-28 18:45:00,Lecce,Empoli,0.813378,0.37813,1,1,ITA-Serie A,2223
2022-08-28 16:30:00,Salernitana,Sampdoria,1.76461,1.66897,4,0,ITA-Serie A,2223
2022-08-28 16:30:00,Verona,Atalanta,0.369511,0.843159,0,1,ITA-Serie A,2223
2022-08-30 18:45:00,Inter,Cremonese,2.79797,1.06761,3,1,ITA-Serie A,2223
2022-08-30 18:45:00,Roma,Monza,2.67127,0.560728,3,0,ITA-Serie A,2223
2022-08-30 16:30:00,Sassuolo,AC Milan,1.06304,0.914316,0,0,ITA-Serie A,2223
2022-08-31 16:30:00,Empoli,Verona,0.778503,0.589249,1,1,ITA-Serie A,2223
2022-08-31 18:45:00,Juventus,Spezia,1.76503,0.175145,2,0,ITA-Serie A,2223
2022-08-31 18:45:00,Napoli,Lecce,2.00236,1.02186,1,1,ITA-Serie A,2223
2022-08-31 16:30:00,Sampdoria,Lazio,0.740992,1.61049,1,1,ITA-Serie A,2223
2022-08-31 16:30:00,Udinese,Fiorentina,0.879492,0.44345,1,0,ITA-Serie A,2223
2022-09-01 18:45:00,Atalanta,Torino,2.86971,0.398647,3,1,ITA-Serie A,2223
2022-09-01 18:45:00,Bologna,Salernitana,1.96131,1.19651,1,1,ITA-Serie A,2223
2022-09-03 16:00:00,AC Milan,Inter,1.63731,2.07688,3,2,ITA-Serie A,2223
2022-09-03 13:00:00,Fiorentina,Juventus,1.83258,1.07522,1,1,ITA-Serie A,2223
2022-09-03 18:45:00,Lazio,Napoli,0.299785,2.0197,1,2,ITA-Serie A,2223
2022-09-04 10:30:00,Cremonese,Sassuolo,0.417337,1.70824,0,0,ITA-Serie A,2223
2022-09-04 13:00:00,Spezia,Bologna,1.06255,1.02319,2,2,ITA-Serie A,2223
2022-09-04 18:45:00,Udinese,Roma,1.28199,0.862157,4,0,ITA-Serie A,2223
2022-09-04 16:00:00,Verona,Sampdoria,2.3433,0.798714,2,1,ITA-Serie A,2223
2022-09-05 16:30:00,Monza,Atalanta,0.943464,1.94986,0,2,ITA-Serie A,2223
2022-09-05 16:30:00,Salernitana,Empoli,1.80811,0.984719,2,2,ITA-Serie A,2223
2022-09-05 18:45:00,Torino,Lecce,1.0247,0.451427,1,0,ITA-Serie A,2223
2022-09-10 16:00:00,Inter,Torino,1.53614,0.594956,1,0,ITA-Serie A,2223
2022-09-10 13:00:00,Napoli,Spezia,1.94628,0.664499,1,0,ITA-Serie A,2223
2022-09-10 18:45:00,Sampdoria,AC Milan,0.923014,1.6646,1,2,ITA-Serie A,2223
2022-09-11 10:30:00,Atalanta,Cremonese,0.636633,0.620155,1,1,ITA-Serie A,2223
2022-09-11 13:00:00,Bologna,Fiorentina,1.25233,1.17879,2,1,ITA-Serie A,2223
2022-09-11 18:45:00,Juventus,Salernitana,1.83929,2.07448,2,2,ITA-Serie A,2223
2022-09-11 16:00:00,Lazio,Verona,1.84525,0.40445,2,0,ITA-Serie A,2223
2022-09-11 13:00:00,Lecce,Monza,1.46903,0.0823778,1,1,ITA-Serie A,2223
2022-09-11 13:00:00,Sassuolo,Udinese,0.349641,2.21222,1,3,ITA-Serie A,2223
2022-09-12 18:45:00,Empoli,Roma,1.15196,3.83699,1,2,ITA-Serie A,2223
2022-09-16 18:45:00,Salernitana,Lecce,1.08144,1.30867,1,2,ITA-Serie A,2223
2022-09-17 13:00:00,Bologna,Empoli,1.7821,1.66438,0,1,ITA-Serie A,2223
2022-09-17 16:00:00,Spezia,Sampdoria,1.02757,1.01245,2,1,ITA-Serie A,2223
2022-09-17 18:45:00,Torino,Sassuolo,0.672322,0.480221,0,1,ITA-Serie A,2223
2022-09-18 18:45:00,AC Milan,Napoli,2.2547,1.17973,1,2,ITA-Serie A,2223
2022-09-18 13:00:00,Cremonese,Lazio,0.992274,3.61789,0,4,ITA-Serie A,2223
2022-09-18 13:00:00,Fiorentina,Verona,2.8313,0.608308,2,0,ITA-Serie A,2223
2022-09-18 13:00:00,Monza,Juventus,2.52643,1.20518,1,0,ITA-Serie A,2223
2022-09-18 16:00:00,Roma,Atalanta,3.28059,0.144998,0,1,ITA-Serie A,2223
2022-09-18 10:30:00,Udinese,Inter,1.29565,0.991896,3,1,ITA-Serie A,2223
2022-10-01 18:45:00,Empoli,AC Milan,1.01178,2.6069,1,3,ITA-Serie A,2223
2022-10-01 16:00:00,Inter,Roma,0.76194,1.03755,1,2,ITA-Serie A,2223
2022-10-01 13:00:00,Napoli,Torino,1.18491,0.741608,3,1,ITA-Serie A,2223
2022-10-02 16:00:00,Atalanta,Fiorentina,1.64453,0.638248,1,0,ITA-Serie A,2223
2022-10-02 18:45:00,Juventus,Bologna,2.51162,0.330255,3,0,ITA-Serie A,2223
2022-10-02 10:30:00,Lazio,Spezia,3.03467,0.852447,4,0,ITA-Serie A,2223
2022-10-02 13:00:00,Lecce,Cremonese,0.945844,1.55939,1,1,ITA-Serie A,2223
2022-10-02 13:00:00,Sampdoria,Monza,0.0814991,1.2288,0,3,ITA-Serie A,2223
2022-10-02 13:00:00,Sassuolo,Salernitana,3.21976,0.568495,5,0,ITA-Serie A,2223
2022-10-03 18:45:00,Verona,Udinese,0.284674,2.17728,1,2,ITA-Serie A,2223
2022-10-08 16:00:00,AC Milan,Juventus,2.30469,0.673421,2,0,ITA-Serie A,2223
2022-10-08 18:45:00,Bologna,Sampdoria,0.669175,0.823033,1,1,ITA-Serie A,2223
2022-10-08 13:00:00,Sassuolo,Inter,1.10218,2.81804,1,2,ITA-Serie A,2223
2022-10-09 16:00:00,Cremonese,Napoli,0.762438,4.47078,1,4,ITA-Serie A,2223
2022-10-09 13:00:00,Monza,Spezia,0.763016,0.534751,2,0,ITA-Serie A,2223
2022-10-09 18:45:00,Roma,Lecce,3.61927,0.326132,2,1,ITA-Serie A,2223
2022-10-09 13:00:00,Salernitana,Verona,0.975817,0.947745,2,1,ITA-Serie A,2223
2022-10-09 10:30:00,Torino,Empoli,2.73808,0.14731,1,1,ITA-Serie A,2223
2022-10-09 13:00:00,Udinese,Atalanta,1.11402,1.97537,2,2,ITA-Serie A,2223
2022-10-10 18:45:00,Fiorentina,Lazio,2.60463,2.19633,0,4,ITA-Serie A,2223
2022-10-15 18:45:00,Atalanta,Sassuolo,2.59044,0.538078,2,1,ITA-Serie A,2223
2022-10-15 13:00:00,Empoli,Monza,2.16532,0.834003,1,0,ITA-Serie A,2223
2022-10-15 16:00:00,Torino,Juventus,0.517644,2.34335,0,1,ITA-Serie A,2223
2022-10-16 10:30:00,Inter,Salernitana,1.81451,0.250149,2,0,ITA-Serie A,2223
2022-10-16 13:00:00,Lazio,Udinese,0.687074,0.690342,0,0,ITA-Serie A,2223
2022-10-16 16:00:00,Napoli,Bologna,4.47916,1.05317,3,2,ITA-Serie A,2223
2022-10-16 13:00:00,Spezia,Cremonese,1.09416,2.46395,2,2,ITA-Serie A,2223
2022-10-16 18:45:00,Verona,AC Milan,1.93604,1.7368,1,2,ITA-Serie A,2223
2022-10-17 18:45:00,Lecce,Fiorentina,1.61529,0.356946,1,1,ITA-Serie A,2223
2022-10-17 16:30:00,Sampdoria,Roma,0.263194,2.60212,0,1,ITA-Serie A,2223
2022-10-21 18:45:00,Juventus,Empoli,3.78986,0.507227,4,0,ITA-Serie A,2223
2022-10-22 16:00:00,AC Milan,Monza,1.23023,1.32964,4,1,ITA-Serie A,2223
2022-10-22 18:45:00,Fiorentina,Inter,1.27024,2.51989,3,4,ITA-Serie A,2223
2022-10-22 13:00:00,Salernitana,Spezia,1.91377,0.685579,1,0,ITA-Serie A,2223
2022-10-23 16:00:00,Atalanta,Lazio,0.874683,0.911832,0,2,ITA-Serie A,2223
2022-10-23 13:00:00,Bologna,Lecce,2.1232,0.336101,2,0,ITA-Serie A,2223
2022-10-23 18:45:00,Roma,Napoli,0.209646,0.867955,0,1,ITA-Serie A,2223
2022-10-23 10:30:00,Udinese,Torino,1.40576,1.17556,1,2,ITA-Serie A,2223
2022-10-24 16:30:00,Cremonese,Sampdoria,1.72584,1.19704,0,1,ITA-Serie A,2223
2022-10-24 18:45:00,Sassuolo,Verona,1.45562,1.60903,2,1,ITA-Serie A,2223
2022-10-29 18:45:00,Inter,Sampdoria,2.52781,0.332522,3,0,ITA-Serie A,2223
2022-10-29 16:00:00,Lecce,Juventus,0.166187,0.512337,0,1,ITA-Serie A,2223
2022-10-29 13:00:00,Napoli,Sassuolo,2.46208,1.0297,4,0,ITA-Serie A,2223
2022-10-30 14:00:00,Cremonese,Udinese,0.639202,1.46552,0,0,ITA-Serie A,2223
2022-10-30 11:30:00,Empoli,Atalanta,0.655562,3.40094,0,2,ITA-Serie A,2223
2022-10-30 17:00:00,Lazio,Salernitana,1.97581,1.42108,1,3,ITA-Serie A,2223
2022-10-30 14:00:00,Spezia,Fiorentina,1.61425,1.5294,1,2,ITA-Serie A,2223
2022-10-30 19:45:00,Torino,AC Milan,0.912695,1.05623,2,1,ITA-Serie A,2223
2022-10-31 19:45:00,Monza,Bologna,1.09073,1.16962,1,2,ITA-Serie A,2223
2022-10-31 17:30:00,Verona,Roma,0.288065,3.03255,1,3,ITA-Serie A,2223
2022-11-04 18:45:00,Udinese,Lecce,1.65337,0.842155,1,1,ITA-Serie A,2223
2022-11-05 19:45:00,AC Milan,Spezia,3.4076,1.44997,2,1,ITA-Serie A,2223
2022-11-05 17:00:00,Atalanta,Napoli,2.79481,1.76328,1,2,ITA-Serie A,2223
2022-11-05 14:00:00,Empoli,Sassuolo,0.963,0.724143,1,0,ITA-Serie A,2223
2022-11-05 14:00:00,Salernitana,Cremonese,1.57799,1.6138,2,2,ITA-Serie A,2223
2022-11-06 11:30:00,Bologna,Torino,2.44593,1.01138,2,1,ITA-Serie A,2223
2022-11-06 19:45:00,Juventus,Inter,1.55487,1.51619,2,0,ITA-Serie A,2223
2022-11-06 14:00:00,Monza,Verona,0.739437,0.247304,2,0,ITA-Serie A,2223
2022-11-06 17:00:00,Roma,Lazio,0.378495,0.538797,0,1,ITA-Serie A,2223
2022-11-06 14:00:00,Sampdoria,Fiorentina,0.800046,1.24199,0,2,ITA-Serie A,2223
2022-11-08 19:45:00,Cremonese,AC Milan,0.192159,1.2958,0,0,ITA-Serie A,2223
2022-11-08 17:30:00,Napoli,Empoli,1.89523,0.205301,2,0,ITA-Serie A,2223
2022-11-08 17:30:00,Spezia,Udinese,2.3694,0.507712,1,1,ITA-Serie A,2223
2022-11-09 19:45:00,Fiorentina,Salernitana,2.52973,0.542105,2,1,ITA-Serie A,2223
2022-11-09 19:45:00,Inter,Bologna,2.78307,0.657702,6,1,ITA-Serie A,2223
2022-11-09 17:30:00,Lecce,Atalanta,1.78957,1.27623,2,1,ITA-Serie A,2223
2022-11-09 17:30:00,Sassuolo,Roma,1.24506,0.758794,1,1,ITA-Serie A,2223
2022-11-09 19:45:00,Torino,Sampdoria,0.479941,0.613268,2,0,ITA-Serie A,2223
2022-11-10 19:45:00,Lazio,Monza,1.30785,0.578178,1,0,ITA-Serie A,2223
2022-11-10 17:30:00,Verona,Juventus,1.14515,0.877959,0,1,ITA-Serie A,2223
2022-11-11 19:45:00,Empoli,Cremonese,2.652,1.34565,2,0,ITA-Serie A,2223
2022-11-12 19:45:00,Bologna,Sassuolo,0.761979,0.793558,3,0,ITA-Serie A,2223
2022-11-12 14:00:00,Napoli,Udinese,1.52943,1.00653,3,2,ITA-Serie A,2223
2022-11-12 17:00:00,Sampdoria,Lecce,0.852999,1.067,0,2,ITA-Serie A,2223
2022-11-13 17:00:00,AC Milan,Fiorentina,1.96799,0.85798,2,1,ITA-Serie A,2223
2022-11-13 11:30:00,Atalanta,Inter,2.06229,1.93052,2,3,ITA-Serie A,2223
2022-11-13 19:45:00,Juventus,Lazio,1.70269,0.38627,3,0,ITA-Serie A,2223
2022-11-13 14:00:00,Monza,Salernitana,3.0821,0.218377,3,0,ITA-Serie A,2223
2022-11-13 14:00:00,Roma,Torino,1.34528,0.847683,1,1,ITA-Serie A,2223
2022-11-13 14:00:00,Verona,Spezia,2.16554,0.752225,1,2,ITA-Serie A,2223
2023-01-04 17:30:00,Cremonese,Juventus,0.698907,1.61459,0,1,ITA-Serie A,2223
2023-01-04 17:30:00,Fiorentina,Monza,1.48692,1.54126,1,1,ITA-Serie A,2223
2023-01-04 19:45:00,Inter,Napoli,1.4695,1.09463,1,0,ITA-Serie A,2223
2023-01-04 15:30:00,Lecce,Lazio,1.17761,0.706207,2,1,ITA-Serie A,2223
2023-01-04 15:30:00,Roma,Bologna,2.08071,0.752989,1,0,ITA-Serie A,2223
2023-01-04 11:30:00,Salernitana,AC Milan,0.680121,3.81282,1,2,ITA-Serie A,2223
2023-01-04 11:30:00,Sassuolo,Sampdoria,1.44975,0.851384,1,2,ITA-Serie A,2223
2023-01-04 13:30:00,Spezia,Atalanta,1.39353,1.80642,2,2,ITA-Serie A,2223
2023-01-04 13:30:00,Torino,Verona,0.468743,1.41144,1,1,ITA-Serie A,2223
2023-01-04 19:45:00,Udinese,Empoli,1.31671,0.660856,1,1,ITA-Serie A,2223
2023-01-07 14:00:00,Fiorentina,Sassuolo,3.08538,1.75424,2,1,ITA-Serie A,2223
2023-01-07 17:00:00,Juventus,Udinese,2.59304,0.306949,1,0,ITA-Serie A,2223
2023-01-07 19:45:00,Monza,Inter,1.4187,1.61501,2,2,ITA-Serie A,2223
2023-01-08 19:45:00,AC Milan,Roma,1.09082,1.10865,2,2,ITA-Serie A,2223
2023-01-08 14:00:00,Lazio,Empoli,1.31242,0.59916,2,2,ITA-Serie A,2223
2023-01-08 11:30:00,Salernitana,Torino,0.58108,2.37677,1,1,ITA-Serie A,2223
2023-01-08 17:00:00,Sampdoria,Napoli,0.384407,3.41709,0,2,ITA-Serie A,2223
2023-01-08 14:00:00,Spezia,Lecce,0.657345,0.956499,0,0,ITA-Serie A,2223
2023-01-09 19:45:00,Bologna,Atalanta,0.386319,0.685431,1,2,ITA-Serie A,2223
2023-01-09 17:30:00,Verona,Cremonese,1.92775,0.810314,2,0,ITA-Serie A,2223
2023-01-13 19:45:00,Napoli,Juventus,2.23581,0.962617,5,1,ITA-Serie A,2223
2023-01-14 14:00:00,Cremonese,Monza,0.456418,2.49329,2,3,ITA-Serie A,2223
2023-01-14 19:45:00,Inter,Verona,0.608402,0.183795,1,0,ITA-Serie A,2223
2023-01-14 17:00:00,Lecce,AC Milan,1.82563,1.51192,2,2,ITA-Serie A,2223
2023-01-15 17:00:00,Atalanta,Salernitana,3.21868,0.535222,8,2,ITA-Serie A,2223
2023-01-15 19:45:00,Roma,Fiorentina,1.21585,0.377978,2,0,ITA-Serie A,2223
2023-01-15 11:30:00,Sassuolo,Lazio,0.701271,2.79068,0,2,ITA-Serie A,2223
2023-01-15 14:00:00,Torino,Spezia,0.944969,1.56177,0,1,ITA-Serie A,2223
2023-01-15 14:00:00,Udinese,Bologna,2.44779,1.96519,1,2,ITA-Serie A,2223
2023-01-16 19:45:00,Empoli,Sampdoria,1.95693,1.17611,1,0,ITA-Serie A,2223
2023-01-21 19:45:00,Fiorentina,Torino,1.02747,0.770286,0,1,ITA-Serie A,2223
2023-01-21 17:00:00,Salernitana,Napoli,0.480227,1.82215,0,2,ITA-Serie A,2223
2023-01-21 14:00:00,Verona,Lecce,0.625033,0.835357,2,0,ITA-Serie A,2223
2023-01-22 19:45:00,Juventus,Atalanta,1.91809,1.16585,3,3,ITA-Serie A,2223
2023-01-22 14:00:00,Monza,Sassuolo,0.965924,1.70695,1,1,ITA-Serie A,2223
2023-01-22 11:30:00,Sampdoria,Udinese,1.60507,1.57295,0,1,ITA-Serie A,2223
2023-01-22 17:00:00,Spezia,Roma,0.227346,1.9435,0,2,ITA-Serie A,2223
2023-01-23 17:30:00,Bologna,Cremonese,0.850469,1.79982,1,1,ITA-Serie A,2223
2023-01-23 19:45:00,Inter,Empoli,1.39728,0.854487,0,1,ITA-Serie A,2223
2023-01-24 19:45:00,Lazio,AC Milan,2.81178,1.04083,4,0,ITA-Serie A,2223
2023-01-27 17:30:00,Bologna,Spezia,1.86506,0.485936,2,0,ITA-Serie A,2223
2023-01-27 19:45:00,Lecce,Salernitana,1.3906,0.767336,1,2,ITA-Serie A,2223
2023-01-28 19:45:00,Atalanta,Sampdoria,1.82577,0.960106,2,0,ITA-Serie A,2223
2023-01-28 17:00:00,Cremonese,Inter,0.723453,2.37567,1,2,ITA-Serie A,2223
2023-01-28 14:00:00,Empoli,Torino,0.785973,1.26398,2,2,ITA-Serie A,2223
2023-01-29 11:30:00,AC Milan,Sassuolo,0.500004,2.07278,2,5,ITA-Serie A,2223
2023-01-29 14:00:00,Juventus,Monza,1.37709,1.37396,0,2,ITA-Serie A,2223
2023-01-29 17:00:00,Lazio,Fiorentina,1.25871,1.27234,1,1,ITA-Serie A,2223
2023-01-29 19:45:00,Napoli,Roma,1.00111,0.840248,2,1,ITA-Serie A,2223
2023-01-30 19:45:00,Udinese,Verona,2.4832,0.486279,1,1,ITA-Serie A,2223
2023-02-04 14:00:00,Cremonese,Lecce,0.597112,1.5587,0,2,ITA-Serie A,2223
2023-02-04 17:00:00,Roma,Empoli,2.2831,1.42102,2,0,ITA-Serie A,2223
2023-02-04 19:45:00,Sassuolo,Atalanta,1.11218,0.295481,1,0,ITA-Serie A,2223
2023-02-05 17:00:00,Fiorentina,Bologna,1.33534,1.82438,1,2,ITA-Serie A,2223
2023-02-05 19:45:00,Inter,AC Milan,0.7617,0.20882,1,0,ITA-Serie A,2223
2023-02-05 11:30:00,Spezia,Napoli,0.407354,1.80405,0,3,ITA-Serie A,2223
2023-02-05 14:00:00,Torino,Udinese,1.39626,0.461006,1,0,ITA-Serie A,2223
2023-02-06 19:45:00,Monza,Sampdoria,2.17396,1.5131,2,2,ITA-Serie A,2223
2023-02-06 17:30:00,Verona,Lazio,1.21157,0.755429,1,1,ITA-Serie A,2223
2023-02-07 19:45:00,Salernitana,Juventus,0.516144,2.89699,0,3,ITA-Serie A,2223
2023-02-10 19:45:00,AC Milan,Torino,1.73339,0.762177,1,0,ITA-Serie A,2223
2023-02-11 14:00:00,Empoli,Spezia,1.31083,1.85869,2,2,ITA-Serie A,2223
2023-02-11 19:45:00,Lazio,Atalanta,0.750085,3.35025,0,2,ITA-Serie A,2223
2023-02-11 17:00:00,Lecce,Roma,0.385596,1.9116,1,1,ITA-Serie A,2223
2023-02-12 14:00:00,Bologna,Monza,0.435137,0.771658,0,1,ITA-Serie A,2223
2023-02-12 17:00:00,Juventus,Fiorentina,1.48805,0.664528,1,0,ITA-Serie A,2223
2023-02-12 19:45:00,Napoli,Cremonese,1.88832,0.15718,3,0,ITA-Serie A,2223
2023-02-12 11:30:00,Udinese,Sassuolo,1.26596,0.366407,2,2,ITA-Serie A,2223
2023-02-13 19:45:00,Sampdoria,Inter,0.478178,1.53473,0,0,ITA-Serie A,2223
2023-02-13 17:30:00,Verona,Salernitana,1.41093,0.83116,1,0,ITA-Serie A,2223
2023-02-17 19:45:00,Sassuolo,Napoli,0.834544,2.16647,0,2,ITA-Serie A,2223
2023-02-18 19:45:00,Inter,Udinese,2.73622,0.640201,3,1,ITA-Serie A,2223
2023-02-18 17:00:00,Monza,AC Milan,0.406294,2.86999,0,1,ITA-Serie A,2223
2023-02-18 14:00:00,Sampdoria,Bologna,2.60391,0.714025,1,2,ITA-Serie A,2223
2023-02-19 11:30:00,Atalanta,Lecce,1.41005,0.522898,1,2,ITA-Serie A,2223
2023-02-19 14:00:00,Fiorentina,Empoli,2.15571,0.627418,1,1,ITA-Serie A,2223
2023-02-19 19:45:00,Roma,Verona,1.21643,0.578592,1,0,ITA-Serie A,2223
2023-02-19 14:00:00,Salernitana,Lazio,0.337378,3.08929,0,2,ITA-Serie A,2223
2023-02-19 17:00:00,Spezia,Juventus,0.836135,1.414,0,2,ITA-Serie A,2223
2023-02-20 19:45:00,Torino,Cremonese,2.40761,0.488613,2,2,ITA-Serie A,2223
2023-02-25 17:00:00,Empoli,Napoli,0.380337,2.54452,0,2,ITA-Serie A,2223
2023-02-25 19:45:00,Lecce,Sassuolo,1.1937,1.0752,0,1,ITA-Serie A,2223
2023-02-26 19:45:00,AC Milan,Atalanta,2.09197,0.0994278,2,0,ITA-Serie A,2223
2023-02-26 11:30:00,Bologna,Inter,1.06501,1.14705,1,0,ITA-Serie A,2223
2023-02-26 14:00:00,Salernitana,Monza,2.5863,1.26116,3,0,ITA-Serie A,2223
2023-02-26 17:00:00,Udinese,Spezia,2.82563,2.0555,2,2,ITA-Serie A,2223
2023-02-27 19:45:00,Lazio,Sampdoria,1.57889,0.374617,1,0,ITA-Serie A,2223
2023-02-27 17:30:00,Verona,Fiorentina,1.79742,1.9106,0,3,ITA-Serie A,2223
2023-02-28 17:30:00,Cremonese,Roma,0.993955,0.650695,2,1,ITA-Serie A,2223
2023-02-28 19:45:00,Juventus,Torino,1.52038,0.972144,4,2,ITA-Serie A,2223
2023-03-03 19:45:00,Napoli,Lazio,0.772343,0.225477,0,1,ITA-Serie A,2223
2023-03-04 17:00:00,Atalanta,Udinese,1.48158,0.244798,0,0,ITA-Serie A,2223
2023-03-04 19:45:00,Fiorentina,AC Milan,2.04733,0.679884,2,1,ITA-Serie A,2223
2023-03-04 14:00:00,Monza,Empoli,0.966878,0.964274,2,1,ITA-Serie A,2223
2023-03-05 17:00:00,Inter,Lecce,0.936784,0.477087,2,0,ITA-Serie A,2223
2023-03-05 19:45:00,Roma,Juventus,0.534608,0.722595,1,0,ITA-Serie A,2223
2023-03-05 14:00:00,Sampdoria,Salernitana,0.554784,0.653093,0,0,ITA-Serie A,2223
2023-03-05 11:30:00,Spezia,Verona,1.17042,0.96044,0,0,ITA-Serie A,2223
2023-03-06 17:30:00,Sassuolo,Cremonese,1.04818,1.25832,3,2,ITA-Serie A,2223
2023-03-06 19:45:00,Torino,Bologna,1.03473,0.420593,1,0,ITA-Serie A,2223
2023-03-10 19:45:00,Spezia,Inter,0.979758,3.46552,2,1,ITA-Serie A,2223
2023-03-11 19:45:00,Bologna,Lazio,1.09225,0.559995,0,0,ITA-Serie A,2223
2023-03-11 14:00:00,Empoli,Udinese,1.15849,1.05986,0,1,ITA-Serie A,2223
2023-03-11 17:00:00,Napoli,Atalanta,1.40151,0.20196,2,0,ITA-Serie A,2223
2023-03-12 14:00:00,Cremonese,Fiorentina,1.43995,1.19417,0,2,ITA-Serie A,2223
2023-03-12 19:45:00,Juventus,Sampdoria,2.83726,0.487533,4,2,ITA-Serie A,2223
2023-03-12 11:30:00,Lecce,Torino,0.338149,1.11715,0,2,ITA-Serie A,2223
2023-03-12 17:00:00,Roma,Sassuolo,1.22501,3.41384,3,4,ITA-Serie A,2223
2023-03-12 14:00:00,Verona,Monza,0.584744,1.07345,1,1,ITA-Serie A,2223
2023-03-13 19:45:00,AC Milan,Salernitana,2.71062,0.675211,1,1,ITA-Serie A,2223
2023-03-17 19:45:00,Atalanta,Empoli,3.55256,1.32533,2,1,ITA-Serie A,2223
2023-03-17 17:30:00,Sassuolo,Spezia,2.0765,0.767389,1,0,ITA-Serie A,2223
2023-03-18 14:00:00,Monza,Cremonese,1.11436,0.723507,1,1,ITA-Serie A,2223
2023-03-18 17:00:00,Salernitana,Bologna,0.713612,0.363647,2,2,ITA-Serie A,2223
2023-03-18 19:45:00,Udinese,AC Milan,2.17412,1.83354,3,1,ITA-Serie A,2223
2023-03-19 14:00:00,Fiorentina,Lecce,1.30231,0.354619,1,0,ITA-Serie A,2223
2023-03-19 19:45:00,Inter,Juventus,1.07278,0.460517,0,1,ITA-Serie A,2223
2023-03-19 17:00:00,Lazio,Roma,0.734907,0.770783,1,0,ITA-Serie A,2223
2023-03-19 11:30:00,Sampdoria,Verona,1.63263,1.24738,3,1,ITA-Serie A,2223
2023-03-19 14:00:00,Torino,Napoli,1.42018,2.6715,0,4,ITA-Serie A,2223
2023-04-01 13:00:00,Cremonese,Atalanta,1.41841,3.0016,1,3,ITA-Serie A,2223
2023-04-01 16:00:00,Inter,Fiorentina,3.1446,1.31666,0,1,ITA-Serie A,2223
2023-04-01 18:45:00,Juventus,Verona,1.62901,0.406105,1,0,ITA-Serie A,2223
2023-04-02 10:30:00,Bologna,Udinese,1.29647,0.765574,3,0,ITA-Serie A,2223
2023-04-02 13:00:00,Monza,Lazio,1.54801,0.496678,0,2,ITA-Serie A,2223
2023-04-02 18:45:00,Napoli,AC Milan,1.17709,2.65298,0,4,ITA-Serie A,2223
2023-04-02 16:00:00,Roma,Sampdoria,3.16,0.249188,3,0,ITA-Serie A,2223
2023-04-02 13:00:00,Spezia,Salernitana,1.67704,1.06944,1,1,ITA-Serie A,2223
2023-04-03 16:30:00,Empoli,Lecce,1.78579,0.147883,1,0,ITA-Serie A,2223
2023-04-03 18:45:00,Sassuolo,Torino,1.37696,1.86965,1,1,ITA-Serie A,2223
2023-04-07 19:00:00,AC Milan,Empoli,2.23861,0.0994945,0,0,ITA-Serie A,2223
2023-04-07 17:00:00,Lecce,Napoli,0.812341,1.04784,1,2,ITA-Serie A,2223
2023-04-07 15:00:00,Salernitana,Inter,0.86082,2.98043,1,1,ITA-Serie A,2223
2023-04-08 14:30:00,Atalanta,Bologna,1.36434,1.48593,0,2,ITA-Serie A,2223
2023-04-08 12:30:00,Fiorentina,Spezia,0.920716,1.05143,1,1,ITA-Serie A,2223
2023-04-08 18:45:00,Lazio,Juventus,1.1873,2.18145,2,1,ITA-Serie A,2223
2023-04-08 14:30:00,Sampdoria,Cremonese,2.63086,1.12248,2,3,ITA-Serie A,2223
2023-04-08 16:30:00,Torino,Roma,0.256844,1.10917,0,1,ITA-Serie A,2223
2023-04-08 10:30:00,Udinese,Monza,1.59287,1.44568,2,2,ITA-Serie A,2223
2023-04-08 16:30:00,Verona,Sassuolo,0.274094,1.66876,2,1,ITA-Serie A,2223
2023-04-14 16:30:00,Cremonese,Empoli,1.06807,0.858907,1,0,ITA-Serie A,2223
2023-04-14 18:45:00,Spezia,Lazio,0.725806,3.07575,0,3,ITA-Serie A,2223
2023-04-15 13:00:00,Bologna,AC Milan,0.76877,1.40673,1,1,ITA-Serie A,2223
2023-04-15 18:45:00,Inter,Monza,1.89009,0.87771,0,1,ITA-Serie A,2223
2023-04-15 16:00:00,Napoli,Verona,0.325523,0.356606,0,0,ITA-Serie A,2223
2023-04-16 10:30:00,Lecce,Sampdoria,3.03997,0.668479,1,1,ITA-Serie A,2223
2023-04-16 18:45:00,Roma,Udinese,2.41542,1.13306,3,0,ITA-Serie A,2223
2023-04-16 16:00:00,Sassuolo,Juventus,1.13145,0.652728,1,0,ITA-Serie A,2223
2023-04-16 13:00:00,Torino,Salernitana,1.71858,0.495441,1,1,ITA-Serie A,2223
2023-04-17 18:45:00,Fiorentina,Atalanta,2.06843,0.717066,1,1,ITA-Serie A,2223
2023-04-21 18:45:00,Verona,Bologna,1.58693,1.54636,2,1,ITA-Serie A,2223
2023-04-22 16:00:00,Lazio,Torino,0.852358,0.805452,0,1,ITA-Serie A,2223
2023-04-22 13:00:00,Salernitana,Sassuolo,1.3216,0.548493,3,0,ITA-Serie A,2223
2023-04-22 18:45:00,Sampdoria,Spezia,1.77069,2.40982,1,1,ITA-Serie A,2223
2023-04-23 16:00:00,AC Milan,Lecce,0.96313,1.02889,2,0,ITA-Serie A,2223
2023-04-23 10:30:00,Empoli,Inter,0.643303,1.17139,0,3,ITA-Serie A,2223
2023-04-23 18:45:00,Juventus,Napoli,0.276119,1.73457,0,1,ITA-Serie A,2223
2023-04-23 13:00:00,Monza,Fiorentina,1.77358,1.23977,3,2,ITA-Serie A,2223
2023-04-23 13:00:00,Udinese,Cremonese,1.62407,0.996906,3,0,ITA-Serie A,2223
2023-04-24 18:45:00,Atalanta,Roma,1.14526,1.52876,3,1,ITA-Serie A,2223
2023-04-28 16:30:00,Lecce,Udinese,1.67129,0.438409,1,0,ITA-Serie A,2223
2023-04-28 18:45:00,Spezia,Monza,1.47171,1.13564,0,2,ITA-Serie A,2223
2023-04-29 16:00:00,Roma,AC Milan,1.17939,1.37361,1,1,ITA-Serie A,2223
2023-04-29 18:45:00,Torino,Atalanta,0.660685,0.732456,1,2,ITA-Serie A,2223
2023-04-30 18:45:00,Bologna,Juventus,1.94769,2.45408,1,1,ITA-Serie A,2223
2023-04-30 13:00:00,Cremonese,Verona,0.547558,0.863565,1,1,ITA-Serie A,2223
2023-04-30 16:00:00,Fiorentina,Sampdoria,2.0443,0.318861,5,0,ITA-Serie A,2223
2023-04-30 10:30:00,Inter,Lazio,2.82534,0.944853,3,1,ITA-Serie A,2223
2023-04-30 14:00:00,Napoli,Salernitana,1.92667,0.250709,1,1,ITA-Serie A,2223
2023-04-30 13:00:00,Sassuolo,Empoli,2.28513,0.792643,2,1,ITA-Serie A,2223
2023-05-03 19:00:00,AC Milan,Cremonese,2.0138,1.02505,1,1,ITA-Serie A,2223
2023-05-03 16:00:00,Atalanta,Spezia,0.894125,0.817784,3,2,ITA-Serie A,2223
2023-05-03 16:00:00,Juventus,Lecce,1.71206,1.3193,2,1,ITA-Serie A,2223
2023-05-03 19:00:00,Lazio,Sassuolo,1.99041,0.665627,2,0,ITA-Serie A,2223
2023-05-03 19:00:00,Monza,Roma,0.412432,1.28561,1,1,ITA-Serie A,2223
2023-05-03 16:00:00,Salernitana,Fiorentina,0.995581,1.68787,3,3,ITA-Serie A,2223
2023-05-03 16:00:00,Sampdoria,Torino,0.253121,2.16016,0,2,ITA-Serie A,2223
2023-05-03 19:00:00,Verona,Inter,0.654593,3.16521,0,6,ITA-Serie A,2223
2023-05-04 18:45:00,Empoli,Bologna,1.46309,1.83365,3,1,ITA-Serie A,2223
2023-05-04 18:45:00,Udinese,Napoli,0.32403,0.35022,1,1,ITA-Serie A,2223
2023-05-06 13:00:00,AC Milan,Lazio,1.41951,0.896204,2,0,ITA-Serie A,2223
2023-05-06 18:45:00,Cremonese,Spezia,0.7603,0.784032,2,0,ITA-Serie A,2223
2023-05-06 16:00:00,Roma,Inter,0.875041,1.22382,0,2,ITA-Serie A,2223
2023-05-07 10:30:00,Atalanta,Juventus,0.898943,1.43164,0,2,ITA-Serie A,2223
2023-05-07 18:45:00,Lecce,Verona,0.552346,0.591222,0,1,ITA-Serie A,2223
2023-05-07 16:00:00,Napoli,Fiorentina,1.90483,1.15411,1,0,ITA-Serie A,2223
2023-05-07 13:00:00,Torino,Monza,0.773939,0.689637,1,1,ITA-Serie A,2223
2023-05-08 16:30:00,Empoli,Salernitana,2.47536,0.46871,2,1,ITA-Serie A,2223
2023-05-08 18:45:00,Sassuolo,Bologna,0.308471,0.293231,1,1,ITA-Serie A,2223
2023-05-08 16:30:00,Udinese,Sampdoria,1.05129,0.576272,2,0,ITA-Serie A,2223
2023-05-12 18:45:00,Lazio,Lecce,1.35224,1.21029,2,2,ITA-Serie A,2223
2023-05-13 18:45:00,Inter,Sassuolo,1.4916,2.1993,4,2,ITA-Serie A,2223
2023-05-13 13:00:00,Salernitana,Atalanta,0.778212,1.38826,1,0,ITA-Serie A,2223
2023-05-13 16:00:00,Spezia,AC Milan,1.61806,0.877761,2,0,ITA-Serie A,2223
2023-05-14 16:00:00,Bologna,Roma,0.303645,1.35745,0,0,ITA-Serie A,2223
2023-05-14 13:00:00,Fiorentina,Udinese,2.33928,0.220248,2,0,ITA-Serie A,2223
2023-05-14 18:45:00,Juventus,Cremonese,1.80205,0.0587152,2,0,ITA-Serie A,2223
2023-05-14 13:00:00,Monza,Napoli,1.37675,1.11029,2,0,ITA-Serie A,2223
2023-05-14 10:30:00,Verona,Torino,0.409553,2.47106,0,1,ITA-Serie A,2223
2023-05-15 18:45:00,Sampdoria,Empoli,1.11997,1.13938,1,1,ITA-Serie A,2223
2023-05-19 18:45:00,Sassuolo,Monza,1.39346,1.72429,1,2,ITA-Serie A,2223
2023-05-20 18:45:00,AC Milan,Sampdoria,4.81134,0.349816,5,1,ITA-Serie A,2223
2023-05-20 16:00:00,Atalanta,Verona,0.969521,1.17131,3,1,ITA-Serie A,2223
2023-05-20 13:00:00,Cremonese,Bologna,0.994736,2.89722,1,5,ITA-Serie A,2223
2023-05-21 10:30:00,Lecce,Spezia,0.20276,0.714139,0,0,ITA-Serie A,2223
2023-05-21 16:00:00,Napoli,Inter,1.84578,0.730736,3,1,ITA-Serie A,2223
2023-05-21 13:00:00,Torino,Fiorentina,0.817959,0.697558,1,1,ITA-Serie A,2223
2023-05-21 18:45:00,Udinese,Lazio,0.434889,2.09062,0,1,ITA-Serie A,2223
2023-05-22 18:45:00,Empoli,Juventus,3.54313,2.20387,4,1,ITA-Serie A,2223
2023-05-22 16:30:00,Roma,Salernitana,1.28071,1.06809,2,2,ITA-Serie A,2223
2023-05-26 18:45:00,Sampdoria,Sassuolo,2.21953,3.04889,2,2,ITA-Serie A,2223
2023-05-27 16:00:00,Fiorentina,Roma,2.99896,1.26818,2,1,ITA-Serie A,2223
2023-05-27 18:45:00,Inter,Atalanta,2.4865,0.731442,3,2,ITA-Serie A,2223
2023-05-27 13:00:00,Salernitana,Udinese,0.980881,2.39811,3,2,ITA-Serie A,2223
2023-05-27 13:00:00,Spezia,Torino,1.05669,1.46948,0,4,ITA-Serie A,2223
2023-05-28 13:00:00,Bologna,Napoli,1.9362,2.0181,2,2,ITA-Serie A,2223
2023-05-28 18:45:00,Juventus,AC Milan,0.585437,0.662594,0,1,ITA-Serie A,2223
2023-05-28 16:00:00,Lazio,Cremonese,2.45341,0.381018,3,2,ITA-Serie A,2223
2023-05-28 13:00:00,Monza,Lecce,0.948514,1.1109,0,1,ITA-Serie A,2223
2023-05-28 10:30:00,Verona,Empoli,1.12855,1.11829,1,1,ITA-Serie A,2223
2023-06-02 18:30:00,Sassuolo,Fiorentina,1.03485,2.07081,1,3,ITA-Serie A,2223
2023-06-03 19:00:00,Cremonese,Salernitana,1.58052,0.396859,2,0,ITA-Serie A,2223
2023-06-03 19:00:00,Empoli,Lazio,0.271931,1.55959,0,2,ITA-Serie A,2223
2023-06-03 16:30:00,Torino,Inter,1.4179,0.879052,0,1,ITA-Serie A,2223
2023-06-04 19:00:00,AC Milan,Verona,2.26469,0.866359,3,1,ITA-Serie A,2223
2023-06-04 19:00:00,Atalanta,Monza,3.6609,1.4138,5,2,ITA-Serie A,2223
2023-06-04 19:00:00,Lecce,Bologna,1.21291,0.775712,2,3,ITA-Serie A,2223
2023-06-04 16:30:00,Napoli,Sampdoria,1.9182,0.64912,2,0,ITA-Serie A,2223
2023-06-04 19:00:00,Roma,Spezia,2.28038,1.10674,2,1,ITA-Serie A,2223
2023-06-04 19:00:00,Udinese,Juventus,0.955695,1.47447,0,1,ITA-Serie A,2223
2023-08-19 16:30:00,Empoli,Verona,0.844727,0.690842,0,1,ITA-Serie A,2324
2023-08-19 16:30:00,Frosinone,Napoli,0.871157,1.31464,1,3,ITA-Serie A,2324
2023-08-19 18:45:00,Genoa,Fiorentina,0.79732,1.1197,1,4,ITA-Serie A,2324
2023-08-19 18:45:00,Inter,Monza,2.49549,0.581247,2,0,ITA-Serie A,2324
2023-08-20 18:45:00,Lecce,Lazio,1.75411,2.22215,2,1,ITA-Serie A,2324
2023-08-20 16:30:00,Roma,Salernitana,2.00607,0.364297,2,2,ITA-Serie A,2324
2023-08-20 16:30:00,Sassuolo,Atalanta,0.381264,1.50058,0,2,ITA-Serie A,2324
2023-08-20 18:45:00,Udinese,Juventus,1.20988,1.86438,0,3,ITA-Serie A,2324
2023-08-21 18:45:00,Bologna,AC Milan,1.17349,1.1479,0,2,ITA-Serie A,2324
2023-08-21 16:30:00,Torino,Cagliari,1.03099,0.443184,0,0,ITA-Serie A,2324
2023-08-26 18:45:00,AC Milan,Torino,3.25277,0.563184,4,1,ITA-Serie A,2324
2023-08-26 16:30:00,Frosinone,Atalanta,0.760807,1.44199,2,1,ITA-Serie A,2324
2023-08-26 16:30:00,Monza,Empoli,2.0469,1.13824,2,0,ITA-Serie A,2324
2023-08-26 18:45:00,Verona,Roma,0.904461,2.00413,2,1,ITA-Serie A,2324
2023-08-27 16:30:00,Fiorentina,Lecce,1.51003,0.494028,2,2,ITA-Serie A,2324
2023-08-27 16:30:00,Juventus,Bologna,0.915803,0.687398,1,1,ITA-Serie A,2324
2023-08-27 18:45:00,Lazio,Genoa,0.937895,0.69511,0,1,ITA-Serie A,2324
2023-08-27 18:45:00,Napoli,Sassuolo,3.53489,0.145568,2,0,ITA-Serie A,2324
2023-08-28 18:45:00,Cagliari,Inter,0.484344,1.25423,0,2,ITA-Serie A,2324
2023-08-28 16:30:00,Salernitana,Udinese,0.559371,0.548425,1,1,ITA-Serie A,2324
2023-09-01 18:45:00,Roma,AC Milan,0.412392,1.62873,1,2,ITA-Serie A,2324
2023-09-01 16:30:00,Sassuolo,Verona,2.62139,0.555465,3,1,ITA-Serie A,2324
2023-09-02 18:45:00,Atalanta,Monza,1.96499,0.37036,3,0,ITA-Serie A,2324
2023-09-02 16:30:00,Bologna,Cagliari,2.8268,0.537052,2,1,ITA-Serie A,2324
2023-09-02 18:45:00,Napoli,Lazio,1.04344,1.04826,1,2,ITA-Serie A,2324
2023-09-02 16:30:00,Udinese,Frosinone,2.07837,2.41709,0,0,ITA-Serie A,2324
2023-09-03 18:45:00,Empoli,Juventus,0.304187,3.04937,0,2,ITA-Serie A,2324
2023-09-03 16:30:00,Inter,Fiorentina,5.21474,0.346607,4,0,ITA-Serie A,2324
2023-09-03 18:45:00,Lecce,Salernitana,1.83665,1.05367,2,0,ITA-Serie A,2324
2023-09-03 16:30:00,Torino,Genoa,0.481429,0.102008,1,0,ITA-Serie A,2324
2023-09-16 18:45:00,Genoa,Napoli,1.33007,0.984291,2,2,ITA-Serie A,2324
2023-09-16 16:00:00,Inter,AC Milan,2.95417,0.989611,5,1,ITA-Serie A,2324
2023-09-16 13:00:00,Juventus,Lazio,2.6734,0.704843,3,1,ITA-Serie A,2324
2023-09-17 10:30:00,Cagliari,Udinese,2.2007,0.836992,0,0,ITA-Serie A,2324
2023-09-17 16:00:00,Fiorentina,Atalanta,1.4533,0.632092,3,2,ITA-Serie A,2324
2023-09-17 13:00:00,Frosinone,Sassuolo,2.97022,1.93433,4,2,ITA-Serie A,2324
2023-09-17 13:00:00,Monza,Lecce,3.29559,0.895727,1,1,ITA-Serie A,2324
2023-09-17 18:45:00,Roma,Empoli,2.49292,0.166755,7,0,ITA-Serie A,2324
2023-09-18 16:30:00,Salernitana,Torino,0.694683,1.54562,0,3,ITA-Serie A,2324
2023-09-18 18:45:00,Verona,Bologna,0.408446,0.896605,0,0,ITA-Serie A,2324
2023-09-22 18:45:00,Lecce,Genoa,1.00903,0.532474,1,0,ITA-Serie A,2324
2023-09-22 16:30:00,Salernitana,Frosinone,0.834621,0.98737,1,1,ITA-Serie A,2324
2023-09-23 13:00:00,AC Milan,Verona,0.916672,0.845815,1,0,ITA-Serie A,2324
2023-09-23 18:45:00,Lazio,Monza,1.02354,1.80956,1,1,ITA-Serie A,2324
2023-09-23 16:00:00,Sassuolo,Juventus,1.74238,1.36816,4,2,ITA-Serie A,2324
2023-09-24 13:00:00,Atalanta,Cagliari,1.67724,1.00314,2,0,ITA-Serie A,2324
2023-09-24 16:00:00,Bologna,Napoli,0.184666,1.84847,0,0,ITA-Serie A,2324
2023-09-24 10:30:00,Empoli,Inter,0.330665,1.63518,0,1,ITA-Serie A,2324
2023-09-24 18:45:00,Torino,Roma,1.10678,1.10764,1,1,ITA-Serie A,2324
2023-09-24 13:00:00,Udinese,Fiorentina,2.40063,0.281122,0,2,ITA-Serie A,2324
2023-09-26 18:45:00,Juventus,Lecce,1.64987,0.0667791,1,0,ITA-Serie A,2324
2023-09-27 16:30:00,Cagliari,AC Milan,0.67613,2.10838,1,3,ITA-Serie A,2324
2023-09-27 16:30:00,Empoli,Salernitana,2.29107,0.477434,1,0,ITA-Serie A,2324
2023-09-27 18:45:00,Inter,Sassuolo,1.02458,1.02404,1,2,ITA-Serie A,2324
2023-09-27 18:45:00,Lazio,Torino,0.773684,0.213455,2,0,ITA-Serie A,2324
2023-09-27 18:45:00,Napoli,Udinese,3.70921,0.82191,4,1,ITA-Serie A,2324
2023-09-27 16:30:00,Verona,Atalanta,0.325267,1.38356,0,1,ITA-Serie A,2324
2023-09-28 16:30:00,Frosinone,Fiorentina,0.976021,1.45269,1,1,ITA-Serie A,2324
2023-09-28 18:45:00,Genoa,Roma,1.59801,1.29625,4,1,ITA-Serie A,2324
2023-09-28 16:30:00,Monza,Bologna,1.02777,1.04179,0,0,ITA-Serie A,2324
2023-09-30 16:00:00,AC Milan,Lazio,2.69178,0.502537,2,0,ITA-Serie A,2324
2023-09-30 13:00:00,Lecce,Napoli,0.612649,2.71689,0,4,ITA-Serie A,2324
2023-09-30 18:45:00,Salernitana,Inter,0.620122,2.5554,0,4,ITA-Serie A,2324
2023-10-01 16:00:00,Atalanta,Juventus,1.97735,0.203059,0,0,ITA-Serie A,2324
2023-10-01 10:30:00,Bologna,Empoli,3.28867,1.04905,3,0,ITA-Serie A,2324
2023-10-01 18:45:00,Roma,Frosinone,0.830718,0.791935,2,0,ITA-Serie A,2324
2023-10-01 13:00:00,Udinese,Genoa,1.53115,0.83333,2,2,ITA-Serie A,2324
2023-10-02 18:45:00,Fiorentina,Cagliari,1.52678,0.81356,3,0,ITA-Serie A,2324
2023-10-02 16:30:00,Sassuolo,Monza,1.49022,1.84951,0,1,ITA-Serie A,2324
2023-10-02 16:30:00,Torino,Verona,0.617691,0.273624,0,0,ITA-Serie A,2324
2023-10-06 16:30:00,Empoli,Udinese,1.00116,1.23968,0,0,ITA-Serie A,2324
2023-10-06 18:45:00,Lecce,Sassuolo,1.51817,1.74518,1,1,ITA-Serie A,2324
2023-10-07 18:45:00,Genoa,AC Milan,0.353901,0.898603,0,1,ITA-Serie A,2324
2023-10-07 13:00:00,Inter,Bologna,0.705274,1.04766,2,2,ITA-Serie A,2324
2023-10-07 16:00:00,Juventus,Torino,2.40906,0.592513,2,0,ITA-Serie A,2324
2023-10-08 16:00:00,Cagliari,Roma,1.76268,3.3327,1,4,ITA-Serie A,2324
2023-10-08 13:00:00,Frosinone,Verona,1.91977,0.506291,2,1,ITA-Serie A,2324
2023-10-08 13:00:00,Lazio,Atalanta,1.65045,1.0016,3,2,ITA-Serie A,2324
2023-10-08 10:30:00,Monza,Salernitana,3.73783,0.999628,3,0,ITA-Serie A,2324
2023-10-08 18:45:00,Napoli,Fiorentina,1.77418,1.76863,1,3,ITA-Serie A,2324
2023-10-21 18:45:00,Sassuolo,Lazio,0.319165,2.93562,0,2,ITA-Serie A,2324
2023-10-21 16:00:00,Torino,Inter,0.596799,2.44253,0,3,ITA-Serie A,2324
2023-10-21 13:00:00,Verona,Napoli,0.87241,2.65531,1,3,ITA-Serie A,2324
2023-10-22 18:45:00,AC Milan,Juventus,0.238518,1.80571,0,1,ITA-Serie A,2324
2023-10-22 16:00:00,Atalanta,Genoa,1.97081,1.04166,2,0,ITA-Serie A,2324
2023-10-22 13:00:00,Bologna,Frosinone,1.63336,1.42786,2,1,ITA-Serie A,2324
2023-10-22 10:30:00,Roma,Monza,2.53278,0.423669,1,0,ITA-Serie A,2324
2023-10-22 13:00:00,Salernitana,Cagliari,1.33333,1.4958,2,2,ITA-Serie A,2324
2023-10-23 18:45:00,Fiorentina,Empoli,0.764401,1.79488,0,2,ITA-Serie A,2324
2023-10-23 16:30:00,Udinese,Lecce,2.58184,0.808325,1,1,ITA-Serie A,2324
2023-10-27 18:45:00,Genoa,Salernitana,0.40726,0.778619,1,0,ITA-Serie A,2324
2023-10-28 18:45:00,Juventus,Verona,3.64831,0.318759,1,0,ITA-Serie A,2324
2023-10-28 16:00:00,Lecce,Torino,0.462357,1.33241,0,1,ITA-Serie A,2324
2023-10-28 13:00:00,Sassuolo,Bologna,0.864789,0.829724,1,1,ITA-Serie A,2324
2023-10-29 11:30:00,Cagliari,Frosinone,4.07472,1.29593,4,3,ITA-Serie A,2324
2023-10-29 17:00:00,Inter,Roma,2.25314,0.495306,1,0,ITA-Serie A,2324
2023-10-29 14:00:00,Monza,Udinese,0.40283,1.05616,1,1,ITA-Serie A,2324
2023-10-29 19:45:00,Napoli,AC Milan,1.50253,2.37489,2,2,ITA-Serie A,2324
2023-10-30 17:30:00,Empoli,Atalanta,0.271851,2.19175,0,3,ITA-Serie A,2324
2023-10-30 19:45:00,Lazio,Fiorentina,2.36178,0.389451,1,0,ITA-Serie A,2324
2023-11-03 19:45:00,Bologna,Lazio,0.698258,0.462021,1,0,ITA-Serie A,2324
2023-11-04 19:45:00,AC Milan,Udinese,1.28493,2.1049,0,1,ITA-Serie A,2324
2023-11-04 17:00:00,Atalanta,Inter,1.36089,1.39642,1,2,ITA-Serie A,2324
2023-11-04 14:00:00,Salernitana,Napoli,0.322231,1.67658,0,2,ITA-Serie A,2324
2023-11-05 14:00:00,Cagliari,Genoa,1.26944,0.669834,2,1,ITA-Serie A,2324
2023-11-05 19:45:00,Fiorentina,Juventus,0.675388,0.855784,0,1,ITA-Serie A,2324
2023-11-05 17:00:00,Roma,Lecce,2.55177,1.20256,2,1,ITA-Serie A,2324
2023-11-05 11:30:00,Verona,Monza,1.12724,1.39014,1,3,ITA-Serie A,2324
2023-11-06 17:30:00,Frosinone,Empoli,0.80376,1.87117,2,1,ITA-Serie A,2324
2023-11-06 19:45:00,Torino,Sassuolo,3.43408,0.499189,2,1,ITA-Serie A,2324
2023-11-10 19:45:00,Genoa,Verona,2.04226,0.2458,1,0,ITA-Serie A,2324
2023-11-10 17:30:00,Sassuolo,Salernitana,2.4684,0.946956,2,2,ITA-Serie A,2324
2023-11-11 17:00:00,Juventus,Cagliari,3.04248,0.477922,2,1,ITA-Serie A,2324
2023-11-11 14:00:00,Lecce,AC Milan,1.99035,2.22404,2,2,ITA-Serie A,2324
2023-11-11 19:45:00,Monza,Torino,1.16628,0.819686,1,1,ITA-Serie A,2324
2023-11-12 14:00:00,Fiorentina,Bologna,1.57435,2.31019,2,1,ITA-Serie A,2324
2023-11-12 20:45:00,Inter,Frosinone,3.2782,0.58612,2,0,ITA-Serie A,2324
2023-11-12 17:00:00,Lazio,Roma,0.398131,0.320262,0,0,ITA-Serie A,2324
2023-11-12 11:30:00,Napoli,Empoli,1.06052,0.38859,0,1,ITA-Serie A,2324
2023-11-12 14:00:00,Udinese,Atalanta,1.21433,0.575292,1,1,ITA-Serie A,2324
2023-11-25 19:45:00,AC Milan,Fiorentina,1.78395,1.69486,1,0,ITA-Serie A,2324
2023-11-25 17:00:00,Atalanta,Napoli,0.880466,2.51076,1,2,ITA-Serie A,2324
2023-11-25 14:00:00,Salernitana,Lazio,1.40102,1.83536,2,1,ITA-Serie A,2324
2023-11-26 11:30:00,Cagliari,Monza,1.58663,0.802396,1,1,ITA-Serie A,2324
2023-11-26 14:00:00,Empoli,Sassuolo,1.47716,2.97603,3,4,ITA-Serie A,2324
2023-11-26 14:00:00,Frosinone,Genoa,0.990501,1.82552,2,1,ITA-Serie A,2324
2023-11-26 19:45:00,Juventus,Inter,0.488914,0.692636,1,1,ITA-Serie A,2324
2023-11-26 17:00:00,Roma,Udinese,1.25942,0.532293,3,1,ITA-Serie A,2324
2023-11-27 19:45:00,Bologna,Torino,1.34938,0.573292,2,0,ITA-Serie A,2324
2023-11-27 17:30:00,Verona,Lecce,1.94683,1.52186,2,2,ITA-Serie A,2324
2023-12-01 18:45:00,Monza,Juventus,0.656513,2.95935,1,2,ITA-Serie A,2324
2023-12-02 19:45:00,AC Milan,Frosinone,1.01016,0.728766,3,1,ITA-Serie A,2324
2023-12-02 14:00:00,Genoa,Empoli,0.832928,0.753276,1,1,ITA-Serie A,2324
2023-12-02 17:00:00,Lazio,Cagliari,2.50417,0.613719,1,0,ITA-Serie A,2324
2023-12-03 14:00:00,Fiorentina,Salernitana,3.06935,0.780756,3,0,ITA-Serie A,2324
2023-12-03 11:30:00,Lecce,Bologna,1.65827,1.51659,1,1,ITA-Serie A,2324
2023-12-03 19:45:00,Napoli,Inter,0.787314,2.58503,0,3,ITA-Serie A,2324
2023-12-03 17:00:00,Sassuolo,Roma,0.916551,1.9994,1,2,ITA-Serie A,2324
2023-12-03 14:00:00,Udinese,Verona,2.14774,1.56674,3,3,ITA-Serie A,2324
2023-12-04 19:45:00,Torino,Atalanta,1.63866,0.345831,3,0,ITA-Serie A,2324
2023-12-08 19:45:00,Juventus,Napoli,0.662608,1.00524,1,0,ITA-Serie A,2324
2023-12-09 17:00:00,Atalanta,AC Milan,3.10106,1.00625,3,2,ITA-Serie A,2324
2023-12-09 19:45:00,Inter,Udinese,3.34151,0.847308,4,0,ITA-Serie A,2324
2023-12-09 14:00:00,Verona,Lazio,0.792676,1.01398,1,1,ITA-Serie A,2324
2023-12-10 11:30:00,Frosinone,Torino,1.50797,1.06355,0,0,ITA-Serie A,2324
2023-12-10 14:00:00,Monza,Genoa,0.67177,1.74997,1,0,ITA-Serie A,2324
2023-12-10 19:45:00,Roma,Fiorentina,0.702857,0.975261,1,1,ITA-Serie A,2324
2023-12-10 17:00:00,Salernitana,Bologna,0.601235,1.67302,1,2,ITA-Serie A,2324
2023-12-11 19:45:00,Cagliari,Sassuolo,1.2382,1.29012,2,1,ITA-Serie A,2324
2023-12-11 17:30:00,Empoli,Lecce,1.8919,0.985028,1,1,ITA-Serie A,2324
2023-12-15 19:45:00,Genoa,Juventus,0.844502,2.10424,1,1,ITA-Serie A,2324
2023-12-16 14:00:00,Lecce,Frosinone,0.729342,1.84133,2,1,ITA-Serie A,2324
2023-12-16 17:00:00,Napoli,Cagliari,3.03273,1.83831,2,1,ITA-Serie A,2324
2023-12-16 19:45:00,Torino,Empoli,2.11343,0.28927,1,0,ITA-Serie A,2324
2023-12-17 11:30:00,AC Milan,Monza,2.26584,1.42821,3,0,ITA-Serie A,2324
2023-12-17 17:00:00,Bologna,Roma,0.782175,0.566461,2,0,ITA-Serie A,2324
2023-12-17 14:00:00,Fiorentina,Verona,0.330363,2.92504,1,0,ITA-Serie A,2324
2023-12-17 19:45:00,Lazio,Inter,1.63799,1.69409,0,2,ITA-Serie A,2324
2023-12-17 14:00:00,Udinese,Sassuolo,0.750879,2.90114,2,2,ITA-Serie A,2324
2023-12-18 19:45:00,Atalanta,Salernitana,2.34764,0.976758,4,1,ITA-Serie A,2324
2023-12-22 17:30:00,Empoli,Lazio,0.659249,1.95383,0,2,ITA-Serie A,2324
2023-12-22 19:45:00,Monza,Fiorentina,0.659021,1.95676,0,1,ITA-Serie A,2324
2023-12-22 19:45:00,Salernitana,AC Milan,1.14336,2.9432,2,2,ITA-Serie A,2324
2023-12-22 17:30:00,Sassuolo,Genoa,2.17129,1.3709,1,2,ITA-Serie A,2324
2023-12-23 14:00:00,Bologna,Atalanta,0.986587,1.59382,1,0,ITA-Serie A,2324
2023-12-23 11:30:00,Frosinone,Juventus,0.495508,1.27523,1,2,ITA-Serie A,2324
2023-12-23 17:00:00,Inter,Lecce,3.28691,1.1279,2,0,ITA-Serie A,2324
2023-12-23 19:45:00,Roma,Napoli,2.06895,0.44093,2,0,ITA-Serie A,2324
2023-12-23 14:00:00,Torino,Udinese,0.666821,0.919531,1,1,ITA-Serie A,2324
2023-12-23 17:00:00,Verona,Cagliari,0.986759,1.20911,2,0,ITA-Serie A,2324
2023-12-29 17:30:00,Fiorentina,Torino,0.885643,0.439657,1,0,ITA-Serie A,2324
2023-12-29 19:45:00,Genoa,Inter,0.410279,1.8593,1,1,ITA-Serie A,2324
2023-12-29 19:45:00,Lazio,Frosinone,1.74892,1.13132,3,1,ITA-Serie A,2324
2023-12-29 17:30:00,Napoli,Monza,2.37308,1.09674,0,0,ITA-Serie A,2324
2023-12-30 17:00:00,AC Milan,Sassuolo,1.49842,0.40374,1,0,ITA-Serie A,2324
2023-12-30 11:30:00,Atalanta,Lecce,1.4919,1.38509,1,0,ITA-Serie A,2324
2023-12-30 14:00:00,Cagliari,Empoli,1.4357,0.222516,0,0,ITA-Serie A,2324
2023-12-30 19:45:00,Juventus,Roma,1.63273,0.39518,1,0,ITA-Serie A,2324
2023-12-30 14:00:00,Udinese,Bologna,1.53169,0.766703,3,0,ITA-Serie A,2324
2023-12-30 17:00:00,Verona,Salernitana,0.812164,0.768493,0,1,ITA-Serie A,2324
2024-01-05 19:45:00,Bologna,Genoa,1.35919,0.153342,1,1,ITA-Serie A,2324
2024-01-06 14:00:00,Frosinone,Monza,1.14998,1.45289,2,3,ITA-Serie A,2324
2024-01-06 11:30:00,Inter,Verona,2.12311,1.36479,2,1,ITA-Serie A,2324
2024-01-06 17:00:00,Lecce,Cagliari,1.61147,0.994223,1,1,ITA-Serie A,2324
2024-01-06 19:45:00,Sassuolo,Fiorentina,0.701861,1.4924,1,0,ITA-Serie A,2324
2024-01-07 11:30:00,Empoli,AC Milan,0.945682,1.51431,0,3,ITA-Serie A,2324
2024-01-07 19:45:00,Roma,Atalanta,2.58182,1.11144,1,1,ITA-Serie A,2324
2024-01-07 17:00:00,Salernitana,Juventus,0.930992,1.82515,1,2,ITA-Serie A,2324
2024-01-07 14:00:00,Torino,Napoli,2.13004,1.14787,3,0,ITA-Serie A,2324
2024-01-07 14:00:00,Udinese,Lazio,0.612027,0.498208,1,2,ITA-Serie A,2324
2024-01-13 14:00:00,Genoa,Torino,0.575708,0.30855,0,0,ITA-Serie A,2324
2024-01-13 19:45:00,Monza,Inter,1.07372,4.72502,1,5,ITA-Serie A,2324
2024-01-13 14:00:00,Napoli,Salernitana,2.73312,0.151576,2,1,ITA-Serie A,2324
2024-01-13 17:00:00,Verona,Empoli,1.25066,0.720625,2,1,ITA-Serie A,2324
2024-01-14 19:45:00,AC Milan,Roma,1.57355,1.23713,3,1,ITA-Serie A,2324
2024-01-14 14:00:00,Cagliari,Bologna,0.48909,0.738045,2,1,ITA-Serie A,2324
2024-01-14 17:00:00,Fiorentina,Udinese,1.66667,1.16643,2,2,ITA-Serie A,2324
2024-01-14 11:30:00,Lazio,Lecce,1.08287,0.971265,1,0,ITA-Serie A,2324
2024-01-15 19:45:00,Atalanta,Frosinone,4.91726,0.434507,5,0,ITA-Serie A,2324
2024-01-16 19:45:00,Juventus,Sassuolo,1.23237,0.29509,3,0,ITA-Serie A,2324
2024-01-20 17:00:00,Roma,Verona,1.4542,1.09599,2,1,ITA-Serie A,2324
2024-01-20 19:45:00,Udinese,AC Milan,0.813024,2.43121,2,3,ITA-Serie A,2324
2024-01-21 14:00:00,Empoli,Monza,1.78103,0.868813,3,0,ITA-Serie A,2324
2024-01-21 11:30:00,Frosinone,Cagliari,2.9278,0.599249,3,1,ITA-Serie A,2324
2024-01-21 19:45:00,Lecce,Juventus,0.493249,2.48407,0,3,ITA-Serie A,2324
2024-01-21 17:00:00,Salernitana,Genoa,1.1539,1.11078,1,2,ITA-Serie A,2324
2024-01-26 19:45:00,Cagliari,Torino,1.97593,2.42275,1,2,ITA-Serie A,2324
2024-01-27 19:45:00,AC Milan,Bologna,3.60116,2.07278,2,2,ITA-Serie A,2324
2024-01-27 14:00:00,Atalanta,Udinese,1.32201,0.616693,2,0,ITA-Serie A,2324
2024-01-27 17:00:00,Juventus,Empoli,0.990773,0.696403,1,1,ITA-Serie A,2324
2024-01-28 19:45:00,Fiorentina,Inter,1.89212,0.617311,0,1,ITA-Serie A,2324
2024-01-28 11:30:00,Genoa,Lecce,2.08542,2.29888,2,1,ITA-Serie A,2324
2024-01-28 17:00:00,Lazio,Napoli,0.414353,0.169707,0,0,ITA-Serie A,2324
2024-01-28 14:00:00,Monza,Sassuolo,0.419129,0.725542,1,0,ITA-Serie A,2324
2024-01-28 14:00:00,Verona,Frosinone,2.29871,1.66579,1,1,ITA-Serie A,2324
2024-01-29 19:45:00,Salernitana,Roma,1.42906,1.48834,1,2,ITA-Serie A,2324
2024-02-02 19:45:00,Lecce,Fiorentina,2.31602,1.07539,3,2,ITA-Serie A,2324
2024-02-03 19:45:00,Bologna,Sassuolo,0.889471,0.898681,4,2,ITA-Serie A,2324
2024-02-03 14:00:00,Empoli,Genoa,0.58479,0.577479,0,0,ITA-Serie A,2324
2024-02-03 17:00:00,Frosinone,AC Milan,1.0672,2.01173,2,3,ITA-Serie A,2324
2024-02-03 14:00:00,Udinese,Monza,0.780762,0.124799,0,0,ITA-Serie A,2324
2024-02-04 17:00:00,Atalanta,Lazio,2.87997,1.29656,3,1,ITA-Serie A,2324
2024-02-04 19:45:00,Inter,Juventus,1.64254,0.597312,1,0,ITA-Serie A,2324
2024-02-04 14:00:00,Napoli,Verona,1.97716,1.18484,2,1,ITA-Serie A,2324
2024-02-04 11:30:00,Torino,Salernitana,0.742534,0.0814573,0,0,ITA-Serie A,2324
2024-02-05 19:45:00,Roma,Cagliari,3.35931,0.503174,4,0,ITA-Serie A,2324
2024-02-09 19:45:00,Salernitana,Empoli,0.799924,2.14988,1,3,ITA-Serie A,2324
2024-02-10 14:00:00,Cagliari,Lazio,0.69339,1.60335,1,3,ITA-Serie A,2324
2024-02-10 17:00:00,Roma,Inter,1.00864,1.24183,2,4,ITA-Serie A,2324
2024-02-10 19:45:00,Sassuolo,Torino,0.803849,1.11139,1,1,ITA-Serie A,2324
2024-02-11 19:45:00,AC Milan,Napoli,1.37304,0.502118,1,0,ITA-Serie A,2324
2024-02-11 14:00:00,Bologna,Lecce,1.77523,1.10831,4,0,ITA-Serie A,2324
2024-02-11 11:30:00,Fiorentina,Frosinone,3.17846,1.2861,5,1,ITA-Serie A,2324
2024-02-11 17:00:00,Genoa,Atalanta,0.906299,2.84643,1,4,ITA-Serie A,2324
2024-02-11 14:00:00,Monza,Verona,0.831924,0.576842,0,0,ITA-Serie A,2324
2024-02-12 19:45:00,Juventus,Udinese,2.01527,1.13222,0,1,ITA-Serie A,2324
2024-02-14 18:00:00,Bologna,Fiorentina,2.65166,0.969673,2,0,ITA-Serie A,2324
2024-02-16 20:00:00,Inter,Salernitana,4.48759,0.0464174,4,0,ITA-Serie A,2324
2024-02-16 18:00:00,Torino,Lecce,1.52802,0.415653,2,0,ITA-Serie A,2324
2024-02-17 19:45:00,Atalanta,Sassuolo,5.00929,1.81361,3,0,ITA-Serie A,2324
2024-02-17 14:00:00,Napoli,Genoa,1.18788,0.285006,1,1,ITA-Serie A,2324
2024-02-17 17:00:00,Verona,Juventus,0.617246,1.80606,2,2,ITA-Serie A,2324
2024-02-18 14:00:00,Empoli,Fiorentina,0.945067,0.920295,1,1,ITA-Serie A,2324
2024-02-18 17:00:00,Frosinone,Roma,1.62402,1.81853,0,3,ITA-Serie A,2324
2024-02-18 11:30:00,Lazio,Bologna,1.14123,1.16044,1,2,ITA-Serie A,2324
2024-02-18 19:45:00,Monza,AC Milan,1.6186,1.33102,4,2,ITA-Serie A,2324
2024-02-18 14:00:00,Udinese,Cagliari,1.17588,0.817344,1,1,ITA-Serie A,2324
2024-02-22 19:45:00,Torino,Lazio,1.94911,0.352376,0,2,ITA-Serie A,2324
2024-02-23 19:45:00,Bologna,Verona,2.33279,0.701896,2,0,ITA-Serie A,2324
2024-02-24 19:45:00,Genoa,Udinese,1.62322,0.322829,2,0,ITA-Serie A,2324
2024-02-24 17:00:00,Salernitana,Monza,0.728802,2.6089,0,2,ITA-Serie A,2324
2024-02-24 14:00:00,Sassuolo,Empoli,1.60152,2.52542,2,3,ITA-Serie A,2324
2024-02-25 19:45:00,AC Milan,Atalanta,1.38915,1.06552,1,1,ITA-Serie A,2324
2024-02-25 14:00:00,Cagliari,Napoli,0.916353,1.46253,1,1,ITA-Serie A,2324
2024-02-25 11:30:00,Juventus,Frosinone,1.74414,0.570671,3,2,ITA-Serie A,2324
2024-02-25 17:00:00,Lecce,Inter,0.928229,3.07379,0,4,ITA-Serie A,2324
2024-02-26 19:45:00,Fiorentina,Lazio,3.86937,0.611852,2,1,ITA-Serie A,2324
2024-02-26 17:30:00,Roma,Torino,1.52399,0.551839,3,2,ITA-Serie A,2324
2024-02-28 19:45:00,Inter,Atalanta,2.91852,0.258264,4,0,ITA-Serie A,2324
2024-02-28 17:00:00,Sassuolo,Napoli,0.237572,2.7969,1,6,ITA-Serie A,2324
2024-03-01 19:45:00,Lazio,AC Milan,1.59899,0.849675,0,1,ITA-Serie A,2324
2024-03-02 17:00:00,Monza,Roma,1.01584,1.89657,1,4,ITA-Serie A,2324
2024-03-02 19:45:00,Torino,Fiorentina,0.561691,0.697752,0,0,ITA-Serie A,2324
2024-03-02 14:00:00,Udinese,Salernitana,1.98278,0.839171,1,1,ITA-Serie A,2324
2024-03-03 17:00:00,Atalanta,Bologna,1.20723,1.58258,1,2,ITA-Serie A,2324
2024-03-03 14:00:00,Empoli,Cagliari,1.50581,0.428646,0,1,ITA-Serie A,2324
2024-03-03 14:00:00,Frosinone,Lecce,1.53511,1.29494,1,1,ITA-Serie A,2324
2024-03-03 19:45:00,Napoli,Juventus,1.7764,2.0359,2,1,ITA-Serie A,2324
2024-03-03 11:30:00,Verona,Sassuolo,0.504318,0.360012,1,0,ITA-Serie A,2324
2024-03-04 19:45:00,Inter,Genoa,2.90423,1.17046,2,1,ITA-Serie A,2324
2024-03-08 19:45:00,Napoli,Torino,1.61516,1.12784,1,1,ITA-Serie A,2324
2024-03-09 17:00:00,Bologna,Inter,0.668681,0.81996,0,1,ITA-Serie A,2324
2024-03-09 14:00:00,Cagliari,Salernitana,3.41823,1.17253,4,2,ITA-Serie A,2324
2024-03-09 19:45:00,Genoa,Monza,1.81546,1.66208,2,3,ITA-Serie A,2324
2024-03-09 14:00:00,Sassuolo,Frosinone,0.596618,1.38509,1,0,ITA-Serie A,2324
2024-03-10 14:00:00,AC Milan,Empoli,0.988992,0.419598,1,0,ITA-Serie A,2324
2024-03-10 19:45:00,Fiorentina,Roma,2.47793,0.776614,2,2,ITA-Serie A,2324
2024-03-10 17:00:00,Juventus,Atalanta,1.66716,0.470912,2,2,ITA-Serie A,2324
2024-03-10 11:30:00,Lecce,Verona,1.03517,0.556534,0,1,ITA-Serie A,2324
2024-03-11 19:45:00,Lazio,Udinese,2.15139,1.48854,1,2,ITA-Serie A,2324
2024-03-15 19:45:00,Empoli,Bologna,0.868895,2.30568,0,1,ITA-Serie A,2324
2024-03-16 19:45:00,Frosinone,Lazio,1.90054,3.30539,2,3,ITA-Serie A,2324
2024-03-16 14:00:00,Monza,Cagliari,1.4436,0.443858,1,0,ITA-Serie A,2324
2024-03-16 17:00:00,Salernitana,Lecce,1.45145,2.01475,0,1,ITA-Serie A,2324
2024-03-16 14:00:00,Udinese,Torino,0.384805,1.54612,0,2,ITA-Serie A,2324
2024-03-17 19:45:00,Inter,Napoli,1.37916,1.36148,1,1,ITA-Serie A,2324
2024-03-17 11:30:00,Juventus,Genoa,1.38709,0.175513,0,0,ITA-Serie A,2324
2024-03-17 17:00:00,Roma,Sassuolo,0.858457,0.777601,1,0,ITA-Serie A,2324
2024-03-17 14:00:00,Verona,AC Milan,0.565727,2.75283,1,3,ITA-Serie A,2324
2024-03-30 19:45:00,Fiorentina,AC Milan,1.69969,3.17431,1,2,ITA-Serie A,2324
2024-03-30 14:00:00,Genoa,Frosinone,1.65796,1.00689,1,1,ITA-Serie A,2324
2024-03-30 17:00:00,Lazio,Juventus,1.24248,0.479175,1,0,ITA-Serie A,2324
2024-03-30 11:30:00,Napoli,Atalanta,1.83498,1.55904,0,3,ITA-Serie A,2324
2024-03-30 14:00:00,Torino,Monza,1.61585,0.560169,1,0,ITA-Serie A,2324
2024-04-01 11:30:00,Bologna,Salernitana,1.85322,0.702173,3,0,ITA-Serie A,2324
2024-04-01 14:00:00,Cagliari,Verona,0.594452,1.09202,1,1,ITA-Serie A,2324
2024-04-01 18:45:00,Inter,Empoli,2.03375,0.560443,2,0,ITA-Serie A,2324
2024-04-01 17:00:00,Lecce,Roma,1.97592,1.69372,0,0,ITA-Serie A,2324
2024-04-01 14:00:00,Sassuolo,Udinese,1.47611,1.72665,1,1,ITA-Serie A,2324
2024-04-05 18:45:00,Salernitana,Sassuolo,1.2795,1.88042,2,2,ITA-Serie A,2324
2024-04-06 13:00:00,AC Milan,Lecce,2.41313,0.841362,3,0,ITA-Serie A,2324
2024-04-06 18:45:00,Empoli,Torino,0.487874,2.5343,3,2,ITA-Serie A,2324
2024-04-06 16:00:00,Roma,Lazio,0.635152,0.480271,1,0,ITA-Serie A,2324
2024-04-07 16:00:00,Cagliari,Atalanta,0.715338,0.772446,2,1,ITA-Serie A,2324
2024-04-07 10:30:00,Frosinone,Bologna,0.568316,2.46415,0,0,ITA-Serie A,2324
2024-04-07 18:45:00,Juventus,Fiorentina,2.46449,0.508961,1,0,ITA-Serie A,2324
2024-04-07 13:00:00,Monza,Napoli,0.414034,2.70294,2,4,ITA-Serie A,2324
2024-04-07 16:00:00,Verona,Genoa,0.961468,2.01327,1,2,ITA-Serie A,2324
2024-04-08 18:45:00,Udinese,Inter,0.0699579,3.41188,1,2,ITA-Serie A,2324
2024-04-12 18:45:00,Lazio,Salernitana,2.50164,0.544591,4,1,ITA-Serie A,2324
2024-04-13 18:45:00,Bologna,Monza,2.77216,0.409248,0,0,ITA-Serie A,2324
2024-04-13 13:00:00,Lecce,Empoli,3.15126,0.136102,1,0,ITA-Serie A,2324
2024-04-13 16:00:00,Torino,Juventus,0.834792,1.25957,0,0,ITA-Serie A,2324
2024-04-14 18:45:00,Inter,Cagliari,1.95072,1.10904,2,2,ITA-Serie A,2324
2024-04-14 10:30:00,Napoli,Frosinone,2.7326,2.31434,2,2,ITA-Serie A,2324
2024-04-14 13:00:00,Sassuolo,AC Milan,1.37198,3.05285,3,3,ITA-Serie A,2324
2024-04-14 16:00:00,Udinese,Roma,0.94473,1.61555,1,2,ITA-Serie A,2324
2024-04-15 18:45:00,Atalanta,Verona,1.67088,1.10418,2,2,ITA-Serie A,2324
2024-04-15 16:30:00,Fiorentina,Genoa,1.78763,1.59509,1,1,ITA-Serie A,2324
2024-04-19 18:45:00,Cagliari,Juventus,1.97822,0.595113,2,2,ITA-Serie A,2324
2024-04-19 16:30:00,Genoa,Lazio,0.608539,0.952136,0,1,ITA-Serie A,2324
2024-04-20 16:00:00,Empoli,Napoli,1.25351,0.891755,1,0,ITA-Serie A,2324
2024-04-20 18:45:00,Verona,Udinese,1.29522,1.97219,1,0,ITA-Serie A,2324
2024-04-21 18:45:00,Monza,Atalanta,0.878869,2.19828,1,2,ITA-Serie A,2324
2024-04-21 16:00:00,Salernitana,Fiorentina,0.32683,2.45106,0,2,ITA-Serie A,2324
2024-04-21 10:30:00,Sassuolo,Lecce,0.410145,2.36614,0,3,ITA-Serie A,2324
2024-04-21 13:00:00,Torino,Frosinone,0.520991,0.57895,0,0,ITA-Serie A,2324
2024-04-22 18:45:00,AC Milan,Inter,2.51108,1.62976,1,2,ITA-Serie A,2324
2024-04-22 16:30:00,Roma,Bologna,1.83356,1.25682,1,3,ITA-Serie A,2324
2024-04-26 18:45:00,Frosinone,Salernitana,1.75172,1.03098,3,0,ITA-Serie A,2324
2024-04-27 16:00:00,Juventus,AC Milan,1.76562,0.277994,0,0,ITA-Serie A,2324
2024-04-27 18:45:00,Lazio,Verona,1.31699,0.629309,1,0,ITA-Serie A,2324
2024-04-27 13:00:00,Lecce,Monza,0.927644,1.09563,1,1,ITA-Serie A,2324
2024-04-28 16:00:00,Atalanta,Empoli,2.13088,0.593896,2,0,ITA-Serie A,2324
2024-04-28 13:00:00,Bologna,Udinese,0.709144,0.613931,1,1,ITA-Serie A,2324
2024-04-28 18:45:00,Fiorentina,Sassuolo,4.29626,0.268378,5,1,ITA-Serie A,2324
2024-04-28 10:30:00,Inter,Torino,1.90101,0.45813,2,0,ITA-Serie A,2324
2024-04-28 16:00:00,Napoli,Roma,3.87555,1.78885,2,2,ITA-Serie A,2324
2024-04-29 18:45:00,Genoa,Cagliari,1.09421,0.781529,3,0,ITA-Serie A,2324
2024-05-03 18:45:00,Torino,Bologna,0.786625,0.169889,0,0,ITA-Serie A,2324
2024-05-04 16:00:00,Monza,Lazio,2.08077,1.57454,2,2,ITA-Serie A,2324
2024-05-04 18:45:00,Sassuolo,Inter,0.334967,1.63693,1,0,ITA-Serie A,2324
2024-05-05 16:00:00,AC Milan,Genoa,2.31497,0.91116,3,3,ITA-Serie A,2324
2024-05-05 10:30:00,Cagliari,Lecce,0.923968,1.81298,1,1,ITA-Serie A,2324
2024-05-05 13:00:00,Empoli,Frosinone,0.318217,0.947755,0,0,ITA-Serie A,2324
2024-05-05 18:45:00,Roma,Juventus,1.60597,0.95263,1,1,ITA-Serie A,2324
2024-05-05 13:00:00,Verona,Fiorentina,1.49212,1.10741,2,1,ITA-Serie A,2324
2024-05-06 16:00:00,Salernitana,Atalanta,0.497067,2.26499,1,2,ITA-Serie A,2324
2024-05-06 18:45:00,Udinese,Napoli,0.521861,1.1157,1,1,ITA-Serie A,2324
2024-05-10 18:45:00,Frosinone,Inter,1.88809,2.05666,0,5,ITA-Serie A,2324
2024-05-11 18:45:00,AC Milan,Cagliari,3.56305,1.33911,5,1,ITA-Serie A,2324
2024-05-11 16:00:00,Napoli,Bologna,1.48316,1.74055,0,2,ITA-Serie A,2324
2024-05-12 18:45:00,Atalanta,Roma,2.85949,1.17185,2,1,ITA-Serie A,2324
2024-05-12 13:00:00,Genoa,Sassuolo,0.81296,1.69037,2,1,ITA-Serie A,2324
2024-05-12 16:00:00,Juventus,Salernitana,2.36999,0.921042,1,1,ITA-Serie A,2324
2024-05-12 10:30:00,Lazio,Empoli,1.61078,1.10282,2,0,ITA-Serie A,2324
2024-05-12 13:00:00,Verona,Torino,1.09252,0.956758,1,2,ITA-Serie A,2324
2024-05-13 18:45:00,Fiorentina,Monza,2.45011,1.19628,2,1,ITA-Serie A,2324
2024-05-13 16:30:00,Lecce,Udinese,0.3485,1.63735,0,2,ITA-Serie A,2324
2024-05-17 16:00:00,Fiorentina,Napoli,0.566509,1.32124,2,2,ITA-Serie A,2324
2024-05-18 16:00:00,Lecce,Atalanta,1.03049,2.22033,0,2,ITA-Serie A,2324
2024-05-18 18:45:00,Torino,AC Milan,1.08012,1.64179,3,1,ITA-Serie A,2324
2024-05-19 16:00:00,Inter,Lazio,1.61165,0.686603,1,1,ITA-Serie A,2324
2024-05-19 16:00:00,Monza,Frosinone,1.24886,2.22694,0,1,ITA-Serie A,2324
2024-05-19 18:45:00,Roma,Genoa,0.736827,0.508028,1,0,ITA-Serie A,2324
2024-05-19 16:00:00,Sassuolo,Cagliari,0.269648,1.47384,0,2,ITA-Serie A,2324
2024-05-19 16:00:00,Udinese,Empoli,1.66873,0.82957,1,1,ITA-Serie A,2324
2024-05-20 18:45:00,Bologna,Juventus,1.379,1.27372,3,3,ITA-Serie A,2324
2024-05-20 16:30:00,Salernitana,Verona,0.900837,2.33362,1,2,ITA-Serie A,2324
2024-05-24 16:00:00,Cagliari,Fiorentina,2.08262,2.21632,2,3,ITA-Serie A,2324
2024-05-24 18:45:00,Genoa,Bologna,1.5757,0.450804,2,0,ITA-Serie A,2324
2024-05-25 18:45:00,AC Milan,Salernitana,2.82527,1.80163,3,3,ITA-Serie A,2324
2024-05-25 16:00:00,Juventus,Monza,1.92843,1.13394,2,0,ITA-Serie A,2324
2024-05-26 16:00:00,Atalanta,Torino,2.56869,1.69527,3,0,ITA-Serie A,2324
2024-05-26 18:45:00,Empoli,Roma,2.88989,1.45583,2,1,ITA-Serie A,2324
2024-05-26 18:45:00,Frosinone,Udinese,0.869244,0.895463,0,1,ITA-Serie A,2324
2024-05-26 18:45:00,Lazio,Sassuolo,1.25146,1.11933,1,1,ITA-Serie A,2324
2024-05-26 16:00:00,Napoli,Lecce,1.83014,0.622384,0,0,ITA-Serie A,2324
2024-05-26 18:45:00,Verona,Inter,1.63678,2.99853,2,2,ITA-Serie A,2324
2024-06-02 16:00:00,Atalanta,Fiorentina,1.69732,1.0071,2,3,ITA-Serie A,2324
2024-08-17 18:45:00,AC Milan,Torino,2.1004,0.876602,2,2,ITA-Serie A,2425
2024-08-17 18:45:00,Empoli,Monza,0.578573,0.327848,0,0,ITA-Serie A,2425
2024-08-17 16:30:00,Genoa,Inter,2.31286,2.00656,2,2,ITA-Serie A,2425
2024-08-17 16:30:00,Parma Calcio 1913,Fiorentina,1.83796,0.81313,1,1,ITA-Serie A,2425
2024-08-18 16:30:00,Bologna,Udinese,3.3102,0.944621,1,1,ITA-Serie A,2425
2024-08-18 18:45:00,Cagliari,Roma,1.30634,1.29639,0,0,ITA-Serie A,2425
2024-08-18 18:45:00,Lazio,Venezia,2.33223,0.789649,3,1,ITA-Serie A,2425
2024-08-18 16:30:00,Verona,Napoli,1.80536,0.975176,3,0,ITA-Serie A,2425
2024-08-19 18:45:00,Juventus,Como,1.30582,0.171238,3,0,ITA-Serie A,2425
2024-08-19 16:30:00,Lecce,Atalanta,1.88414,2.45909,0,4,ITA-Serie A,2425
2024-08-24 18:45:00,Inter,Lecce,2.48059,0.335346,2,0,ITA-Serie A,2425
2024-08-24 18:45:00,Monza,Genoa,0.401371,0.660299,0,1,ITA-Serie A,2425
2024-08-24 16:30:00,Parma Calcio 1913,AC Milan,2.46266,2.09812,2,1,ITA-Serie A,2425
2024-08-24 16:30:00,Udinese,Lazio,1.11581,1.68277,2,1,ITA-Serie A,2425
2024-08-25 16:30:00,Fiorentina,Venezia,0.660213,1.01295,0,0,ITA-Serie A,2425
2024-08-25 18:45:00,Napoli,Bologna,2.07052,0.544518,3,0,ITA-Serie A,2425
2024-08-25 18:45:00,Roma,Empoli,2.04246,3.0773,1,2,ITA-Serie A,2425
2024-08-25 16:30:00,Torino,Atalanta,2.49919,3.08667,2,1,ITA-Serie A,2425
2024-08-26 16:30:00,Cagliari,Como,1.03532,2.08973,1,1,ITA-Serie A,2425
2024-08-26 18:45:00,Verona,Juventus,0.878611,1.36151,0,3,ITA-Serie A,2425
2024-08-30 18:45:00,Inter,Atalanta,2.28876,1.17772,4,0,ITA-Serie A,2425
2024-08-30 16:30:00,Venezia,Torino,0.635612,1.80895,0,1,ITA-Serie A,2425
2024-08-31 16:30:00,Bologna,Empoli,1.35876,1.11428,1,1,ITA-Serie A,2425
2024-08-31 18:45:00,Lazio,AC Milan,2.32967,1.34242,2,2,ITA-Serie A,2425
2024-08-31 16:30:00,Lecce,Cagliari,2.34113,2.09263,1,0,ITA-Serie A,2425
2024-08-31 18:45:00,Napoli,Parma Calcio 1913,2.33511,1.90229,2,1,ITA-Serie A,2425
2024-09-01 16:30:00,Fiorentina,Monza,2.41541,0.489982,2,2,ITA-Serie A,2425
2024-09-01 16:30:00,Genoa,Verona,1.34735,2.09653,0,2,ITA-Serie A,2425
2024-09-01 18:45:00,Juventus,Roma,0.415282,0.382591,0,0,ITA-Serie A,2425
2024-09-01 18:45:00,Udinese,Como,1.18455,1.65728,1,0,ITA-Serie A,2425
2024-09-14 18:45:00,AC Milan,Venezia,2.18898,0.263269,4,0,ITA-Serie A,2425
2024-09-14 13:00:00,Como,Bologna,1.45782,1.15087,2,2,ITA-Serie A,2425
2024-09-14 16:00:00,Empoli,Juventus,0.601249,0.726024,0,0,ITA-Serie A,2425
2024-09-15 13:00:00,Atalanta,Fiorentina,2.4507,1.96392,3,2,ITA-Serie A,2425
2024-09-15 16:00:00,Cagliari,Napoli,0.881581,1.42805,0,4,ITA-Serie A,2425
2024-09-15 10:30:00,Genoa,Roma,1.59603,2.65805,1,1,ITA-Serie A,2425
2024-09-15 18:45:00,Monza,Inter,0.217777,1.8081,1,1,ITA-Serie A,2425
2024-09-15 13:00:00,Torino,Lecce,0.447368,1.6617,0,0,ITA-Serie A,2425
2024-09-16 18:45:00,Lazio,Verona,1.79243,0.533276,2,1,ITA-Serie A,2425
2024-09-16 16:30:00,Parma Calcio 1913,Udinese,0.87968,3.08828,2,3,ITA-Serie A,2425
2024-09-20 16:30:00,Cagliari,Empoli,1.68655,1.02688,0,2,ITA-Serie A,2425
2024-09-20 18:45:00,Verona,Torino,0.777792,1.96682,2,3,ITA-Serie A,2425
2024-09-21 16:00:00,Juventus,Napoli,0.419301,0.233773,0,0,ITA-Serie A,2425
2024-09-21 18:45:00,Lecce,Parma Calcio 1913,1.25857,2.054,2,2,ITA-Serie A,2425
2024-09-21 13:00:00,Venezia,Genoa,2.33503,0.388857,2,0,ITA-Serie A,2425
2024-09-22 10:30:00,Fiorentina,Lazio,2.85634,1.14467,2,1,ITA-Serie A,2425
2024-09-22 18:45:00,Inter,AC Milan,0.941382,2.75751,1,2,ITA-Serie A,2425
2024-09-22 13:00:00,Monza,Bologna,0.707402,1.45302,1,2,ITA-Serie A,2425
2024-09-22 16:00:00,Roma,Udinese,2.5658,0.525078,3,0,ITA-Serie A,2425
2024-09-24 18:45:00,Atalanta,Como,1.31694,0.579703,2,3,ITA-Serie A,2425
2024-09-27 18:45:00,AC Milan,Lecce,2.43265,0.462274,3,0,ITA-Serie A,2425
2024-09-28 18:45:00,Bologna,Atalanta,0.176428,2.47751,1,1,ITA-Serie A,2425
2024-09-28 16:00:00,Genoa,Juventus,0.385259,2.91803,0,3,ITA-Serie A,2425
2024-09-28 13:00:00,Udinese,Inter,0.984798,2.30465,2,3,ITA-Serie A,2425
2024-09-29 13:00:00,Como,Verona,2.47493,1.5544,3,2,ITA-Serie A,2425
2024-09-29 16:00:00,Empoli,Fiorentina,0.44778,1.25438,0,0,ITA-Serie A,2425
2024-09-29 18:45:00,Napoli,Monza,1.35886,0.298287,2,0,ITA-Serie A,2425
2024-09-29 13:00:00,Roma,Venezia,1.99001,2.02845,2,1,ITA-Serie A,2425
2024-09-29 10:30:00,Torino,Lazio,0.494815,2.24735,2,3,ITA-Serie A,2425
2024-09-30 18:45:00,Parma Calcio 1913,Cagliari,2.98598,3.057,2,3,ITA-Serie A,2425
2024-10-04 16:30:00,Napoli,Como,1.91407,0.638474,3,1,ITA-Serie A,2425
2024-10-04 18:45:00,Verona,Venezia,2.10738,1.43755,2,1,ITA-Serie A,2425
2024-10-05 16:00:00,Atalanta,Genoa,4.0137,0.543171,5,1,ITA-Serie A,2425
2024-10-05 18:45:00,Inter,Torino,3.44641,1.29026,3,2,ITA-Serie A,2425
2024-10-05 13:00:00,Udinese,Lecce,1.56312,0.645952,1,0,ITA-Serie A,2425
2024-10-06 13:00:00,Bologna,Parma Calcio 1913,0.835615,1.08533,0,0,ITA-Serie A,2425
2024-10-06 18:45:00,Fiorentina,AC Milan,1.94286,2.83446,2,1,ITA-Serie A,2425
2024-10-06 10:30:00,Juventus,Cagliari,3.21709,1.045,1,1,ITA-Serie A,2425
2024-10-06 13:00:00,Lazio,Empoli,2.0459,0.912844,2,1,ITA-Serie A,2425
2024-10-06 16:00:00,Monza,Roma,1.11968,1.47893,1,1,ITA-Serie A,2425
2024-10-19 16:00:00,AC Milan,Udinese,1.20398,0.522785,1,0,ITA-Serie A,2425
2024-10-19 13:00:00,Como,Parma Calcio 1913,1.28527,0.918205,1,1,ITA-Serie A,2425
2024-10-19 13:00:00,Genoa,Bologna,0.450285,1.15682,2,2,ITA-Serie A,2425
2024-10-19 18:45:00,Juventus,Lazio,1.49305,0.0648311,1,0,ITA-Serie A,2425
2024-10-20 16:00:00,Cagliari,Torino,1.51181,1.23394,3,2,ITA-Serie A,2425
2024-10-20 10:30:00,Empoli,Napoli,1.00465,1.31758,0,1,ITA-Serie A,2425
2024-10-20 13:00:00,Lecce,Fiorentina,0.223823,2.21676,0,6,ITA-Serie A,2425
2024-10-20 18:45:00,Roma,Inter,0.78742,0.796917,0,1,ITA-Serie A,2425
2024-10-20 13:00:00,Venezia,Atalanta,0.881872,1.83371,0,2,ITA-Serie A,2425
2024-10-21 18:45:00,Verona,Monza,0.81446,1.56377,0,3,ITA-Serie A,2425
2024-10-25 18:30:00,Torino,Como,1.56007,1.59554,1,0,ITA-Serie A,2425
2024-10-25 16:30:00,Udinese,Cagliari,1.12881,0.160634,2,0,ITA-Serie A,2425
2024-10-26 18:45:00,Atalanta,Verona,3.84122,0.22446,6,1,ITA-Serie A,2425
2024-10-26 13:00:00,Napoli,Lecce,2.53236,0.57038,1,0,ITA-Serie A,2425
2024-10-27 19:45:00,Fiorentina,Roma,4.56893,0.657353,5,1,ITA-Serie A,2425
2024-10-27 17:00:00,Inter,Juventus,2.82542,2.36179,4,4,ITA-Serie A,2425
2024-10-27 14:00:00,Lazio,Genoa,2.9799,0.261739,3,0,ITA-Serie A,2425
2024-10-27 14:00:00,Monza,Venezia,0.903007,0.459902,2,2,ITA-Serie A,2425
2024-10-27 11:30:00,Parma Calcio 1913,Empoli,1.43623,0.14913,1,1,ITA-Serie A,2425
2024-10-29 19:45:00,AC Milan,Napoli,0.568256,0.956912,0,2,ITA-Serie A,2425
2024-10-29 17:30:00,Cagliari,Bologna,1.18569,0.872307,0,2,ITA-Serie A,2425
2024-10-29 17:30:00,Lecce,Verona,1.35273,0.211464,1,0,ITA-Serie A,2425
2024-10-30 19:45:00,Atalanta,Monza,1.65221,0.0805941,2,0,ITA-Serie A,2425
2024-10-30 17:30:00,Empoli,Inter,0.319674,1.68832,0,3,ITA-Serie A,2425
2024-10-30 19:45:00,Juventus,Parma Calcio 1913,2.77649,1.45546,2,2,ITA-Serie A,2425
2024-10-30 17:30:00,Venezia,Udinese,2.55368,1.30701,3,2,ITA-Serie A,2425
2024-10-31 19:45:00,Como,Lazio,1.16312,2.96686,1,5,ITA-Serie A,2425
2024-10-31 17:30:00,Genoa,Fiorentina,0.848655,0.909048,0,1,ITA-Serie A,2425
2024-10-31 19:45:00,Roma,Torino,0.436341,0.189286,1,0,ITA-Serie A,2425
2024-11-02 14:00:00,Bologna,Lecce,2.06051,0.771878,1,0,ITA-Serie A,2425
2024-11-02 19:45:00,Monza,AC Milan,1.23293,2.91043,0,1,ITA-Serie A,2425
2024-11-02 17:00:00,Udinese,Juventus,0.573076,1.55533,0,2,ITA-Serie A,2425
2024-11-03 19:45:00,Inter,Venezia,3.34539,1.14021,1,0,ITA-Serie A,2425
2024-11-03 11:30:00,Napoli,Atalanta,0.611112,1.50982,0,3,ITA-Serie A,2425
2024-11-03 14:00:00,Torino,Fiorentina,0.590362,0.523302,0,1,ITA-Serie A,2425
2024-11-03 17:00:00,Verona,Roma,1.51701,2.38413,3,2,ITA-Serie A,2425
2024-11-04 17:30:00,Empoli,Como,0.723897,0.41675,1,0,ITA-Serie A,2425
2024-11-04 19:45:00,Lazio,Cagliari,3.39964,0.274214,2,1,ITA-Serie A,2425
2024-11-04 17:30:00,Parma Calcio 1913,Genoa,0.883705,1.15243,0,1,ITA-Serie A,2425
2024-11-07 20:00:00,Genoa,Como,1.03893,1.37361,1,1,ITA-Serie A,2425
2024-11-08 19:45:00,Lecce,Empoli,1.41905,0.610497,1,1,ITA-Serie A,2425
2024-11-09 17:00:00,Cagliari,AC Milan,1.90363,2.77604,3,3,ITA-Serie A,2425
2024-11-09 19:45:00,Juventus,Torino,1.57325,0.273931,2,0,ITA-Serie A,2425
2024-11-09 14:00:00,Venezia,Parma Calcio 1913,1.29642,0.945022,1,2,ITA-Serie A,2425
2024-11-10 11:30:00,Atalanta,Udinese,1.60488,0.90914,2,1,ITA-Serie A,2425
2024-11-10 14:00:00,Fiorentina,Verona,2.77034,0.53544,3,1,ITA-Serie A,2425
2024-11-10 19:45:00,Inter,Napoli,1.47373,1.00611,1,1,ITA-Serie A,2425
2024-11-10 17:00:00,Monza,Lazio,0.747377,1.17083,0,1,ITA-Serie A,2425
2024-11-10 14:00:00,Roma,Bologna,1.06974,2.16772,2,3,ITA-Serie A,2425
2024-11-23 17:00:00,AC Milan,Juventus,0.306342,0.811307,0,0,ITA-Serie A,2425
2024-11-23 19:45:00,Parma Calcio 1913,Atalanta,0.622186,3.54363,1,3,ITA-Serie A,2425
2024-11-23 14:00:00,Verona,Inter,0.554633,2.79774,0,5,ITA-Serie A,2425
2024-11-24 14:00:00,Como,Fiorentina,1.27005,0.947266,0,2,ITA-Serie A,2425
2024-11-24 11:30:00,Genoa,Cagliari,2.1978,2.81223,2,2,ITA-Serie A,2425
2024-11-24 19:45:00,Lazio,Bologna,2.59912,0.0932634,3,0,ITA-Serie A,2425
2024-11-24 17:00:00,Napoli,Roma,2.02389,0.592582,1,0,ITA-Serie A,2425
2024-11-24 14:00:00,Torino,Monza,1.45433,0.916564,1,1,ITA-Serie A,2425
2024-11-25 17:00:00,Empoli,Udinese,0.166889,1.09285,1,1,ITA-Serie A,2425
2024-11-25 19:45:00,Venezia,Lecce,2.88235,0.624722,0,1,ITA-Serie A,2425
2024-11-29 19:45:00,Cagliari,Verona,2.64816,0.606166,1,0,ITA-Serie A,2425
2024-11-30 17:00:00,AC Milan,Empoli,2.02293,0.400556,3,0,ITA-Serie A,2425
2024-11-30 19:45:00,Bologna,Venezia,4.16965,0.357302,3,0,ITA-Serie A,2425
2024-11-30 14:00:00,Como,Monza,1.38648,1.75565,1,1,ITA-Serie A,2425
2024-12-01 19:45:00,Lecce,Juventus,1.10419,1.03998,1,1,ITA-Serie A,2425
2024-12-01 14:00:00,Parma Calcio 1913,Lazio,1.27449,2.4176,3,1,ITA-Serie A,2425
2024-12-01 14:00:00,Torino,Napoli,0.442989,1.64196,0,1,ITA-Serie A,2425
2024-12-01 11:30:00,Udinese,Genoa,0.156386,1.7171,0,2,ITA-Serie A,2425
2024-12-02 19:45:00,Roma,Atalanta,0.667881,1.76696,0,2,ITA-Serie A,2425
2024-12-06 19:45:00,Atalanta,AC Milan,2.62823,0.899516,2,1,ITA-Serie A,2425
2024-12-06 17:30:00,Inter,Parma Calcio 1913,3.0797,0.274097,3,1,ITA-Serie A,2425
2024-12-07 14:00:00,Genoa,Torino,0.327249,0.70601,0,0,ITA-Serie A,2425
2024-12-07 17:00:00,Juventus,Bologna,0.856802,0.784689,2,2,ITA-Serie A,2425
2024-12-07 19:45:00,Roma,Lecce,2.38077,0.826928,4,1,ITA-Serie A,2425
2024-12-08 11:30:00,Fiorentina,Cagliari,0.412045,1.00073,1,0,ITA-Serie A,2425
2024-12-08 19:45:00,Napoli,Lazio,1.14465,0.243674,0,1,ITA-Serie A,2425
2024-12-08 17:00:00,Venezia,Como,0.303457,0.779392,2,2,ITA-Serie A,2425
2024-12-08 14:00:00,Verona,Empoli,0.895085,1.2903,1,4,ITA-Serie A,2425
2024-12-09 19:45:00,Monza,Udinese,1.92222,1.40496,1,2,ITA-Serie A,2425
2024-12-13 19:45:00,Empoli,Torino,0.953691,1.36089,0,1,ITA-Serie A,2425
2024-12-14 14:00:00,Cagliari,Atalanta,1.90937,2.37449,0,1,ITA-Serie A,2425
2024-12-14 19:45:00,Juventus,Venezia,2.18951,0.586788,2,2,ITA-Serie A,2425
2024-12-14 17:00:00,Udinese,Napoli,1.48544,1.96425,1,3,ITA-Serie A,2425
2024-12-15 19:45:00,AC Milan,Genoa,1.28243,0.204497,0,0,ITA-Serie A,2425
2024-12-15 14:00:00,Bologna,Fiorentina,2.32266,1.14307,1,0,ITA-Serie A,2425
2024-12-15 17:00:00,Como,Roma,1.1153,0.650738,2,0,ITA-Serie A,2425
2024-12-15 11:30:00,Lecce,Monza,1.57794,0.790408,2,1,ITA-Serie A,2425
2024-12-15 14:00:00,Parma Calcio 1913,Verona,2.30533,3.70407,2,3,ITA-Serie A,2425
2024-12-16 19:45:00,Lazio,Inter,0.634641,2.33306,0,6,ITA-Serie A,2425
2024-12-20 19:45:00,Verona,AC Milan,0.649472,1.37505,0,1,ITA-Serie A,2425
2024-12-21 17:00:00,Genoa,Napoli,0.707336,1.42377,1,2,ITA-Serie A,2425
2024-12-21 19:45:00,Lecce,Lazio,1.09129,1.95023,1,2,ITA-Serie A,2425
2024-12-21 14:00:00,Torino,Bologna,0.270606,1.79816,0,2,ITA-Serie A,2425
2024-12-22 17:00:00,Atalanta,Empoli,2.08379,1.21827,3,2,ITA-Serie A,2425
2024-12-22 19:45:00,Monza,Juventus,0.983171,2.58556,1,2,ITA-Serie A,2425
2024-12-22 11:30:00,Roma,Parma Calcio 1913,5.55856,0.615694,5,0,ITA-Serie A,2425
2024-12-22 14:00:00,Venezia,Cagliari,1.55318,2.62545,2,1,ITA-Serie A,2425
2024-12-23 17:30:00,Fiorentina,Udinese,1.55716,0.858846,1,2,ITA-Serie A,2425
2024-12-23 19:45:00,Inter,Como,1.89916,0.367536,2,0,ITA-Serie A,2425
2024-12-28 17:00:00,Cagliari,Inter,0.302293,3.1724,0,3,ITA-Serie A,2425
2024-12-28 14:00:00,Empoli,Genoa,1.42691,2.01725,1,2,ITA-Serie A,2425
2024-12-28 19:45:00,Lazio,Atalanta,0.564499,2.98315,1,1,ITA-Serie A,2425
2024-12-28 14:00:00,Parma Calcio 1913,Monza,1.22224,2.2247,2,1,ITA-Serie A,2425
2024-12-29 19:45:00,AC Milan,Roma,2.26348,1.61126,1,1,ITA-Serie A,2425
2024-12-29 17:00:00,Juventus,Fiorentina,1.74742,1.02946,2,2,ITA-Serie A,2425
2024-12-29 14:00:00,Napoli,Venezia,2.55505,0.462133,1,0,ITA-Serie A,2425
2024-12-29 11:30:00,Udinese,Torino,1.23954,0.603591,2,2,ITA-Serie A,2425
2024-12-30 19:45:00,Bologna,Verona,2.86482,0.798964,2,3,ITA-Serie A,2425
2024-12-30 17:30:00,Como,Lecce,2.25936,0.436266,2,0,ITA-Serie A,2425
2025-01-04 17:00:00,Fiorentina,Napoli,0.877617,1.59728,0,3,ITA-Serie A,2425
2025-01-04 14:00:00,Venezia,Empoli,0.455526,1.52251,1,1,ITA-Serie A,2425
2025-01-04 19:45:00,Verona,Udinese,0.745287,0.655965,0,0,ITA-Serie A,2425
2025-01-05 14:00:00,Lecce,Genoa,0.545634,1.06752,0,0,ITA-Serie A,2425
2025-01-05 11:30:00,Monza,Cagliari,1.55837,0.781523,1,2,ITA-Serie A,2425
2025-01-05 19:45:00,Roma,Lazio,1.23422,1.31957,2,0,ITA-Serie A,2425
2025-01-05 17:00:00,Torino,Parma Calcio 1913,1.0858,0.321586,0,0,ITA-Serie A,2425
2025-01-10 19:45:00,Lazio,Como,1.03936,1.9019,1,1,ITA-Serie A,2425
2025-01-11 19:45:00,AC Milan,Cagliari,2.43026,0.308787,1,1,ITA-Serie A,2425
2025-01-11 14:00:00,Empoli,Lecce,2.31529,1.57649,1,3,ITA-Serie A,2425
2025-01-11 17:00:00,Torino,Juventus,0.411274,0.94701,1,1,ITA-Serie A,2425
2025-01-11 14:00:00,Udinese,Atalanta,2.05217,0.233045,0,0,ITA-Serie A,2425
2025-01-12 17:00:00,Bologna,Roma,2.28949,1.58872,2,2,ITA-Serie A,2425
2025-01-12 11:30:00,Genoa,Parma Calcio 1913,1.51628,0.513393,1,0,ITA-Serie A,2425
2025-01-12 19:45:00,Napoli,Verona,1.59033,0.23211,2,0,ITA-Serie A,2425
2025-01-12 14:00:00,Venezia,Inter,0.668042,2.35271,0,1,ITA-Serie A,2425
2025-01-13 19:45:00,Monza,Fiorentina,0.988429,1.60714,2,1,ITA-Serie A,2425
2025-01-14 19:45:00,Atalanta,Juventus,1.5823,2.27956,1,1,ITA-Serie A,2425
2025-01-14 17:30:00,Como,AC Milan,1.63578,1.44061,1,2,ITA-Serie A,2425
2025-01-15 19:45:00,Inter,Bologna,1.79382,0.914393,2,2,ITA-Serie A,2425
2025-01-17 19:45:00,Roma,Genoa,1.79725,0.494153,3,1,ITA-Serie A,2425
2025-01-18 19:45:00,Atalanta,Napoli,0.709505,1.2536,2,3,ITA-Serie A,2425
2025-01-18 14:00:00,Bologna,Monza,2.33675,0.410907,3,1,ITA-Serie A,2425
2025-01-18 17:00:00,Juventus,AC Milan,1.56881,1.17816,2,0,ITA-Serie A,2425
2025-01-19 14:00:00,Cagliari,Lecce,3.36227,0.388374,4,1,ITA-Serie A,2425
2025-01-19 11:30:00,Fiorentina,Torino,1.81758,0.540016,1,1,ITA-Serie A,2425
2025-01-19 19:45:00,Inter,Empoli,1.6401,0.412045,3,1,ITA-Serie A,2425
2025-01-19 14:00:00,Parma Calcio 1913,Venezia,1.59615,1.1784,1,1,ITA-Serie A,2425
2025-01-19 17:00:00,Verona,Lazio,1.48598,1.99415,0,3,ITA-Serie A,2425
2025-01-20 19:45:00,Como,Udinese,1.81904,0.847427,4,1,ITA-Serie A,2425
2025-01-24 19:45:00,Torino,Cagliari,2.23206,0.270772,2,0,ITA-Serie A,2425
2025-01-25 14:00:00,Como,Atalanta,0.704371,1.04831,1,2,ITA-Serie A,2425
2025-01-25 19:45:00,Empoli,Bologna,0.83399,0.898773,1,1,ITA-Serie A,2425
2025-01-25 17:00:00,Napoli,Juventus,2.33562,1.02538,2,1,ITA-Serie A,2425
2025-01-26 11:30:00,AC Milan,Parma Calcio 1913,2.7112,1.85515,3,2,ITA-Serie A,2425
2025-01-26 19:45:00,Lazio,Fiorentina,2.01121,1.20023,1,2,ITA-Serie A,2425
2025-01-26 17:00:00,Lecce,Inter,0.719003,2.58246,0,4,ITA-Serie A,2425
2025-01-26 14:00:00,Udinese,Roma,0.805147,2.6168,1,2,ITA-Serie A,2425
2025-01-27 19:45:00,Genoa,Monza,3.31745,0.311849,2,0,ITA-Serie A,2425
2025-01-27 17:30:00,Venezia,Verona,0.709709,2.17206,1,1,ITA-Serie A,2425
2025-01-31 19:45:00,Parma Calcio 1913,Lecce,2.00006,0.756887,1,3,ITA-Serie A,2425
2025-02-01 17:00:00,Atalanta,Torino,3.35128,0.629596,1,1,ITA-Serie A,2425
2025-02-01 19:45:00,Bologna,Como,1.681,0.640061,2,0,ITA-Serie A,2425
2025-02-01 14:00:00,Monza,Verona,0.279515,0.854806,0,1,ITA-Serie A,2425
2025-02-01 14:00:00,Udinese,Venezia,0.940092,1.36255,3,2,ITA-Serie A,2425
2025-02-02 17:00:00,AC Milan,Inter,1.04439,1.98309,1,1,ITA-Serie A,2425
2025-02-02 14:00:00,Fiorentina,Genoa,0.695448,1.96523,2,1,ITA-Serie A,2425
2025-02-02 11:30:00,Juventus,Empoli,2.00759,0.94947,4,1,ITA-Serie A,2425
2025-02-02 19:45:00,Roma,Napoli,0.364702,0.384749,1,1,ITA-Serie A,2425
2025-02-03 19:45:00,Cagliari,Lazio,1.82889,1.9337,1,2,ITA-Serie A,2425
2025-02-06 19:30:00,Fiorentina,Inter,1.05274,0.589261,3,0,ITA-Serie A,2425
2025-02-07 17:00:00,Como,Juventus,0.935692,1.32392,1,2,ITA-Serie A,2425
2025-02-08 17:00:00,Empoli,AC Milan,0.668788,1.90573,0,2,ITA-Serie A,2425
2025-02-08 17:00:00,Torino,Genoa,0.647236,0.308682,1,1,ITA-Serie A,2425
2025-02-08 17:00:00,Verona,Atalanta,1.78844,2.14751,0,5,ITA-Serie A,2425
2025-02-09 17:00:00,Cagliari,Parma Calcio 1913,1.49632,1.15072,2,1,ITA-Serie A,2425
2025-02-09 17:00:00,Lazio,Monza,4.42993,0.87219,5,1,ITA-Serie A,2425
2025-02-09 17:00:00,Lecce,Bologna,0.844895,0.8506,0,0,ITA-Serie A,2425
2025-02-09 19:45:00,Napoli,Udinese,2.07882,1.28733,1,1,ITA-Serie A,2425
2025-02-09 17:00:00,Venezia,Roma,0.905188,2.14236,0,1,ITA-Serie A,2425
2025-02-10 19:45:00,Inter,Fiorentina,1.87526,1.03291,2,1,ITA-Serie A,2425
2025-02-14 19:45:00,Bologna,Torino,3.46262,1.64846,3,2,ITA-Serie A,2425
2025-02-15 19:45:00,AC Milan,Verona,1.8755,0.372202,1,0,ITA-Serie A,2425
2025-02-15 14:00:00,Atalanta,Cagliari,0.473748,0.123294,0,0,ITA-Serie A,2425
2025-02-15 17:00:00,Lazio,Napoli,0.883377,0.558588,2,2,ITA-Serie A,2425
2025-02-16 11:30:00,Fiorentina,Como,0.431215,0.875449,0,2,ITA-Serie A,2425
2025-02-16 19:45:00,Juventus,Inter,1.3662,2.08504,1,0,ITA-Serie A,2425
2025-02-16 14:00:00,Monza,Lecce,0.278072,1.10949,0,0,ITA-Serie A,2425
2025-02-16 17:00:00,Parma Calcio 1913,Roma,0.293477,1.41178,0,1,ITA-Serie A,2425
2025-02-16 14:00:00,Udinese,Empoli,2.90516,2.47474,3,0,ITA-Serie A,2425
2025-02-17 19:45:00,Genoa,Venezia,1.60036,0.341183,2,0,ITA-Serie A,2425
2025-02-21 19:45:00,Lecce,Udinese,0.484479,1.52436,0,1,ITA-Serie A,2425
2025-02-22 19:45:00,Inter,Genoa,1.3989,1.51356,1,0,ITA-Serie A,2425
2025-02-22 14:00:00,Parma Calcio 1913,Bologna,1.4111,0.698426,2,0,ITA-Serie A,2425
2025-02-22 17:00:00,Torino,AC Milan,0.556583,2.18445,2,1,ITA-Serie A,2425
2025-02-22 14:00:00,Venezia,Lazio,0.995737,0.790887,0,0,ITA-Serie A,2425
2025-02-23 19:45:00,Cagliari,Juventus,0.225637,2.20526,0,1,ITA-Serie A,2425
2025-02-23 11:30:00,Como,Napoli,0.466603,1.10277,2,1,ITA-Serie A,2425
2025-02-23 17:00:00,Empoli,Atalanta,0.775943,2.50618,0,5,ITA-Serie A,2425
2025-02-23 14:00:00,Verona,Fiorentina,0.450798,1.15567,1,0,ITA-Serie A,2425
2025-02-24 19:45:00,Roma,Monza,2.16209,0.332233,4,0,ITA-Serie A,2425
2025-02-27 19:45:00,Bologna,AC Milan,2.31992,1.55538,2,1,ITA-Serie A,2425
2025-02-28 19:45:00,Fiorentina,Lecce,1.43821,1.11638,1,0,ITA-Serie A,2425
2025-03-01 14:00:00,Atalanta,Venezia,3.34552,0.359199,0,0,ITA-Serie A,2425
2025-03-01 17:00:00,Napoli,Inter,1.72874,0.452597,1,1,ITA-Serie A,2425
2025-03-01 19:45:00,Udinese,Parma Calcio 1913,2.0589,0.617812,1,0,ITA-Serie A,2425
2025-03-02 19:45:00,AC Milan,Lazio,1.28991,2.53115,1,2,ITA-Serie A,2425
2025-03-02 14:00:00,Bologna,Cagliari,2.25801,0.68032,2,1,ITA-Serie A,2425
2025-03-02 14:00:00,Genoa,Empoli,0.229571,1.00977,1,1,ITA-Serie A,2425
2025-03-02 11:30:00,Monza,Torino,0.582104,1.43219,0,2,ITA-Serie A,2425
2025-03-02 17:00:00,Roma,Como,1.59518,1.29634,2,1,ITA-Serie A,2425
2025-03-03 19:45:00,Juventus,Verona,1.97535,0.269838,2,0,ITA-Serie A,2425
2025-03-07 19:45:00,Cagliari,Genoa,0.809829,1.43054,1,1,ITA-Serie A,2425
2025-03-08 14:00:00,Como,Venezia,1.2727,1.80606,1,1,ITA-Serie A,2425
2025-03-08 19:45:00,Inter,Monza,3.0629,0.779109,3,2,ITA-Serie A,2425
2025-03-08 17:00:00,Lecce,AC Milan,1.1897,3.27991,2,3,ITA-Serie A,2425
2025-03-08 14:00:00,Parma Calcio 1913,Torino,1.48743,0.72136,2,2,ITA-Serie A,2425
2025-03-09 17:00:00,Empoli,Roma,0.0771894,2.99912,0,1,ITA-Serie A,2425
2025-03-09 19:45:00,Juventus,Atalanta,0.940693,3.93513,0,4,ITA-Serie A,2425
2025-03-09 14:00:00,Napoli,Fiorentina,2.93764,1.05617,2,1,ITA-Serie A,2425
2025-03-09 11:30:00,Verona,Bologna,1.28101,1.38177,1,2,ITA-Serie A,2425
2025-03-10 19:45:00,Lazio,Udinese,1.01458,1.23859,1,1,ITA-Serie A,2425
2025-03-14 19:45:00,Genoa,Lecce,1.06034,1.20452,2,1,ITA-Serie A,2425
2025-03-15 17:00:00,AC Milan,Como,1.72803,1.35523,2,1,ITA-Serie A,2425
2025-03-15 14:00:00,Monza,Parma Calcio 1913,0.9314,0.616308,1,1,ITA-Serie A,2425
2025-03-15 19:45:00,Torino,Empoli,0.701071,1.73375,1,0,ITA-Serie A,2425
2025-03-15 14:00:00,Udinese,Verona,0.318009,0.542985,0,1,ITA-Serie A,2425
2025-03-16 19:45:00,Atalanta,Inter,0.682065,2.28143,0,2,ITA-Serie A,2425
2025-03-16 14:00:00,Bologna,Lazio,2.85431,0.600718,5,0,ITA-Serie A,2425
2025-03-16 17:00:00,Fiorentina,Juventus,0.508254,0.597644,3,0,ITA-Serie A,2425
2025-03-16 15:00:00,Roma,Cagliari,1.61105,1.10046,1,0,ITA-Serie A,2425
2025-03-16 11:30:00,Venezia,Napoli,1.04696,1.2665,0,0,ITA-Serie A,2425
2025-03-29 14:00:00,Como,Empoli,1.93663,1.78514,1,1,ITA-Serie A,2425
2025-03-29 17:00:00,Juventus,Genoa,1.50908,0.263169,1,0,ITA-Serie A,2425
2025-03-29 19:45:00,Lecce,Roma,0.694403,1.90759,0,1,ITA-Serie A,2425
2025-03-29 14:00:00,Venezia,Bologna,0.683347,1.29589,0,1,ITA-Serie A,2425
2025-03-30 11:30:00,Cagliari,Monza,1.95839,0.962993,3,0,ITA-Serie A,2425
2025-03-30 14:00:00,Fiorentina,Atalanta,1.92673,0.918743,1,0,ITA-Serie A,2425
2025-03-30 17:00:00,Inter,Udinese,2.33787,1.3398,2,1,ITA-Serie A,2425
2025-03-30 19:45:00,Napoli,AC Milan,0.945094,2.25619,2,1,ITA-Serie A,2425
2025-03-31 19:45:00,Lazio,Torino,1.93778,0.632735,1,1,ITA-Serie A,2425
2025-03-31 17:30:00,Verona,Parma Calcio 1913,0.765236,0.501452,0,0,ITA-Serie A,2425
2025-04-04 18:45:00,Genoa,Udinese,1.65486,1.11114,1,0,ITA-Serie A,2425
2025-04-05 18:45:00,AC Milan,Fiorentina,2.17819,3.04937,2,2,ITA-Serie A,2425
2025-04-05 13:00:00,Monza,Como,1.05971,2.27029,1,3,ITA-Serie A,2425
2025-04-05 16:00:00,Parma Calcio 1913,Inter,1.66115,2.17944,2,2,ITA-Serie A,2425
2025-04-06 16:00:00,Atalanta,Lazio,1.04022,0.523108,0,1,ITA-Serie A,2425
2025-04-06 13:00:00,Empoli,Cagliari,0.386589,0.162801,0,0,ITA-Serie A,2425
2025-04-06 10:30:00,Lecce,Venezia,1.50136,0.898847,1,1,ITA-Serie A,2425
2025-04-06 18:45:00,Roma,Juventus,1.37162,0.994645,1,1,ITA-Serie A,2425
2025-04-06 13:00:00,Torino,Verona,0.963942,1.32441,1,1,ITA-Serie A,2425
2025-04-07 18:45:00,Bologna,Napoli,1.11047,0.99857,1,1,ITA-Serie A,2425
2025-04-11 18:45:00,Udinese,AC Milan,0.644579,2.49634,0,4,ITA-Serie A,2425
2025-04-12 16:00:00,Inter,Cagliari,1.71603,0.914283,3,1,ITA-Serie A,2425
2025-04-12 18:45:00,Juventus,Lecce,1.95569,0.940466,2,1,ITA-Serie A,2425
2025-04-12 13:00:00,Venezia,Monza,1.62268,0.590462,1,0,ITA-Serie A,2425
2025-04-13 10:30:00,Atalanta,Bologna,1.15847,0.546815,2,0,ITA-Serie A,2425
2025-04-13 16:00:00,Como,Torino,1.23079,1.04165,1,0,ITA-Serie A,2425
2025-04-13 13:00:00,Fiorentina,Parma Calcio 1913,0.670714,0.616318,0,0,ITA-Serie A,2425
2025-04-13 18:45:00,Lazio,Roma,1.92122,0.221733,1,1,ITA-Serie A,2425
2025-04-13 13:00:00,Verona,Genoa,1.00077,0.111761,0,0,ITA-Serie A,2425
2025-04-14 18:45:00,Napoli,Empoli,2.13717,1.37277,3,0,ITA-Serie A,2425
2025-04-19 13:00:00,Lecce,Como,0.666737,1.65387,0,3,ITA-Serie A,2425
2025-04-19 16:00:00,Monza,Napoli,0.874819,1.66648,0,1,ITA-Serie A,2425
2025-04-19 18:45:00,Roma,Verona,1.24696,0.330349,1,0,ITA-Serie A,2425
2025-04-20 18:45:00,AC Milan,Atalanta,0.495327,2.07826,0,1,ITA-Serie A,2425
2025-04-20 16:00:00,Bologna,Inter,1.0878,0.661137,1,0,ITA-Serie A,2425
2025-04-20 13:00:00,Empoli,Venezia,1.14666,1.48453,2,2,ITA-Serie A,2425
2025-04-23 16:30:00,Cagliari,Fiorentina,0.367407,0.701424,1,2,ITA-Serie A,2425
2025-04-23 16:30:00,Genoa,Lazio,0.470637,1.33679,0,2,ITA-Serie A,2425
2025-04-23 16:30:00,Parma Calcio 1913,Juventus,0.784847,0.777191,1,0,ITA-Serie A,2425
2025-04-23 16:30:00,Torino,Udinese,0.949162,0.949917,2,0,ITA-Serie A,2425
2025-04-27 18:45:00,Atalanta,Lecce,2.45836,1.45404,1,1,ITA-Serie A,2425
2025-04-27 10:30:00,Como,Genoa,1.80373,1.04585,1,0,ITA-Serie A,2425
2025-04-27 13:00:00,Fiorentina,Empoli,0.655092,0.465943,2,1,ITA-Serie A,2425
2025-04-27 13:00:00,Inter,Roma,1.10299,2.79826,0,1,ITA-Serie A,2425
2025-04-27 16:00:00,Juventus,Monza,1.14678,0.621764,2,0,ITA-Serie A,2425
2025-04-27 18:45:00,Napoli,Torino,1.23274,0.660531,2,0,ITA-Serie A,2425
2025-04-27 10:30:00,Venezia,AC Milan,1.00629,1.466,0,2,ITA-Serie A,2425
2025-04-28 18:45:00,Lazio,Parma Calcio 1913,1.7767,1.09001,2,2,ITA-Serie A,2425
2025-04-28 16:30:00,Udinese,Bologna,0.387188,1.17741,0,0,ITA-Serie A,2425
2025-04-28 18:45:00,Verona,Cagliari,0.27029,1.87448,0,2,ITA-Serie A,2425
2025-05-02 18:45:00,Torino,Venezia,1.74541,1.07484,1,1,ITA-Serie A,2425
2025-05-03 13:00:00,Cagliari,Udinese,0.954534,1.92066,1,2,ITA-Serie A,2425
2025-05-03 18:45:00,Inter,Verona,1.59903,0.303341,1,0,ITA-Serie A,2425
2025-05-03 16:00:00,Lecce,Napoli,0.276702,0.845058,0,1,ITA-Serie A,2425
2025-05-03 13:00:00,Parma Calcio 1913,Como,2.74525,1.32818,0,1,ITA-Serie A,2425
2025-05-04 18:45:00,Bologna,Juventus,0.390379,0.681163,1,1,ITA-Serie A,2425
2025-05-04 10:30:00,Empoli,Lazio,0.18325,1.12653,0,1,ITA-Serie A,2425
2025-05-04 13:00:00,Monza,Atalanta,0.827428,3.05078,0,4,ITA-Serie A,2425
2025-05-04 16:00:00,Roma,Fiorentina,1.00134,0.760529,1,0,ITA-Serie A,2425
2025-05-05 18:45:00,Genoa,AC Milan,0.54789,1.29954,1,2,ITA-Serie A,2425
2025-05-09 18:45:00,AC Milan,Bologna,1.55343,0.361364,3,1,ITA-Serie A,2425
2025-05-10 13:00:00,Como,Cagliari,1.93276,1.22492,3,1,ITA-Serie A,2425
2025-05-10 18:45:00,Empoli,Parma Calcio 1913,0.989813,0.404689,2,1,ITA-Serie A,2425
2025-05-10 16:00:00,Lazio,Juventus,1.51119,1.17931,1,1,ITA-Serie A,2425
2025-05-11 18:45:00,Napoli,Genoa,2.35243,0.648382,2,2,ITA-Serie A,2425
2025-05-11 16:00:00,Torino,Inter,1.76692,2.48918,0,2,ITA-Serie A,2425
2025-05-11 10:30:00,Udinese,Monza,1.45767,1.63169,1,2,ITA-Serie A,2425
2025-05-11 13:00:00,Verona,Lecce,0.480962,1.24972,1,1,ITA-Serie A,2425
2025-05-12 18:45:00,Atalanta,Roma,2.87542,0.572288,2,1,ITA-Serie A,2425
2025-05-12 16:30:00,Venezia,Fiorentina,2.25991,0.994541,2,1,ITA-Serie A,2425
2025-05-18 18:45:00,Cagliari,Venezia,2.75115,0.773148,3,0,ITA-Serie A,2425
2025-05-18 18:45:00,Fiorentina,Bologna,1.43018,1.51953,3,2,ITA-Serie A,2425
2025-05-18 13:00:00,Genoa,Atalanta,1.44057,1.56926,2,3,ITA-Serie A,2425
2025-05-18 18:45:00,Inter,Lazio,1.59363,2.33497,2,2,ITA-Serie A,2425
2025-05-18 18:45:00,Juventus,Udinese,2.61362,0.358909,2,0,ITA-Serie A,2425
2025-05-18 18:45:00,Lecce,Torino,0.970765,0.476384,1,0,ITA-Serie A,2425
2025-05-18 18:45:00,Monza,Empoli,1.03178,1.95845,1,3,ITA-Serie A,2425
2025-05-18 18:45:00,Parma Calcio 1913,Napoli,0.296751,0.379711,0,0,ITA-Serie A,2425
2025-05-18 18:45:00,Roma,AC Milan,1.57656,1.78592,3,1,ITA-Serie A,2425
2025-05-18 18:45:00,Verona,Como,1.55405,1.12443,1,1,ITA-Serie A,2425
2025-05-23 18:45:00,Como,Inter,1.49032,2.27789,0,2,ITA-Serie A,2425
2025-05-23 18:45:00,Napoli,Cagliari,2.16118,0.0969696,2,0,ITA-Serie A,2425
2025-05-24 18:45:00,AC Milan,Monza,1.99268,0.516606,2,0,ITA-Serie A,2425
2025-05-24 16:00:00,Bologna,Genoa,0.628377,1.17343,1,3,ITA-Serie A,2425
2025-05-25 18:45:00,Atalanta,Parma Calcio 1913,1.90265,2.82535,2,3,ITA-Serie A,2425
2025-05-25 18:45:00,Empoli,Verona,1.23351,0.833807,1,2,ITA-Serie A,2425
2025-05-25 18:45:00,Lazio,Lecce,1.73521,0.708667,0,1,ITA-Serie A,2425
2025-05-25 18:45:00,Torino,Roma,0.381059,2.64436,0,2,ITA-Serie A,2425
2025-05-25 18:45:00,Udinese,Fiorentina,1.61711,3.06465,2,3,ITA-Serie A,2425
2025-05-25 18:45:00,Venezia,Juventus,1.01327,1.66948,2,3,ITA-Serie A,2425
2021-08-13 18:30:00,Borussia M.Gladbach,Bayern Munich,1.98777,2.91794,1,1,GER-Bundesliga,2122
2021-08-14 13:30:00,Arminia Bielefeld,Freiburg,0.575032,1.63663,0,0,GER-Bundesliga,2122
2021-08-14 13:30:00,Augsburg,Hoffenheim,0.734658,3.44423,0,4,GER-Bundesliga,2122
2021-08-14 16:30:00,Borussia Dortmund,Eintracht Frankfurt,2.83799,1.36709,5,2,GER-Bundesliga,2122
2021-08-14 13:30:00,Union Berlin,Bayer Leverkusen,0.443841,0.7943,1,1,GER-Bundesliga,2122
2021-08-14 13:30:00,VfB Stuttgart,Greuther Fuerth,4.25968,1.31466,5,1,GER-Bundesliga,2122
2021-08-14 13:30:00,Wolfsburg,Bochum,2.78774,0.297792,1,0,GER-Bundesliga,2122
2021-08-15 15:30:00,FC Cologne,Hertha Berlin,1.62567,2.1078,3,1,GER-Bundesliga,2122
2021-08-15 13:30:00,Mainz 05,RasenBallsport Leipzig,1.27109,0.841814,1,0,GER-Bundesliga,2122
2021-08-20 18:30:00,RasenBallsport Leipzig,VfB Stuttgart,2.86627,0.958579,4,0,GER-Bundesliga,2122
2021-08-21 16:30:00,Bayer Leverkusen,Borussia M.Gladbach,1.94592,1.66054,4,0,GER-Bundesliga,2122
2021-08-21 13:30:00,Bochum,Mainz 05,1.05301,0.817413,2,0,GER-Bundesliga,2122
2021-08-21 13:30:00,Eintracht Frankfurt,Augsburg,1.3297,0.16593,0,0,GER-Bundesliga,2122
2021-08-21 13:30:00,Freiburg,Borussia Dortmund,1.58418,1.49634,2,1,GER-Bundesliga,2122
2021-08-21 13:30:00,Greuther Fuerth,Arminia Bielefeld,2.57735,0.763691,1,1,GER-Bundesliga,2122
2021-08-21 13:30:00,Hertha Berlin,Wolfsburg,1.17401,0.558009,1,2,GER-Bundesliga,2122
2021-08-22 15:30:00,Bayern Munich,FC Cologne,3.08002,0.957893,3,2,GER-Bundesliga,2122
2021-08-22 13:30:00,Hoffenheim,Union Berlin,0.967015,2.35122,2,2,GER-Bundesliga,2122
2021-08-27 18:30:00,Borussia Dortmund,Hoffenheim,3.40779,2.42487,3,2,GER-Bundesliga,2122
2021-08-28 13:30:00,Arminia Bielefeld,Eintracht Frankfurt,0.626534,1.78556,1,1,GER-Bundesliga,2122
2021-08-28 13:30:00,Augsburg,Bayer Leverkusen,1.6937,2.1207,1,4,GER-Bundesliga,2122
2021-08-28 16:30:00,Bayern Munich,Hertha Berlin,4.25513,0.575566,5,0,GER-Bundesliga,2122
2021-08-28 13:30:00,FC Cologne,Bochum,2.91135,0.721445,2,1,GER-Bundesliga,2122
2021-08-28 13:30:00,Mainz 05,Greuther Fuerth,2.79493,0.304223,3,0,GER-Bundesliga,2122
2021-08-28 13:30:00,VfB Stuttgart,Freiburg,2.28063,1.36171,2,3,GER-Bundesliga,2122
2021-08-29 13:30:00,Union Berlin,Borussia M.Gladbach,1.56256,1.52841,2,1,GER-Bundesliga,2122
2021-08-29 15:30:00,Wolfsburg,RasenBallsport Leipzig,1.11229,1.43914,1,0,GER-Bundesliga,2122
2021-09-11 13:30:00,Bayer Leverkusen,Borussia Dortmund,0.471066,2.2922,3,4,GER-Bundesliga,2122
2021-09-11 13:30:00,Freiburg,FC Cologne,0.871642,1.50213,1,1,GER-Bundesliga,2122
2021-09-11 13:30:00,Greuther Fuerth,Wolfsburg,0.392561,1.44282,0,2,GER-Bundesliga,2122
2021-09-11 13:30:00,Hoffenheim,Mainz 05,0.509713,0.933476,0,2,GER-Bundesliga,2122
2021-09-11 16:30:00,RasenBallsport Leipzig,Bayern Munich,0.347898,4.30091,1,4,GER-Bundesliga,2122
2021-09-11 13:30:00,Union Berlin,Augsburg,1.71533,0.831722,0,0,GER-Bundesliga,2122
2021-09-12 15:30:00,Bochum,Hertha Berlin,1.02687,0.605231,1,3,GER-Bundesliga,2122
2021-09-12 17:30:00,Borussia M.Gladbach,Arminia Bielefeld,2.12932,1.53189,3,1,GER-Bundesliga,2122
2021-09-12 13:30:00,Eintracht Frankfurt,VfB Stuttgart,1.46763,1.2361,1,1,GER-Bundesliga,2122
2021-09-17 18:30:00,Hertha Berlin,Greuther Fuerth,1.59085,1.55279,2,1,GER-Bundesliga,2122
2021-09-18 13:30:00,Arminia Bielefeld,Hoffenheim,1.00534,1.54136,0,0,GER-Bundesliga,2122
2021-09-18 13:30:00,Augsburg,Borussia M.Gladbach,0.494801,0.74574,1,0,GER-Bundesliga,2122
2021-09-18 13:30:00,Bayern Munich,Bochum,6.88189,1.23312,7,0,GER-Bundesliga,2122
2021-09-18 16:30:00,FC Cologne,RasenBallsport Leipzig,1.68932,2.03702,1,1,GER-Bundesliga,2122
2021-09-18 13:30:00,Mainz 05,Freiburg,1.26167,0.364252,0,0,GER-Bundesliga,2122
2021-09-19 15:30:00,Borussia Dortmund,Union Berlin,1.09855,1.7321,4,2,GER-Bundesliga,2122
2021-09-19 13:30:00,VfB Stuttgart,Bayer Leverkusen,1.41677,1.59332,1,3,GER-Bundesliga,2122
2021-09-19 17:30:00,Wolfsburg,Eintracht Frankfurt,1.84989,0.280625,1,1,GER-Bundesliga,2122
2021-09-24 18:30:00,Greuther Fuerth,Bayern Munich,0.655908,0.677915,1,3,GER-Bundesliga,2122
2021-09-25 13:30:00,Bayer Leverkusen,Mainz 05,1.45034,0.930118,1,0,GER-Bundesliga,2122
2021-09-25 16:30:00,Borussia M.Gladbach,Borussia Dortmund,1.65529,0.568652,1,0,GER-Bundesliga,2122
2021-09-25 13:30:00,Eintracht Frankfurt,FC Cologne,0.950916,1.10981,1,1,GER-Bundesliga,2122
2021-09-25 13:30:00,Hoffenheim,Wolfsburg,1.78602,0.504541,3,1,GER-Bundesliga,2122
2021-09-25 13:30:00,RasenBallsport Leipzig,Hertha Berlin,4.25065,0.341267,6,0,GER-Bundesliga,2122
2021-09-25 13:30:00,Union Berlin,Arminia Bielefeld,1.25321,0.435528,1,0,GER-Bundesliga,2122
2021-09-26 13:30:00,Bochum,VfB Stuttgart,0.925854,0.29441,0,0,GER-Bundesliga,2122
2021-09-26 15:30:00,Freiburg,Augsburg,3.97075,0.191653,3,0,GER-Bundesliga,2122
2021-10-01 18:30:00,FC Cologne,Greuther Fuerth,2.8694,0.984368,3,1,GER-Bundesliga,2122
2021-10-02 13:30:00,Borussia Dortmund,Augsburg,2.72281,0.746485,2,1,GER-Bundesliga,2122
2021-10-02 13:30:00,Hertha Berlin,Freiburg,0.913547,0.861008,1,2,GER-Bundesliga,2122
2021-10-02 16:30:00,RasenBallsport Leipzig,Bochum,2.46461,1.51583,3,0,GER-Bundesliga,2122
2021-10-02 13:30:00,VfB Stuttgart,Hoffenheim,0.76705,0.978235,3,1,GER-Bundesliga,2122
2021-10-02 13:30:00,Wolfsburg,Borussia M.Gladbach,1.22196,3.51831,1,3,GER-Bundesliga,2122
2021-10-03 17:30:00,Arminia Bielefeld,Bayer Leverkusen,0.447571,2.96917,0,4,GER-Bundesliga,2122
2021-10-03 15:30:00,Bayern Munich,Eintracht Frankfurt,2.18047,0.389616,1,2,GER-Bundesliga,2122
2021-10-03 13:30:00,Mainz 05,Union Berlin,1.25545,1.1103,1,2,GER-Bundesliga,2122
2021-10-15 18:30:00,Hoffenheim,FC Cologne,4.18974,0.484187,5,0,GER-Bundesliga,2122
2021-10-16 13:30:00,Borussia Dortmund,Mainz 05,2.3618,0.610876,3,1,GER-Bundesliga,2122
2021-10-16 16:30:00,Borussia M.Gladbach,VfB Stuttgart,2.28296,0.292328,1,1,GER-Bundesliga,2122
2021-10-16 13:30:00,Eintracht Frankfurt,Hertha Berlin,1.70283,2.56404,1,2,GER-Bundesliga,2122
2021-10-16 13:30:00,Freiburg,RasenBallsport Leipzig,1.63966,1.65528,1,1,GER-Bundesliga,2122
2021-10-16 13:30:00,Greuther Fuerth,Bochum,0.69855,1.72207,0,1,GER-Bundesliga,2122
2021-10-16 13:30:00,Union Berlin,Wolfsburg,1.32884,1.28381,2,0,GER-Bundesliga,2122
2021-10-17 15:30:00,Augsburg,Arminia Bielefeld,0.913256,0.285865,1,1,GER-Bundesliga,2122
2021-10-17 13:30:00,Bayer Leverkusen,Bayern Munich,0.729378,3.44913,1,5,GER-Bundesliga,2122
2021-10-22 18:30:00,Mainz 05,Augsburg,4.13366,0.664542,4,1,GER-Bundesliga,2122
2021-10-23 13:30:00,Arminia Bielefeld,Borussia Dortmund,1.40239,2.58993,1,3,GER-Bundesliga,2122
2021-10-23 13:30:00,Bayern Munich,Hoffenheim,3.31148,0.446465,4,0,GER-Bundesliga,2122
2021-10-23 16:30:00,Hertha Berlin,Borussia M.Gladbach,1.47383,0.47063,1,0,GER-Bundesliga,2122
2021-10-23 13:30:00,RasenBallsport Leipzig,Greuther Fuerth,2.30304,1.94277,4,1,GER-Bundesliga,2122
2021-10-23 13:30:00,Wolfsburg,Freiburg,1.72591,2.17659,0,2,GER-Bundesliga,2122
2021-10-24 17:30:00,Bochum,Eintracht Frankfurt,2.78664,1.51826,2,0,GER-Bundesliga,2122
2021-10-24 13:30:00,FC Cologne,Bayer Leverkusen,1.71198,1.79735,2,2,GER-Bundesliga,2122
2021-10-24 15:30:00,VfB Stuttgart,Union Berlin,0.426401,1.01643,1,1,GER-Bundesliga,2122
2021-10-29 18:30:00,Hoffenheim,Hertha Berlin,0.860088,0.471538,2,0,GER-Bundesliga,2122
2021-10-30 13:30:00,Arminia Bielefeld,Mainz 05,0.497896,2.97383,1,2,GER-Bundesliga,2122
2021-10-30 13:30:00,Bayer Leverkusen,Wolfsburg,1.30903,1.8693,0,2,GER-Bundesliga,2122
2021-10-30 13:30:00,Borussia Dortmund,FC Cologne,1.75772,1.20191,2,0,GER-Bundesliga,2122
2021-10-30 16:30:00,Eintracht Frankfurt,RasenBallsport Leipzig,0.594345,3.99211,1,1,GER-Bundesliga,2122
2021-10-30 13:30:00,Freiburg,Greuther Fuerth,1.2181,0.48039,3,1,GER-Bundesliga,2122
2021-10-30 13:30:00,Union Berlin,Bayern Munich,0.744794,3.14739,2,5,GER-Bundesliga,2122
2021-10-31 14:30:00,Augsburg,VfB Stuttgart,2.59567,0.90948,4,1,GER-Bundesliga,2122
2021-10-31 16:30:00,Borussia M.Gladbach,Bochum,1.81742,1.07958,2,1,GER-Bundesliga,2122
2021-11-05 19:30:00,Mainz 05,Borussia M.Gladbach,0.94947,1.50835,1,1,GER-Bundesliga,2122
2021-11-06 14:30:00,Bayern Munich,Freiburg,3.16849,0.910798,2,1,GER-Bundesliga,2122
2021-11-06 14:30:00,Bochum,Hoffenheim,2.12433,0.641687,2,0,GER-Bundesliga,2122
2021-11-06 17:30:00,RasenBallsport Leipzig,Borussia Dortmund,2.48845,0.734721,2,1,GER-Bundesliga,2122
2021-11-06 14:30:00,VfB Stuttgart,Arminia Bielefeld,1.11192,1.55125,0,1,GER-Bundesliga,2122
2021-11-06 14:30:00,Wolfsburg,Augsburg,0.910085,0.867311,1,0,GER-Bundesliga,2122
2021-11-07 16:30:00,FC Cologne,Union Berlin,1.93335,1.1297,2,2,GER-Bundesliga,2122
2021-11-07 18:30:00,Greuther Fuerth,Eintracht Frankfurt,2.4344,1.26639,1,2,GER-Bundesliga,2122
2021-11-07 14:30:00,Hertha Berlin,Bayer Leverkusen,0.903476,0.774023,1,1,GER-Bundesliga,2122
2021-11-19 19:30:00,Augsburg,Bayern Munich,0.614461,1.24258,2,1,GER-Bundesliga,2122
2021-11-20 14:30:00,Arminia Bielefeld,Wolfsburg,1.40579,1.35662,2,2,GER-Bundesliga,2122
2021-11-20 14:30:00,Bayer Leverkusen,Bochum,1.62637,0.708697,1,0,GER-Bundesliga,2122
2021-11-20 14:30:00,Borussia Dortmund,VfB Stuttgart,1.99186,1.54108,2,1,GER-Bundesliga,2122
2021-11-20 14:30:00,Borussia M.Gladbach,Greuther Fuerth,2.47443,0.307559,4,0,GER-Bundesliga,2122
2021-11-20 14:30:00,Hoffenheim,RasenBallsport Leipzig,2.88876,0.211083,2,0,GER-Bundesliga,2122
2021-11-20 17:30:00,Union Berlin,Hertha Berlin,1.89108,0.211495,2,0,GER-Bundesliga,2122
2021-11-21 14:30:00,Freiburg,Eintracht Frankfurt,1.5667,1.24268,0,2,GER-Bundesliga,2122
2021-11-21 16:30:00,Mainz 05,FC Cologne,0.941346,1.75564,1,1,GER-Bundesliga,2122
2021-11-26 19:30:00,VfB Stuttgart,Mainz 05,0.276918,1.17743,2,1,GER-Bundesliga,2122
2021-11-27 17:30:00,Bayern Munich,Arminia Bielefeld,2.67728,0.385377,1,0,GER-Bundesliga,2122
2021-11-27 14:30:00,Bochum,Freiburg,0.955994,2.12135,2,1,GER-Bundesliga,2122
2021-11-27 14:30:00,FC Cologne,Borussia M.Gladbach,1.48695,1.30291,4,1,GER-Bundesliga,2122
2021-11-27 14:30:00,Greuther Fuerth,Hoffenheim,1.36493,3.01705,3,6,GER-Bundesliga,2122
2021-11-27 14:30:00,Hertha Berlin,Augsburg,1.92656,1.61295,1,1,GER-Bundesliga,2122
2021-11-27 14:30:00,Wolfsburg,Borussia Dortmund,2.17146,2.35127,1,3,GER-Bundesliga,2122
2021-11-28 14:30:00,Eintracht Frankfurt,Union Berlin,1.69692,1.07386,2,1,GER-Bundesliga,2122
2021-11-28 16:30:00,RasenBallsport Leipzig,Bayer Leverkusen,1.43225,1.23553,1,3,GER-Bundesliga,2122
2021-12-03 19:30:00,Union Berlin,RasenBallsport Leipzig,3.76492,1.14392,2,1,GER-Bundesliga,2122
2021-12-04 14:30:00,Arminia Bielefeld,FC Cologne,1.01727,1.18693,1,1,GER-Bundesliga,2122
2021-12-04 14:30:00,Augsburg,Bochum,2.86606,2.04524,2,3,GER-Bundesliga,2122
2021-12-04 14:30:00,Bayer Leverkusen,Greuther Fuerth,2.4319,0.279746,7,1,GER-Bundesliga,2122
2021-12-04 17:30:00,Borussia Dortmund,Bayern Munich,1.43058,2.42143,2,3,GER-Bundesliga,2122
2021-12-04 14:30:00,Hoffenheim,Eintracht Frankfurt,0.924975,1.57864,3,2,GER-Bundesliga,2122
2021-12-04 14:30:00,Mainz 05,Wolfsburg,1.41164,0.760457,3,0,GER-Bundesliga,2122
2021-12-05 16:30:00,Borussia M.Gladbach,Freiburg,1.07562,2.70796,0,6,GER-Bundesliga,2122
2021-12-05 14:30:00,VfB Stuttgart,Hertha Berlin,0.921944,1.25849,2,2,GER-Bundesliga,2122
2021-12-10 19:30:00,FC Cologne,Augsburg,1.15891,1.17632,0,2,GER-Bundesliga,2122
2021-12-11 14:30:00,Bayern Munich,Mainz 05,1.78613,0.872668,2,1,GER-Bundesliga,2122
2021-12-11 14:30:00,Bochum,Borussia Dortmund,0.966453,2.68284,1,1,GER-Bundesliga,2122
2021-12-11 14:30:00,Freiburg,Hoffenheim,2.25197,1.5054,1,2,GER-Bundesliga,2122
2021-12-11 14:30:00,Hertha Berlin,Arminia Bielefeld,2.23797,0.454841,2,0,GER-Bundesliga,2122
2021-12-11 14:30:00,RasenBallsport Leipzig,Borussia M.Gladbach,4.80258,0.84748,4,1,GER-Bundesliga,2122
2021-12-11 17:30:00,Wolfsburg,VfB Stuttgart,1.46986,1.53296,0,2,GER-Bundesliga,2122
2021-12-12 16:30:00,Eintracht Frankfurt,Bayer Leverkusen,1.44415,1.60141,5,2,GER-Bundesliga,2122
2021-12-12 14:30:00,Greuther Fuerth,Union Berlin,0.680225,1.83652,1,0,GER-Bundesliga,2122
2021-12-14 19:30:00,Arminia Bielefeld,Bochum,0.642785,0.748012,2,0,GER-Bundesliga,2122
2021-12-14 19:30:00,Mainz 05,Hertha Berlin,3.10591,0.393369,4,0,GER-Bundesliga,2122
2021-12-14 17:30:00,VfB Stuttgart,Bayern Munich,1.04709,4.98146,0,5,GER-Bundesliga,2122
2021-12-14 19:30:00,Wolfsburg,FC Cologne,2.42693,3.14693,2,3,GER-Bundesliga,2122
2021-12-15 19:30:00,Augsburg,RasenBallsport Leipzig,1.56744,3.08255,1,1,GER-Bundesliga,2122
2021-12-15 19:30:00,Bayer Leverkusen,Hoffenheim,2.42553,1.68115,2,2,GER-Bundesliga,2122
2021-12-15 19:30:00,Borussia Dortmund,Greuther Fuerth,1.91572,0.379024,3,0,GER-Bundesliga,2122
2021-12-15 17:30:00,Borussia M.Gladbach,Eintracht Frankfurt,2.22983,2.50286,2,3,GER-Bundesliga,2122
2021-12-15 19:30:00,Union Berlin,Freiburg,2.25007,1.22466,0,0,GER-Bundesliga,2122
2021-12-17 19:30:00,Bayern Munich,Wolfsburg,4.31291,1.41635,4,0,GER-Bundesliga,2122
2021-12-18 14:30:00,Bochum,Union Berlin,1.04215,0.999651,0,1,GER-Bundesliga,2122
2021-12-18 14:30:00,Eintracht Frankfurt,Mainz 05,1.52805,0.832437,1,0,GER-Bundesliga,2122
2021-12-18 14:30:00,Greuther Fuerth,Augsburg,0.0901985,1.48497,0,0,GER-Bundesliga,2122
2021-12-18 17:30:00,Hertha Berlin,Borussia Dortmund,1.61634,1.57262,3,2,GER-Bundesliga,2122
2021-12-18 14:30:00,Hoffenheim,Borussia M.Gladbach,2.24422,1.62486,1,1,GER-Bundesliga,2122
2021-12-18 14:30:00,RasenBallsport Leipzig,Arminia Bielefeld,1.64503,1.33454,0,2,GER-Bundesliga,2122
2021-12-19 16:30:00,FC Cologne,VfB Stuttgart,1.35819,0.333564,1,0,GER-Bundesliga,2122
2021-12-19 14:30:00,Freiburg,Bayer Leverkusen,2.07857,0.818605,2,1,GER-Bundesliga,2122
2022-01-07 19:30:00,Bayern Munich,Borussia M.Gladbach,1.35599,1.51069,1,2,GER-Bundesliga,2122
2022-01-08 14:30:00,Bayer Leverkusen,Union Berlin,2.20526,3.04208,2,2,GER-Bundesliga,2122
2022-01-08 17:30:00,Eintracht Frankfurt,Borussia Dortmund,1.77844,2.38227,2,3,GER-Bundesliga,2122
2022-01-08 14:30:00,Freiburg,Arminia Bielefeld,2.20416,1.1145,2,2,GER-Bundesliga,2122
2022-01-08 14:30:00,Greuther Fuerth,VfB Stuttgart,1.12386,1.62697,0,0,GER-Bundesliga,2122
2022-01-08 14:30:00,Hoffenheim,Augsburg,2.76228,0.749744,3,1,GER-Bundesliga,2122
2022-01-08 14:30:00,RasenBallsport Leipzig,Mainz 05,3.55391,0.319779,4,1,GER-Bundesliga,2122
2022-01-09 16:30:00,Bochum,Wolfsburg,1.57295,0.400404,1,0,GER-Bundesliga,2122
2022-01-09 14:30:00,Hertha Berlin,FC Cologne,0.791753,2.46989,1,3,GER-Bundesliga,2122
2022-01-14 19:30:00,Borussia Dortmund,Freiburg,2.42754,1.04847,5,1,GER-Bundesliga,2122
2022-01-15 17:30:00,Borussia M.Gladbach,Bayer Leverkusen,1.44472,6.49734,1,2,GER-Bundesliga,2122
2022-01-15 14:30:00,FC Cologne,Bayern Munich,1.0312,3.87329,0,4,GER-Bundesliga,2122
2022-01-15 14:30:00,Mainz 05,Bochum,1.60302,1.32639,1,0,GER-Bundesliga,2122
2022-01-15 14:30:00,Union Berlin,Hoffenheim,1.76684,0.61487,2,1,GER-Bundesliga,2122
2022-01-15 14:30:00,VfB Stuttgart,RasenBallsport Leipzig,1.18793,1.601,0,2,GER-Bundesliga,2122
2022-01-15 14:30:00,Wolfsburg,Hertha Berlin,1.80168,0.313936,0,0,GER-Bundesliga,2122
2022-01-16 16:30:00,Arminia Bielefeld,Greuther Fuerth,0.534681,0.55128,2,2,GER-Bundesliga,2122
2022-01-16 14:30:00,Augsburg,Eintracht Frankfurt,0.834967,2.14731,1,1,GER-Bundesliga,2122
2022-01-21 19:30:00,Eintracht Frankfurt,Arminia Bielefeld,1.44952,1.56136,0,2,GER-Bundesliga,2122
2022-01-22 14:30:00,Bayer Leverkusen,Augsburg,3.51884,1.21255,5,1,GER-Bundesliga,2122
2022-01-22 17:30:00,Bochum,FC Cologne,1.77931,1.5434,2,2,GER-Bundesliga,2122
2022-01-22 14:30:00,Borussia M.Gladbach,Union Berlin,1.29912,1.30514,1,2,GER-Bundesliga,2122
2022-01-22 14:30:00,Freiburg,VfB Stuttgart,1.58203,0.221777,2,0,GER-Bundesliga,2122
2022-01-22 14:30:00,Greuther Fuerth,Mainz 05,1.29371,1.40771,2,1,GER-Bundesliga,2122
2022-01-22 14:30:00,Hoffenheim,Borussia Dortmund,1.16246,1.3361,2,3,GER-Bundesliga,2122
2022-01-23 16:30:00,Hertha Berlin,Bayern Munich,0.847937,5.18503,1,4,GER-Bundesliga,2122
2022-01-23 14:30:00,RasenBallsport Leipzig,Wolfsburg,1.69425,0.871043,2,0,GER-Bundesliga,2122
2022-02-04 19:30:00,Hertha Berlin,Bochum,0.444153,0.993261,1,1,GER-Bundesliga,2122
2022-02-05 14:30:00,Arminia Bielefeld,Borussia M.Gladbach,0.5965,1.4844,1,1,GER-Bundesliga,2122
2022-02-05 14:30:00,Augsburg,Union Berlin,1.83212,2.09718,2,0,GER-Bundesliga,2122
2022-02-05 17:30:00,Bayern Munich,RasenBallsport Leipzig,3.0334,2.65667,3,2,GER-Bundesliga,2122
2022-02-05 14:30:00,FC Cologne,Freiburg,1.09604,0.683704,1,0,GER-Bundesliga,2122
2022-02-05 14:30:00,Mainz 05,Hoffenheim,1.77868,1.31773,2,0,GER-Bundesliga,2122
2022-02-05 14:30:00,VfB Stuttgart,Eintracht Frankfurt,2.12047,0.842047,2,3,GER-Bundesliga,2122
2022-02-06 14:30:00,Borussia Dortmund,Bayer Leverkusen,1.60338,1.81345,2,5,GER-Bundesliga,2122
2022-02-06 16:30:00,Wolfsburg,Greuther Fuerth,2.0638,1.10423,4,1,GER-Bundesliga,2122
2022-02-11 19:30:00,RasenBallsport Leipzig,FC Cologne,0.850488,0.794743,3,1,GER-Bundesliga,2122
2022-02-12 17:30:00,Bayer Leverkusen,VfB Stuttgart,2.41919,1.17227,4,2,GER-Bundesliga,2122
2022-02-12 14:30:00,Bochum,Bayern Munich,1.34846,1.87083,4,2,GER-Bundesliga,2122
2022-02-12 14:30:00,Borussia M.Gladbach,Augsburg,3.03062,1.62757,3,2,GER-Bundesliga,2122
2022-02-12 14:30:00,Eintracht Frankfurt,Wolfsburg,0.879318,1.61974,0,2,GER-Bundesliga,2122
2022-02-12 14:30:00,Freiburg,Mainz 05,1.69097,3.15753,1,1,GER-Bundesliga,2122
2022-02-12 14:30:00,Greuther Fuerth,Hertha Berlin,2.69634,1.84512,2,1,GER-Bundesliga,2122
2022-02-13 16:30:00,Hoffenheim,Arminia Bielefeld,4.16571,0.652006,2,0,GER-Bundesliga,2122
2022-02-13 14:30:00,Union Berlin,Borussia Dortmund,1.47085,2.59623,0,3,GER-Bundesliga,2122
2022-02-18 19:30:00,Mainz 05,Bayer Leverkusen,1.00622,0.827749,3,2,GER-Bundesliga,2122
2022-02-19 14:30:00,Arminia Bielefeld,Union Berlin,1.41442,0.771488,1,0,GER-Bundesliga,2122
2022-02-19 14:30:00,Augsburg,Freiburg,0.951389,2.56075,1,2,GER-Bundesliga,2122
2022-02-19 17:30:00,FC Cologne,Eintracht Frankfurt,1.43278,0.678832,1,0,GER-Bundesliga,2122
2022-02-19 14:30:00,VfB Stuttgart,Bochum,1.37485,1.93431,1,1,GER-Bundesliga,2122
2022-02-19 14:30:00,Wolfsburg,Hoffenheim,1.50299,1.07132,1,2,GER-Bundesliga,2122
2022-02-20 14:30:00,Bayern Munich,Greuther Fuerth,2.52333,0.66071,4,1,GER-Bundesliga,2122
2022-02-20 16:30:00,Borussia Dortmund,Borussia M.Gladbach,3.59589,0.769068,6,0,GER-Bundesliga,2122
2022-02-20 18:30:00,Hertha Berlin,RasenBallsport Leipzig,1.0916,3.42076,1,6,GER-Bundesliga,2122
2022-02-25 19:30:00,Hoffenheim,VfB Stuttgart,2.65346,1.83937,2,1,GER-Bundesliga,2122
2022-02-26 14:30:00,Bayer Leverkusen,Arminia Bielefeld,3.05247,0.307307,3,0,GER-Bundesliga,2122
2022-02-26 14:30:00,Borussia M.Gladbach,Wolfsburg,2.7626,1.26995,2,2,GER-Bundesliga,2122
2022-02-26 17:30:00,Eintracht Frankfurt,Bayern Munich,1.1892,2.60814,0,1,GER-Bundesliga,2122
2022-02-26 14:30:00,Freiburg,Hertha Berlin,3.66711,1.54627,3,0,GER-Bundesliga,2122
2022-02-26 14:30:00,Greuther Fuerth,FC Cologne,0.640559,0.569519,1,1,GER-Bundesliga,2122
2022-02-26 14:30:00,Union Berlin,Mainz 05,0.883998,0.75947,3,1,GER-Bundesliga,2122
2022-02-27 16:30:00,Augsburg,Borussia Dortmund,0.856029,0.640799,1,1,GER-Bundesliga,2122
2022-02-27 14:30:00,Bochum,RasenBallsport Leipzig,0.998771,0.61309,0,1,GER-Bundesliga,2122
2022-03-04 19:30:00,Arminia Bielefeld,Augsburg,0.14375,0.308406,0,1,GER-Bundesliga,2122
2022-03-05 14:30:00,Bayern Munich,Bayer Leverkusen,1.6659,2.26407,1,1,GER-Bundesliga,2122
2022-03-05 14:30:00,Bochum,Greuther Fuerth,1.6566,0.579266,2,1,GER-Bundesliga,2122
2022-03-05 14:30:00,Hertha Berlin,Eintracht Frankfurt,0.483243,1.37042,1,4,GER-Bundesliga,2122
2022-03-05 14:30:00,RasenBallsport Leipzig,Freiburg,0.753651,0.484924,1,1,GER-Bundesliga,2122
2022-03-05 17:30:00,VfB Stuttgart,Borussia M.Gladbach,2.36751,1.20797,3,2,GER-Bundesliga,2122
2022-03-05 14:30:00,Wolfsburg,Union Berlin,0.411697,1.55639,1,0,GER-Bundesliga,2122
2022-03-06 16:30:00,FC Cologne,Hoffenheim,1.22016,2.87337,0,1,GER-Bundesliga,2122
2022-03-12 17:30:00,Borussia M.Gladbach,Hertha Berlin,1.75587,0.443109,2,0,GER-Bundesliga,2122
2022-03-12 14:30:00,Freiburg,Wolfsburg,1.54229,0.908576,3,2,GER-Bundesliga,2122
2022-03-12 14:30:00,Hoffenheim,Bayern Munich,2.02668,3.98532,1,1,GER-Bundesliga,2122
2022-03-12 14:30:00,Union Berlin,VfB Stuttgart,1.89937,1.73181,1,1,GER-Bundesliga,2122
2022-03-13 14:30:00,Bayer Leverkusen,FC Cologne,2.40118,0.59749,0,1,GER-Bundesliga,2122
2022-03-13 16:30:00,Borussia Dortmund,Arminia Bielefeld,2.06968,0.691049,1,0,GER-Bundesliga,2122
2022-03-13 16:30:00,Eintracht Frankfurt,Bochum,1.55276,1.20928,2,1,GER-Bundesliga,2122
2022-03-13 18:30:00,Greuther Fuerth,RasenBallsport Leipzig,0.377793,2.14171,1,6,GER-Bundesliga,2122
2022-03-16 17:30:00,Mainz 05,Borussia Dortmund,0.782406,1.39041,0,1,GER-Bundesliga,2122
2022-03-18 17:30:00,Bochum,Borussia M.Gladbach,1.65633,0.616407,0,2,GER-Bundesliga,2122
2022-03-19 17:30:00,Bayern Munich,Union Berlin,2.82028,1.38973,4,0,GER-Bundesliga,2122
2022-03-19 14:30:00,Greuther Fuerth,Freiburg,0.781339,1.05712,0,0,GER-Bundesliga,2122
2022-03-19 14:30:00,Hertha Berlin,Hoffenheim,1.76348,0.576415,3,0,GER-Bundesliga,2122
2022-03-19 14:30:00,Mainz 05,Arminia Bielefeld,4.32637,0.236164,4,0,GER-Bundesliga,2122
2022-03-19 14:30:00,VfB Stuttgart,Augsburg,2.18312,0.770891,3,2,GER-Bundesliga,2122
2022-03-20 18:30:00,FC Cologne,Borussia Dortmund,1.265,1.0401,1,1,GER-Bundesliga,2122
2022-03-20 14:30:00,RasenBallsport Leipzig,Eintracht Frankfurt,1.05989,0.258751,0,0,GER-Bundesliga,2122
2022-03-20 16:30:00,Wolfsburg,Bayer Leverkusen,1.31797,1.43941,0,2,GER-Bundesliga,2122
2022-04-01 18:30:00,Union Berlin,FC Cologne,1.0725,0.220646,1,0,GER-Bundesliga,2122
2022-04-02 13:30:00,Arminia Bielefeld,VfB Stuttgart,1.01032,2.73417,1,1,GER-Bundesliga,2122
2022-04-02 13:30:00,Bayer Leverkusen,Hertha Berlin,1.78741,0.872251,2,1,GER-Bundesliga,2122
2022-04-02 16:30:00,Borussia Dortmund,RasenBallsport Leipzig,0.969967,1.23272,1,4,GER-Bundesliga,2122
2022-04-02 13:30:00,Eintracht Frankfurt,Greuther Fuerth,1.31928,0.466385,0,0,GER-Bundesliga,2122
2022-04-02 13:30:00,Freiburg,Bayern Munich,0.754263,3.15613,1,4,GER-Bundesliga,2122
2022-04-02 13:30:00,Hoffenheim,Bochum,1.9687,1.70208,1,2,GER-Bundesliga,2122
2022-04-03 13:30:00,Augsburg,Wolfsburg,2.52845,1.18916,3,0,GER-Bundesliga,2122
2022-04-03 15:30:00,Borussia M.Gladbach,Mainz 05,1.55193,1.78,1,1,GER-Bundesliga,2122
2022-04-06 16:30:00,Augsburg,Mainz 05,1.92513,1.84563,2,1,GER-Bundesliga,2122
2022-04-08 18:30:00,VfB Stuttgart,Borussia Dortmund,2.03163,1.49649,0,2,GER-Bundesliga,2122
2022-04-09 13:30:00,Bayern Munich,Augsburg,1.43145,0.277271,1,0,GER-Bundesliga,2122
2022-04-09 13:30:00,FC Cologne,Mainz 05,1.90576,0.926438,3,2,GER-Bundesliga,2122
2022-04-09 13:30:00,Greuther Fuerth,Borussia M.Gladbach,0.651835,3.48459,0,2,GER-Bundesliga,2122
2022-04-09 16:30:00,Hertha Berlin,Union Berlin,0.85457,1.85412,1,4,GER-Bundesliga,2122
2022-04-09 13:30:00,Wolfsburg,Arminia Bielefeld,1.99101,0.476945,4,0,GER-Bundesliga,2122
2022-04-10 13:30:00,Bochum,Bayer Leverkusen,1.05181,1.21928,0,0,GER-Bundesliga,2122
2022-04-10 15:30:00,Eintracht Frankfurt,Freiburg,1.09915,1.46109,1,2,GER-Bundesliga,2122
2022-04-10 17:30:00,RasenBallsport Leipzig,Hoffenheim,1.61141,0.171037,3,0,GER-Bundesliga,2122
2022-04-16 13:30:00,Augsburg,Hertha Berlin,0.777494,1.6343,0,1,GER-Bundesliga,2122
2022-04-16 13:30:00,Borussia Dortmund,Wolfsburg,3.31511,1.96018,6,1,GER-Bundesliga,2122
2022-04-16 16:30:00,Borussia M.Gladbach,FC Cologne,1.19803,3.01287,1,3,GER-Bundesliga,2122
2022-04-16 13:30:00,Freiburg,Bochum,2.45736,0.427462,3,0,GER-Bundesliga,2122
2022-04-16 13:30:00,Mainz 05,VfB Stuttgart,0.723024,0.633775,0,0,GER-Bundesliga,2122
2022-04-17 13:30:00,Arminia Bielefeld,Bayern Munich,0.463135,3.49911,0,3,GER-Bundesliga,2122
2022-04-17 17:30:00,Bayer Leverkusen,RasenBallsport Leipzig,0.728724,0.507455,0,1,GER-Bundesliga,2122
2022-04-17 15:30:00,Hoffenheim,Greuther Fuerth,0.973602,0.284206,0,0,GER-Bundesliga,2122
2022-04-17 15:30:00,Union Berlin,Eintracht Frankfurt,1.3196,0.513925,2,0,GER-Bundesliga,2122
2022-04-22 18:30:00,Wolfsburg,Mainz 05,3.6526,0.613976,5,0,GER-Bundesliga,2122
2022-04-23 16:30:00,Bayern Munich,Borussia Dortmund,2.0232,1.17213,3,1,GER-Bundesliga,2122
2022-04-23 13:30:00,Eintracht Frankfurt,Hoffenheim,1.06541,0.757228,2,2,GER-Bundesliga,2122
2022-04-23 13:30:00,FC Cologne,Arminia Bielefeld,1.91505,0.740533,3,1,GER-Bundesliga,2122
2022-04-23 13:30:00,Freiburg,Borussia M.Gladbach,2.49907,1.52115,3,3,GER-Bundesliga,2122
2022-04-23 13:30:00,Greuther Fuerth,Bayer Leverkusen,1.18317,2.11362,1,4,GER-Bundesliga,2122
2022-04-23 13:30:00,RasenBallsport Leipzig,Union Berlin,0.573656,1.93634,1,2,GER-Bundesliga,2122
2022-04-24 13:30:00,Bochum,Augsburg,1.18661,1.99486,0,2,GER-Bundesliga,2122
2022-04-24 15:30:00,Hertha Berlin,VfB Stuttgart,0.947404,0.451742,2,0,GER-Bundesliga,2122
2022-04-29 18:30:00,Union Berlin,Greuther Fuerth,0.857798,0.237425,1,1,GER-Bundesliga,2122
2022-04-30 13:30:00,Arminia Bielefeld,Hertha Berlin,0.403104,1.66247,1,1,GER-Bundesliga,2122
2022-04-30 13:30:00,Augsburg,FC Cologne,1.73625,3.04059,1,4,GER-Bundesliga,2122
2022-04-30 13:30:00,Borussia Dortmund,Bochum,3.34247,1.90488,3,4,GER-Bundesliga,2122
2022-04-30 16:30:00,Hoffenheim,Freiburg,2.60025,2.694,3,4,GER-Bundesliga,2122
2022-04-30 13:30:00,Mainz 05,Bayern Munich,3.17227,1.23601,3,1,GER-Bundesliga,2122
2022-04-30 13:30:00,VfB Stuttgart,Wolfsburg,0.826738,1.16064,1,1,GER-Bundesliga,2122
2022-05-02 18:30:00,Bayer Leverkusen,Eintracht Frankfurt,2.17544,0.349041,2,0,GER-Bundesliga,2122
2022-05-02 18:30:00,Borussia M.Gladbach,RasenBallsport Leipzig,1.57029,1.22604,3,1,GER-Bundesliga,2122
2022-05-06 18:30:00,Bochum,Arminia Bielefeld,2.68894,0.845303,2,1,GER-Bundesliga,2122
2022-05-07 13:30:00,FC Cologne,Wolfsburg,0.975489,1.14328,0,1,GER-Bundesliga,2122
2022-05-07 13:30:00,Freiburg,Union Berlin,1.64859,2.40109,1,4,GER-Bundesliga,2122
2022-05-07 13:30:00,Greuther Fuerth,Borussia Dortmund,1.22647,1.12743,1,3,GER-Bundesliga,2122
2022-05-07 16:30:00,Hertha Berlin,Mainz 05,1.11131,0.756414,1,2,GER-Bundesliga,2122
2022-05-07 13:30:00,Hoffenheim,Bayer Leverkusen,2.09206,3.9336,2,4,GER-Bundesliga,2122
2022-05-08 15:30:00,Bayern Munich,VfB Stuttgart,2.77465,1.95837,2,2,GER-Bundesliga,2122
2022-05-08 13:30:00,Eintracht Frankfurt,Borussia M.Gladbach,0.808226,2.02639,1,1,GER-Bundesliga,2122
2022-05-08 17:30:00,RasenBallsport Leipzig,Augsburg,3.4379,0.173579,4,0,GER-Bundesliga,2122
2022-05-14 13:30:00,Arminia Bielefeld,RasenBallsport Leipzig,1.66972,3.45794,1,1,GER-Bundesliga,2122
2022-05-14 13:30:00,Augsburg,Greuther Fuerth,1.17202,0.337532,2,1,GER-Bundesliga,2122
2022-05-14 13:30:00,Bayer Leverkusen,Freiburg,1.82142,1.1463,2,1,GER-Bundesliga,2122
2022-05-14 13:30:00,Borussia Dortmund,Hertha Berlin,1.32689,0.876533,2,1,GER-Bundesliga,2122
2022-05-14 13:30:00,Borussia M.Gladbach,Hoffenheim,3.82831,1.92751,5,1,GER-Bundesliga,2122
2022-05-14 13:30:00,Mainz 05,Eintracht Frankfurt,0.850382,1.70213,2,2,GER-Bundesliga,2122
2022-05-14 13:30:00,Union Berlin,Bochum,3.37468,0.391265,3,2,GER-Bundesliga,2122
2022-05-14 13:30:00,VfB Stuttgart,FC Cologne,3.83676,1.11893,2,1,GER-Bundesliga,2122
2022-05-14 13:30:00,Wolfsburg,Bayern Munich,1.14112,2.07091,2,2,GER-Bundesliga,2122
2022-08-05 18:30:00,Eintracht Frankfurt,Bayern Munich,0.756176,4.56023,1,6,GER-Bundesliga,2223
2022-08-06 13:30:00,Augsburg,Freiburg,0.585905,1.54255,0,4,GER-Bundesliga,2223
2022-08-06 13:30:00,Bochum,Mainz 05,0.818183,1.59439,1,2,GER-Bundesliga,2223
2022-08-06 16:30:00,Borussia Dortmund,Bayer Leverkusen,2.38349,1.23566,1,0,GER-Bundesliga,2223
2022-08-06 13:30:00,Borussia M.Gladbach,Hoffenheim,2.07456,0.119138,3,1,GER-Bundesliga,2223
2022-08-06 13:30:00,Union Berlin,Hertha Berlin,1.18263,0.350984,3,1,GER-Bundesliga,2223
2022-08-06 13:30:00,Wolfsburg,Werder Bremen,0.954909,1.04228,2,2,GER-Bundesliga,2223
2022-08-07 15:30:00,FC Cologne,Schalke 04,4.42242,0.227735,3,1,GER-Bundesliga,2223
2022-08-07 13:30:00,VfB Stuttgart,RasenBallsport Leipzig,0.565488,2.13153,1,1,GER-Bundesliga,2223
2022-08-12 18:30:00,Freiburg,Borussia Dortmund,1.0831,0.781529,1,3,GER-Bundesliga,2223
2022-08-13 13:30:00,Bayer Leverkusen,Augsburg,2.7843,0.749163,1,2,GER-Bundesliga,2223
2022-08-13 13:30:00,Hertha Berlin,Eintracht Frankfurt,2.06497,1.20421,1,1,GER-Bundesliga,2223
2022-08-13 13:30:00,Hoffenheim,Bochum,2.3761,1.47438,3,2,GER-Bundesliga,2223
2022-08-13 13:30:00,RasenBallsport Leipzig,FC Cologne,1.17885,1.51583,2,2,GER-Bundesliga,2223
2022-08-13 16:30:00,Schalke 04,Borussia M.Gladbach,1.69324,1.41135,2,2,GER-Bundesliga,2223
2022-08-13 13:30:00,Werder Bremen,VfB Stuttgart,0.704357,1.31637,2,2,GER-Bundesliga,2223
2022-08-14 15:30:00,Bayern Munich,Wolfsburg,1.4017,0.443318,2,0,GER-Bundesliga,2223
2022-08-14 13:30:00,Mainz 05,Union Berlin,0.648549,0.301432,0,0,GER-Bundesliga,2223
2022-08-19 18:30:00,Borussia M.Gladbach,Hertha Berlin,2.26575,0.967668,1,0,GER-Bundesliga,2223
2022-08-20 13:30:00,Augsburg,Mainz 05,0.306368,2.04608,1,2,GER-Bundesliga,2223
2022-08-20 13:30:00,Bayer Leverkusen,Hoffenheim,1.10143,1.30099,0,3,GER-Bundesliga,2223
2022-08-20 13:30:00,Borussia Dortmund,Werder Bremen,0.625547,1.20064,2,3,GER-Bundesliga,2223
2022-08-20 16:30:00,Union Berlin,RasenBallsport Leipzig,0.642263,0.958767,2,1,GER-Bundesliga,2223
2022-08-20 13:30:00,VfB Stuttgart,Freiburg,0.766656,0.903953,0,1,GER-Bundesliga,2223
2022-08-20 13:30:00,Wolfsburg,Schalke 04,1.20648,1.03296,0,0,GER-Bundesliga,2223
2022-08-21 15:30:00,Bochum,Bayern Munich,0.747624,3.98121,0,7,GER-Bundesliga,2223
2022-08-21 13:30:00,Eintracht Frankfurt,FC Cologne,0.54009,0.236472,1,1,GER-Bundesliga,2223
2022-08-26 18:30:00,Freiburg,Bochum,4.40931,1.13013,1,0,GER-Bundesliga,2223
2022-08-27 16:30:00,Bayern Munich,Borussia M.Gladbach,3.17378,0.548057,1,1,GER-Bundesliga,2223
2022-08-27 13:30:00,Hertha Berlin,Borussia Dortmund,0.353045,2.97427,0,1,GER-Bundesliga,2223
2022-08-27 13:30:00,Hoffenheim,Augsburg,2.00234,0.458737,1,0,GER-Bundesliga,2223
2022-08-27 13:30:00,Mainz 05,Bayer Leverkusen,1.62032,1.40426,0,3,GER-Bundesliga,2223
2022-08-27 13:30:00,RasenBallsport Leipzig,Wolfsburg,3.79244,0.520425,2,0,GER-Bundesliga,2223
2022-08-27 13:30:00,Schalke 04,Union Berlin,1.86616,1.0651,1,6,GER-Bundesliga,2223
2022-08-28 13:30:00,FC Cologne,VfB Stuttgart,0.385951,1.96538,0,0,GER-Bundesliga,2223
2022-08-28 15:30:00,Werder Bremen,Eintracht Frankfurt,1.88918,1.87305,3,4,GER-Bundesliga,2223
2022-09-02 18:30:00,Borussia Dortmund,Hoffenheim,2.521,0.360446,1,0,GER-Bundesliga,2223
2022-09-03 13:30:00,Bayer Leverkusen,Freiburg,1.79727,2.35383,2,3,GER-Bundesliga,2223
2022-09-03 13:30:00,Bochum,Werder Bremen,1.22972,1.9903,0,2,GER-Bundesliga,2223
2022-09-03 16:30:00,Eintracht Frankfurt,RasenBallsport Leipzig,3.62625,0.220403,4,0,GER-Bundesliga,2223
2022-09-03 13:30:00,Union Berlin,Bayern Munich,0.443137,1.38204,1,1,GER-Bundesliga,2223
2022-09-03 13:30:00,VfB Stuttgart,Schalke 04,0.706188,2.10477,1,1,GER-Bundesliga,2223
2022-09-03 13:30:00,Wolfsburg,FC Cologne,0.96728,3.08366,2,4,GER-Bundesliga,2223
2022-09-04 13:30:00,Augsburg,Hertha Berlin,0.311026,2.87153,0,2,GER-Bundesliga,2223
2022-09-04 15:30:00,Borussia M.Gladbach,Mainz 05,1.70822,0.630863,0,1,GER-Bundesliga,2223
2022-09-09 18:30:00,Werder Bremen,Augsburg,1.83702,1.7824,0,1,GER-Bundesliga,2223
2022-09-10 13:30:00,Bayern Munich,VfB Stuttgart,2.2976,1.18754,2,2,GER-Bundesliga,2223
2022-09-10 13:30:00,Eintracht Frankfurt,Wolfsburg,0.453438,0.969737,0,1,GER-Bundesliga,2223
2022-09-10 13:30:00,Hertha Berlin,Bayer Leverkusen,2.35137,1.76829,2,2,GER-Bundesliga,2223
2022-09-10 13:30:00,Hoffenheim,Mainz 05,4.64891,1.08619,4,1,GER-Bundesliga,2223
2022-09-10 13:30:00,RasenBallsport Leipzig,Borussia Dortmund,1.70495,0.334567,3,0,GER-Bundesliga,2223
2022-09-10 16:30:00,Schalke 04,Bochum,1.4133,1.31293,3,1,GER-Bundesliga,2223
2022-09-11 13:30:00,FC Cologne,Union Berlin,0.878517,1.51157,0,1,GER-Bundesliga,2223
2022-09-11 15:30:00,Freiburg,Borussia M.Gladbach,0.991055,1.37892,0,0,GER-Bundesliga,2223
2022-09-16 18:30:00,Mainz 05,Hertha Berlin,0.38983,0.437555,1,1,GER-Bundesliga,2223
2022-09-17 13:30:00,Augsburg,Bayern Munich,2.20918,1.82063,1,0,GER-Bundesliga,2223
2022-09-17 13:30:00,Bayer Leverkusen,Werder Bremen,1.82302,2.02218,1,1,GER-Bundesliga,2223
2022-09-17 13:30:00,Borussia Dortmund,Schalke 04,2.5349,0.0971459,1,0,GER-Bundesliga,2223
2022-09-17 16:30:00,Borussia M.Gladbach,RasenBallsport Leipzig,2.97746,1.25609,3,0,GER-Bundesliga,2223
2022-09-17 13:30:00,VfB Stuttgart,Eintracht Frankfurt,0.773751,1.49027,1,3,GER-Bundesliga,2223
2022-09-18 15:30:00,Bochum,FC Cologne,0.292667,1.8077,1,1,GER-Bundesliga,2223
2022-09-18 17:30:00,Hoffenheim,Freiburg,0.74318,0.6761,0,0,GER-Bundesliga,2223
2022-09-18 13:30:00,Union Berlin,Wolfsburg,1.07406,0.218049,2,0,GER-Bundesliga,2223
2022-09-30 18:30:00,Bayern Munich,Bayer Leverkusen,2.13413,0.940717,4,0,GER-Bundesliga,2223
2022-10-01 13:30:00,Eintracht Frankfurt,Union Berlin,1.18241,0.767128,2,0,GER-Bundesliga,2223
2022-10-01 13:30:00,FC Cologne,Borussia Dortmund,2.1489,2.46961,3,2,GER-Bundesliga,2223
2022-10-01 13:30:00,Freiburg,Mainz 05,1.97161,1.84485,2,1,GER-Bundesliga,2223
2022-10-01 13:30:00,RasenBallsport Leipzig,Bochum,4.21544,0.146803,4,0,GER-Bundesliga,2223
2022-10-01 16:30:00,Werder Bremen,Borussia M.Gladbach,3.34501,2.27257,5,1,GER-Bundesliga,2223
2022-10-01 13:30:00,Wolfsburg,VfB Stuttgart,1.75417,2.34936,3,2,GER-Bundesliga,2223
2022-10-02 13:30:00,Hertha Berlin,Hoffenheim,0.958712,1.60101,1,1,GER-Bundesliga,2223
2022-10-02 15:30:00,Schalke 04,Augsburg,2.0592,1.48391,2,3,GER-Bundesliga,2223
2022-10-07 18:30:00,Hoffenheim,Werder Bremen,1.30088,1.43801,1,2,GER-Bundesliga,2223
2022-10-08 13:30:00,Augsburg,Wolfsburg,2.01628,2.30655,1,1,GER-Bundesliga,2223
2022-10-08 13:30:00,Bayer Leverkusen,Schalke 04,2.06947,0.139609,4,0,GER-Bundesliga,2223
2022-10-08 13:30:00,Bochum,Eintracht Frankfurt,0.649959,0.78428,3,0,GER-Bundesliga,2223
2022-10-08 16:30:00,Borussia Dortmund,Bayern Munich,1.42928,1.22934,2,2,GER-Bundesliga,2223
2022-10-08 13:30:00,Mainz 05,RasenBallsport Leipzig,0.649518,1.4696,1,1,GER-Bundesliga,2223
2022-10-09 13:30:00,Borussia M.Gladbach,FC Cologne,2.72658,1.45617,5,2,GER-Bundesliga,2223
2022-10-09 15:30:00,Hertha Berlin,Freiburg,1.25889,1.75899,2,2,GER-Bundesliga,2223
2022-10-09 17:30:00,VfB Stuttgart,Union Berlin,1.09713,0.73441,0,1,GER-Bundesliga,2223
2022-10-14 18:30:00,Schalke 04,Hoffenheim,0.697562,3.51699,0,3,GER-Bundesliga,2223
2022-10-15 13:30:00,Eintracht Frankfurt,Bayer Leverkusen,4.35761,0.503272,5,1,GER-Bundesliga,2223
2022-10-15 16:30:00,RasenBallsport Leipzig,Hertha Berlin,3.30191,2.42152,3,2,GER-Bundesliga,2223
2022-10-15 13:30:00,VfB Stuttgart,Bochum,2.40775,1.52762,4,1,GER-Bundesliga,2223
2022-10-15 13:30:00,Werder Bremen,Mainz 05,1.20268,1.10835,0,2,GER-Bundesliga,2223
2022-10-15 13:30:00,Wolfsburg,Borussia M.Gladbach,1.74427,0.895157,2,2,GER-Bundesliga,2223
2022-10-16 17:30:00,Bayern Munich,Freiburg,2.07998,0.328313,5,0,GER-Bundesliga,2223
2022-10-16 13:30:00,FC Cologne,Augsburg,1.54576,0.207517,3,2,GER-Bundesliga,2223
2022-10-16 15:30:00,Union Berlin,Borussia Dortmund,1.47199,0.797656,2,0,GER-Bundesliga,2223
2022-10-21 18:30:00,Mainz 05,FC Cologne,2.21787,0.930558,5,0,GER-Bundesliga,2223
2022-10-22 13:30:00,Augsburg,RasenBallsport Leipzig,1.91261,2.38989,3,3,GER-Bundesliga,2223
2022-10-22 13:30:00,Bayer Leverkusen,Wolfsburg,2.36747,1.15093,2,2,GER-Bundesliga,2223
2022-10-22 13:30:00,Borussia Dortmund,VfB Stuttgart,2.63936,0.989781,5,0,GER-Bundesliga,2223
2022-10-22 16:30:00,Borussia M.Gladbach,Eintracht Frankfurt,1.36544,1.80175,1,3,GER-Bundesliga,2223
2022-10-22 13:30:00,Freiburg,Werder Bremen,3.33695,0.393506,2,0,GER-Bundesliga,2223
2022-10-22 13:30:00,Hoffenheim,Bayern Munich,0.766181,3.12799,0,2,GER-Bundesliga,2223
2022-10-23 13:30:00,Bochum,Union Berlin,1.11544,1.00303,2,1,GER-Bundesliga,2223
2022-10-23 15:30:00,Hertha Berlin,Schalke 04,1.05778,0.522522,2,1,GER-Bundesliga,2223
2022-10-28 18:30:00,Werder Bremen,Hertha Berlin,1.53976,0.572257,1,0,GER-Bundesliga,2223
2022-10-29 13:30:00,Bayern Munich,Mainz 05,4.33442,1.78114,6,2,GER-Bundesliga,2223
2022-10-29 16:30:00,Eintracht Frankfurt,Borussia Dortmund,1.71027,0.730506,1,2,GER-Bundesliga,2223
2022-10-29 13:30:00,RasenBallsport Leipzig,Bayer Leverkusen,1.63234,0.141987,2,0,GER-Bundesliga,2223
2022-10-29 13:30:00,VfB Stuttgart,Augsburg,3.12054,0.754506,2,1,GER-Bundesliga,2223
2022-10-29 13:30:00,Wolfsburg,Bochum,2.58922,0.444056,4,0,GER-Bundesliga,2223
2022-10-30 18:30:00,FC Cologne,Hoffenheim,0.979672,0.778986,1,1,GER-Bundesliga,2223
2022-10-30 16:30:00,Schalke 04,Freiburg,0.841369,2.25332,0,2,GER-Bundesliga,2223
2022-10-30 14:30:00,Union Berlin,Borussia M.Gladbach,1.28667,1.01241,2,1,GER-Bundesliga,2223
2022-11-04 18:30:00,Borussia M.Gladbach,VfB Stuttgart,1.33462,1.46207,3,1,GER-Bundesliga,2223
2022-11-05 14:30:00,Augsburg,Eintracht Frankfurt,1.07354,1.31556,1,2,GER-Bundesliga,2223
2022-11-05 14:30:00,Borussia Dortmund,Bochum,1.43174,0.496214,3,0,GER-Bundesliga,2223
2022-11-05 14:30:00,Hertha Berlin,Bayern Munich,1.09255,2.23326,2,3,GER-Bundesliga,2223
2022-11-05 14:30:00,Hoffenheim,RasenBallsport Leipzig,1.16126,1.66347,1,3,GER-Bundesliga,2223
2022-11-05 14:30:00,Mainz 05,Wolfsburg,1.24483,0.809102,0,3,GER-Bundesliga,2223
2022-11-05 17:30:00,Werder Bremen,Schalke 04,1.33073,1.35128,2,1,GER-Bundesliga,2223
2022-11-06 14:30:00,Bayer Leverkusen,Union Berlin,1.7807,0.231839,5,0,GER-Bundesliga,2223
2022-11-06 16:30:00,Freiburg,FC Cologne,1.46258,0.995484,2,0,GER-Bundesliga,2223
2022-11-08 19:30:00,Bayern Munich,Werder Bremen,5.72728,1.44045,6,1,GER-Bundesliga,2223
2022-11-08 19:30:00,Bochum,Borussia M.Gladbach,1.68574,0.766603,2,1,GER-Bundesliga,2223
2022-11-08 19:30:00,VfB Stuttgart,Hertha Berlin,2.00216,1.05233,2,1,GER-Bundesliga,2223
2022-11-08 17:30:00,Wolfsburg,Borussia Dortmund,2.9101,1.29685,2,0,GER-Bundesliga,2223
2022-11-09 19:30:00,Eintracht Frankfurt,Hoffenheim,3.78193,1.52829,4,2,GER-Bundesliga,2223
2022-11-09 17:30:00,FC Cologne,Bayer Leverkusen,1.38128,1.04474,1,2,GER-Bundesliga,2223
2022-11-09 19:30:00,RasenBallsport Leipzig,Freiburg,3.28873,0.148116,3,1,GER-Bundesliga,2223
2022-11-09 19:30:00,Schalke 04,Mainz 05,1.97962,0.60888,1,0,GER-Bundesliga,2223
2022-11-09 19:30:00,Union Berlin,Augsburg,1.84012,0.29444,2,2,GER-Bundesliga,2223
2022-11-11 19:30:00,Borussia M.Gladbach,Borussia Dortmund,2.64014,3.6823,4,2,GER-Bundesliga,2223
2022-11-12 14:30:00,Augsburg,Bochum,2.34583,1.13531,0,1,GER-Bundesliga,2223
2022-11-12 14:30:00,Bayer Leverkusen,VfB Stuttgart,1.88305,0.277105,2,0,GER-Bundesliga,2223
2022-11-12 14:30:00,Hertha Berlin,FC Cologne,2.13441,1.93705,2,0,GER-Bundesliga,2223
2022-11-12 14:30:00,Hoffenheim,Wolfsburg,1.42352,0.94899,1,2,GER-Bundesliga,2223
2022-11-12 17:30:00,Schalke 04,Bayern Munich,0.891772,1.65233,0,2,GER-Bundesliga,2223
2022-11-12 14:30:00,Werder Bremen,RasenBallsport Leipzig,1.03468,2.1323,1,2,GER-Bundesliga,2223
2022-11-13 16:30:00,Freiburg,Union Berlin,2.69015,1.65553,4,1,GER-Bundesliga,2223
2022-11-13 14:30:00,Mainz 05,Eintracht Frankfurt,1.78634,1.39797,1,1,GER-Bundesliga,2223
2023-01-20 19:30:00,RasenBallsport Leipzig,Bayern Munich,1.03072,0.813529,1,1,GER-Bundesliga,2223
2023-01-21 14:30:00,Bochum,Hertha Berlin,1.67446,0.732458,3,1,GER-Bundesliga,2223
2023-01-21 14:30:00,Eintracht Frankfurt,Schalke 04,1.68109,2.37825,3,0,GER-Bundesliga,2223
2023-01-21 17:30:00,FC Cologne,Werder Bremen,3.1904,0.252782,7,1,GER-Bundesliga,2223
2023-01-21 14:30:00,Union Berlin,Hoffenheim,2.48055,0.966541,3,1,GER-Bundesliga,2223
2023-01-21 14:30:00,VfB Stuttgart,Mainz 05,1.8803,1.38032,1,1,GER-Bundesliga,2223
2023-01-21 14:30:00,Wolfsburg,Freiburg,2.88084,0.808738,6,0,GER-Bundesliga,2223
2023-01-22 14:30:00,Borussia Dortmund,Augsburg,3.27016,1.92914,4,3,GER-Bundesliga,2223
2023-01-22 16:30:00,Borussia M.Gladbach,Bayer Leverkusen,0.993895,1.68471,2,3,GER-Bundesliga,2223
2023-01-24 19:30:00,Bayern Munich,FC Cologne,1.4893,0.782641,1,1,GER-Bundesliga,2223
2023-01-24 19:30:00,Hertha Berlin,Wolfsburg,0.572863,2.94882,0,5,GER-Bundesliga,2223
2023-01-24 19:30:00,Hoffenheim,VfB Stuttgart,1.82139,0.658333,2,2,GER-Bundesliga,2223
2023-01-24 17:30:00,Schalke 04,RasenBallsport Leipzig,0.503614,4.23438,1,6,GER-Bundesliga,2223
2023-01-25 19:30:00,Augsburg,Borussia M.Gladbach,0.869679,0.512384,1,0,GER-Bundesliga,2223
2023-01-25 19:30:00,Bayer Leverkusen,Bochum,1.8906,0.821758,2,0,GER-Bundesliga,2223
2023-01-25 19:30:00,Freiburg,Eintracht Frankfurt,1.78609,0.261869,1,1,GER-Bundesliga,2223
2023-01-25 17:30:00,Mainz 05,Borussia Dortmund,0.84968,1.15874,1,2,GER-Bundesliga,2223
2023-01-25 19:30:00,Werder Bremen,Union Berlin,0.566574,1.05412,1,2,GER-Bundesliga,2223
2023-01-27 19:30:00,RasenBallsport Leipzig,VfB Stuttgart,1.59146,1.86965,2,1,GER-Bundesliga,2223
2023-01-28 17:30:00,Bayern Munich,Eintracht Frankfurt,1.38005,0.882875,1,1,GER-Bundesliga,2223
2023-01-28 14:30:00,Freiburg,Augsburg,1.92228,2.00438,3,1,GER-Bundesliga,2223
2023-01-28 14:30:00,Hertha Berlin,Union Berlin,0.46457,0.884274,0,2,GER-Bundesliga,2223
2023-01-28 14:30:00,Hoffenheim,Borussia M.Gladbach,1.96043,1.79941,1,4,GER-Bundesliga,2223
2023-01-28 14:30:00,Mainz 05,Bochum,2.86841,0.912111,5,2,GER-Bundesliga,2223
2023-01-28 14:30:00,Werder Bremen,Wolfsburg,1.80059,0.696581,2,1,GER-Bundesliga,2223
2023-01-29 16:30:00,Bayer Leverkusen,Borussia Dortmund,1.84499,0.977834,0,2,GER-Bundesliga,2223
2023-01-29 14:30:00,Schalke 04,FC Cologne,1.11694,0.329216,0,0,GER-Bundesliga,2223
2023-02-03 19:30:00,Augsburg,Bayer Leverkusen,0.924397,0.461505,1,0,GER-Bundesliga,2223
2023-02-04 14:30:00,Bochum,Hoffenheim,2.74719,0.82308,5,2,GER-Bundesliga,2223
2023-02-04 14:30:00,Borussia Dortmund,Freiburg,2.10421,0.243795,5,1,GER-Bundesliga,2223
2023-02-04 17:30:00,Borussia M.Gladbach,Schalke 04,1.12913,1.18272,0,0,GER-Bundesliga,2223
2023-02-04 14:30:00,Eintracht Frankfurt,Hertha Berlin,2.00234,0.93959,3,0,GER-Bundesliga,2223
2023-02-04 14:30:00,FC Cologne,RasenBallsport Leipzig,0.607143,1.00025,0,0,GER-Bundesliga,2223
2023-02-04 14:30:00,Union Berlin,Mainz 05,0.978155,1.09283,2,1,GER-Bundesliga,2223
2023-02-05 14:30:00,VfB Stuttgart,Werder Bremen,1.48817,0.45062,0,2,GER-Bundesliga,2223
2023-02-05 16:30:00,Wolfsburg,Bayern Munich,2.39463,0.568665,2,4,GER-Bundesliga,2223
2023-02-10 19:30:00,Schalke 04,Wolfsburg,0.999355,1.39713,0,0,GER-Bundesliga,2223
2023-02-11 14:30:00,Bayern Munich,Bochum,4.37602,0.242356,3,0,GER-Bundesliga,2223
2023-02-11 14:30:00,Freiburg,VfB Stuttgart,2.21054,1.02739,2,1,GER-Bundesliga,2223
2023-02-11 14:30:00,Hoffenheim,Bayer Leverkusen,0.781599,1.47655,1,3,GER-Bundesliga,2223
2023-02-11 14:30:00,Mainz 05,Augsburg,4.00745,1.45453,3,1,GER-Bundesliga,2223
2023-02-11 17:30:00,RasenBallsport Leipzig,Union Berlin,0.891399,1.04126,1,2,GER-Bundesliga,2223
2023-02-11 14:30:00,Werder Bremen,Borussia Dortmund,0.587473,2.66556,0,2,GER-Bundesliga,2223
2023-02-12 16:30:00,FC Cologne,Eintracht Frankfurt,1.72186,0.368809,3,0,GER-Bundesliga,2223
2023-02-12 14:30:00,Hertha Berlin,Borussia M.Gladbach,2.64788,0.421257,4,1,GER-Bundesliga,2223
2023-02-17 19:30:00,Augsburg,Hoffenheim,1.48158,0.446218,1,0,GER-Bundesliga,2223
2023-02-18 14:30:00,Bochum,Freiburg,1.40839,2.39926,0,2,GER-Bundesliga,2223
2023-02-18 14:30:00,Borussia M.Gladbach,Bayern Munich,2.26574,1.22226,3,2,GER-Bundesliga,2223
2023-02-18 17:30:00,Eintracht Frankfurt,Werder Bremen,2.08148,0.150794,2,0,GER-Bundesliga,2223
2023-02-18 14:30:00,VfB Stuttgart,FC Cologne,1.69842,0.452073,3,0,GER-Bundesliga,2223
2023-02-18 14:30:00,Wolfsburg,RasenBallsport Leipzig,0.26411,3.04805,0,3,GER-Bundesliga,2223
2023-02-19 18:30:00,Bayer Leverkusen,Mainz 05,3.01434,2.00397,2,3,GER-Bundesliga,2223
2023-02-19 16:30:00,Borussia Dortmund,Hertha Berlin,2.34937,1.41428,4,1,GER-Bundesliga,2223
2023-02-19 14:30:00,Union Berlin,Schalke 04,0.827192,0.385916,0,0,GER-Bundesliga,2223
2023-02-24 19:30:00,Mainz 05,Borussia M.Gladbach,2.95117,0.718556,4,0,GER-Bundesliga,2223
2023-02-25 14:30:00,FC Cologne,Wolfsburg,1.03484,1.00016,0,2,GER-Bundesliga,2223
2023-02-25 14:30:00,Hertha Berlin,Augsburg,0.452901,0.405958,2,0,GER-Bundesliga,2223
2023-02-25 14:30:00,Hoffenheim,Borussia Dortmund,0.873677,2.75881,0,1,GER-Bundesliga,2223
2023-02-25 14:30:00,RasenBallsport Leipzig,Eintracht Frankfurt,1.89992,0.85563,2,1,GER-Bundesliga,2223
2023-02-25 17:30:00,Schalke 04,VfB Stuttgart,1.86618,1.66843,2,1,GER-Bundesliga,2223
2023-02-25 14:30:00,Werder Bremen,Bochum,1.17524,0.396228,3,0,GER-Bundesliga,2223
2023-02-26 16:30:00,Bayern Munich,Union Berlin,3.86403,0.212984,3,0,GER-Bundesliga,2223
2023-02-26 14:30:00,Freiburg,Bayer Leverkusen,1.288,2.0609,1,1,GER-Bundesliga,2223
2023-03-03 19:30:00,Borussia Dortmund,RasenBallsport Leipzig,1.12897,2.19847,2,1,GER-Bundesliga,2223
2023-03-04 14:30:00,Augsburg,Werder Bremen,0.493189,1.68845,2,1,GER-Bundesliga,2223
2023-03-04 14:30:00,Bochum,Schalke 04,0.926001,0.873349,0,2,GER-Bundesliga,2223
2023-03-04 14:30:00,Borussia M.Gladbach,Freiburg,1.11415,0.286316,0,0,GER-Bundesliga,2223
2023-03-04 14:30:00,Mainz 05,Hoffenheim,1.03595,0.616344,1,0,GER-Bundesliga,2223
2023-03-04 14:30:00,Union Berlin,FC Cologne,0.456889,0.798698,0,0,GER-Bundesliga,2223
2023-03-04 17:30:00,VfB Stuttgart,Bayern Munich,0.596921,2.55612,1,2,GER-Bundesliga,2223
2023-03-05 14:30:00,Bayer Leverkusen,Hertha Berlin,2.2646,0.957931,4,1,GER-Bundesliga,2223
2023-03-05 16:30:00,Wolfsburg,Eintracht Frankfurt,1.7728,1.18348,2,2,GER-Bundesliga,2223
2023-03-10 19:30:00,FC Cologne,Bochum,0.585398,1.73391,0,2,GER-Bundesliga,2223
2023-03-11 14:30:00,Bayern Munich,Augsburg,2.49393,2.48124,5,3,GER-Bundesliga,2223
2023-03-11 14:30:00,Eintracht Frankfurt,VfB Stuttgart,0.525223,0.434277,1,1,GER-Bundesliga,2223
2023-03-11 14:30:00,Hertha Berlin,Mainz 05,1.61723,0.388401,1,1,GER-Bundesliga,2223
2023-03-11 14:30:00,RasenBallsport Leipzig,Borussia M.Gladbach,2.26747,1.44596,3,0,GER-Bundesliga,2223
2023-03-11 17:30:00,Schalke 04,Borussia Dortmund,1.52455,1.2204,2,2,GER-Bundesliga,2223
2023-03-12 14:30:00,Freiburg,Hoffenheim,0.452025,1.16149,2,1,GER-Bundesliga,2223
2023-03-12 16:30:00,Werder Bremen,Bayer Leverkusen,1.70833,1.21761,2,3,GER-Bundesliga,2223
2023-03-12 18:30:00,Wolfsburg,Union Berlin,1.33065,1.22513,1,1,GER-Bundesliga,2223
2023-03-17 19:30:00,Borussia M.Gladbach,Werder Bremen,3.68386,0.764773,2,2,GER-Bundesliga,2223
2023-03-18 14:30:00,Augsburg,Schalke 04,0.395653,1.68365,1,1,GER-Bundesliga,2223
2023-03-18 14:30:00,Bochum,RasenBallsport Leipzig,1.31052,1.92026,1,0,GER-Bundesliga,2223
2023-03-18 17:30:00,Borussia Dortmund,FC Cologne,3.37102,1.46899,6,1,GER-Bundesliga,2223
2023-03-18 14:30:00,Hoffenheim,Hertha Berlin,2.61296,0.807728,3,1,GER-Bundesliga,2223
2023-03-18 14:30:00,VfB Stuttgart,Wolfsburg,0.471275,0.6744,0,1,GER-Bundesliga,2223
2023-03-19 16:30:00,Bayer Leverkusen,Bayern Munich,1.85014,1.10651,2,1,GER-Bundesliga,2223
2023-03-19 18:30:00,Mainz 05,Freiburg,1.57837,1.35257,1,1,GER-Bundesliga,2223
2023-03-19 14:30:00,Union Berlin,Eintracht Frankfurt,1.23036,2.20535,2,0,GER-Bundesliga,2223
2023-03-31 19:30:00,Eintracht Frankfurt,Bochum,3.09855,1.15016,1,1,GER-Bundesliga,2223
2023-04-01 16:30:00,Bayern Munich,Borussia Dortmund,3.10094,1.57525,4,2,GER-Bundesliga,2223
2023-04-01 13:30:00,Freiburg,Hertha Berlin,0.862445,2.08511,1,1,GER-Bundesliga,2223
2023-04-01 13:30:00,RasenBallsport Leipzig,Mainz 05,0.584058,2.54838,0,3,GER-Bundesliga,2223
2023-04-01 13:30:00,Schalke 04,Bayer Leverkusen,0.976664,3.28042,0,3,GER-Bundesliga,2223
2023-04-01 13:30:00,Union Berlin,VfB Stuttgart,1.70372,2.62164,3,0,GER-Bundesliga,2223
2023-04-01 13:30:00,Wolfsburg,Augsburg,3.93815,0.918055,2,2,GER-Bundesliga,2223
2023-04-02 13:30:00,FC Cologne,Borussia M.Gladbach,1.05192,0.520471,0,0,GER-Bundesliga,2223
2023-04-02 15:30:00,Werder Bremen,Hoffenheim,0.67338,1.63673,1,2,GER-Bundesliga,2223
2023-04-08 13:30:00,Augsburg,FC Cologne,0.941865,2.0605,1,3,GER-Bundesliga,2223
2023-04-08 13:30:00,Bayer Leverkusen,Eintracht Frankfurt,2.35055,0.7609,3,1,GER-Bundesliga,2223
2023-04-08 13:30:00,Borussia Dortmund,Union Berlin,2.5021,0.522776,2,1,GER-Bundesliga,2223
2023-04-08 13:30:00,Freiburg,Bayern Munich,1.0909,3.09211,0,1,GER-Bundesliga,2223
2023-04-08 16:30:00,Hertha Berlin,RasenBallsport Leipzig,0.503827,2.57231,0,1,GER-Bundesliga,2223
2023-04-08 13:30:00,Mainz 05,Werder Bremen,1.98671,1.08214,2,2,GER-Bundesliga,2223
2023-04-09 15:30:00,Bochum,VfB Stuttgart,2.22259,2.37385,2,3,GER-Bundesliga,2223
2023-04-09 13:30:00,Borussia M.Gladbach,Wolfsburg,1.55684,1.22997,2,0,GER-Bundesliga,2223
2023-04-09 17:30:00,Hoffenheim,Schalke 04,2.17705,0.561062,2,0,GER-Bundesliga,2223
2023-04-14 18:30:00,Schalke 04,Hertha Berlin,2.09935,1.12148,5,2,GER-Bundesliga,2223
2023-04-15 13:30:00,Bayern Munich,Hoffenheim,1.88997,0.27365,1,1,GER-Bundesliga,2223
2023-04-15 16:30:00,Eintracht Frankfurt,Borussia M.Gladbach,2.17369,0.640098,1,1,GER-Bundesliga,2223
2023-04-15 13:30:00,FC Cologne,Mainz 05,0.937521,0.762976,1,1,GER-Bundesliga,2223
2023-04-15 13:30:00,RasenBallsport Leipzig,Augsburg,1.13772,0.864778,3,2,GER-Bundesliga,2223
2023-04-15 13:30:00,VfB Stuttgart,Borussia Dortmund,1.34955,1.52309,3,3,GER-Bundesliga,2223
2023-04-16 15:30:00,Union Berlin,Bochum,1.05608,1.51987,1,1,GER-Bundesliga,2223
2023-04-16 13:30:00,Werder Bremen,Freiburg,1.43107,0.473775,1,2,GER-Bundesliga,2223
2023-04-16 17:30:00,Wolfsburg,Bayer Leverkusen,0.616929,0.992006,0,0,GER-Bundesliga,2223
2023-04-21 18:30:00,Augsburg,VfB Stuttgart,0.729024,1.17537,1,1,GER-Bundesliga,2223
2023-04-22 13:30:00,Bochum,Wolfsburg,2.7745,3.34214,1,5,GER-Bundesliga,2223
2023-04-22 16:30:00,Borussia Dortmund,Eintracht Frankfurt,1.43834,0.452485,4,0,GER-Bundesliga,2223
2023-04-22 13:30:00,Hertha Berlin,Werder Bremen,1.67149,2.33844,2,4,GER-Bundesliga,2223
2023-04-22 13:30:00,Hoffenheim,FC Cologne,0.776652,2.07085,1,3,GER-Bundesliga,2223
2023-04-22 13:30:00,Mainz 05,Bayern Munich,1.29569,2.70283,3,1,GER-Bundesliga,2223
2023-04-23 15:30:00,Bayer Leverkusen,RasenBallsport Leipzig,1.03404,2.11824,2,0,GER-Bundesliga,2223
2023-04-23 17:30:00,Borussia M.Gladbach,Union Berlin,0.40847,1.21726,0,1,GER-Bundesliga,2223
2023-04-23 13:30:00,Freiburg,Schalke 04,2.63573,0.388444,4,0,GER-Bundesliga,2223
2023-04-28 18:30:00,Bochum,Borussia Dortmund,0.57291,2.93268,1,1,GER-Bundesliga,2223
2023-04-29 13:30:00,Eintracht Frankfurt,Augsburg,0.526804,0.461266,1,1,GER-Bundesliga,2223
2023-04-29 13:30:00,FC Cologne,Freiburg,1.47854,1.3678,0,1,GER-Bundesliga,2223
2023-04-29 13:30:00,RasenBallsport Leipzig,Hoffenheim,1.70758,0.217156,1,0,GER-Bundesliga,2223
2023-04-29 16:30:00,Schalke 04,Werder Bremen,1.24953,1.48812,2,1,GER-Bundesliga,2223
2023-04-29 13:30:00,Union Berlin,Bayer Leverkusen,0.580861,0.550938,0,0,GER-Bundesliga,2223
2023-04-29 13:30:00,VfB Stuttgart,Borussia M.Gladbach,2.73645,1.2489,2,1,GER-Bundesliga,2223
2023-04-30 13:30:00,Bayern Munich,Hertha Berlin,2.92722,0.0835934,2,0,GER-Bundesliga,2223
2023-04-30 15:30:00,Wolfsburg,Mainz 05,1.44113,1.44665,3,0,GER-Bundesliga,2223
2023-05-05 18:30:00,Bayer Leverkusen,FC Cologne,0.724879,1.02795,1,2,GER-Bundesliga,2223
2023-05-05 18:30:00,Mainz 05,Schalke 04,0.990997,3.14666,2,3,GER-Bundesliga,2223
2023-05-06 13:30:00,Augsburg,Union Berlin,1.00945,0.485635,1,0,GER-Bundesliga,2223
2023-05-06 13:30:00,Borussia M.Gladbach,Bochum,2.31852,0.921673,2,0,GER-Bundesliga,2223
2023-05-06 13:30:00,Freiburg,RasenBallsport Leipzig,0.150751,1.89448,0,1,GER-Bundesliga,2223
2023-05-06 13:30:00,Hertha Berlin,VfB Stuttgart,1.4984,1.08971,2,1,GER-Bundesliga,2223
2023-05-06 13:30:00,Hoffenheim,Eintracht Frankfurt,2.13012,2.41375,3,1,GER-Bundesliga,2223
2023-05-06 16:30:00,Werder Bremen,Bayern Munich,0.805974,2.02292,1,2,GER-Bundesliga,2223
2023-05-07 15:30:00,Borussia Dortmund,Wolfsburg,5.13701,0.946113,6,0,GER-Bundesliga,2223
2023-05-12 18:30:00,FC Cologne,Hertha Berlin,4.72652,1.11757,5,2,GER-Bundesliga,2223
2023-05-13 13:30:00,Bayern Munich,Schalke 04,5.05599,0.33961,6,0,GER-Bundesliga,2223
2023-05-13 13:30:00,Bochum,Augsburg,1.32347,1.32904,3,2,GER-Bundesliga,2223
2023-05-13 16:30:00,Borussia Dortmund,Borussia M.Gladbach,6.24513,1.63094,5,2,GER-Bundesliga,2223
2023-05-13 13:30:00,Eintracht Frankfurt,Mainz 05,2.03828,0.944589,3,0,GER-Bundesliga,2223
2023-05-13 13:30:00,Union Berlin,Freiburg,1.44733,2.08886,4,2,GER-Bundesliga,2223
2023-05-13 13:30:00,Wolfsburg,Hoffenheim,0.971216,0.758147,2,1,GER-Bundesliga,2223
2023-05-14 15:30:00,RasenBallsport Leipzig,Werder Bremen,1.7972,1.17378,2,1,GER-Bundesliga,2223
2023-05-14 13:30:00,VfB Stuttgart,Bayer Leverkusen,1.42711,1.57634,1,1,GER-Bundesliga,2223
2023-05-19 18:30:00,Freiburg,Wolfsburg,1.44647,0.658973,2,0,GER-Bundesliga,2223
2023-05-20 16:30:00,Bayern Munich,RasenBallsport Leipzig,1.63955,2.63992,1,3,GER-Bundesliga,2223
2023-05-20 13:30:00,Hertha Berlin,Bochum,1.36159,1.65012,1,1,GER-Bundesliga,2223
2023-05-20 13:30:00,Hoffenheim,Union Berlin,2.49016,1.67535,4,2,GER-Bundesliga,2223
2023-05-20 13:30:00,Schalke 04,Eintracht Frankfurt,1.13388,1.36879,2,2,GER-Bundesliga,2223
2023-05-20 13:30:00,Werder Bremen,FC Cologne,1.96517,1.85587,1,1,GER-Bundesliga,2223
2023-05-21 15:30:00,Augsburg,Borussia Dortmund,0.407359,3.88007,0,3,GER-Bundesliga,2223
2023-05-21 17:30:00,Bayer Leverkusen,Borussia M.Gladbach,1.89906,2.06056,2,2,GER-Bundesliga,2223
2023-05-21 13:30:00,Mainz 05,VfB Stuttgart,1.41611,1.40314,1,4,GER-Bundesliga,2223
2023-05-27 13:30:00,Bochum,Bayer Leverkusen,1.56183,0.863964,3,0,GER-Bundesliga,2223
2023-05-27 13:30:00,Borussia Dortmund,Mainz 05,4.09921,1.68097,2,2,GER-Bundesliga,2223
2023-05-27 13:30:00,Borussia M.Gladbach,Augsburg,2.98996,0.434493,2,0,GER-Bundesliga,2223
2023-05-27 13:30:00,Eintracht Frankfurt,Freiburg,2.04195,1.46472,2,1,GER-Bundesliga,2223
2023-05-27 13:30:00,FC Cologne,Bayern Munich,1.15669,1.68032,1,2,GER-Bundesliga,2223
2023-05-27 13:30:00,RasenBallsport Leipzig,Schalke 04,2.97191,1.21648,4,2,GER-Bundesliga,2223
2023-05-27 13:30:00,Union Berlin,Werder Bremen,0.783196,0.399601,1,0,GER-Bundesliga,2223
2023-05-27 13:30:00,VfB Stuttgart,Hoffenheim,2.19198,1.16078,1,1,GER-Bundesliga,2223
2023-05-27 13:30:00,Wolfsburg,Hertha Berlin,3.20986,1.44156,1,2,GER-Bundesliga,2223
2023-08-18 18:30:00,Werder Bremen,Bayern Munich,0.63974,2.89704,0,4,GER-Bundesliga,2324
2023-08-19 13:30:00,Augsburg,Borussia M.Gladbach,2.53482,1.91849,4,4,GER-Bundesliga,2324
2023-08-19 13:30:00,Bayer Leverkusen,RasenBallsport Leipzig,1.73279,1.60393,3,2,GER-Bundesliga,2324
2023-08-19 16:30:00,Borussia Dortmund,FC Cologne,1.72317,1.51393,1,0,GER-Bundesliga,2324
2023-08-19 13:30:00,Hoffenheim,Freiburg,1.67186,3.24821,1,2,GER-Bundesliga,2324
2023-08-19 13:30:00,VfB Stuttgart,Bochum,3.98664,0.669108,5,0,GER-Bundesliga,2324
2023-08-19 13:30:00,Wolfsburg,FC Heidenheim,3.21449,1.17776,2,0,GER-Bundesliga,2324
2023-08-20 15:30:00,Eintracht Frankfurt,Darmstadt,1.2399,0.813333,1,0,GER-Bundesliga,2324
2023-08-20 13:30:00,Union Berlin,Mainz 05,2.11281,2.51995,4,1,GER-Bundesliga,2324
2023-08-25 18:30:00,RasenBallsport Leipzig,VfB Stuttgart,2.0934,1.18326,5,1,GER-Bundesliga,2324
2023-08-26 13:30:00,Bochum,Borussia Dortmund,1.01164,1.17241,1,1,GER-Bundesliga,2324
2023-08-26 16:30:00,Borussia M.Gladbach,Bayer Leverkusen,1.76423,3.65301,0,3,GER-Bundesliga,2324
2023-08-26 13:30:00,Darmstadt,Union Berlin,2.59994,1.6379,1,4,GER-Bundesliga,2324
2023-08-26 13:30:00,FC Cologne,Wolfsburg,0.64301,2.26952,1,2,GER-Bundesliga,2324
2023-08-26 13:30:00,FC Heidenheim,Hoffenheim,2.72999,2.75768,2,3,GER-Bundesliga,2324
2023-08-26 13:30:00,Freiburg,Werder Bremen,1.71877,0.696983,1,0,GER-Bundesliga,2324
2023-08-27 15:30:00,Bayern Munich,Augsburg,2.82296,0.726241,3,1,GER-Bundesliga,2324
2023-08-27 13:30:00,Mainz 05,Eintracht Frankfurt,1.44234,1.15731,1,1,GER-Bundesliga,2324
2023-09-01 18:30:00,Borussia Dortmund,FC Heidenheim,2.74794,2.09517,2,2,GER-Bundesliga,2324
2023-09-02 13:30:00,Augsburg,Bochum,1.88106,1.86494,2,2,GER-Bundesliga,2324
2023-09-02 13:30:00,Bayer Leverkusen,Darmstadt,3.42599,0.681851,5,1,GER-Bundesliga,2324
2023-09-02 16:30:00,Borussia M.Gladbach,Bayern Munich,0.201237,2.14949,1,2,GER-Bundesliga,2324
2023-09-02 13:30:00,Hoffenheim,Wolfsburg,1.78689,1.4154,3,1,GER-Bundesliga,2324
2023-09-02 13:30:00,VfB Stuttgart,Freiburg,2.09598,1.50372,5,0,GER-Bundesliga,2324
2023-09-02 13:30:00,Werder Bremen,Mainz 05,3.01318,0.65805,4,0,GER-Bundesliga,2324
2023-09-03 13:30:00,Eintracht Frankfurt,FC Cologne,1.2824,0.931141,1,1,GER-Bundesliga,2324
2023-09-03 15:30:00,Union Berlin,RasenBallsport Leipzig,0.17815,1.21402,0,3,GER-Bundesliga,2324
2023-09-15 18:30:00,Bayern Munich,Bayer Leverkusen,2.74374,2.4584,2,2,GER-Bundesliga,2324
2023-09-16 16:30:00,Bochum,Eintracht Frankfurt,2.17324,0.737999,1,1,GER-Bundesliga,2324
2023-09-16 13:30:00,FC Cologne,Hoffenheim,1.19432,1.06988,1,3,GER-Bundesliga,2324
2023-09-16 13:30:00,Freiburg,Borussia Dortmund,1.14667,3.37255,2,4,GER-Bundesliga,2324
2023-09-16 13:30:00,Mainz 05,VfB Stuttgart,1.16545,2.06366,1,3,GER-Bundesliga,2324
2023-09-16 13:30:00,RasenBallsport Leipzig,Augsburg,1.46279,1.34046,3,0,GER-Bundesliga,2324
2023-09-16 13:30:00,Wolfsburg,Union Berlin,0.566932,1.56941,2,1,GER-Bundesliga,2324
2023-09-17 15:30:00,Darmstadt,Borussia M.Gladbach,1.328,3.49324,3,3,GER-Bundesliga,2324
2023-09-17 13:30:00,FC Heidenheim,Werder Bremen,1.96235,2.55978,4,2,GER-Bundesliga,2324
2023-09-22 18:30:00,VfB Stuttgart,Darmstadt,3.04946,0.272376,3,1,GER-Bundesliga,2324
2023-09-23 13:30:00,Augsburg,Mainz 05,1.04683,0.487325,2,1,GER-Bundesliga,2324
2023-09-23 13:30:00,Bayern Munich,Bochum,6.02607,0.0892044,7,0,GER-Bundesliga,2324
2023-09-23 13:30:00,Borussia Dortmund,Wolfsburg,2.16482,0.343309,1,0,GER-Bundesliga,2324
2023-09-23 13:30:00,Borussia M.Gladbach,RasenBallsport Leipzig,0.771966,1.03744,0,1,GER-Bundesliga,2324
2023-09-23 13:30:00,Union Berlin,Hoffenheim,1.62442,2.15364,0,2,GER-Bundesliga,2324
2023-09-23 16:30:00,Werder Bremen,FC Cologne,1.59965,1.98951,2,1,GER-Bundesliga,2324
2023-09-24 13:30:00,Bayer Leverkusen,FC Heidenheim,3.97445,0.659741,4,1,GER-Bundesliga,2324
2023-09-24 15:30:00,Eintracht Frankfurt,Freiburg,0.754063,0.407479,0,0,GER-Bundesliga,2324
2023-09-29 18:30:00,Hoffenheim,Borussia Dortmund,1.85129,1.69401,1,3,GER-Bundesliga,2324
2023-09-30 13:30:00,Bochum,Borussia M.Gladbach,1.46515,2.86793,1,3,GER-Bundesliga,2324
2023-09-30 13:30:00,FC Cologne,VfB Stuttgart,0.803426,2.06666,0,2,GER-Bundesliga,2324
2023-09-30 13:30:00,FC Heidenheim,Union Berlin,0.542933,2.1613,1,0,GER-Bundesliga,2324
2023-09-30 13:30:00,Mainz 05,Bayer Leverkusen,0.388975,0.811962,0,3,GER-Bundesliga,2324
2023-09-30 16:30:00,RasenBallsport Leipzig,Bayern Munich,0.793383,1.95099,2,2,GER-Bundesliga,2324
2023-09-30 13:30:00,Wolfsburg,Eintracht Frankfurt,2.77737,1.09205,2,0,GER-Bundesliga,2324
2023-10-01 13:30:00,Darmstadt,Werder Bremen,2.34923,1.54627,4,2,GER-Bundesliga,2324
2023-10-01 15:30:00,Freiburg,Augsburg,1.2721,1.00081,2,0,GER-Bundesliga,2324
2023-10-06 18:30:00,Borussia M.Gladbach,Mainz 05,3.01512,1.21309,2,2,GER-Bundesliga,2324
2023-10-07 13:30:00,Augsburg,Darmstadt,1.18473,1.96153,1,2,GER-Bundesliga,2324
2023-10-07 13:30:00,Borussia Dortmund,Union Berlin,1.76935,1.5245,4,2,GER-Bundesliga,2324
2023-10-07 13:30:00,RasenBallsport Leipzig,Bochum,2.22631,0.741054,0,0,GER-Bundesliga,2324
2023-10-07 13:30:00,VfB Stuttgart,Wolfsburg,3.02575,1.06355,3,1,GER-Bundesliga,2324
2023-10-07 16:30:00,Werder Bremen,Hoffenheim,1.03064,1.52805,2,3,GER-Bundesliga,2324
2023-10-08 13:30:00,Bayer Leverkusen,FC Cologne,3.72502,1.41915,3,0,GER-Bundesliga,2324
2023-10-08 15:30:00,Bayern Munich,Freiburg,2.37438,0.0704987,3,0,GER-Bundesliga,2324
2023-10-08 17:30:00,Eintracht Frankfurt,FC Heidenheim,1.83609,0.625618,2,0,GER-Bundesliga,2324
2023-10-20 18:30:00,Borussia Dortmund,Werder Bremen,2.7285,0.53973,1,0,GER-Bundesliga,2324
2023-10-21 13:30:00,Darmstadt,RasenBallsport Leipzig,1.68331,1.83161,1,3,GER-Bundesliga,2324
2023-10-21 13:30:00,Freiburg,Bochum,2.5274,1.37705,2,1,GER-Bundesliga,2324
2023-10-21 13:30:00,Hoffenheim,Eintracht Frankfurt,1.13281,2.13235,1,3,GER-Bundesliga,2324
2023-10-21 16:30:00,Mainz 05,Bayern Munich,0.975025,1.68693,1,3,GER-Bundesliga,2324
2023-10-21 13:30:00,Union Berlin,VfB Stuttgart,0.573025,1.87513,0,3,GER-Bundesliga,2324
2023-10-21 13:30:00,Wolfsburg,Bayer Leverkusen,1.3318,2.27695,1,2,GER-Bundesliga,2324
2023-10-22 13:30:00,FC Cologne,Borussia M.Gladbach,2.72755,0.407008,3,1,GER-Bundesliga,2324
2023-10-22 15:30:00,FC Heidenheim,Augsburg,1.99327,2.82353,2,5,GER-Bundesliga,2324
2023-10-27 18:30:00,Bochum,Mainz 05,2.13405,0.443599,2,2,GER-Bundesliga,2324
2023-10-28 13:30:00,Augsburg,Wolfsburg,1.59374,1.25516,3,2,GER-Bundesliga,2324
2023-10-28 13:30:00,Bayern Munich,Darmstadt,5.884,0.924873,8,0,GER-Bundesliga,2324
2023-10-28 13:30:00,Borussia M.Gladbach,FC Heidenheim,0.981009,0.395956,2,1,GER-Bundesliga,2324
2023-10-28 16:30:00,RasenBallsport Leipzig,FC Cologne,4.85886,1.32863,6,0,GER-Bundesliga,2324
2023-10-28 13:30:00,VfB Stuttgart,Hoffenheim,3.15109,1.74412,2,3,GER-Bundesliga,2324
2023-10-28 13:30:00,Werder Bremen,Union Berlin,0.690799,0.368624,2,0,GER-Bundesliga,2324
2023-10-29 16:30:00,Bayer Leverkusen,Freiburg,1.60773,1.02333,2,1,GER-Bundesliga,2324
2023-10-29 14:30:00,Eintracht Frankfurt,Borussia Dortmund,3.67492,2.41687,3,3,GER-Bundesliga,2324
2023-11-03 19:30:00,Darmstadt,Bochum,0.854923,1.56273,1,2,GER-Bundesliga,2324
2023-11-04 17:30:00,Borussia Dortmund,Bayern Munich,1.47623,2.86067,0,4,GER-Bundesliga,2324
2023-11-04 14:30:00,FC Cologne,Augsburg,2.22618,2.54685,1,1,GER-Bundesliga,2324
2023-11-04 14:30:00,Freiburg,Borussia M.Gladbach,3.3903,1.92375,3,3,GER-Bundesliga,2324
2023-11-04 14:30:00,Hoffenheim,Bayer Leverkusen,1.27214,1.05046,2,3,GER-Bundesliga,2324
2023-11-04 14:30:00,Mainz 05,RasenBallsport Leipzig,1.49686,0.507864,2,0,GER-Bundesliga,2324
2023-11-04 14:30:00,Union Berlin,Eintracht Frankfurt,1.066,1.56887,0,3,GER-Bundesliga,2324
2023-11-05 16:30:00,FC Heidenheim,VfB Stuttgart,0.78335,2.57296,2,0,GER-Bundesliga,2324
2023-11-05 14:30:00,Wolfsburg,Werder Bremen,1.81371,1.40324,2,2,GER-Bundesliga,2324
2023-11-10 19:30:00,Borussia M.Gladbach,Wolfsburg,2.094,0.500797,4,0,GER-Bundesliga,2324
2023-11-11 14:30:00,Augsburg,Hoffenheim,0.937133,0.897413,1,1,GER-Bundesliga,2324
2023-11-11 14:30:00,Bayern Munich,FC Heidenheim,2.60786,1.04526,4,2,GER-Bundesliga,2324
2023-11-11 17:30:00,Bochum,FC Cologne,5.05629,1.07591,1,1,GER-Bundesliga,2324
2023-11-11 14:30:00,Darmstadt,Mainz 05,0.449952,0.624718,0,0,GER-Bundesliga,2324
2023-11-11 14:30:00,VfB Stuttgart,Borussia Dortmund,4.1718,0.7643,2,1,GER-Bundesliga,2324
2023-11-12 14:30:00,Bayer Leverkusen,Union Berlin,3.04223,0.0283806,4,0,GER-Bundesliga,2324
2023-11-12 19:30:00,RasenBallsport Leipzig,Freiburg,1.90144,0.398988,3,1,GER-Bundesliga,2324
2023-11-12 16:30:00,Werder Bremen,Eintracht Frankfurt,1.93909,2.02339,2,2,GER-Bundesliga,2324
2023-11-24 19:30:00,FC Cologne,Bayern Munich,0.189125,3.8999,0,1,GER-Bundesliga,2324
2023-11-25 14:30:00,Borussia Dortmund,Borussia M.Gladbach,3.36754,0.789918,4,2,GER-Bundesliga,2324
2023-11-25 17:30:00,Eintracht Frankfurt,VfB Stuttgart,0.787582,2.29764,1,2,GER-Bundesliga,2324
2023-11-25 14:30:00,Freiburg,Darmstadt,1.34505,0.34181,1,1,GER-Bundesliga,2324
2023-11-25 14:30:00,Union Berlin,Augsburg,2.40798,1.84043,1,1,GER-Bundesliga,2324
2023-11-25 14:30:00,Werder Bremen,Bayer Leverkusen,0.306657,1.7528,0,3,GER-Bundesliga,2324
2023-11-25 14:30:00,Wolfsburg,RasenBallsport Leipzig,0.634004,2.90646,2,1,GER-Bundesliga,2324
2023-11-26 14:30:00,FC Heidenheim,Bochum,0.748895,0.359399,0,0,GER-Bundesliga,2324
2023-11-26 16:30:00,Hoffenheim,Mainz 05,0.7002,1.96701,1,1,GER-Bundesliga,2324
2023-12-01 18:30:00,Darmstadt,FC Cologne,0.61755,1.30112,0,1,GER-Bundesliga,2324
2023-12-02 14:30:00,Bochum,Wolfsburg,2.07603,1.03452,3,1,GER-Bundesliga,2324
2023-12-02 14:30:00,Borussia M.Gladbach,Hoffenheim,1.60234,1.33696,2,1,GER-Bundesliga,2324
2023-12-02 14:30:00,RasenBallsport Leipzig,FC Heidenheim,4.71075,1.17851,2,1,GER-Bundesliga,2324
2023-12-02 17:30:00,VfB Stuttgart,Werder Bremen,4.01803,0.65905,2,0,GER-Bundesliga,2324
2023-12-03 18:30:00,Augsburg,Eintracht Frankfurt,1.95055,0.906933,2,1,GER-Bundesliga,2324
2023-12-03 16:30:00,Bayer Leverkusen,Borussia Dortmund,1.96389,1.26088,1,1,GER-Bundesliga,2324
2023-12-03 14:30:00,Mainz 05,Freiburg,2.86869,1.34097,0,1,GER-Bundesliga,2324
2023-12-08 19:30:00,Hoffenheim,Bochum,2.27533,1.82523,3,1,GER-Bundesliga,2324
2023-12-09 17:30:00,Borussia Dortmund,RasenBallsport Leipzig,1.71347,3.63569,2,3,GER-Bundesliga,2324
2023-12-09 14:30:00,Eintracht Frankfurt,Bayern Munich,1.84651,2.59277,5,1,GER-Bundesliga,2324
2023-12-09 14:30:00,FC Heidenheim,Darmstadt,1.86894,1.00759,3,2,GER-Bundesliga,2324
2023-12-09 14:30:00,Union Berlin,Borussia M.Gladbach,2.5675,1.03267,3,1,GER-Bundesliga,2324
2023-12-09 14:30:00,Werder Bremen,Augsburg,1.84577,0.627715,2,0,GER-Bundesliga,2324
2023-12-09 14:30:00,Wolfsburg,Freiburg,1.32934,0.511263,0,1,GER-Bundesliga,2324
2023-12-10 16:30:00,FC Cologne,Mainz 05,0.248621,1.87569,0,0,GER-Bundesliga,2324
2023-12-10 14:30:00,VfB Stuttgart,Bayer Leverkusen,2.61136,1.47429,1,1,GER-Bundesliga,2324
2023-12-15 19:30:00,Borussia M.Gladbach,Werder Bremen,1.20813,1.64723,2,2,GER-Bundesliga,2324
2023-12-16 14:30:00,Augsburg,Borussia Dortmund,1.509,2.02537,1,1,GER-Bundesliga,2324
2023-12-16 14:30:00,Bochum,Union Berlin,3.57797,0.670719,3,0,GER-Bundesliga,2324
2023-12-16 14:30:00,Darmstadt,Wolfsburg,0.942093,0.587028,0,1,GER-Bundesliga,2324
2023-12-16 14:30:00,Mainz 05,FC Heidenheim,1.21178,0.756363,0,1,GER-Bundesliga,2324
2023-12-16 17:30:00,RasenBallsport Leipzig,Hoffenheim,2.91669,1.04243,3,1,GER-Bundesliga,2324
2023-12-17 16:30:00,Bayer Leverkusen,Eintracht Frankfurt,2.4919,0.205245,3,0,GER-Bundesliga,2324
2023-12-17 18:30:00,Bayern Munich,VfB Stuttgart,3.41522,0.309157,3,0,GER-Bundesliga,2324
2023-12-17 14:30:00,Freiburg,FC Cologne,3.46957,1.24601,2,0,GER-Bundesliga,2324
2023-12-19 19:30:00,Borussia Dortmund,Mainz 05,1.33337,1.06262,1,1,GER-Bundesliga,2324
2023-12-19 19:30:00,Hoffenheim,Darmstadt,2.81806,0.952662,3,3,GER-Bundesliga,2324
2023-12-19 17:30:00,Werder Bremen,RasenBallsport Leipzig,1.48185,1.99449,1,1,GER-Bundesliga,2324
2023-12-20 19:30:00,Bayer Leverkusen,Bochum,3.32375,0.325421,4,0,GER-Bundesliga,2324
2023-12-20 19:30:00,Eintracht Frankfurt,Borussia M.Gladbach,1.53912,0.552196,2,1,GER-Bundesliga,2324
2023-12-20 19:30:00,FC Heidenheim,Freiburg,1.75628,1.59052,3,2,GER-Bundesliga,2324
2023-12-20 17:30:00,Union Berlin,FC Cologne,1.86539,0.897866,2,0,GER-Bundesliga,2324
2023-12-20 19:30:00,VfB Stuttgart,Augsburg,2.65007,0.224572,3,0,GER-Bundesliga,2324
2023-12-20 19:30:00,Wolfsburg,Bayern Munich,0.313193,3.15053,1,2,GER-Bundesliga,2324
2024-01-12 19:30:00,Bayern Munich,Hoffenheim,3.4164,1.61888,3,0,GER-Bundesliga,2324
2024-01-13 14:30:00,Augsburg,Bayer Leverkusen,0.445211,2.31757,0,1,GER-Bundesliga,2324
2024-01-13 17:30:00,Darmstadt,Borussia Dortmund,0.825788,3.14682,0,3,GER-Bundesliga,2324
2024-01-13 14:30:00,FC Cologne,FC Heidenheim,0.641578,1.27869,1,1,GER-Bundesliga,2324
2024-01-13 14:30:00,Freiburg,Union Berlin,2.1675,0.424997,0,0,GER-Bundesliga,2324
2024-01-13 14:30:00,Mainz 05,Wolfsburg,0.366084,0.419404,1,1,GER-Bundesliga,2324
2024-01-13 14:30:00,RasenBallsport Leipzig,Eintracht Frankfurt,2.67312,1.07791,0,1,GER-Bundesliga,2324
2024-01-14 14:30:00,Bochum,Werder Bremen,1.24017,0.934194,1,1,GER-Bundesliga,2324
2024-01-14 16:30:00,Borussia M.Gladbach,VfB Stuttgart,2.02288,1.24703,3,1,GER-Bundesliga,2324
2024-01-20 14:30:00,Bochum,VfB Stuttgart,0.71453,1.99316,1,0,GER-Bundesliga,2324
2024-01-20 14:30:00,Darmstadt,Eintracht Frankfurt,1.3877,1.28892,2,2,GER-Bundesliga,2324
2024-01-20 14:30:00,FC Cologne,Borussia Dortmund,1.3929,3.48032,0,4,GER-Bundesliga,2324
2024-01-20 14:30:00,FC Heidenheim,Wolfsburg,1.19211,1.22104,1,1,GER-Bundesliga,2324
2024-01-20 14:30:00,Freiburg,Hoffenheim,2.47971,1.76349,3,2,GER-Bundesliga,2324
2024-01-20 17:30:00,RasenBallsport Leipzig,Bayer Leverkusen,1.59453,2.17224,2,3,GER-Bundesliga,2324
2024-01-21 14:30:00,Bayern Munich,Werder Bremen,1.54562,0.429252,0,1,GER-Bundesliga,2324
2024-01-21 16:30:00,Borussia M.Gladbach,Augsburg,1.87919,1.61193,1,2,GER-Bundesliga,2324
2024-01-24 18:30:00,Bayern Munich,Union Berlin,2.172,0.477644,1,0,GER-Bundesliga,2324
2024-01-26 19:30:00,Eintracht Frankfurt,Mainz 05,1.13826,0.815239,1,0,GER-Bundesliga,2324
2024-01-27 14:30:00,Augsburg,Bayern Munich,2.68517,2.27504,2,3,GER-Bundesliga,2324
2024-01-27 17:30:00,Bayer Leverkusen,Borussia M.Gladbach,3.32828,0.278864,0,0,GER-Bundesliga,2324
2024-01-27 14:30:00,Hoffenheim,FC Heidenheim,3.23703,1.10065,1,1,GER-Bundesliga,2324
2024-01-27 14:30:00,VfB Stuttgart,RasenBallsport Leipzig,3.13056,0.495967,5,2,GER-Bundesliga,2324
2024-01-27 14:30:00,Werder Bremen,Freiburg,2.33032,1.33739,3,1,GER-Bundesliga,2324
2024-01-27 14:30:00,Wolfsburg,FC Cologne,2.13999,0.365929,1,1,GER-Bundesliga,2324
2024-01-28 16:30:00,Borussia Dortmund,Bochum,3.09919,0.388377,3,1,GER-Bundesliga,2324
2024-01-28 14:30:00,Union Berlin,Darmstadt,3.54733,1.00135,1,0,GER-Bundesliga,2324
2024-02-02 19:30:00,FC Heidenheim,Borussia Dortmund,1.00945,0.8117,0,0,GER-Bundesliga,2324
2024-02-03 14:30:00,Bayern Munich,Borussia M.Gladbach,2.58401,0.780069,3,1,GER-Bundesliga,2324
2024-02-03 14:30:00,Bochum,Augsburg,1.16731,1.39431,1,1,GER-Bundesliga,2324
2024-02-03 14:30:00,Darmstadt,Bayer Leverkusen,0.432778,2.18207,0,2,GER-Bundesliga,2324
2024-02-03 17:30:00,FC Cologne,Eintracht Frankfurt,2.09653,1.16049,2,0,GER-Bundesliga,2324
2024-02-03 14:30:00,Freiburg,VfB Stuttgart,1.15964,2.73728,1,3,GER-Bundesliga,2324
2024-02-03 14:30:00,Mainz 05,Werder Bremen,1.04044,0.395044,0,1,GER-Bundesliga,2324
2024-02-04 16:30:00,RasenBallsport Leipzig,Union Berlin,1.7598,0.65912,2,0,GER-Bundesliga,2324
2024-02-04 14:30:00,Wolfsburg,Hoffenheim,1.60418,1.93269,2,2,GER-Bundesliga,2324
2024-02-07 17:30:00,Mainz 05,Union Berlin,1.37814,1.53583,1,1,GER-Bundesliga,2324
2024-02-09 19:30:00,Borussia Dortmund,Freiburg,3.21996,0.230074,3,0,GER-Bundesliga,2324
2024-02-10 14:30:00,Augsburg,RasenBallsport Leipzig,0.965916,1.78901,2,2,GER-Bundesliga,2324
2024-02-10 17:30:00,Bayer Leverkusen,Bayern Munich,1.22993,0.710198,3,0,GER-Bundesliga,2324
2024-02-10 14:30:00,Borussia M.Gladbach,Darmstadt,1.47353,0.817722,0,0,GER-Bundesliga,2324
2024-02-10 14:30:00,Eintracht Frankfurt,Bochum,2.44154,1.27691,1,1,GER-Bundesliga,2324
2024-02-10 14:30:00,Union Berlin,Wolfsburg,0.575454,1.08099,1,0,GER-Bundesliga,2324
2024-02-10 14:30:00,Werder Bremen,FC Heidenheim,1.62589,2.1722,1,2,GER-Bundesliga,2324
2024-02-11 16:30:00,Hoffenheim,FC Cologne,0.726907,0.172441,1,1,GER-Bundesliga,2324
2024-02-11 14:30:00,VfB Stuttgart,Mainz 05,2.17007,1.61535,3,1,GER-Bundesliga,2324
2024-02-16 19:30:00,FC Cologne,Werder Bremen,0.627448,1.35198,0,1,GER-Bundesliga,2324
2024-02-17 14:30:00,Darmstadt,VfB Stuttgart,2.66748,1.74454,1,2,GER-Bundesliga,2324
2024-02-17 14:30:00,FC Heidenheim,Bayer Leverkusen,0.698981,1.87986,1,2,GER-Bundesliga,2324
2024-02-17 14:30:00,Hoffenheim,Union Berlin,1.24508,2.1649,0,1,GER-Bundesliga,2324
2024-02-17 14:30:00,Mainz 05,Augsburg,2.62289,0.612185,1,0,GER-Bundesliga,2324
2024-02-17 17:30:00,RasenBallsport Leipzig,Borussia M.Gladbach,1.49022,0.944074,2,0,GER-Bundesliga,2324
2024-02-17 14:30:00,Wolfsburg,Borussia Dortmund,2.11967,1.21109,1,1,GER-Bundesliga,2324
2024-02-18 16:30:00,Bochum,Bayern Munich,2.08495,2.86883,3,2,GER-Bundesliga,2324
2024-02-18 14:30:00,Freiburg,Eintracht Frankfurt,2.77236,1.35483,3,3,GER-Bundesliga,2324
2024-02-23 19:30:00,Bayer Leverkusen,Mainz 05,1.47222,0.471019,2,1,GER-Bundesliga,2324
2024-02-24 17:30:00,Bayern Munich,RasenBallsport Leipzig,1.83179,0.57703,2,1,GER-Bundesliga,2324
2024-02-24 14:30:00,Borussia M.Gladbach,Bochum,3.64941,2.13723,5,2,GER-Bundesliga,2324
2024-02-24 14:30:00,Union Berlin,FC Heidenheim,1.20933,1.33022,2,2,GER-Bundesliga,2324
2024-02-24 14:30:00,VfB Stuttgart,FC Cologne,1.87785,1.43669,1,1,GER-Bundesliga,2324
2024-02-24 14:30:00,Werder Bremen,Darmstadt,1.5891,0.890186,1,1,GER-Bundesliga,2324
2024-02-25 18:30:00,Augsburg,Freiburg,2.40818,1.42649,2,1,GER-Bundesliga,2324
2024-02-25 16:30:00,Borussia Dortmund,Hoffenheim,3.06361,1.31588,2,3,GER-Bundesliga,2324
2024-02-25 14:30:00,Eintracht Frankfurt,Wolfsburg,1.53623,1.18165,2,2,GER-Bundesliga,2324
2024-03-01 19:30:00,Freiburg,Bayern Munich,1.53977,2.4424,2,2,GER-Bundesliga,2324
2024-03-02 14:30:00,Bochum,RasenBallsport Leipzig,0.562887,2.11704,1,4,GER-Bundesliga,2324
2024-03-02 14:30:00,Darmstadt,Augsburg,1.113,3.39611,0,6,GER-Bundesliga,2324
2024-03-02 14:30:00,FC Heidenheim,Eintracht Frankfurt,0.847831,1.57778,1,2,GER-Bundesliga,2324
2024-03-02 14:30:00,Mainz 05,Borussia M.Gladbach,1.08864,1.55082,1,1,GER-Bundesliga,2324
2024-03-02 14:30:00,Union Berlin,Borussia Dortmund,0.999042,1.63921,0,2,GER-Bundesliga,2324
2024-03-02 17:30:00,Wolfsburg,VfB Stuttgart,0.964288,1.04058,2,3,GER-Bundesliga,2324
2024-03-03 14:30:00,FC Cologne,Bayer Leverkusen,1.29405,1.63841,0,2,GER-Bundesliga,2324
2024-03-03 16:30:00,Hoffenheim,Werder Bremen,2.06582,1.34942,2,1,GER-Bundesliga,2324
2024-03-08 19:30:00,VfB Stuttgart,Union Berlin,1.30933,0.839212,2,0,GER-Bundesliga,2324
2024-03-09 14:30:00,Augsburg,FC Heidenheim,0.740927,0.267511,1,0,GER-Bundesliga,2324
2024-03-09 14:30:00,Bayern Munich,Mainz 05,6.78137,1.07439,8,1,GER-Bundesliga,2324
2024-03-09 14:30:00,Borussia M.Gladbach,FC Cologne,2.54696,0.924707,3,3,GER-Bundesliga,2324
2024-03-09 14:30:00,RasenBallsport Leipzig,Darmstadt,4.25377,0.394275,2,0,GER-Bundesliga,2324
2024-03-09 17:30:00,Werder Bremen,Borussia Dortmund,1.34789,1.23563,1,2,GER-Bundesliga,2324
2024-03-10 18:30:00,Bayer Leverkusen,Wolfsburg,2.09982,0.354851,2,0,GER-Bundesliga,2324
2024-03-10 14:30:00,Bochum,Freiburg,1.28237,1.43573,1,2,GER-Bundesliga,2324
2024-03-10 16:30:00,Eintracht Frankfurt,Hoffenheim,3.53168,0.695868,3,1,GER-Bundesliga,2324
2024-03-15 19:30:00,FC Cologne,RasenBallsport Leipzig,1.18251,3.92775,1,5,GER-Bundesliga,2324
2024-03-16 14:30:00,Darmstadt,Bayern Munich,1.2476,5.11913,2,5,GER-Bundesliga,2324
2024-03-16 14:30:00,FC Heidenheim,Borussia M.Gladbach,1.61096,0.820339,1,1,GER-Bundesliga,2324
2024-03-16 17:30:00,Hoffenheim,VfB Stuttgart,0.229186,3.1752,0,3,GER-Bundesliga,2324
2024-03-16 14:30:00,Mainz 05,Bochum,2.33802,0.590727,2,0,GER-Bundesliga,2324
2024-03-16 14:30:00,Union Berlin,Werder Bremen,1.42836,0.833042,2,1,GER-Bundesliga,2324
2024-03-16 14:30:00,Wolfsburg,Augsburg,1.67932,0.971481,1,3,GER-Bundesliga,2324
2024-03-17 16:30:00,Borussia Dortmund,Eintracht Frankfurt,2.83411,0.86903,3,1,GER-Bundesliga,2324
2024-03-17 14:30:00,Freiburg,Bayer Leverkusen,0.916618,2.50336,2,3,GER-Bundesliga,2324
2024-03-30 14:30:00,Bayer Leverkusen,Hoffenheim,3.03672,0.657688,2,1,GER-Bundesliga,2324
2024-03-30 17:30:00,Bayern Munich,Borussia Dortmund,1.90876,1.25844,0,2,GER-Bundesliga,2324
2024-03-30 14:30:00,Borussia M.Gladbach,Freiburg,1.84419,2.08769,0,3,GER-Bundesliga,2324
2024-03-30 14:30:00,Eintracht Frankfurt,Union Berlin,1.3089,1.07679,0,0,GER-Bundesliga,2324
2024-03-30 14:30:00,RasenBallsport Leipzig,Mainz 05,2.91967,1.00565,0,0,GER-Bundesliga,2324
2024-03-30 14:30:00,Werder Bremen,Wolfsburg,0.738782,2.44615,0,2,GER-Bundesliga,2324
2024-03-31 14:30:00,Augsburg,FC Cologne,2.13131,1.6795,1,1,GER-Bundesliga,2324
2024-03-31 18:30:00,Bochum,Darmstadt,2.29251,0.879015,2,2,GER-Bundesliga,2324
2024-03-31 16:30:00,VfB Stuttgart,FC Heidenheim,3.0588,1.62523,3,3,GER-Bundesliga,2324
2024-04-05 18:30:00,Eintracht Frankfurt,Werder Bremen,2.18898,1.60098,1,1,GER-Bundesliga,2324
2024-04-06 16:30:00,Borussia Dortmund,VfB Stuttgart,2.95333,1.82865,0,1,GER-Bundesliga,2324
2024-04-06 13:30:00,FC Cologne,Bochum,1.23733,0.777136,2,1,GER-Bundesliga,2324
2024-04-06 13:30:00,FC Heidenheim,Bayern Munich,1.35048,2.12066,3,2,GER-Bundesliga,2324
2024-04-06 13:30:00,Freiburg,RasenBallsport Leipzig,1.55898,2.88698,1,4,GER-Bundesliga,2324
2024-04-06 13:30:00,Mainz 05,Darmstadt,3.84973,0.558152,4,0,GER-Bundesliga,2324
2024-04-06 13:30:00,Union Berlin,Bayer Leverkusen,0.269865,2.7617,0,1,GER-Bundesliga,2324
2024-04-07 13:30:00,Hoffenheim,Augsburg,2.21977,0.806763,3,1,GER-Bundesliga,2324
2024-04-07 15:30:00,Wolfsburg,Borussia M.Gladbach,1.26689,1.38704,1,3,GER-Bundesliga,2324
2024-04-12 18:30:00,Augsburg,Union Berlin,1.7073,1.55042,2,0,GER-Bundesliga,2324
2024-04-13 13:30:00,Bayern Munich,FC Cologne,2.34705,0.766768,2,0,GER-Bundesliga,2324
2024-04-13 13:30:00,Bochum,FC Heidenheim,1.11714,1.40689,1,1,GER-Bundesliga,2324
2024-04-13 13:30:00,Borussia M.Gladbach,Borussia Dortmund,1.17228,1.80703,1,2,GER-Bundesliga,2324
2024-04-13 13:30:00,Mainz 05,Hoffenheim,2.58388,0.529727,4,1,GER-Bundesliga,2324
2024-04-13 13:30:00,RasenBallsport Leipzig,Wolfsburg,1.68139,0.323042,3,0,GER-Bundesliga,2324
2024-04-13 16:30:00,VfB Stuttgart,Eintracht Frankfurt,1.26199,0.565621,3,0,GER-Bundesliga,2324
2024-04-14 15:30:00,Bayer Leverkusen,Werder Bremen,3.33579,0.885426,5,0,GER-Bundesliga,2324
2024-04-14 13:30:00,Darmstadt,Freiburg,0.962275,1.34437,0,1,GER-Bundesliga,2324
2024-04-19 18:30:00,Eintracht Frankfurt,Augsburg,1.88744,0.597958,3,1,GER-Bundesliga,2324
2024-04-20 13:30:00,FC Cologne,Darmstadt,1.1117,1.95124,0,2,GER-Bundesliga,2324
2024-04-20 13:30:00,FC Heidenheim,RasenBallsport Leipzig,1.35248,1.58114,1,2,GER-Bundesliga,2324
2024-04-20 13:30:00,Hoffenheim,Borussia M.Gladbach,2.77278,1.36369,4,3,GER-Bundesliga,2324
2024-04-20 16:30:00,Union Berlin,Bayern Munich,1.06863,1.92795,1,5,GER-Bundesliga,2324
2024-04-20 13:30:00,Wolfsburg,Bochum,1.34814,1.37904,1,0,GER-Bundesliga,2324
2024-04-21 15:30:00,Borussia Dortmund,Bayer Leverkusen,0.773997,1.51278,1,1,GER-Bundesliga,2324
2024-04-21 17:30:00,Freiburg,Mainz 05,1.25572,1.47938,1,1,GER-Bundesliga,2324
2024-04-21 13:30:00,Werder Bremen,VfB Stuttgart,1.40776,3.32355,2,1,GER-Bundesliga,2324
2024-04-26 18:30:00,Bochum,Hoffenheim,3.91029,1.28293,3,2,GER-Bundesliga,2324
2024-04-27 13:30:00,Augsburg,Werder Bremen,0.54257,2.53138,0,3,GER-Bundesliga,2324
2024-04-27 16:30:00,Bayer Leverkusen,VfB Stuttgart,1.66579,2.02009,2,2,GER-Bundesliga,2324
2024-04-27 13:30:00,Bayern Munich,Eintracht Frankfurt,3.29649,0.392852,2,1,GER-Bundesliga,2324
2024-04-27 13:30:00,Freiburg,Wolfsburg,1.86256,0.583145,1,2,GER-Bundesliga,2324
2024-04-27 13:30:00,RasenBallsport Leipzig,Borussia Dortmund,2.74912,1.7764,4,1,GER-Bundesliga,2324
2024-04-28 13:30:00,Borussia M.Gladbach,Union Berlin,1.21021,1.11351,0,0,GER-Bundesliga,2324
2024-04-28 17:30:00,Darmstadt,FC Heidenheim,0.532047,1.49165,0,1,GER-Bundesliga,2324
2024-04-28 15:30:00,Mainz 05,FC Cologne,1.88933,2.85686,1,1,GER-Bundesliga,2324
2024-05-03 18:30:00,Hoffenheim,RasenBallsport Leipzig,1.80367,1.03434,1,1,GER-Bundesliga,2324
2024-05-04 13:30:00,Borussia Dortmund,Augsburg,3.67101,2.56978,5,1,GER-Bundesliga,2324
2024-05-04 16:30:00,FC Cologne,Freiburg,1.08936,1.12733,0,0,GER-Bundesliga,2324
2024-05-04 13:30:00,VfB Stuttgart,Bayern Munich,2.0106,1.92761,3,1,GER-Bundesliga,2324
2024-05-04 13:30:00,Werder Bremen,Borussia M.Gladbach,1.31618,2.28533,2,2,GER-Bundesliga,2324
2024-05-04 13:30:00,Wolfsburg,Darmstadt,3.16035,0.372357,3,0,GER-Bundesliga,2324
2024-05-05 15:30:00,Eintracht Frankfurt,Bayer Leverkusen,1.57584,3.11322,1,5,GER-Bundesliga,2324
2024-05-05 17:30:00,FC Heidenheim,Mainz 05,1.42565,2.2312,1,1,GER-Bundesliga,2324
2024-05-05 13:30:00,Union Berlin,Bochum,1.49561,1.84679,3,4,GER-Bundesliga,2324
2024-05-10 18:30:00,Augsburg,VfB Stuttgart,0.562362,1.82603,0,1,GER-Bundesliga,2324
2024-05-11 13:30:00,Borussia M.Gladbach,Eintracht Frankfurt,0.323547,2.33139,1,1,GER-Bundesliga,2324
2024-05-11 13:30:00,FC Cologne,Union Berlin,3.02417,1.66062,3,2,GER-Bundesliga,2324
2024-05-11 13:30:00,Freiburg,FC Heidenheim,1.8695,0.634464,1,1,GER-Bundesliga,2324
2024-05-11 16:30:00,Mainz 05,Borussia Dortmund,3.05403,0.398966,3,0,GER-Bundesliga,2324
2024-05-11 13:30:00,RasenBallsport Leipzig,Werder Bremen,1.60961,1.0305,1,1,GER-Bundesliga,2324
2024-05-12 15:30:00,Bayern Munich,Wolfsburg,0.37152,0.132383,2,0,GER-Bundesliga,2324
2024-05-12 17:30:00,Bochum,Bayer Leverkusen,0.221516,4.59495,0,5,GER-Bundesliga,2324
2024-05-12 13:30:00,Darmstadt,Hoffenheim,0.467229,3.67135,0,6,GER-Bundesliga,2324
2024-05-18 13:30:00,Bayer Leverkusen,Augsburg,2.40225,1.19936,2,1,GER-Bundesliga,2324
2024-05-18 13:30:00,Borussia Dortmund,Darmstadt,3.0526,0.281801,4,0,GER-Bundesliga,2324
2024-05-18 13:30:00,Eintracht Frankfurt,RasenBallsport Leipzig,2.62491,1.79078,2,2,GER-Bundesliga,2324
2024-05-18 13:30:00,FC Heidenheim,FC Cologne,1.46315,2.70114,4,1,GER-Bundesliga,2324
2024-05-18 13:30:00,Hoffenheim,Bayern Munich,2.44188,1.69159,4,2,GER-Bundesliga,2324
2024-05-18 13:30:00,Union Berlin,Freiburg,2.28943,0.963773,2,1,GER-Bundesliga,2324
2024-05-18 13:30:00,VfB Stuttgart,Borussia M.Gladbach,2.1075,1.65395,4,0,GER-Bundesliga,2324
2024-05-18 13:30:00,Werder Bremen,Bochum,3.80667,2.14301,4,1,GER-Bundesliga,2324
2024-05-18 13:30:00,Wolfsburg,Mainz 05,1.5246,2.37382,1,3,GER-Bundesliga,2324
2024-08-23 18:30:00,Borussia M.Gladbach,Bayer Leverkusen,1.51665,3.23588,2,3,GER-Bundesliga,2425
2024-08-24 13:30:00,Augsburg,Werder Bremen,1.31571,1.54312,2,2,GER-Bundesliga,2425
2024-08-24 16:30:00,Borussia Dortmund,Eintracht Frankfurt,1.9263,1.15188,2,0,GER-Bundesliga,2425
2024-08-24 13:30:00,Freiburg,VfB Stuttgart,3.0149,0.374185,3,1,GER-Bundesliga,2425
2024-08-24 13:30:00,Hoffenheim,Holstein Kiel,3.73706,1.97238,3,2,GER-Bundesliga,2425
2024-08-24 13:30:00,Mainz 05,Union Berlin,1.77023,0.731569,1,1,GER-Bundesliga,2425
2024-08-24 13:30:00,RasenBallsport Leipzig,Bochum,0.937134,1.31541,1,0,GER-Bundesliga,2425
2024-08-25 15:30:00,St. Pauli,FC Heidenheim,1.1609,1.16833,0,2,GER-Bundesliga,2425
2024-08-25 13:30:00,Wolfsburg,Bayern Munich,2.08125,2.17538,2,3,GER-Bundesliga,2425
2024-08-30 18:30:00,Union Berlin,St. Pauli,1.0488,0.644857,1,0,GER-Bundesliga,2425
2024-08-31 16:30:00,Bayer Leverkusen,RasenBallsport Leipzig,3.42266,1.50532,2,3,GER-Bundesliga,2425
2024-08-31 13:30:00,Bochum,Borussia M.Gladbach,0.918629,2.66887,0,2,GER-Bundesliga,2425
2024-08-31 13:30:00,Eintracht Frankfurt,Hoffenheim,2.68507,0.832386,3,1,GER-Bundesliga,2425
2024-08-31 13:30:00,Holstein Kiel,Wolfsburg,0.89489,1.4619,0,2,GER-Bundesliga,2425
2024-08-31 13:30:00,VfB Stuttgart,Mainz 05,4.2134,1.95179,3,3,GER-Bundesliga,2425
2024-08-31 13:30:00,Werder Bremen,Borussia Dortmund,0.278533,0.918302,0,0,GER-Bundesliga,2425
2024-09-01 15:30:00,Bayern Munich,Freiburg,1.62797,0.970892,2,0,GER-Bundesliga,2425
2024-09-01 13:30:00,FC Heidenheim,Augsburg,3.09376,0.641534,4,0,GER-Bundesliga,2425
2024-09-13 18:30:00,Borussia Dortmund,FC Heidenheim,2.84066,1.61406,4,2,GER-Bundesliga,2425
2024-09-14 13:30:00,Borussia M.Gladbach,VfB Stuttgart,2.05136,2.7214,1,3,GER-Bundesliga,2425
2024-09-14 13:30:00,Freiburg,Bochum,3.95617,1.10732,2,1,GER-Bundesliga,2425
2024-09-14 13:30:00,Hoffenheim,Bayer Leverkusen,1.06356,3.41829,1,4,GER-Bundesliga,2425
2024-09-14 16:30:00,Holstein Kiel,Bayern Munich,0.299776,4.13442,1,6,GER-Bundesliga,2425
2024-09-14 13:30:00,RasenBallsport Leipzig,Union Berlin,1.29462,0.859112,0,0,GER-Bundesliga,2425
2024-09-14 13:30:00,Wolfsburg,Eintracht Frankfurt,1.23249,2.86858,1,2,GER-Bundesliga,2425
2024-09-15 13:30:00,Augsburg,St. Pauli,2.61475,0.49314,3,1,GER-Bundesliga,2425
2024-09-15 15:30:00,Mainz 05,Werder Bremen,1.67115,1.8089,1,2,GER-Bundesliga,2425
2024-09-20 18:30:00,Augsburg,Mainz 05,2.79562,1.25788,2,3,GER-Bundesliga,2425
2024-09-21 13:30:00,Bochum,Holstein Kiel,1.32383,2.26878,2,2,GER-Bundesliga,2425
2024-09-21 16:30:00,Eintracht Frankfurt,Borussia M.Gladbach,2.93252,1.19669,2,0,GER-Bundesliga,2425
2024-09-21 13:30:00,FC Heidenheim,Freiburg,0.379656,1.23884,0,3,GER-Bundesliga,2425
2024-09-21 13:30:00,Union Berlin,Hoffenheim,1.21587,0.378776,2,1,GER-Bundesliga,2425
2024-09-21 13:30:00,Werder Bremen,Bayern Munich,0.0,3.34451,0,5,GER-Bundesliga,2425
2024-09-22 13:30:00,Bayer Leverkusen,Wolfsburg,1.71874,0.836406,4,3,GER-Bundesliga,2425
2024-09-22 17:30:00,St. Pauli,RasenBallsport Leipzig,1.67285,0.841324,0,0,GER-Bundesliga,2425
2024-09-22 15:30:00,VfB Stuttgart,Borussia Dortmund,3.56218,0.60692,5,1,GER-Bundesliga,2425
2024-09-27 18:30:00,Borussia Dortmund,Bochum,4.1712,1.02915,4,2,GER-Bundesliga,2425
2024-09-28 16:30:00,Bayern Munich,Bayer Leverkusen,1.19457,0.0870163,1,1,GER-Bundesliga,2425
2024-09-28 13:30:00,Borussia M.Gladbach,Union Berlin,1.38305,0.731164,1,0,GER-Bundesliga,2425
2024-09-28 13:30:00,Freiburg,St. Pauli,1.10172,1.40925,0,3,GER-Bundesliga,2425
2024-09-28 13:30:00,Mainz 05,FC Heidenheim,0.371434,1.09304,0,2,GER-Bundesliga,2425
2024-09-28 13:30:00,RasenBallsport Leipzig,Augsburg,2.81593,1.07415,4,0,GER-Bundesliga,2425
2024-09-28 13:30:00,Wolfsburg,VfB Stuttgart,1.0386,2.58036,2,2,GER-Bundesliga,2425
2024-09-29 15:30:00,Hoffenheim,Werder Bremen,1.78654,4.06917,3,4,GER-Bundesliga,2425
2024-09-29 13:30:00,Holstein Kiel,Eintracht Frankfurt,1.02971,2.43436,2,4,GER-Bundesliga,2425
2024-10-04 18:30:00,Augsburg,Borussia M.Gladbach,1.75524,0.807021,2,1,GER-Bundesliga,2425
2024-10-05 13:30:00,Bayer Leverkusen,Holstein Kiel,2.5839,1.98438,2,2,GER-Bundesliga,2425
2024-10-05 13:30:00,Bochum,Wolfsburg,2.28586,2.37344,1,3,GER-Bundesliga,2425
2024-10-05 16:30:00,St. Pauli,Mainz 05,0.805413,1.29606,0,3,GER-Bundesliga,2425
2024-10-05 13:30:00,Union Berlin,Borussia Dortmund,1.52691,0.748758,2,1,GER-Bundesliga,2425
2024-10-05 13:30:00,Werder Bremen,Freiburg,0.879674,1.58065,0,1,GER-Bundesliga,2425
2024-10-06 15:30:00,Eintracht Frankfurt,Bayern Munich,1.49515,2.83119,3,3,GER-Bundesliga,2425
2024-10-06 13:30:00,FC Heidenheim,RasenBallsport Leipzig,1.08159,1.81585,0,1,GER-Bundesliga,2425
2024-10-06 17:30:00,VfB Stuttgart,Hoffenheim,1.72567,0.893468,1,1,GER-Bundesliga,2425
2024-10-18 18:30:00,Borussia Dortmund,St. Pauli,3.97161,1.07012,2,1,GER-Bundesliga,2425
2024-10-19 13:30:00,Bayer Leverkusen,Eintracht Frankfurt,4.07146,1.55158,2,1,GER-Bundesliga,2425
2024-10-19 16:30:00,Bayern Munich,VfB Stuttgart,3.61889,0.286656,4,0,GER-Bundesliga,2425
2024-10-19 13:30:00,Borussia M.Gladbach,FC Heidenheim,4.14976,1.89766,3,2,GER-Bundesliga,2425
2024-10-19 13:30:00,Freiburg,Augsburg,1.07588,0.868723,3,1,GER-Bundesliga,2425
2024-10-19 13:30:00,Hoffenheim,Bochum,2.46268,2.3454,3,1,GER-Bundesliga,2425
2024-10-19 13:30:00,Mainz 05,RasenBallsport Leipzig,0.611288,2.16084,0,2,GER-Bundesliga,2425
2024-10-20 13:30:00,Holstein Kiel,Union Berlin,0.901058,1.2809,0,2,GER-Bundesliga,2425
2024-10-20 15:30:00,Wolfsburg,Werder Bremen,2.17351,2.14788,2,4,GER-Bundesliga,2425
2024-10-25 18:30:00,Mainz 05,Borussia M.Gladbach,1.45557,0.934033,1,1,GER-Bundesliga,2425
2024-10-26 13:30:00,Augsburg,Borussia Dortmund,0.560509,0.776944,2,1,GER-Bundesliga,2425
2024-10-26 13:30:00,RasenBallsport Leipzig,Freiburg,2.69047,1.75887,3,1,GER-Bundesliga,2425
2024-10-26 13:30:00,St. Pauli,Wolfsburg,0.730167,0.940969,0,0,GER-Bundesliga,2425
2024-10-26 13:30:00,VfB Stuttgart,Holstein Kiel,1.90999,0.680092,2,1,GER-Bundesliga,2425
2024-10-26 16:30:00,Werder Bremen,Bayer Leverkusen,1.78808,1.30852,2,2,GER-Bundesliga,2425
2024-10-27 14:30:00,Bochum,Bayern Munich,0.205046,3.1499,0,5,GER-Bundesliga,2425
2024-10-27 18:30:00,FC Heidenheim,Hoffenheim,1.57817,0.692793,0,0,GER-Bundesliga,2425
2024-10-27 16:30:00,Union Berlin,Eintracht Frankfurt,1.86305,1.54058,1,1,GER-Bundesliga,2425
2024-11-01 19:30:00,Bayer Leverkusen,VfB Stuttgart,2.78287,0.223778,0,0,GER-Bundesliga,2425
2024-11-02 14:30:00,Bayern Munich,Union Berlin,2.76181,0.4664,3,0,GER-Bundesliga,2425
2024-11-02 17:30:00,Borussia Dortmund,RasenBallsport Leipzig,3.30102,0.23928,2,1,GER-Bundesliga,2425
2024-11-02 14:30:00,Eintracht Frankfurt,Bochum,3.83028,2.08714,7,2,GER-Bundesliga,2425
2024-11-02 14:30:00,Hoffenheim,St. Pauli,0.746379,1.1155,0,2,GER-Bundesliga,2425
2024-11-02 14:30:00,Holstein Kiel,FC Heidenheim,2.13316,1.27585,1,0,GER-Bundesliga,2425
2024-11-02 14:30:00,Wolfsburg,Augsburg,1.11324,0.499473,1,1,GER-Bundesliga,2425
2024-11-03 16:30:00,Borussia M.Gladbach,Werder Bremen,2.95668,1.30211,4,1,GER-Bundesliga,2425
2024-11-03 14:30:00,Freiburg,Mainz 05,0.463898,0.903716,0,0,GER-Bundesliga,2425
2024-11-08 19:30:00,Union Berlin,Freiburg,0.801684,2.66619,0,0,GER-Bundesliga,2425
2024-11-09 14:30:00,Bochum,Bayer Leverkusen,0.777554,1.40554,1,1,GER-Bundesliga,2425
2024-11-09 14:30:00,Mainz 05,Borussia Dortmund,3.18749,0.845107,3,1,GER-Bundesliga,2425
2024-11-09 17:30:00,RasenBallsport Leipzig,Borussia M.Gladbach,0.849803,1.31521,0,0,GER-Bundesliga,2425
2024-11-09 14:30:00,St. Pauli,Bayern Munich,0.0751538,1.67296,0,1,GER-Bundesliga,2425
2024-11-09 14:30:00,Werder Bremen,Holstein Kiel,2.26129,0.884231,2,1,GER-Bundesliga,2425
2024-11-10 14:30:00,Augsburg,Hoffenheim,0.970329,0.415649,0,0,GER-Bundesliga,2425
2024-11-10 18:30:00,FC Heidenheim,Wolfsburg,2.62448,1.55233,1,3,GER-Bundesliga,2425
2024-11-10 16:30:00,VfB Stuttgart,Eintracht Frankfurt,2.81862,1.93894,2,3,GER-Bundesliga,2425
2024-11-22 19:30:00,Bayern Munich,Augsburg,4.02659,0.149096,3,0,GER-Bundesliga,2425
2024-11-23 14:30:00,Bayer Leverkusen,FC Heidenheim,2.02581,1.03141,5,2,GER-Bundesliga,2425
2024-11-23 14:30:00,Borussia Dortmund,Freiburg,1.49974,1.1957,4,0,GER-Bundesliga,2425
2024-11-23 17:30:00,Eintracht Frankfurt,Werder Bremen,1.47057,0.632819,1,0,GER-Bundesliga,2425
2024-11-23 14:30:00,Hoffenheim,RasenBallsport Leipzig,2.60143,1.72976,4,3,GER-Bundesliga,2425
2024-11-23 14:30:00,VfB Stuttgart,Bochum,2.05767,0.652259,2,0,GER-Bundesliga,2425
2024-11-23 14:30:00,Wolfsburg,Union Berlin,0.742754,0.63337,1,0,GER-Bundesliga,2425
2024-11-24 16:30:00,Borussia M.Gladbach,St. Pauli,2.99128,1.15234,2,0,GER-Bundesliga,2425
2024-11-24 14:30:00,Holstein Kiel,Mainz 05,0.346026,2.13631,0,3,GER-Bundesliga,2425
2024-11-30 14:30:00,Augsburg,Bochum,2.15529,0.250706,1,0,GER-Bundesliga,2425
2024-11-30 17:30:00,Borussia Dortmund,Bayern Munich,0.55981,1.83117,1,1,GER-Bundesliga,2425
2024-11-30 14:30:00,Freiburg,Borussia M.Gladbach,2.15426,1.27811,3,1,GER-Bundesliga,2425
2024-11-30 14:30:00,RasenBallsport Leipzig,Wolfsburg,1.4486,2.69881,1,5,GER-Bundesliga,2425
2024-11-30 14:30:00,St. Pauli,Holstein Kiel,1.96179,1.1506,3,1,GER-Bundesliga,2425
2024-11-30 14:30:00,Union Berlin,Bayer Leverkusen,1.11328,0.906684,1,2,GER-Bundesliga,2425
2024-11-30 14:30:00,Werder Bremen,VfB Stuttgart,2.14949,1.6651,2,2,GER-Bundesliga,2425
2024-12-01 16:30:00,FC Heidenheim,Eintracht Frankfurt,0.861094,3.19019,0,4,GER-Bundesliga,2425
2024-12-01 16:30:00,Mainz 05,Hoffenheim,2.62793,0.814599,2,0,GER-Bundesliga,2425
2024-12-06 19:30:00,VfB Stuttgart,Union Berlin,1.81349,1.86301,3,2,GER-Bundesliga,2425
2024-12-07 14:30:00,Bayer Leverkusen,St. Pauli,0.729523,2.18395,2,1,GER-Bundesliga,2425
2024-12-07 14:30:00,Bayern Munich,FC Heidenheim,3.08538,1.16879,4,2,GER-Bundesliga,2425
2024-12-07 14:30:00,Bochum,Werder Bremen,1.16256,1.20754,0,1,GER-Bundesliga,2425
2024-12-07 17:30:00,Borussia M.Gladbach,Borussia Dortmund,1.10194,1.58856,1,1,GER-Bundesliga,2425
2024-12-07 14:30:00,Eintracht Frankfurt,Augsburg,1.53465,1.17089,2,2,GER-Bundesliga,2425
2024-12-07 14:30:00,Holstein Kiel,RasenBallsport Leipzig,1.14963,1.72704,0,2,GER-Bundesliga,2425
2024-12-08 16:30:00,Hoffenheim,Freiburg,1.49449,1.53138,1,1,GER-Bundesliga,2425
2024-12-08 14:30:00,Wolfsburg,Mainz 05,1.48692,3.02237,4,3,GER-Bundesliga,2425
2024-12-13 19:30:00,Freiburg,Wolfsburg,2.96777,1.85123,3,2,GER-Bundesliga,2425
2024-12-14 14:30:00,Augsburg,Bayer Leverkusen,0.43671,1.02095,0,2,GER-Bundesliga,2425
2024-12-14 14:30:00,Borussia M.Gladbach,Holstein Kiel,2.33425,0.323948,4,1,GER-Bundesliga,2425
2024-12-14 14:30:00,Mainz 05,Bayern Munich,1.64219,0.992002,2,1,GER-Bundesliga,2425
2024-12-14 17:30:00,St. Pauli,Werder Bremen,0.515437,0.986101,0,2,GER-Bundesliga,2425
2024-12-14 14:30:00,Union Berlin,Bochum,3.0131,1.23723,1,1,GER-Bundesliga,2425
2024-12-15 16:30:00,Borussia Dortmund,Hoffenheim,0.433347,1.31436,1,1,GER-Bundesliga,2425
2024-12-15 14:30:00,FC Heidenheim,VfB Stuttgart,0.808275,3.46171,1,3,GER-Bundesliga,2425
2024-12-15 18:30:00,RasenBallsport Leipzig,Eintracht Frankfurt,2.4958,0.839379,2,1,GER-Bundesliga,2425
2024-12-20 19:30:00,Bayern Munich,RasenBallsport Leipzig,4.35715,0.552564,5,1,GER-Bundesliga,2425
2024-12-21 17:30:00,Bayer Leverkusen,Freiburg,3.25968,1.34161,5,1,GER-Bundesliga,2425
2024-12-21 14:30:00,Eintracht Frankfurt,Mainz 05,2.58915,0.753285,1,3,GER-Bundesliga,2425
2024-12-21 14:30:00,Hoffenheim,Borussia M.Gladbach,3.7229,0.490494,1,2,GER-Bundesliga,2425
2024-12-21 14:30:00,Holstein Kiel,Augsburg,2.48595,1.13064,5,1,GER-Bundesliga,2425
2024-12-21 14:30:00,VfB Stuttgart,St. Pauli,2.41593,2.57781,0,1,GER-Bundesliga,2425
2024-12-21 14:30:00,Werder Bremen,Union Berlin,2.73356,1.64107,4,1,GER-Bundesliga,2425
2024-12-22 14:30:00,Bochum,FC Heidenheim,1.68369,0.512353,2,0,GER-Bundesliga,2425
2024-12-22 16:30:00,Wolfsburg,Borussia Dortmund,1.95337,2.4116,1,3,GER-Bundesliga,2425
2025-01-10 19:30:00,Borussia Dortmund,Bayer Leverkusen,1.48663,1.8834,2,3,GER-Bundesliga,2425
2025-01-11 17:30:00,Borussia M.Gladbach,Bayern Munich,0.326195,4.47736,0,1,GER-Bundesliga,2425
2025-01-11 14:30:00,FC Heidenheim,Union Berlin,1.75563,1.03435,2,0,GER-Bundesliga,2425
2025-01-11 14:30:00,Freiburg,Holstein Kiel,0.750017,1.66855,3,2,GER-Bundesliga,2425
2025-01-11 14:30:00,Hoffenheim,Wolfsburg,1.18042,1.49127,0,1,GER-Bundesliga,2425
2025-01-11 14:30:00,Mainz 05,Bochum,1.7238,0.697735,2,0,GER-Bundesliga,2425
2025-01-11 14:30:00,St. Pauli,Eintracht Frankfurt,2.5542,2.23689,0,1,GER-Bundesliga,2425
2025-01-12 16:30:00,Augsburg,VfB Stuttgart,0.339144,2.61617,0,1,GER-Bundesliga,2425
2025-01-12 14:30:00,RasenBallsport Leipzig,Werder Bremen,2.65039,1.32687,4,2,GER-Bundesliga,2425
2025-01-14 19:30:00,Bayer Leverkusen,Mainz 05,1.99412,0.603471,1,0,GER-Bundesliga,2425
2025-01-14 19:30:00,Eintracht Frankfurt,Freiburg,2.82238,0.587762,4,1,GER-Bundesliga,2425
2025-01-14 17:30:00,Holstein Kiel,Borussia Dortmund,1.95929,1.16391,4,2,GER-Bundesliga,2425
2025-01-14 19:30:00,Wolfsburg,Borussia M.Gladbach,3.72762,0.856948,5,1,GER-Bundesliga,2425
2025-01-15 19:30:00,Bayern Munich,Hoffenheim,3.80458,0.222965,5,0,GER-Bundesliga,2425
2025-01-15 17:30:00,Bochum,St. Pauli,1.8213,1.15308,1,0,GER-Bundesliga,2425
2025-01-15 19:30:00,Union Berlin,Augsburg,0.549286,1.41902,0,2,GER-Bundesliga,2425
2025-01-15 19:30:00,VfB Stuttgart,RasenBallsport Leipzig,2.42754,0.710278,2,1,GER-Bundesliga,2425
2025-01-15 19:30:00,Werder Bremen,FC Heidenheim,1.87497,1.91878,3,3,GER-Bundesliga,2425
2025-01-17 19:30:00,Eintracht Frankfurt,Borussia Dortmund,2.05106,0.57641,2,0,GER-Bundesliga,2425
2025-01-18 17:30:00,Bayer Leverkusen,Borussia M.Gladbach,2.08382,0.473935,3,1,GER-Bundesliga,2425
2025-01-18 14:30:00,Bayern Munich,Wolfsburg,3.23282,0.702414,3,2,GER-Bundesliga,2425
2025-01-18 14:30:00,Bochum,RasenBallsport Leipzig,2.75969,2.38567,3,3,GER-Bundesliga,2425
2025-01-18 14:30:00,FC Heidenheim,St. Pauli,0.923964,2.23242,0,2,GER-Bundesliga,2425
2025-01-18 14:30:00,Holstein Kiel,Hoffenheim,0.908525,0.905544,1,3,GER-Bundesliga,2425
2025-01-18 14:30:00,VfB Stuttgart,Freiburg,2.26605,0.187694,4,0,GER-Bundesliga,2425
2025-01-19 14:30:00,Union Berlin,Mainz 05,2.44953,1.40424,2,1,GER-Bundesliga,2425
2025-01-19 16:30:00,Werder Bremen,Augsburg,1.15183,1.31644,0,2,GER-Bundesliga,2425
2025-01-24 19:30:00,Wolfsburg,Holstein Kiel,2.52045,0.265769,2,2,GER-Bundesliga,2425
2025-01-25 14:30:00,Augsburg,FC Heidenheim,1.63821,0.94738,2,1,GER-Bundesliga,2425
2025-01-25 14:30:00,Borussia Dortmund,Werder Bremen,1.49423,1.11662,2,2,GER-Bundesliga,2425
2025-01-25 17:30:00,Borussia M.Gladbach,Bochum,2.93153,0.759449,3,0,GER-Bundesliga,2425
2025-01-25 14:30:00,Freiburg,Bayern Munich,0.271308,0.787581,1,2,GER-Bundesliga,2425
2025-01-25 14:30:00,Mainz 05,VfB Stuttgart,2.22883,0.917385,2,0,GER-Bundesliga,2425
2025-01-25 14:30:00,RasenBallsport Leipzig,Bayer Leverkusen,0.708246,2.57674,2,2,GER-Bundesliga,2425
2025-01-26 14:30:00,Hoffenheim,Eintracht Frankfurt,2.32141,2.30325,2,2,GER-Bundesliga,2425
2025-01-26 16:30:00,St. Pauli,Union Berlin,1.40358,0.986402,3,0,GER-Bundesliga,2425
2025-01-31 19:30:00,Werder Bremen,Mainz 05,2.58542,1.01597,1,0,GER-Bundesliga,2425
2025-02-01 14:30:00,Bayern Munich,Holstein Kiel,4.93236,2.05752,4,3,GER-Bundesliga,2425
2025-02-01 14:30:00,Bochum,Freiburg,0.843049,3.33243,0,1,GER-Bundesliga,2425
2025-02-01 14:30:00,FC Heidenheim,Borussia Dortmund,0.525888,2.68284,1,2,GER-Bundesliga,2425
2025-02-01 14:30:00,St. Pauli,Augsburg,0.849878,0.194891,1,1,GER-Bundesliga,2425
2025-02-01 17:30:00,Union Berlin,RasenBallsport Leipzig,1.74847,0.237923,0,0,GER-Bundesliga,2425
2025-02-01 14:30:00,VfB Stuttgart,Borussia M.Gladbach,0.950734,1.96971,1,2,GER-Bundesliga,2425
2025-02-02 16:30:00,Bayer Leverkusen,Hoffenheim,1.35418,1.94944,3,1,GER-Bundesliga,2425
2025-02-02 14:30:00,Eintracht Frankfurt,Wolfsburg,1.69604,1.46292,1,1,GER-Bundesliga,2425
2025-02-07 19:30:00,Bayern Munich,Werder Bremen,4.47713,0.151051,3,0,GER-Bundesliga,2425
2025-02-08 14:30:00,Borussia Dortmund,VfB Stuttgart,1.07063,0.452825,1,2,GER-Bundesliga,2425
2025-02-08 17:30:00,Borussia M.Gladbach,Eintracht Frankfurt,0.656491,2.5487,1,1,GER-Bundesliga,2425
2025-02-08 14:30:00,Freiburg,FC Heidenheim,1.33195,0.434356,1,0,GER-Bundesliga,2425
2025-02-08 14:30:00,Hoffenheim,Union Berlin,0.881646,3.86589,0,4,GER-Bundesliga,2425
2025-02-08 14:30:00,Mainz 05,Augsburg,1.99994,0.260742,0,0,GER-Bundesliga,2425
2025-02-08 14:30:00,Wolfsburg,Bayer Leverkusen,0.895017,1.66317,0,0,GER-Bundesliga,2425
2025-02-09 13:30:00,Holstein Kiel,Bochum,2.0,2.0,2,2,GER-Bundesliga,2425
2025-02-09 16:30:00,RasenBallsport Leipzig,St. Pauli,1.89601,0.72321,2,0,GER-Bundesliga,2425
2025-02-14 19:30:00,Augsburg,RasenBallsport Leipzig,1.05445,1.6452,0,0,GER-Bundesliga,2425
2025-02-15 17:30:00,Bayer Leverkusen,Bayern Munich,2.55729,0.0720406,0,0,GER-Bundesliga,2425
2025-02-15 14:30:00,Bochum,Borussia Dortmund,3.3688,2.70519,2,0,GER-Bundesliga,2425
2025-02-15 14:30:00,St. Pauli,Freiburg,0.19059,1.25072,0,1,GER-Bundesliga,2425
2025-02-15 14:30:00,Union Berlin,Borussia M.Gladbach,1.66824,2.22036,1,2,GER-Bundesliga,2425
2025-02-15 14:30:00,VfB Stuttgart,Wolfsburg,1.22466,1.75731,1,2,GER-Bundesliga,2425
2025-02-16 16:30:00,Eintracht Frankfurt,Holstein Kiel,3.02527,1.26559,3,1,GER-Bundesliga,2425
2025-02-16 18:30:00,FC Heidenheim,Mainz 05,0.545205,1.94932,0,2,GER-Bundesliga,2425
2025-02-16 14:30:00,Werder Bremen,Hoffenheim,0.85665,1.91874,1,3,GER-Bundesliga,2425
2025-02-21 19:30:00,Freiburg,Werder Bremen,2.66243,1.25462,5,0,GER-Bundesliga,2425
2025-02-22 17:30:00,Borussia Dortmund,Union Berlin,5.44112,0.365382,6,0,GER-Bundesliga,2425
2025-02-22 14:30:00,Borussia M.Gladbach,Augsburg,0.800003,1.73915,0,3,GER-Bundesliga,2425
2025-02-22 14:30:00,Holstein Kiel,Bayer Leverkusen,0.494995,2.55557,0,2,GER-Bundesliga,2425
2025-02-22 14:30:00,Mainz 05,St. Pauli,1.35603,0.90068,2,0,GER-Bundesliga,2425
2025-02-22 14:30:00,Wolfsburg,Bochum,2.16138,1.46609,1,1,GER-Bundesliga,2425
2025-02-23 16:30:00,Bayern Munich,Eintracht Frankfurt,4.48699,0.49278,4,0,GER-Bundesliga,2425
2025-02-23 18:30:00,Hoffenheim,VfB Stuttgart,0.705815,3.67099,1,1,GER-Bundesliga,2425
2025-02-23 14:30:00,RasenBallsport Leipzig,FC Heidenheim,1.6451,0.834882,2,2,GER-Bundesliga,2425
2025-02-28 19:30:00,VfB Stuttgart,Bayern Munich,0.653703,2.29942,1,3,GER-Bundesliga,2425
2025-03-01 14:30:00,Bochum,Hoffenheim,1.4452,0.525952,0,1,GER-Bundesliga,2425
2025-03-01 17:30:00,Eintracht Frankfurt,Bayer Leverkusen,1.00046,2.37018,1,4,GER-Bundesliga,2425
2025-03-01 14:30:00,FC Heidenheim,Borussia M.Gladbach,1.87707,1.7158,0,3,GER-Bundesliga,2425
2025-03-01 14:30:00,RasenBallsport Leipzig,Mainz 05,1.78404,1.64735,1,2,GER-Bundesliga,2425
2025-03-01 14:30:00,St. Pauli,Borussia Dortmund,0.293506,2.23846,0,2,GER-Bundesliga,2425
2025-03-01 14:30:00,Werder Bremen,Wolfsburg,2.10317,1.11674,1,2,GER-Bundesliga,2425
2025-03-02 16:30:00,Augsburg,Freiburg,2.222,0.799243,0,0,GER-Bundesliga,2425
2025-03-02 14:30:00,Union Berlin,Holstein Kiel,0.886081,0.692509,0,1,GER-Bundesliga,2425
2025-03-07 19:30:00,Borussia M.Gladbach,Mainz 05,1.25544,1.98889,1,3,GER-Bundesliga,2425
2025-03-08 14:30:00,Bayer Leverkusen,Werder Bremen,1.36325,1.67701,0,2,GER-Bundesliga,2425
2025-03-08 14:30:00,Bayern Munich,Bochum,2.72891,1.36274,2,3,GER-Bundesliga,2425
2025-03-08 14:30:00,Borussia Dortmund,Augsburg,1.11055,0.250168,0,1,GER-Bundesliga,2425
2025-03-08 17:30:00,Freiburg,RasenBallsport Leipzig,0.510953,2.02806,0,0,GER-Bundesliga,2425
2025-03-08 14:30:00,Holstein Kiel,VfB Stuttgart,1.97246,1.0726,2,2,GER-Bundesliga,2425
2025-03-08 14:30:00,Wolfsburg,St. Pauli,1.96602,1.23696,1,1,GER-Bundesliga,2425
2025-03-09 14:30:00,Eintracht Frankfurt,Union Berlin,2.00811,0.725817,1,2,GER-Bundesliga,2425
2025-03-09 16:30:00,Hoffenheim,FC Heidenheim,1.78028,2.31324,1,1,GER-Bundesliga,2425
2025-03-14 19:30:00,St. Pauli,Hoffenheim,1.43518,0.196271,1,0,GER-Bundesliga,2425
2025-03-15 14:30:00,Augsburg,Wolfsburg,0.598968,0.763636,1,0,GER-Bundesliga,2425
2025-03-15 14:30:00,Mainz 05,Freiburg,1.33307,2.93264,2,2,GER-Bundesliga,2425
2025-03-15 17:30:00,RasenBallsport Leipzig,Borussia Dortmund,2.55875,4.09542,2,0,GER-Bundesliga,2425
2025-03-15 14:30:00,Union Berlin,Bayern Munich,0.8044,1.83549,1,1,GER-Bundesliga,2425
2025-03-15 14:30:00,Werder Bremen,Borussia M.Gladbach,2.98283,2.32056,2,4,GER-Bundesliga,2425
2025-03-16 15:30:00,Bochum,Eintracht Frankfurt,1.88062,3.29403,1,3,GER-Bundesliga,2425
2025-03-16 16:30:00,FC Heidenheim,Holstein Kiel,1.6572,1.14988,3,1,GER-Bundesliga,2425
2025-03-16 18:30:00,VfB Stuttgart,Bayer Leverkusen,2.85024,2.07439,3,4,GER-Bundesliga,2425
2025-03-28 19:30:00,Bayer Leverkusen,Bochum,2.08076,0.702152,3,1,GER-Bundesliga,2425
2025-03-29 14:30:00,Bayern Munich,St. Pauli,4.00213,0.841269,3,2,GER-Bundesliga,2425
2025-03-29 14:30:00,Borussia M.Gladbach,RasenBallsport Leipzig,1.79539,0.929047,1,0,GER-Bundesliga,2425
2025-03-29 17:30:00,Eintracht Frankfurt,VfB Stuttgart,3.69196,0.863163,1,0,GER-Bundesliga,2425
2025-03-29 14:30:00,Hoffenheim,Augsburg,1.94509,0.688621,1,1,GER-Bundesliga,2425
2025-03-29 14:30:00,Holstein Kiel,Werder Bremen,0.56476,1.48157,0,3,GER-Bundesliga,2425
2025-03-29 14:30:00,Wolfsburg,FC Heidenheim,1.23886,1.31407,0,1,GER-Bundesliga,2425
2025-03-30 16:30:00,Borussia Dortmund,Mainz 05,2.69722,0.654443,3,1,GER-Bundesliga,2425
2025-03-30 14:30:00,Freiburg,Union Berlin,1.01023,1.38632,1,2,GER-Bundesliga,2425
2025-04-04 18:30:00,Augsburg,Bayern Munich,0.567653,1.91653,1,3,GER-Bundesliga,2425
2025-04-05 13:30:00,Bochum,VfB Stuttgart,0.815791,2.64663,0,4,GER-Bundesliga,2425
2025-04-05 13:30:00,FC Heidenheim,Bayer Leverkusen,1.30234,0.367393,0,1,GER-Bundesliga,2425
2025-04-05 13:30:00,Freiburg,Borussia Dortmund,2.02793,3.55487,1,4,GER-Bundesliga,2425
2025-04-05 13:30:00,Mainz 05,Holstein Kiel,1.65205,1.66267,1,1,GER-Bundesliga,2425
2025-04-05 13:30:00,RasenBallsport Leipzig,Hoffenheim,1.40121,1.18624,3,1,GER-Bundesliga,2425
2025-04-05 16:30:00,Werder Bremen,Eintracht Frankfurt,1.22711,0.515073,2,0,GER-Bundesliga,2425
2025-04-06 13:30:00,St. Pauli,Borussia M.Gladbach,2.19443,0.646648,1,1,GER-Bundesliga,2425
2025-04-06 15:30:00,Union Berlin,Wolfsburg,1.55071,1.79618,1,0,GER-Bundesliga,2425
2025-04-11 18:30:00,Wolfsburg,RasenBallsport Leipzig,1.84361,1.60065,2,3,GER-Bundesliga,2425
2025-04-12 13:30:00,Bayer Leverkusen,Union Berlin,0.495489,0.513825,0,0,GER-Bundesliga,2425
2025-04-12 16:30:00,Bayern Munich,Borussia Dortmund,2.94706,1.71681,2,2,GER-Bundesliga,2425
2025-04-12 13:30:00,Bochum,Augsburg,1.86097,1.02536,1,2,GER-Bundesliga,2425
2025-04-12 13:30:00,Borussia M.Gladbach,Freiburg,0.524784,2.31704,1,2,GER-Bundesliga,2425
2025-04-12 13:30:00,Hoffenheim,Mainz 05,1.42393,0.969601,2,0,GER-Bundesliga,2425
2025-04-12 13:30:00,Holstein Kiel,St. Pauli,0.692664,1.06614,1,2,GER-Bundesliga,2425
2025-04-13 15:30:00,Eintracht Frankfurt,FC Heidenheim,3.64515,1.28841,3,0,GER-Bundesliga,2425
2025-04-13 13:30:00,VfB Stuttgart,Werder Bremen,1.75437,1.65438,1,2,GER-Bundesliga,2425
2025-04-19 13:30:00,FC Heidenheim,Bayern Munich,0.529774,3.54191,0,4,GER-Bundesliga,2425
2025-04-19 13:30:00,Freiburg,Hoffenheim,1.54968,1.94701,3,2,GER-Bundesliga,2425
2025-04-19 13:30:00,Mainz 05,Wolfsburg,2.68235,1.80796,2,2,GER-Bundesliga,2425
2025-04-19 13:30:00,RasenBallsport Leipzig,Holstein Kiel,2.16761,1.017,1,1,GER-Bundesliga,2425
2025-04-19 16:30:00,Union Berlin,VfB Stuttgart,2.16124,1.19,4,4,GER-Bundesliga,2425
2025-04-19 13:30:00,Werder Bremen,Bochum,2.70919,0.4947,1,0,GER-Bundesliga,2425
2025-04-20 13:30:00,Augsburg,Eintracht Frankfurt,1.14215,1.39546,0,0,GER-Bundesliga,2425
2025-04-20 15:30:00,Borussia Dortmund,Borussia M.Gladbach,1.18456,1.2185,3,2,GER-Bundesliga,2425
2025-04-20 17:30:00,St. Pauli,Bayer Leverkusen,2.3164,1.13491,1,1,GER-Bundesliga,2425
2025-04-25 18:30:00,VfB Stuttgart,FC Heidenheim,1.91698,0.522621,0,1,GER-Bundesliga,2425
2025-04-26 13:30:00,Bayer Leverkusen,Augsburg,1.03782,0.640893,2,0,GER-Bundesliga,2425
2025-04-26 13:30:00,Bayern Munich,Mainz 05,1.70143,0.923874,3,0,GER-Bundesliga,2425
2025-04-26 16:30:00,Eintracht Frankfurt,RasenBallsport Leipzig,2.23942,0.316263,4,0,GER-Bundesliga,2425
2025-04-26 13:30:00,Hoffenheim,Borussia Dortmund,1.19025,2.41526,2,3,GER-Bundesliga,2425
2025-04-26 13:30:00,Holstein Kiel,Borussia M.Gladbach,3.0385,2.55098,4,3,GER-Bundesliga,2425
2025-04-26 13:30:00,Wolfsburg,Freiburg,0.288019,1.95821,0,1,GER-Bundesliga,2425
2025-04-27 13:30:00,Bochum,Union Berlin,1.5178,0.498974,1,1,GER-Bundesliga,2425
2025-04-27 15:30:00,Werder Bremen,St. Pauli,1.55064,0.830832,0,0,GER-Bundesliga,2425
2025-05-02 18:30:00,FC Heidenheim,Bochum,0.463987,1.81311,0,0,GER-Bundesliga,2425
2025-05-03 16:30:00,Borussia Dortmund,Wolfsburg,2.54996,1.3634,4,0,GER-Bundesliga,2425
2025-05-03 13:30:00,Borussia M.Gladbach,Hoffenheim,1.91833,1.91093,4,4,GER-Bundesliga,2425
2025-05-03 13:30:00,RasenBallsport Leipzig,Bayern Munich,1.74905,1.97214,3,3,GER-Bundesliga,2425
2025-05-03 13:30:00,St. Pauli,VfB Stuttgart,0.213208,3.56335,0,1,GER-Bundesliga,2425
2025-05-03 13:30:00,Union Berlin,Werder Bremen,1.35336,1.35783,2,2,GER-Bundesliga,2425
2025-05-04 13:30:00,Augsburg,Holstein Kiel,3.93001,2.10407,1,3,GER-Bundesliga,2425
2025-05-04 15:30:00,Freiburg,Bayer Leverkusen,0.904468,0.227838,2,2,GER-Bundesliga,2425
2025-05-04 17:30:00,Mainz 05,Eintracht Frankfurt,1.64254,1.3876,1,1,GER-Bundesliga,2425
2025-05-09 18:30:00,Wolfsburg,Hoffenheim,1.36763,1.10881,2,2,GER-Bundesliga,2425
2025-05-10 16:30:00,Bayern Munich,Borussia M.Gladbach,2.78307,1.35544,2,0,GER-Bundesliga,2425
2025-05-10 13:30:00,Bochum,Mainz 05,0.734972,2.48765,1,4,GER-Bundesliga,2425
2025-05-10 13:30:00,Holstein Kiel,Freiburg,0.974297,2.01558,1,2,GER-Bundesliga,2425
2025-05-10 13:30:00,Union Berlin,FC Heidenheim,0.528885,1.86184,0,3,GER-Bundesliga,2425
2025-05-10 13:30:00,Werder Bremen,RasenBallsport Leipzig,3.20616,1.39403,0,0,GER-Bundesliga,2425
2025-05-11 13:30:00,Bayer Leverkusen,Borussia Dortmund,1.90473,1.39477,2,4,GER-Bundesliga,2425
2025-05-11 15:30:00,Eintracht Frankfurt,St. Pauli,1.82027,0.666882,2,2,GER-Bundesliga,2425
2025-05-11 17:30:00,VfB Stuttgart,Augsburg,4.97233,0.381838,4,0,GER-Bundesliga,2425
2025-05-17 13:30:00,Augsburg,Union Berlin,1.57932,1.14135,1,2,GER-Bundesliga,2425
2025-05-17 13:30:00,Borussia Dortmund,Holstein Kiel,2.56073,0.574499,3,0,GER-Bundesliga,2425
2025-05-17 13:30:00,Borussia M.Gladbach,Wolfsburg,0.744546,1.5757,0,1,GER-Bundesliga,2425
2025-05-17 13:30:00,FC Heidenheim,Werder Bremen,1.75706,2.20606,1,4,GER-Bundesliga,2425
2025-05-17 13:30:00,Freiburg,Eintracht Frankfurt,1.14001,2.61814,1,3,GER-Bundesliga,2425
2025-05-17 13:30:00,Hoffenheim,Bayern Munich,0.661398,2.21427,0,4,GER-Bundesliga,2425
2025-05-17 13:30:00,Mainz 05,Bayer Leverkusen,2.89903,1.33572,2,2,GER-Bundesliga,2425
2025-05-17 13:30:00,RasenBallsport Leipzig,VfB Stuttgart,1.42373,3.34624,2,3,GER-Bundesliga,2425
2025-05-17 13:30:00,St. Pauli,Bochum,0.802748,1.34252,0,2,GER-Bundesliga,2425
2021-08-06 19:00:00,Monaco,Nantes,1.76899,0.239715,1,1,FRA-Ligue 1,2122
2021-08-07 15:00:00,Lyon,Brest,1.17521,1.01966,1,1,FRA-Ligue 1,2122
2021-08-07 19:00:00,Troyes,Paris Saint Germain,0.618173,1.48651,1,2,FRA-Ligue 1,2122
2021-08-08 13:00:00,Bordeaux,Clermont Foot,0.510543,2.95652,0,2,FRA-Ligue 1,2122
2021-08-08 15:00:00,Metz,Lille,1.02062,1.62245,3,3,FRA-Ligue 1,2122
2021-08-08 18:45:00,Montpellier,Marseille,0.764726,2.15797,2,3,FRA-Ligue 1,2122
2021-08-08 13:00:00,Nice,Reims,1.09947,0.158446,0,0,FRA-Ligue 1,2122
2021-08-08 11:00:00,Rennes,Lens,0.598423,2.13637,1,1,FRA-Ligue 1,2122
2021-08-08 13:00:00,Saint-Etienne,Lorient,1.85797,0.835981,1,1,FRA-Ligue 1,2122
2021-08-08 13:00:00,Strasbourg,Angers,0.267011,1.41617,0,2,FRA-Ligue 1,2122
2021-08-13 19:00:00,Lorient,Monaco,0.779459,0.86536,1,0,FRA-Ligue 1,2122
2021-08-14 15:00:00,Lille,Nice,0.768573,2.33694,0,4,FRA-Ligue 1,2122
2021-08-14 19:00:00,Paris Saint Germain,Strasbourg,2.90032,0.570058,4,2,FRA-Ligue 1,2122
2021-08-15 11:00:00,Angers,Lyon,1.6418,0.977124,3,0,FRA-Ligue 1,2122
2021-08-15 13:00:00,Brest,Rennes,2.2991,1.32152,1,1,FRA-Ligue 1,2122
2021-08-15 13:00:00,Clermont Foot,Troyes,1.44309,0.696005,2,0,FRA-Ligue 1,2122
2021-08-15 15:00:00,Lens,Saint-Etienne,1.1447,0.85171,2,2,FRA-Ligue 1,2122
2021-08-15 18:45:00,Marseille,Bordeaux,1.05273,0.318288,2,2,FRA-Ligue 1,2122
2021-08-15 13:00:00,Nantes,Metz,1.7221,0.885265,2,0,FRA-Ligue 1,2122
2021-08-15 13:00:00,Reims,Montpellier,1.30758,1.9999,3,3,FRA-Ligue 1,2122
2021-08-20 19:00:00,Brest,Paris Saint Germain,1.24868,1.51499,2,4,FRA-Ligue 1,2122
2021-08-21 15:00:00,Monaco,Lens,0.241985,0.598613,0,2,FRA-Ligue 1,2122
2021-08-21 19:00:00,Saint-Etienne,Lille,0.476794,1.1966,1,1,FRA-Ligue 1,2122
2021-08-22 13:00:00,Bordeaux,Angers,0.603119,1.01295,1,1,FRA-Ligue 1,2122
2021-08-22 11:00:00,Lyon,Clermont Foot,3.31864,1.82093,3,3,FRA-Ligue 1,2122
2021-08-22 13:00:00,Metz,Reims,0.670048,1.18358,1,1,FRA-Ligue 1,2122
2021-08-22 13:00:00,Montpellier,Lorient,3.64876,0.462326,3,1,FRA-Ligue 1,2122
2021-08-22 15:00:00,Rennes,Nantes,0.869605,0.264197,1,0,FRA-Ligue 1,2122
2021-08-22 13:00:00,Strasbourg,Troyes,2.95463,1.14502,1,1,FRA-Ligue 1,2122
2021-08-27 19:00:00,Nantes,Lyon,1.35394,1.44128,0,1,FRA-Ligue 1,2122
2021-08-28 19:00:00,Marseille,Saint-Etienne,2.73701,1.22779,3,1,FRA-Ligue 1,2122
2021-08-28 15:00:00,Nice,Bordeaux,2.52768,0.867457,4,0,FRA-Ligue 1,2122
2021-08-29 13:00:00,Angers,Rennes,2.63179,1.28738,2,0,FRA-Ligue 1,2122
2021-08-29 13:00:00,Clermont Foot,Metz,1.64521,1.90265,2,2,FRA-Ligue 1,2122
2021-08-29 13:00:00,Lens,Lorient,1.13941,1.2163,2,2,FRA-Ligue 1,2122
2021-08-29 15:00:00,Lille,Montpellier,2.46405,0.719288,2,1,FRA-Ligue 1,2122
2021-08-29 18:45:00,Reims,Paris Saint Germain,0.826608,1.82461,0,2,FRA-Ligue 1,2122
2021-08-29 13:00:00,Strasbourg,Brest,1.22705,0.592574,3,1,FRA-Ligue 1,2122
2021-08-29 11:00:00,Troyes,Monaco,0.589287,1.74073,1,2,FRA-Ligue 1,2122
2021-09-10 19:00:00,Lorient,Lille,1.08464,1.51807,2,1,FRA-Ligue 1,2122
2021-09-11 19:00:00,Monaco,Marseille,0.890728,1.36062,0,2,FRA-Ligue 1,2122
2021-09-11 15:00:00,Paris Saint Germain,Clermont Foot,2.50575,1.0353,4,0,FRA-Ligue 1,2122
2021-09-12 13:00:00,Bordeaux,Lens,1.00806,3.12454,2,3,FRA-Ligue 1,2122
2021-09-12 13:00:00,Brest,Angers,1.47981,0.998328,1,1,FRA-Ligue 1,2122
2021-09-12 18:45:00,Lyon,Strasbourg,1.69926,2.0448,3,1,FRA-Ligue 1,2122
2021-09-12 13:00:00,Metz,Troyes,0.781252,0.86724,0,2,FRA-Ligue 1,2122
2021-09-12 11:00:00,Montpellier,Saint-Etienne,1.08969,0.861648,2,0,FRA-Ligue 1,2122
2021-09-12 15:00:00,Nantes,Nice,2.1566,2.45276,0,2,FRA-Ligue 1,2122
2021-09-12 13:00:00,Rennes,Reims,0.805521,0.871123,0,2,FRA-Ligue 1,2122
2021-09-17 19:00:00,Strasbourg,Metz,2.04719,0.612439,3,0,FRA-Ligue 1,2122
2021-09-18 15:00:00,Lens,Lille,0.486611,1.20992,1,0,FRA-Ligue 1,2122
2021-09-18 19:00:00,Saint-Etienne,Bordeaux,1.75367,2.36783,1,2,FRA-Ligue 1,2122
2021-09-19 13:00:00,Angers,Nantes,0.609027,2.59886,1,4,FRA-Ligue 1,2122
2021-09-19 13:00:00,Clermont Foot,Brest,0.792314,0.657165,1,1,FRA-Ligue 1,2122
2021-09-19 15:00:00,Marseille,Rennes,2.21352,1.06105,2,0,FRA-Ligue 1,2122
2021-09-19 11:00:00,Nice,Monaco,1.94463,2.59113,2,2,FRA-Ligue 1,2122
2021-09-19 18:45:00,Paris Saint Germain,Lyon,2.22972,0.822779,2,1,FRA-Ligue 1,2122
2021-09-19 13:00:00,Reims,Lorient,0.977907,0.174553,0,0,FRA-Ligue 1,2122
2021-09-19 13:00:00,Troyes,Montpellier,0.489047,0.249763,1,1,FRA-Ligue 1,2122
2021-09-22 19:00:00,Angers,Marseille,0.470168,0.494217,0,0,FRA-Ligue 1,2122
2021-09-22 19:00:00,Lens,Strasbourg,2.68397,1.09537,0,1,FRA-Ligue 1,2122
2021-09-22 17:00:00,Lille,Reims,1.18526,1.1754,2,1,FRA-Ligue 1,2122
2021-09-22 19:00:00,Lorient,Nice,0.619405,2.16916,1,0,FRA-Ligue 1,2122
2021-09-22 19:00:00,Lyon,Troyes,2.47231,0.943884,3,1,FRA-Ligue 1,2122
2021-09-22 19:00:00,Metz,Paris Saint Germain,0.761431,1.14719,1,2,FRA-Ligue 1,2122
2021-09-22 17:00:00,Monaco,Saint-Etienne,1.73834,0.325508,3,1,FRA-Ligue 1,2122
2021-09-22 17:00:00,Montpellier,Bordeaux,1.68484,1.269,3,3,FRA-Ligue 1,2122
2021-09-22 17:00:00,Nantes,Brest,1.66414,0.563562,3,1,FRA-Ligue 1,2122
2021-09-22 17:00:00,Rennes,Clermont Foot,3.15024,0.379902,6,0,FRA-Ligue 1,2122
2021-09-25 19:00:00,Lyon,Lorient,0.843214,0.53504,1,1,FRA-Ligue 1,2122
2021-09-25 19:00:00,Paris Saint Germain,Montpellier,2.58386,0.274573,2,0,FRA-Ligue 1,2122
2021-09-25 15:00:00,Saint-Etienne,Nice,0.663428,3.17651,0,3,FRA-Ligue 1,2122
2021-09-25 17:00:00,Strasbourg,Lille,0.495724,2.58598,1,2,FRA-Ligue 1,2122
2021-09-26 11:00:00,Bordeaux,Rennes,0.601971,1.78121,1,1,FRA-Ligue 1,2122
2021-09-26 13:00:00,Brest,Metz,1.66801,0.668594,1,2,FRA-Ligue 1,2122
2021-09-26 15:00:00,Clermont Foot,Monaco,1.30935,1.79185,1,3,FRA-Ligue 1,2122
2021-09-26 18:45:00,Marseille,Lens,2.01958,2.4899,2,3,FRA-Ligue 1,2122
2021-09-26 13:00:00,Reims,Nantes,1.23068,0.768528,3,1,FRA-Ligue 1,2122
2021-09-26 13:00:00,Troyes,Angers,1.25966,1.28496,1,1,FRA-Ligue 1,2122
2021-10-01 19:00:00,Lens,Reims,2.36403,0.086376,2,0,FRA-Ligue 1,2122
2021-10-02 15:00:00,Montpellier,Strasbourg,1.05711,0.293859,1,1,FRA-Ligue 1,2122
2021-10-02 19:00:00,Nice,Brest,4.36782,0.31524,2,1,FRA-Ligue 1,2122
2021-10-03 13:00:00,Angers,Metz,2.81377,0.895212,3,2,FRA-Ligue 1,2122
2021-10-03 15:00:00,Lille,Marseille,3.52308,0.563626,2,0,FRA-Ligue 1,2122
2021-10-03 13:00:00,Lorient,Clermont Foot,0.585194,0.774714,1,1,FRA-Ligue 1,2122
2021-10-03 13:00:00,Monaco,Bordeaux,1.7267,0.574838,3,0,FRA-Ligue 1,2122
2021-10-03 13:00:00,Nantes,Troyes,1.71042,1.64687,2,0,FRA-Ligue 1,2122
2021-10-03 11:00:00,Rennes,Paris Saint Germain,0.878199,1.39782,2,0,FRA-Ligue 1,2122
2021-10-03 18:45:00,Saint-Etienne,Lyon,2.47827,1.34812,1,1,FRA-Ligue 1,2122
2021-10-15 19:00:00,Paris Saint Germain,Angers,2.48997,1.15895,2,1,FRA-Ligue 1,2122
2021-10-16 15:00:00,Clermont Foot,Lille,0.403245,0.607051,1,0,FRA-Ligue 1,2122
2021-10-16 19:00:00,Lyon,Monaco,2.81711,0.514906,2,0,FRA-Ligue 1,2122
2021-10-17 13:00:00,Bordeaux,Nantes,0.673783,1.27892,1,1,FRA-Ligue 1,2122
2021-10-17 13:00:00,Brest,Reims,0.508125,1.03949,1,1,FRA-Ligue 1,2122
2021-10-17 18:45:00,Marseille,Lorient,1.70821,2.09245,4,1,FRA-Ligue 1,2122
2021-10-17 13:00:00,Metz,Rennes,0.97348,3.36021,0,3,FRA-Ligue 1,2122
2021-10-17 15:00:00,Montpellier,Lens,1.62492,1.19027,1,0,FRA-Ligue 1,2122
2021-10-17 13:00:00,Strasbourg,Saint-Etienne,2.71053,0.931047,5,1,FRA-Ligue 1,2122
2021-10-17 11:00:00,Troyes,Nice,1.42208,0.513333,1,0,FRA-Ligue 1,2122
2021-10-22 19:00:00,Saint-Etienne,Angers,1.50388,0.675033,2,2,FRA-Ligue 1,2122
2021-10-23 19:00:00,Lille,Brest,1.6786,1.14162,1,1,FRA-Ligue 1,2122
2021-10-23 15:00:00,Nantes,Clermont Foot,1.07124,0.735892,2,1,FRA-Ligue 1,2122
2021-10-24 13:00:00,Lens,Metz,2.37156,0.790081,4,1,FRA-Ligue 1,2122
2021-10-24 13:00:00,Lorient,Bordeaux,1.78373,1.06479,1,1,FRA-Ligue 1,2122
2021-10-24 18:45:00,Marseille,Paris Saint Germain,1.29195,2.0521,0,0,FRA-Ligue 1,2122
2021-10-24 15:00:00,Monaco,Montpellier,2.11858,1.16841,3,1,FRA-Ligue 1,2122
2021-10-24 11:00:00,Nice,Lyon,1.99644,1.41733,3,2,FRA-Ligue 1,2122
2021-10-24 13:00:00,Reims,Troyes,1.02175,0.675059,1,2,FRA-Ligue 1,2122
2021-10-24 13:00:00,Rennes,Strasbourg,1.35771,1.02588,1,0,FRA-Ligue 1,2122
2021-10-27 21:00:00,Nice,Marseille,1.50504,0.341475,1,1,FRA-Ligue 1,2122
2021-10-29 19:00:00,Paris Saint Germain,Lille,2.30974,1.83335,2,1,FRA-Ligue 1,2122
2021-10-30 19:00:00,Lyon,Lens,2.02936,2.12966,2,1,FRA-Ligue 1,2122
2021-10-30 15:00:00,Metz,Saint-Etienne,0.382626,0.281781,1,1,FRA-Ligue 1,2122
2021-10-31 12:00:00,Angers,Nice,1.21195,0.897424,1,2,FRA-Ligue 1,2122
2021-10-31 14:00:00,Bordeaux,Reims,1.94845,1.81401,3,2,FRA-Ligue 1,2122
2021-10-31 16:00:00,Brest,Monaco,1.77116,0.507286,2,0,FRA-Ligue 1,2122
2021-10-31 19:45:00,Clermont Foot,Marseille,0.743883,1.24579,0,1,FRA-Ligue 1,2122
2021-10-31 14:00:00,Montpellier,Nantes,1.47174,0.856557,2,0,FRA-Ligue 1,2122
2021-10-31 14:00:00,Strasbourg,Lorient,3.09428,0.666205,4,0,FRA-Ligue 1,2122
2021-10-31 14:00:00,Troyes,Rennes,1.80006,1.51345,2,2,FRA-Ligue 1,2122
2021-11-05 20:00:00,Lens,Troyes,3.16809,0.537488,4,0,FRA-Ligue 1,2122
2021-11-06 20:00:00,Bordeaux,Paris Saint Germain,1.57566,1.23993,2,3,FRA-Ligue 1,2122
2021-11-06 16:00:00,Lille,Angers,1.74491,1.15058,1,1,FRA-Ligue 1,2122
2021-11-07 14:00:00,Lorient,Brest,1.16964,2.34992,1,2,FRA-Ligue 1,2122
2021-11-07 12:00:00,Marseille,Metz,1.66928,1.36054,0,0,FRA-Ligue 1,2122
2021-11-07 14:00:00,Nantes,Strasbourg,2.26281,1.92452,2,2,FRA-Ligue 1,2122
2021-11-07 16:00:00,Nice,Montpellier,1.63624,0.641977,0,1,FRA-Ligue 1,2122
2021-11-07 14:00:00,Reims,Monaco,0.33707,0.973878,0,0,FRA-Ligue 1,2122
2021-11-07 19:45:00,Rennes,Lyon,3.97971,0.953137,4,1,FRA-Ligue 1,2122
2021-11-07 14:00:00,Saint-Etienne,Clermont Foot,2.0562,1.30338,3,2,FRA-Ligue 1,2122
2021-11-19 20:00:00,Monaco,Lille,0.938265,2.16486,2,2,FRA-Ligue 1,2122
2021-11-20 16:00:00,Paris Saint Germain,Nantes,1.26725,0.998765,3,1,FRA-Ligue 1,2122
2021-11-20 20:00:00,Rennes,Montpellier,3.99657,0.298729,2,0,FRA-Ligue 1,2122
2021-11-21 14:00:00,Angers,Lorient,1.46206,0.420713,1,0,FRA-Ligue 1,2122
2021-11-21 12:00:00,Brest,Lens,1.44486,1.7144,4,0,FRA-Ligue 1,2122
2021-11-21 16:00:00,Clermont Foot,Nice,0.779709,0.617574,1,2,FRA-Ligue 1,2122
2021-11-21 14:00:00,Metz,Bordeaux,1.32669,2.68178,3,3,FRA-Ligue 1,2122
2021-11-21 14:00:00,Strasbourg,Reims,2.02517,1.25894,1,1,FRA-Ligue 1,2122
2021-11-21 14:00:00,Troyes,Saint-Etienne,1.19094,1.24032,0,1,FRA-Ligue 1,2122
2021-11-26 20:00:00,Lens,Angers,1.60255,2.00176,2,2,FRA-Ligue 1,2122
2021-11-27 16:00:00,Lille,Nantes,1.46803,0.358991,1,1,FRA-Ligue 1,2122
2021-11-27 20:00:00,Nice,Metz,1.3496,0.526632,0,1,FRA-Ligue 1,2122
2021-11-28 14:00:00,Bordeaux,Brest,1.4572,2.26589,1,2,FRA-Ligue 1,2122
2021-11-28 14:00:00,Lorient,Rennes,0.633986,0.989174,0,2,FRA-Ligue 1,2122
2021-11-28 19:45:00,Marseille,Troyes,1.15323,0.145868,1,0,FRA-Ligue 1,2122
2021-11-28 14:00:00,Monaco,Strasbourg,1.58216,0.945132,1,1,FRA-Ligue 1,2122
2021-11-28 16:00:00,Montpellier,Lyon,1.02178,1.17882,0,1,FRA-Ligue 1,2122
2021-11-28 14:00:00,Reims,Clermont Foot,0.707634,0.270002,1,0,FRA-Ligue 1,2122
2021-11-28 12:00:00,Saint-Etienne,Paris Saint Germain,0.969955,3.43495,1,3,FRA-Ligue 1,2122
2021-12-01 18:00:00,Angers,Monaco,1.03304,3.50553,1,3,FRA-Ligue 1,2122
2021-12-01 18:00:00,Brest,Saint-Etienne,1.89197,0.456836,1,0,FRA-Ligue 1,2122
2021-12-01 20:00:00,Clermont Foot,Lens,1.80535,0.568409,2,2,FRA-Ligue 1,2122
2021-12-01 20:00:00,Lyon,Reims,2.85052,1.05349,1,2,FRA-Ligue 1,2122
2021-12-01 18:00:00,Metz,Montpellier,1.47536,1.41193,1,3,FRA-Ligue 1,2122
2021-12-01 20:00:00,Nantes,Marseille,0.174142,1.63717,0,1,FRA-Ligue 1,2122
2021-12-01 20:00:00,Paris Saint Germain,Nice,1.61794,0.957516,0,0,FRA-Ligue 1,2122
2021-12-01 20:00:00,Rennes,Lille,0.799539,0.708091,1,2,FRA-Ligue 1,2122
2021-12-01 18:00:00,Strasbourg,Bordeaux,3.43125,1.48801,5,2,FRA-Ligue 1,2122
2021-12-01 18:00:00,Troyes,Lorient,1.12178,0.433668,2,0,FRA-Ligue 1,2122
2021-12-04 20:00:00,Lens,Paris Saint Germain,0.824432,2.29134,1,1,FRA-Ligue 1,2122
2021-12-04 18:00:00,Lille,Troyes,1.79406,0.28995,2,1,FRA-Ligue 1,2122
2021-12-04 16:00:00,Marseille,Brest,1.92281,1.55388,1,2,FRA-Ligue 1,2122
2021-12-05 19:45:00,Bordeaux,Lyon,2.60089,1.84671,2,2,FRA-Ligue 1,2122
2021-12-05 14:00:00,Lorient,Nantes,0.619711,0.268938,0,1,FRA-Ligue 1,2122
2021-12-05 14:00:00,Monaco,Metz,1.91421,0.547708,4,0,FRA-Ligue 1,2122
2021-12-05 14:00:00,Montpellier,Clermont Foot,0.855855,0.394172,1,0,FRA-Ligue 1,2122
2021-12-05 16:00:00,Nice,Strasbourg,1.36817,2.7263,0,3,FRA-Ligue 1,2122
2021-12-05 14:00:00,Reims,Angers,1.34274,1.7715,1,2,FRA-Ligue 1,2122
2021-12-05 12:00:00,Saint-Etienne,Rennes,0.357851,3.1151,0,5,FRA-Ligue 1,2122
2021-12-10 20:00:00,Nantes,Lens,1.43665,0.840732,3,2,FRA-Ligue 1,2122
2021-12-11 16:00:00,Brest,Montpellier,0.691352,1.67645,0,4,FRA-Ligue 1,2122
2021-12-11 20:00:00,Reims,Saint-Etienne,2.71752,0.119419,2,0,FRA-Ligue 1,2122
2021-12-12 14:00:00,Angers,Clermont Foot,1.52675,1.7067,0,1,FRA-Ligue 1,2122
2021-12-12 12:00:00,Lille,Lyon,2.15596,0.422128,0,0,FRA-Ligue 1,2122
2021-12-12 14:00:00,Metz,Lorient,1.14227,1.70684,4,1,FRA-Ligue 1,2122
2021-12-12 19:45:00,Paris Saint Germain,Monaco,1.90289,0.815473,2,0,FRA-Ligue 1,2122
2021-12-12 14:00:00,Rennes,Nice,1.60766,1.8035,1,2,FRA-Ligue 1,2122
2021-12-12 16:00:00,Strasbourg,Marseille,1.7897,0.708922,0,2,FRA-Ligue 1,2122
2021-12-12 14:00:00,Troyes,Bordeaux,1.26919,1.13993,1,2,FRA-Ligue 1,2122
2021-12-22 19:45:00,Bordeaux,Lille,1.00922,1.23123,2,3,FRA-Ligue 1,2122
2021-12-22 19:45:00,Lorient,Paris Saint Germain,1.47671,2.19929,1,1,FRA-Ligue 1,2122
2021-12-22 19:45:00,Lyon,Metz,2.79025,0.353946,1,1,FRA-Ligue 1,2122
2021-12-22 19:45:00,Marseille,Reims,1.70528,1.05686,1,1,FRA-Ligue 1,2122
2021-12-22 19:45:00,Monaco,Rennes,1.62819,1.29487,2,1,FRA-Ligue 1,2122
2021-12-22 19:45:00,Montpellier,Angers,0.998835,0.747023,4,1,FRA-Ligue 1,2122
2021-12-22 19:45:00,Nice,Lens,0.866194,1.72232,2,1,FRA-Ligue 1,2122
2021-12-22 19:45:00,Saint-Etienne,Nantes,1.00748,0.791261,0,1,FRA-Ligue 1,2122
2021-12-22 19:45:00,Troyes,Brest,1.05921,0.661085,1,1,FRA-Ligue 1,2122
2022-01-07 20:00:00,Bordeaux,Marseille,0.413069,2.1562,0,1,FRA-Ligue 1,2122
2022-01-08 20:00:00,Lens,Rennes,0.579974,0.32823,1,0,FRA-Ligue 1,2122
2022-01-09 12:00:00,Brest,Nice,1.61742,1.44947,0,3,FRA-Ligue 1,2122
2022-01-09 14:00:00,Clermont Foot,Reims,0.762901,0.808538,0,0,FRA-Ligue 1,2122
2022-01-09 19:45:00,Lyon,Paris Saint Germain,1.03597,1.12874,1,1,FRA-Ligue 1,2122
2022-01-09 14:00:00,Metz,Strasbourg,0.2706,3.70382,0,2,FRA-Ligue 1,2122
2022-01-09 16:05:00,Nantes,Monaco,0.364991,0.69482,0,0,FRA-Ligue 1,2122
2022-01-14 20:00:00,Nice,Nantes,2.27691,0.396645,2,1,FRA-Ligue 1,2122
2022-01-15 20:00:00,Paris Saint Germain,Brest,2.70951,0.724633,2,0,FRA-Ligue 1,2122
2022-01-15 16:00:00,Saint-Etienne,Lens,0.950864,0.746899,1,2,FRA-Ligue 1,2122
2022-01-16 14:00:00,Lorient,Angers,0.480599,0.554657,0,0,FRA-Ligue 1,2122
2022-01-16 19:45:00,Marseille,Lille,1.62744,0.966892,1,1,FRA-Ligue 1,2122
2022-01-16 14:00:00,Monaco,Clermont Foot,4.25883,0.248903,4,0,FRA-Ligue 1,2122
2022-01-16 14:00:00,Reims,Metz,0.651857,0.713423,0,1,FRA-Ligue 1,2122
2022-01-16 12:00:00,Rennes,Bordeaux,4.07838,0.412647,6,0,FRA-Ligue 1,2122
2022-01-16 14:00:00,Strasbourg,Montpellier,1.4597,1.02915,3,1,FRA-Ligue 1,2122
2022-01-16 16:05:00,Troyes,Lyon,0.485256,3.02674,0,1,FRA-Ligue 1,2122
2022-01-19 20:00:00,Clermont Foot,Strasbourg,0.348448,1.74904,0,2,FRA-Ligue 1,2122
2022-01-19 20:00:00,Lille,Lorient,1.58626,1.21798,3,1,FRA-Ligue 1,2122
2022-01-19 20:00:00,Montpellier,Troyes,0.575051,0.548481,0,1,FRA-Ligue 1,2122
2022-01-21 20:00:00,Lyon,Saint-Etienne,2.19008,0.242989,1,0,FRA-Ligue 1,2122
2022-01-22 16:00:00,Brest,Lille,1.29391,1.37501,2,0,FRA-Ligue 1,2122
2022-01-22 20:00:00,Lens,Marseille,0.618083,1.35491,0,2,FRA-Ligue 1,2122
2022-01-23 14:00:00,Angers,Troyes,2.29724,1.63676,2,1,FRA-Ligue 1,2122
2022-01-23 14:00:00,Bordeaux,Strasbourg,1.65394,1.49036,4,3,FRA-Ligue 1,2122
2022-01-23 14:00:00,Clermont Foot,Rennes,1.09838,2.49108,2,1,FRA-Ligue 1,2122
2022-01-23 12:00:00,Metz,Nice,0.233858,1.94674,0,2,FRA-Ligue 1,2122
2022-01-23 16:05:00,Montpellier,Monaco,2.2292,1.24246,3,2,FRA-Ligue 1,2122
2022-01-23 14:00:00,Nantes,Lorient,1.40263,2.03139,4,2,FRA-Ligue 1,2122
2022-01-23 19:45:00,Paris Saint Germain,Reims,2.95339,0.344474,4,0,FRA-Ligue 1,2122
2022-01-26 18:00:00,Angers,Saint-Etienne,0.354099,0.352428,0,1,FRA-Ligue 1,2122
2022-02-02 21:00:00,Lyon,Marseille,1.5519,1.12202,2,1,FRA-Ligue 1,2122
2022-02-04 20:00:00,Marseille,Angers,2.34718,0.686866,5,2,FRA-Ligue 1,2122
2022-02-05 20:00:00,Monaco,Lyon,2.28974,1.30679,2,0,FRA-Ligue 1,2122
2022-02-05 16:00:00,Saint-Etienne,Montpellier,2.12286,0.698377,3,1,FRA-Ligue 1,2122
2022-02-06 19:45:00,Lille,Paris Saint Germain,0.863815,3.0381,1,5,FRA-Ligue 1,2122
2022-02-06 12:00:00,Lorient,Lens,1.57013,0.392243,2,0,FRA-Ligue 1,2122
2022-02-06 14:00:00,Nice,Clermont Foot,0.698505,1.29927,0,1,FRA-Ligue 1,2122
2022-02-06 14:00:00,Reims,Bordeaux,2.05989,0.120599,5,0,FRA-Ligue 1,2122
2022-02-06 16:00:00,Rennes,Brest,2.77542,0.220673,2,0,FRA-Ligue 1,2122
2022-02-06 14:00:00,Strasbourg,Nantes,1.32815,0.261773,1,0,FRA-Ligue 1,2122
2022-02-06 14:00:00,Troyes,Metz,0.435111,0.566752,0,0,FRA-Ligue 1,2122
2022-02-11 20:00:00,Paris Saint Germain,Rennes,0.797795,0.589669,1,0,FRA-Ligue 1,2122
2022-02-12 20:00:00,Lyon,Nice,2.75209,0.0804562,2,0,FRA-Ligue 1,2122
2022-02-12 16:00:00,Montpellier,Lille,0.740905,1.51288,0,1,FRA-Ligue 1,2122
2022-02-13 14:00:00,Angers,Strasbourg,0.258677,0.335367,0,1,FRA-Ligue 1,2122
2022-02-13 14:00:00,Brest,Troyes,2.76844,0.79069,5,1,FRA-Ligue 1,2122
2022-02-13 14:00:00,Clermont Foot,Saint-Etienne,0.834271,1.1863,1,2,FRA-Ligue 1,2122
2022-02-13 16:05:00,Lens,Bordeaux,2.18631,0.758048,3,2,FRA-Ligue 1,2122
2022-02-13 19:45:00,Metz,Marseille,0.792396,2.31854,1,2,FRA-Ligue 1,2122
2022-02-13 12:00:00,Monaco,Lorient,1.31384,0.132654,0,0,FRA-Ligue 1,2122
2022-02-13 14:00:00,Nantes,Reims,0.660721,0.613315,1,0,FRA-Ligue 1,2122
2022-02-18 20:00:00,Lille,Metz,1.18868,0.279242,0,0,FRA-Ligue 1,2122
2022-02-19 16:00:00,Lens,Lyon,0.655911,1.18398,1,1,FRA-Ligue 1,2122
2022-02-19 20:00:00,Nantes,Paris Saint Germain,2.59589,3.65345,3,1,FRA-Ligue 1,2122
2022-02-20 16:05:00,Bordeaux,Monaco,0.85473,0.951923,1,1,FRA-Ligue 1,2122
2022-02-20 14:00:00,Lorient,Montpellier,0.623848,0.376147,0,1,FRA-Ligue 1,2122
2022-02-20 19:45:00,Marseille,Clermont Foot,1.02368,0.769815,0,2,FRA-Ligue 1,2122
2022-02-20 12:00:00,Nice,Angers,1.29968,0.98327,1,0,FRA-Ligue 1,2122
2022-02-20 14:00:00,Reims,Brest,0.540071,1.69455,1,1,FRA-Ligue 1,2122
2022-02-20 14:00:00,Rennes,Troyes,3.26228,0.762222,4,1,FRA-Ligue 1,2122
2022-02-20 14:00:00,Saint-Etienne,Strasbourg,1.28968,1.51652,2,2,FRA-Ligue 1,2122
2022-02-25 20:00:00,Montpellier,Rennes,1.16985,1.81992,2,4,FRA-Ligue 1,2122
2022-02-26 20:00:00,Paris Saint Germain,Saint-Etienne,2.81988,0.641957,3,1,FRA-Ligue 1,2122
2022-02-26 13:00:00,Strasbourg,Nice,1.03088,0.148653,0,0,FRA-Ligue 1,2122
2022-02-27 14:00:00,Angers,Lens,0.601212,0.688779,1,2,FRA-Ligue 1,2122
2022-02-27 14:00:00,Brest,Lorient,0.210366,2.16888,0,1,FRA-Ligue 1,2122
2022-02-27 14:00:00,Clermont Foot,Bordeaux,0.55263,0.894218,1,1,FRA-Ligue 1,2122
2022-02-27 19:45:00,Lyon,Lille,1.48658,0.735102,0,1,FRA-Ligue 1,2122
2022-02-27 14:00:00,Metz,Nantes,0.263909,0.61206,0,0,FRA-Ligue 1,2122
2022-02-27 12:00:00,Monaco,Reims,1.7487,1.66986,1,2,FRA-Ligue 1,2122
2022-02-27 16:05:00,Troyes,Marseille,2.00647,1.01636,1,1,FRA-Ligue 1,2122
2022-03-04 20:00:00,Lorient,Lyon,1.26241,2.61126,1,4,FRA-Ligue 1,2122
2022-03-05 16:00:00,Lens,Brest,1.83072,0.372083,0,1,FRA-Ligue 1,2122
2022-03-05 20:00:00,Nice,Paris Saint Germain,1.20526,0.652664,1,0,FRA-Ligue 1,2122
2022-03-06 14:00:00,Bordeaux,Troyes,0.884355,2.3042,0,2,FRA-Ligue 1,2122
2022-03-06 16:05:00,Lille,Clermont Foot,2.04079,0.477886,4,0,FRA-Ligue 1,2122
2022-03-06 19:45:00,Marseille,Monaco,0.865388,0.69435,0,1,FRA-Ligue 1,2122
2022-03-06 14:00:00,Nantes,Montpellier,1.55928,0.200382,2,0,FRA-Ligue 1,2122
2022-03-06 14:00:00,Reims,Strasbourg,0.909924,0.744534,1,1,FRA-Ligue 1,2122
2022-03-06 14:00:00,Rennes,Angers,2.39062,0.316774,2,0,FRA-Ligue 1,2122
2022-03-06 12:00:00,Saint-Etienne,Metz,1.32057,0.313165,1,0,FRA-Ligue 1,2122
2022-03-11 20:00:00,Lille,Saint-Etienne,1.24797,0.48678,0,0,FRA-Ligue 1,2122
2022-03-12 16:00:00,Montpellier,Nice,2.49092,0.757229,0,0,FRA-Ligue 1,2122
2022-03-12 20:00:00,Troyes,Nantes,1.18612,0.490874,1,0,FRA-Ligue 1,2122
2022-03-13 14:00:00,Angers,Reims,1.88223,1.52385,0,1,FRA-Ligue 1,2122
2022-03-13 19:45:00,Brest,Marseille,0.424923,1.94529,1,4,FRA-Ligue 1,2122
2022-03-13 14:00:00,Clermont Foot,Lorient,1.27083,1.39672,0,2,FRA-Ligue 1,2122
2022-03-13 16:05:00,Lyon,Rennes,1.18519,1.27931,2,4,FRA-Ligue 1,2122
2022-03-13 14:00:00,Metz,Lens,0.696431,0.82202,0,0,FRA-Ligue 1,2122
2022-03-13 12:00:00,Paris Saint Germain,Bordeaux,2.05393,0.756536,3,0,FRA-Ligue 1,2122
2022-03-13 14:00:00,Strasbourg,Monaco,0.834621,0.695519,1,0,FRA-Ligue 1,2122
2022-03-18 20:00:00,Saint-Etienne,Troyes,1.21267,1.06117,1,1,FRA-Ligue 1,2122
2022-03-19 16:00:00,Lens,Clermont Foot,1.06718,1.75053,3,1,FRA-Ligue 1,2122
2022-03-19 20:00:00,Nantes,Lille,0.53106,1.58475,0,1,FRA-Ligue 1,2122
2022-03-20 14:00:00,Angers,Brest,1.2018,0.562622,1,0,FRA-Ligue 1,2122
2022-03-20 14:00:00,Bordeaux,Montpellier,2.60974,0.70843,0,2,FRA-Ligue 1,2122
2022-03-20 14:00:00,Lorient,Strasbourg,0.410107,1.33873,0,0,FRA-Ligue 1,2122
2022-03-20 19:45:00,Marseille,Nice,1.58806,1.69113,2,1,FRA-Ligue 1,2122
2022-03-20 12:00:00,Monaco,Paris Saint Germain,2.4996,1.50615,3,0,FRA-Ligue 1,2122
2022-03-20 16:05:00,Reims,Lyon,0.546254,1.59498,0,0,FRA-Ligue 1,2122
2022-03-20 14:00:00,Rennes,Metz,3.3969,0.68535,6,1,FRA-Ligue 1,2122
2022-04-02 17:00:00,Lille,Bordeaux,3.17511,0.113867,0,0,FRA-Ligue 1,2122
2022-04-02 15:00:00,Nice,Rennes,1.06234,0.896308,1,1,FRA-Ligue 1,2122
2022-04-03 13:00:00,Clermont Foot,Nantes,0.918981,1.95586,2,3,FRA-Ligue 1,2122
2022-04-03 15:05:00,Lyon,Angers,1.58017,1.67709,3,2,FRA-Ligue 1,2122
2022-04-03 13:00:00,Metz,Monaco,0.704436,2.15545,1,2,FRA-Ligue 1,2122
2022-04-03 13:00:00,Montpellier,Brest,1.26492,0.703265,1,2,FRA-Ligue 1,2122
2022-04-03 18:45:00,Paris Saint Germain,Lorient,1.96317,0.841873,5,1,FRA-Ligue 1,2122
2022-04-03 19:00:00,Saint-Etienne,Marseille,0.208011,3.73912,2,4,FRA-Ligue 1,2122
2022-04-03 11:00:00,Strasbourg,Lens,2.66149,1.22404,1,0,FRA-Ligue 1,2122
2022-04-03 13:00:00,Troyes,Reims,1.17209,0.480462,1,0,FRA-Ligue 1,2122
2022-04-08 19:00:00,Lorient,Saint-Etienne,4.1419,1.17408,6,2,FRA-Ligue 1,2122
2022-04-09 19:00:00,Clermont Foot,Paris Saint Germain,1.02858,3.57375,1,6,FRA-Ligue 1,2122
2022-04-09 15:00:00,Reims,Rennes,2.56613,1.12659,2,3,FRA-Ligue 1,2122
2022-04-10 13:00:00,Angers,Lille,0.679878,0.898909,1,1,FRA-Ligue 1,2122
2022-04-10 11:00:00,Bordeaux,Metz,2.28971,0.335155,3,1,FRA-Ligue 1,2122
2022-04-10 13:00:00,Brest,Nantes,1.25604,0.778552,1,1,FRA-Ligue 1,2122
2022-04-10 15:05:00,Lens,Nice,0.790168,1.3837,3,0,FRA-Ligue 1,2122
2022-04-10 19:00:00,Marseille,Montpellier,2.81079,0.477841,2,0,FRA-Ligue 1,2122
2022-04-10 13:00:00,Monaco,Troyes,0.441913,0.96754,2,1,FRA-Ligue 1,2122
2022-04-10 17:00:00,Strasbourg,Lyon,1.45377,2.10099,1,1,FRA-Ligue 1,2122
2022-04-15 19:00:00,Rennes,Monaco,2.27865,2.95816,2,3,FRA-Ligue 1,2122
2022-04-16 19:00:00,Lille,Lens,0.662879,1.15118,1,2,FRA-Ligue 1,2122
2022-04-16 15:00:00,Saint-Etienne,Brest,1.84462,0.488405,2,1,FRA-Ligue 1,2122
2022-04-17 15:05:00,Lyon,Bordeaux,2.49379,1.86392,6,1,FRA-Ligue 1,2122
2022-04-17 13:00:00,Metz,Clermont Foot,0.404435,2.74048,1,1,FRA-Ligue 1,2122
2022-04-17 13:00:00,Montpellier,Reims,0.909367,1.19445,0,0,FRA-Ligue 1,2122
2022-04-17 13:00:00,Nantes,Angers,3.40116,0.417241,1,1,FRA-Ligue 1,2122
2022-04-17 11:00:00,Nice,Lorient,2.19937,0.250443,2,1,FRA-Ligue 1,2122
2022-04-17 18:45:00,Paris Saint Germain,Marseille,1.39018,0.304776,2,1,FRA-Ligue 1,2122
2022-04-17 13:00:00,Troyes,Strasbourg,1.3267,1.83132,1,1,FRA-Ligue 1,2122
2022-04-20 19:00:00,Angers,Paris Saint Germain,0.395666,1.41841,0,3,FRA-Ligue 1,2122
2022-04-20 17:00:00,Bordeaux,Saint-Etienne,0.927753,0.858193,2,2,FRA-Ligue 1,2122
2022-04-20 19:00:00,Brest,Lyon,1.15279,2.63063,2,1,FRA-Ligue 1,2122
2022-04-20 19:00:00,Lens,Montpellier,0.98883,0.216737,2,0,FRA-Ligue 1,2122
2022-04-20 17:00:00,Lorient,Metz,1.2504,1.69979,1,0,FRA-Ligue 1,2122
2022-04-20 19:00:00,Marseille,Nantes,3.11851,0.607116,3,2,FRA-Ligue 1,2122
2022-04-20 17:00:00,Monaco,Nice,2.06975,0.762416,1,0,FRA-Ligue 1,2122
2022-04-20 17:00:00,Reims,Lille,0.727134,0.944946,2,1,FRA-Ligue 1,2122
2022-04-20 19:00:00,Strasbourg,Rennes,2.62063,0.851224,2,1,FRA-Ligue 1,2122
2022-04-20 17:00:00,Troyes,Clermont Foot,0.996134,0.411065,0,1,FRA-Ligue 1,2122
2022-04-23 15:00:00,Lyon,Montpellier,3.38895,2.02417,5,2,FRA-Ligue 1,2122
2022-04-23 19:00:00,Paris Saint Germain,Lens,2.18256,0.666328,1,1,FRA-Ligue 1,2122
2022-04-23 17:00:00,Saint-Etienne,Monaco,0.971737,3.28491,1,4,FRA-Ligue 1,2122
2022-04-24 13:00:00,Clermont Foot,Angers,1.74002,1.3986,2,2,FRA-Ligue 1,2122
2022-04-24 15:05:00,Lille,Strasbourg,0.354075,0.519111,1,0,FRA-Ligue 1,2122
2022-04-24 13:00:00,Metz,Brest,0.387087,1.93279,0,1,FRA-Ligue 1,2122
2022-04-24 13:00:00,Nantes,Bordeaux,2.54491,2.61153,5,3,FRA-Ligue 1,2122
2022-04-24 13:00:00,Nice,Troyes,2.36176,0.465645,1,0,FRA-Ligue 1,2122
2022-04-24 18:45:00,Reims,Marseille,0.661794,0.458087,0,1,FRA-Ligue 1,2122
2022-04-24 11:00:00,Rennes,Lorient,1.74528,0.533869,5,0,FRA-Ligue 1,2122
2022-04-29 19:00:00,Strasbourg,Paris Saint Germain,1.62601,1.94951,3,3,FRA-Ligue 1,2122
2022-04-30 15:00:00,Lens,Nantes,1.80901,1.25803,2,2,FRA-Ligue 1,2122
2022-04-30 19:00:00,Rennes,Saint-Etienne,1.29378,0.568645,2,0,FRA-Ligue 1,2122
2022-05-01 15:05:00,Bordeaux,Nice,0.181557,2.5433,0,1,FRA-Ligue 1,2122
2022-05-01 13:00:00,Brest,Clermont Foot,1.31508,0.993885,2,0,FRA-Ligue 1,2122
2022-05-01 13:00:00,Lorient,Reims,1.73735,1.40084,1,2,FRA-Ligue 1,2122
2022-05-01 18:45:00,Marseille,Lyon,1.25703,2.73856,0,3,FRA-Ligue 1,2122
2022-05-01 13:00:00,Monaco,Angers,2.21937,0.614369,2,0,FRA-Ligue 1,2122
2022-05-01 13:00:00,Montpellier,Metz,1.99602,1.33111,2,2,FRA-Ligue 1,2122
2022-05-01 11:00:00,Troyes,Lille,2.99625,0.598432,3,0,FRA-Ligue 1,2122
2022-05-06 19:00:00,Lille,Monaco,0.955562,0.297053,1,2,FRA-Ligue 1,2122
2022-05-07 15:00:00,Brest,Strasbourg,0.774117,2.19446,0,1,FRA-Ligue 1,2122
2022-05-08 13:00:00,Angers,Bordeaux,2.39669,0.701993,4,1,FRA-Ligue 1,2122
2022-05-08 13:00:00,Clermont Foot,Montpellier,1.81186,1.11037,2,1,FRA-Ligue 1,2122
2022-05-08 15:05:00,Lorient,Marseille,0.218659,2.43064,0,3,FRA-Ligue 1,2122
2022-05-08 11:00:00,Metz,Lyon,1.95684,2.45822,3,2,FRA-Ligue 1,2122
2022-05-08 18:45:00,Paris Saint Germain,Troyes,2.00221,1.95545,2,2,FRA-Ligue 1,2122
2022-05-08 13:00:00,Reims,Lens,0.345633,1.31364,1,2,FRA-Ligue 1,2122
2022-05-11 19:00:00,Nantes,Rennes,1.23789,1.53731,2,1,FRA-Ligue 1,2122
2022-05-11 17:00:00,Nice,Saint-Etienne,1.27732,1.90776,4,2,FRA-Ligue 1,2122
2022-05-14 19:00:00,Bordeaux,Lorient,1.0391,0.605152,0,0,FRA-Ligue 1,2122
2022-05-14 19:00:00,Lyon,Nantes,3.12892,1.28359,3,2,FRA-Ligue 1,2122
2022-05-14 19:00:00,Metz,Angers,0.742006,0.609469,1,0,FRA-Ligue 1,2122
2022-05-14 19:00:00,Monaco,Brest,3.84541,1.99445,4,2,FRA-Ligue 1,2122
2022-05-14 19:00:00,Montpellier,Paris Saint Germain,0.292577,2.57935,0,4,FRA-Ligue 1,2122
2022-05-14 19:00:00,Nice,Lille,0.985813,2.52062,1,3,FRA-Ligue 1,2122
2022-05-14 19:00:00,Rennes,Marseille,1.19637,0.298071,2,0,FRA-Ligue 1,2122
2022-05-14 19:00:00,Saint-Etienne,Reims,1.63375,2.1296,1,2,FRA-Ligue 1,2122
2022-05-14 19:00:00,Strasbourg,Clermont Foot,0.635695,0.4006,1,0,FRA-Ligue 1,2122
2022-05-14 19:00:00,Troyes,Lens,0.198308,0.85636,1,3,FRA-Ligue 1,2122
2022-05-21 19:00:00,Angers,Montpellier,2.26485,1.29748,2,0,FRA-Ligue 1,2122
2022-05-21 19:00:00,Brest,Bordeaux,1.21971,3.43304,2,4,FRA-Ligue 1,2122
2022-05-21 19:00:00,Clermont Foot,Lyon,2.31455,2.47046,1,2,FRA-Ligue 1,2122
2022-05-21 19:00:00,Lens,Monaco,1.54786,2.06385,2,2,FRA-Ligue 1,2122
2022-05-21 19:00:00,Lille,Rennes,1.7131,1.13675,2,2,FRA-Ligue 1,2122
2022-05-21 19:00:00,Lorient,Troyes,1.14699,0.597609,1,1,FRA-Ligue 1,2122
2022-05-21 19:00:00,Marseille,Strasbourg,2.10355,1.45881,4,0,FRA-Ligue 1,2122
2022-05-21 19:00:00,Nantes,Saint-Etienne,1.84905,1.78716,1,1,FRA-Ligue 1,2122
2022-05-21 19:00:00,Paris Saint Germain,Metz,5.5667,0.693173,5,0,FRA-Ligue 1,2122
2022-05-21 19:00:00,Reims,Nice,0.665065,1.88275,2,3,FRA-Ligue 1,2122
2022-08-05 19:00:00,Lyon,Ajaccio,1.85675,1.13852,2,1,FRA-Ligue 1,2223
2022-08-06 19:00:00,Clermont Foot,Paris Saint Germain,0.194932,4.11887,0,5,FRA-Ligue 1,2223
2022-08-06 15:00:00,Strasbourg,Monaco,1.39118,2.47965,1,2,FRA-Ligue 1,2223
2022-08-07 13:00:00,Angers,Nantes,1.91609,1.14718,0,0,FRA-Ligue 1,2223
2022-08-07 13:00:00,Lens,Brest,3.31681,1.04228,3,2,FRA-Ligue 1,2223
2022-08-07 13:00:00,Lille,Auxerre,1.29993,0.769926,4,1,FRA-Ligue 1,2223
2022-08-07 18:45:00,Marseille,Reims,2.77019,0.676094,4,1,FRA-Ligue 1,2223
2022-08-07 13:00:00,Montpellier,Troyes,1.57764,1.84274,3,2,FRA-Ligue 1,2223
2022-08-07 15:05:00,Rennes,Lorient,1.40484,0.70567,0,1,FRA-Ligue 1,2223
2022-08-07 11:00:00,Toulouse,Nice,1.85439,0.69938,1,1,FRA-Ligue 1,2223
2022-08-12 19:00:00,Nantes,Lille,2.07994,2.53444,1,1,FRA-Ligue 1,2223
2022-08-13 15:00:00,Monaco,Rennes,2.39524,2.02488,1,1,FRA-Ligue 1,2223
2022-08-13 19:00:00,Paris Saint Germain,Montpellier,3.3388,0.778496,5,2,FRA-Ligue 1,2223
2022-08-14 13:00:00,Ajaccio,Lens,0.707316,1.02754,0,0,FRA-Ligue 1,2223
2022-08-14 13:00:00,Auxerre,Angers,0.898665,1.65524,2,2,FRA-Ligue 1,2223
2022-08-14 18:45:00,Brest,Marseille,1.64132,1.30958,1,1,FRA-Ligue 1,2223
2022-08-14 15:05:00,Nice,Strasbourg,1.51022,1.57207,1,1,FRA-Ligue 1,2223
2022-08-14 13:00:00,Reims,Clermont Foot,2.65438,1.56704,2,4,FRA-Ligue 1,2223
2022-08-14 13:00:00,Troyes,Toulouse,0.925402,2.07677,0,3,FRA-Ligue 1,2223
2022-08-19 19:00:00,Lyon,Troyes,3.54595,0.948279,4,1,FRA-Ligue 1,2223
2022-08-20 19:00:00,Marseille,Nantes,1.71654,2.35832,2,1,FRA-Ligue 1,2223
2022-08-20 15:00:00,Monaco,Lens,2.27892,2.45812,1,4,FRA-Ligue 1,2223
2022-08-21 13:00:00,Angers,Brest,1.05295,2.2269,1,3,FRA-Ligue 1,2223
2022-08-21 13:00:00,Clermont Foot,Nice,0.712338,1.63135,1,0,FRA-Ligue 1,2223
2022-08-21 18:45:00,Lille,Paris Saint Germain,1.50337,4.37042,1,7,FRA-Ligue 1,2223
2022-08-21 13:00:00,Montpellier,Auxerre,0.602982,1.29185,1,2,FRA-Ligue 1,2223
2022-08-21 15:05:00,Rennes,Ajaccio,0.979786,1.44269,2,1,FRA-Ligue 1,2223
2022-08-21 11:00:00,Strasbourg,Reims,1.44615,2.03506,1,1,FRA-Ligue 1,2223
2022-08-21 13:00:00,Toulouse,Lorient,2.48022,2.96569,2,2,FRA-Ligue 1,2223
2022-08-26 19:00:00,Ajaccio,Lille,0.513092,1.80552,1,3,FRA-Ligue 1,2223
2022-08-27 15:00:00,Auxerre,Strasbourg,0.770114,1.65529,1,0,FRA-Ligue 1,2223
2022-08-27 19:00:00,Lens,Rennes,1.15835,0.88822,2,1,FRA-Ligue 1,2223
2022-08-28 13:00:00,Brest,Montpellier,0.163077,2.2067,0,7,FRA-Ligue 1,2223
2022-08-28 13:00:00,Lorient,Clermont Foot,3.46625,0.432527,2,1,FRA-Ligue 1,2223
2022-08-28 11:00:00,Nantes,Toulouse,1.80364,0.531418,3,1,FRA-Ligue 1,2223
2022-08-28 13:00:00,Nice,Marseille,0.797222,1.41427,0,3,FRA-Ligue 1,2223
2022-08-28 18:45:00,Paris Saint Germain,Monaco,2.71556,0.237794,1,1,FRA-Ligue 1,2223
2022-08-28 15:05:00,Reims,Lyon,0.889087,1.37054,1,1,FRA-Ligue 1,2223
2022-08-28 13:00:00,Troyes,Angers,2.23192,1.00107,3,1,FRA-Ligue 1,2223
2022-08-31 17:00:00,Angers,Reims,1.43417,2.35235,2,4,FRA-Ligue 1,2223
2022-08-31 19:00:00,Lens,Lorient,3.01117,1.4489,5,2,FRA-Ligue 1,2223
2022-08-31 19:00:00,Lille,Nice,0.936389,1.54373,1,2,FRA-Ligue 1,2223
2022-08-31 17:00:00,Lyon,Auxerre,3.33913,0.411365,2,1,FRA-Ligue 1,2223
2022-08-31 19:00:00,Marseille,Clermont Foot,2.50885,0.164123,1,0,FRA-Ligue 1,2223
2022-08-31 17:00:00,Monaco,Troyes,1.69464,2.68434,2,4,FRA-Ligue 1,2223
2022-08-31 17:00:00,Montpellier,Ajaccio,1.82411,0.894201,2,0,FRA-Ligue 1,2223
2022-08-31 19:00:00,Rennes,Brest,1.44252,0.265991,3,1,FRA-Ligue 1,2223
2022-08-31 17:00:00,Strasbourg,Nantes,0.260394,0.582194,1,1,FRA-Ligue 1,2223
2022-08-31 19:00:00,Toulouse,Paris Saint Germain,0.582625,3.93565,0,3,FRA-Ligue 1,2223
2022-09-03 15:00:00,Auxerre,Marseille,0.623034,1.54448,0,2,FRA-Ligue 1,2223
2022-09-03 17:00:00,Lyon,Angers,1.40939,0.685045,5,0,FRA-Ligue 1,2223
2022-09-03 19:00:00,Nantes,Paris Saint Germain,0.414108,3.49883,0,3,FRA-Ligue 1,2223
2022-09-04 13:00:00,Ajaccio,Lorient,0.520351,0.509049,0,1,FRA-Ligue 1,2223
2022-09-04 13:00:00,Brest,Strasbourg,0.726914,2.65304,1,1,FRA-Ligue 1,2223
2022-09-04 13:00:00,Clermont Foot,Toulouse,1.50732,1.44839,2,0,FRA-Ligue 1,2223
2022-09-04 11:00:00,Montpellier,Lille,0.460323,1.28228,1,3,FRA-Ligue 1,2223
2022-09-04 18:45:00,Nice,Monaco,1.12895,1.16635,0,1,FRA-Ligue 1,2223
2022-09-04 13:00:00,Reims,Lens,1.75851,2.234,1,1,FRA-Ligue 1,2223
2022-09-04 15:05:00,Troyes,Rennes,0.564802,2.61037,1,1,FRA-Ligue 1,2223
2022-09-07 19:00:00,Lorient,Lyon,1.48762,2.29822,3,1,FRA-Ligue 1,2223
2022-09-09 19:00:00,Lens,Troyes,1.44803,0.674373,1,0,FRA-Ligue 1,2223
2022-09-10 19:00:00,Marseille,Lille,2.25737,0.774912,2,1,FRA-Ligue 1,2223
2022-09-10 15:00:00,Paris Saint Germain,Brest,2.01269,1.34439,1,0,FRA-Ligue 1,2223
2022-09-11 13:00:00,Ajaccio,Nice,0.427838,1.0495,0,1,FRA-Ligue 1,2223
2022-09-11 13:00:00,Angers,Montpellier,2.91339,1.02641,2,1,FRA-Ligue 1,2223
2022-09-11 13:00:00,Lorient,Nantes,1.30306,0.586565,3,2,FRA-Ligue 1,2223
2022-09-11 18:45:00,Monaco,Lyon,1.64905,2.28122,2,1,FRA-Ligue 1,2223
2022-09-11 15:05:00,Rennes,Auxerre,3.73421,0.438753,5,0,FRA-Ligue 1,2223
2022-09-11 11:00:00,Strasbourg,Clermont Foot,2.60466,0.959426,0,0,FRA-Ligue 1,2223
2022-09-11 13:00:00,Toulouse,Reims,2.111,0.461404,1,0,FRA-Ligue 1,2223
2022-09-16 19:00:00,Auxerre,Lorient,2.27316,3.48948,1,3,FRA-Ligue 1,2223
2022-09-17 19:00:00,Lille,Toulouse,1.16749,0.882322,2,1,FRA-Ligue 1,2223
2022-09-17 15:00:00,Montpellier,Strasbourg,1.8232,0.617378,2,1,FRA-Ligue 1,2223
2022-09-18 13:00:00,Brest,Ajaccio,0.721312,0.511909,0,1,FRA-Ligue 1,2223
2022-09-18 13:00:00,Clermont Foot,Troyes,1.25973,1.3715,1,3,FRA-Ligue 1,2223
2022-09-18 18:45:00,Lyon,Paris Saint Germain,0.892759,1.52633,0,1,FRA-Ligue 1,2223
2022-09-18 13:00:00,Marseille,Rennes,1.05864,0.858108,1,1,FRA-Ligue 1,2223
2022-09-18 15:05:00,Nantes,Lens,0.777656,0.967277,0,0,FRA-Ligue 1,2223
2022-09-18 13:00:00,Nice,Angers,0.969061,2.07917,0,1,FRA-Ligue 1,2223
2022-09-18 11:00:00,Reims,Monaco,0.302274,2.06526,0,3,FRA-Ligue 1,2223
2022-09-30 19:00:00,Angers,Marseille,1.29217,2.3782,0,3,FRA-Ligue 1,2223
2022-10-01 19:00:00,Paris Saint Germain,Nice,0.753307,0.685057,2,1,FRA-Ligue 1,2223
2022-10-01 15:00:00,Strasbourg,Rennes,1.15088,2.24201,1,3,FRA-Ligue 1,2223
2022-10-02 13:00:00,Ajaccio,Clermont Foot,1.28297,1.29246,1,3,FRA-Ligue 1,2223
2022-10-02 13:00:00,Auxerre,Brest,1.21122,0.687048,1,1,FRA-Ligue 1,2223
2022-10-02 18:45:00,Lens,Lyon,2.993,0.0812146,1,0,FRA-Ligue 1,2223
2022-10-02 11:00:00,Lorient,Lille,0.51274,1.83189,2,1,FRA-Ligue 1,2223
2022-10-02 15:05:00,Monaco,Nantes,2.18299,0.406108,4,1,FRA-Ligue 1,2223
2022-10-02 13:00:00,Toulouse,Montpellier,1.92662,1.73475,4,2,FRA-Ligue 1,2223
2022-10-02 13:00:00,Troyes,Reims,1.74344,1.49046,2,2,FRA-Ligue 1,2223
2022-10-07 19:00:00,Lyon,Toulouse,1.74178,0.582894,1,1,FRA-Ligue 1,2223
2022-10-08 15:00:00,Marseille,Ajaccio,1.66314,0.16416,1,2,FRA-Ligue 1,2223
2022-10-08 19:00:00,Reims,Paris Saint Germain,1.91846,1.06607,0,0,FRA-Ligue 1,2223
2022-10-09 13:00:00,Angers,Strasbourg,2.08828,2.88307,2,3,FRA-Ligue 1,2223
2022-10-09 13:00:00,Brest,Lorient,0.997609,1.14106,1,2,FRA-Ligue 1,2223
2022-10-09 13:00:00,Clermont Foot,Auxerre,1.41698,1.00824,2,1,FRA-Ligue 1,2223
2022-10-09 18:45:00,Lille,Lens,2.37665,1.04543,1,0,FRA-Ligue 1,2223
2022-10-09 11:00:00,Montpellier,Monaco,0.564764,1.43544,0,2,FRA-Ligue 1,2223
2022-10-09 13:00:00,Nice,Troyes,2.69698,1.64575,3,2,FRA-Ligue 1,2223
2022-10-09 15:05:00,Rennes,Nantes,2.85806,0.439769,3,0,FRA-Ligue 1,2223
2022-10-14 19:00:00,Strasbourg,Lille,0.366401,2.59097,0,3,FRA-Ligue 1,2223
2022-10-15 19:00:00,Lens,Montpellier,2.31045,0.305429,1,0,FRA-Ligue 1,2223
2022-10-15 15:00:00,Lorient,Reims,1.05131,0.366478,0,0,FRA-Ligue 1,2223
2022-10-16 13:00:00,Auxerre,Nice,0.527675,1.67165,1,1,FRA-Ligue 1,2223
2022-10-16 15:05:00,Monaco,Clermont Foot,1.00523,2.49917,1,1,FRA-Ligue 1,2223
2022-10-16 13:00:00,Nantes,Brest,3.45666,0.596967,4,1,FRA-Ligue 1,2223
2022-10-16 18:45:00,Paris Saint Germain,Marseille,2.99871,0.78459,1,0,FRA-Ligue 1,2223
2022-10-16 13:00:00,Rennes,Lyon,1.70448,1.54104,3,2,FRA-Ligue 1,2223
2022-10-16 11:00:00,Toulouse,Angers,2.46525,1.50535,3,2,FRA-Ligue 1,2223
2022-10-16 13:00:00,Troyes,Ajaccio,0.434355,1.83625,1,1,FRA-Ligue 1,2223
2022-10-21 19:00:00,Ajaccio,Paris Saint Germain,0.301593,2.90657,0,3,FRA-Ligue 1,2223
2022-10-22 19:00:00,Marseille,Lens,1.99963,0.612715,0,1,FRA-Ligue 1,2223
2022-10-22 15:00:00,Montpellier,Lyon,0.807149,2.78494,1,2,FRA-Ligue 1,2223
2022-10-23 11:00:00,Angers,Rennes,0.938402,2.44504,1,2,FRA-Ligue 1,2223
2022-10-23 13:00:00,Clermont Foot,Brest,0.70294,2.73014,1,3,FRA-Ligue 1,2223
2022-10-23 18:45:00,Lille,Monaco,2.49712,1.76468,4,3,FRA-Ligue 1,2223
2022-10-23 15:05:00,Nice,Nantes,1.34146,1.27743,1,1,FRA-Ligue 1,2223
2022-10-23 13:00:00,Reims,Auxerre,2.48368,0.472065,2,1,FRA-Ligue 1,2223
2022-10-23 13:00:00,Toulouse,Strasbourg,1.86579,1.63235,2,2,FRA-Ligue 1,2223
2022-10-23 13:00:00,Troyes,Lorient,1.13911,1.538,2,2,FRA-Ligue 1,2223
2022-10-28 19:00:00,Lens,Toulouse,2.64413,0.845923,3,0,FRA-Ligue 1,2223
2022-10-29 15:00:00,Paris Saint Germain,Troyes,2.67967,1.60184,4,3,FRA-Ligue 1,2223
2022-10-29 19:00:00,Strasbourg,Marseille,0.890654,1.93874,2,2,FRA-Ligue 1,2223
2022-10-30 12:00:00,Auxerre,Ajaccio,0.92577,0.500233,1,0,FRA-Ligue 1,2223
2022-10-30 14:00:00,Brest,Reims,1.54791,0.982999,0,0,FRA-Ligue 1,2223
2022-10-30 16:05:00,Lorient,Nice,1.28783,2.19849,1,2,FRA-Ligue 1,2223
2022-10-30 19:45:00,Lyon,Lille,1.19346,1.62118,1,0,FRA-Ligue 1,2223
2022-10-30 14:00:00,Monaco,Angers,1.93991,0.437042,2,0,FRA-Ligue 1,2223
2022-10-30 14:00:00,Nantes,Clermont Foot,1.95172,0.713991,1,1,FRA-Ligue 1,2223
2022-10-30 14:00:00,Rennes,Montpellier,1.53875,0.975256,3,0,FRA-Ligue 1,2223
2022-11-04 20:00:00,Troyes,Auxerre,1.93768,1.45801,1,1,FRA-Ligue 1,2223
2022-11-05 16:00:00,Ajaccio,Strasbourg,3.68734,0.670138,4,2,FRA-Ligue 1,2223
2022-11-05 20:00:00,Angers,Lens,0.829243,2.17996,1,2,FRA-Ligue 1,2223
2022-11-06 14:00:00,Clermont Foot,Montpellier,3.88422,1.22262,1,1,FRA-Ligue 1,2223
2022-11-06 16:05:00,Lille,Rennes,2.72861,0.800938,1,1,FRA-Ligue 1,2223
2022-11-06 12:00:00,Lorient,Paris Saint Germain,0.812458,2.35683,1,2,FRA-Ligue 1,2223
2022-11-06 19:45:00,Marseille,Lyon,1.07268,0.632118,1,0,FRA-Ligue 1,2223
2022-11-06 14:00:00,Nice,Brest,0.813513,1.08297,1,0,FRA-Ligue 1,2223
2022-11-06 14:00:00,Reims,Nantes,3.70953,0.506816,1,0,FRA-Ligue 1,2223
2022-11-06 14:00:00,Toulouse,Monaco,0.569642,2.03182,0,2,FRA-Ligue 1,2223
2022-11-11 20:00:00,Lyon,Nice,1.15632,1.71081,1,1,FRA-Ligue 1,2223
2022-11-12 16:00:00,Lens,Clermont Foot,1.4242,0.213092,2,1,FRA-Ligue 1,2223
2022-11-12 20:00:00,Rennes,Toulouse,1.94787,1.11684,2,1,FRA-Ligue 1,2223
2022-11-13 14:00:00,Brest,Troyes,2.21142,0.4443,2,1,FRA-Ligue 1,2223
2022-11-13 14:00:00,Lille,Angers,1.07614,0.448121,1,0,FRA-Ligue 1,2223
2022-11-13 19:45:00,Monaco,Marseille,1.52658,2.71425,2,3,FRA-Ligue 1,2223
2022-11-13 14:00:00,Montpellier,Reims,2.07463,2.12638,1,1,FRA-Ligue 1,2223
2022-11-13 14:00:00,Nantes,Ajaccio,0.982738,2.40866,2,2,FRA-Ligue 1,2223
2022-11-13 12:00:00,Paris Saint Germain,Auxerre,2.22316,0.602881,5,0,FRA-Ligue 1,2223
2022-11-13 16:05:00,Strasbourg,Lorient,1.84883,0.877509,1,1,FRA-Ligue 1,2223
2022-12-28 14:00:00,Ajaccio,Angers,1.68567,2.13447,1,0,FRA-Ligue 1,2223
2022-12-28 16:00:00,Auxerre,Monaco,1.32986,1.36064,2,3,FRA-Ligue 1,2223
2022-12-28 20:00:00,Brest,Lyon,1.1351,3.18501,2,4,FRA-Ligue 1,2223
2022-12-28 18:00:00,Clermont Foot,Lille,0.511123,1.79335,0,2,FRA-Ligue 1,2223
2022-12-28 20:00:00,Paris Saint Germain,Strasbourg,2.11764,1.1354,2,1,FRA-Ligue 1,2223
2022-12-28 14:00:00,Troyes,Nantes,0.202598,1.70731,0,0,FRA-Ligue 1,2223
2022-12-29 16:00:00,Lorient,Montpellier,1.13229,1.99935,0,2,FRA-Ligue 1,2223
2022-12-29 20:00:00,Marseille,Toulouse,3.90797,1.73074,6,1,FRA-Ligue 1,2223
2022-12-29 20:00:00,Nice,Lens,1.19572,1.17989,0,0,FRA-Ligue 1,2223
2022-12-29 18:00:00,Reims,Rennes,1.37243,1.56704,3,1,FRA-Ligue 1,2223
2023-01-01 14:00:00,Angers,Lorient,2.17455,0.44019,1,2,FRA-Ligue 1,2223
2023-01-01 19:45:00,Lens,Paris Saint Germain,1.79816,1.97764,3,1,FRA-Ligue 1,2223
2023-01-01 16:00:00,Lyon,Clermont Foot,0.736196,1.2056,0,1,FRA-Ligue 1,2223
2023-01-01 14:00:00,Monaco,Brest,1.11357,0.984132,1,0,FRA-Ligue 1,2223
2023-01-01 14:00:00,Nantes,Auxerre,0.870785,0.940771,1,0,FRA-Ligue 1,2223
2023-01-01 14:00:00,Toulouse,Ajaccio,1.33519,0.0445009,2,0,FRA-Ligue 1,2223
2023-01-02 16:00:00,Lille,Reims,2.68973,1.23599,1,1,FRA-Ligue 1,2223
2023-01-02 18:00:00,Montpellier,Marseille,1.10931,1.33992,1,2,FRA-Ligue 1,2223
2023-01-02 20:00:00,Rennes,Nice,1.78181,0.395975,2,1,FRA-Ligue 1,2223
2023-01-02 14:00:00,Strasbourg,Troyes,1.15328,1.32781,2,3,FRA-Ligue 1,2223
2023-01-11 18:00:00,Ajaccio,Reims,0.812868,1.16269,0,1,FRA-Ligue 1,2223
2023-01-11 18:00:00,Auxerre,Toulouse,1.19864,2.32789,0,5,FRA-Ligue 1,2223
2023-01-11 18:00:00,Brest,Lille,0.567145,0.952742,0,0,FRA-Ligue 1,2223
2023-01-11 18:00:00,Clermont Foot,Rennes,1.92657,0.900551,2,1,FRA-Ligue 1,2223
2023-01-11 20:00:00,Lorient,Monaco,1.40735,1.61598,2,2,FRA-Ligue 1,2223
2023-01-11 18:00:00,Nantes,Lyon,1.23816,0.716341,0,0,FRA-Ligue 1,2223
2023-01-11 20:00:00,Nice,Montpellier,3.47658,0.226284,6,1,FRA-Ligue 1,2223
2023-01-11 20:00:00,Paris Saint Germain,Angers,1.66271,0.341443,2,0,FRA-Ligue 1,2223
2023-01-11 20:00:00,Strasbourg,Lens,1.15467,1.5001,2,2,FRA-Ligue 1,2223
2023-01-11 20:00:00,Troyes,Marseille,0.207647,2.65167,0,2,FRA-Ligue 1,2223
2023-01-14 16:00:00,Lens,Auxerre,1.69501,0.171617,1,0,FRA-Ligue 1,2223
2023-01-14 20:00:00,Lyon,Strasbourg,2.46849,1.15481,1,2,FRA-Ligue 1,2223
2023-01-14 18:00:00,Marseille,Lorient,2.03482,0.491556,3,1,FRA-Ligue 1,2223
2023-01-15 14:00:00,Angers,Clermont Foot,0.394709,2.1061,1,2,FRA-Ligue 1,2223
2023-01-15 12:00:00,Lille,Troyes,4.30681,0.981489,5,1,FRA-Ligue 1,2223
2023-01-15 16:05:00,Monaco,Ajaccio,4.16711,0.215581,7,1,FRA-Ligue 1,2223
2023-01-15 14:00:00,Montpellier,Nantes,1.10849,0.903599,0,3,FRA-Ligue 1,2223
2023-01-15 14:00:00,Reims,Nice,0.97535,0.670589,0,0,FRA-Ligue 1,2223
2023-01-15 19:45:00,Rennes,Paris Saint Germain,1.06256,0.603085,1,0,FRA-Ligue 1,2223
2023-01-15 14:00:00,Toulouse,Brest,1.54762,0.754561,1,1,FRA-Ligue 1,2223
2023-01-27 20:00:00,Lorient,Rennes,0.989121,1.94175,2,1,FRA-Ligue 1,2223
2023-01-28 20:00:00,Marseille,Monaco,1.772,1.55187,1,1,FRA-Ligue 1,2223
2023-01-28 16:00:00,Troyes,Lens,0.937263,2.43445,1,1,FRA-Ligue 1,2223
2023-01-29 16:05:00,Ajaccio,Lyon,1.44596,2.02729,0,2,FRA-Ligue 1,2223
2023-01-29 14:00:00,Auxerre,Montpellier,1.78521,0.78685,0,2,FRA-Ligue 1,2223
2023-01-29 14:00:00,Brest,Angers,1.62079,1.00144,4,0,FRA-Ligue 1,2223
2023-01-29 14:00:00,Clermont Foot,Nantes,0.639165,0.124573,0,0,FRA-Ligue 1,2223
2023-01-29 12:00:00,Nice,Lille,1.38874,2.06969,1,0,FRA-Ligue 1,2223
2023-01-29 19:45:00,Paris Saint Germain,Reims,1.99468,1.6335,1,1,FRA-Ligue 1,2223
2023-01-29 14:00:00,Strasbourg,Toulouse,0.899943,2.05016,1,2,FRA-Ligue 1,2223
2023-02-01 18:00:00,Angers,Ajaccio,0.413798,1.18715,1,2,FRA-Ligue 1,2223
2023-02-01 20:00:00,Lens,Nice,0.396756,2.16495,0,1,FRA-Ligue 1,2223
2023-02-01 18:00:00,Lille,Clermont Foot,1.75188,1.53598,0,0,FRA-Ligue 1,2223
2023-02-01 20:00:00,Lyon,Brest,2.29877,0.508973,0,0,FRA-Ligue 1,2223
2023-02-01 20:00:00,Monaco,Auxerre,1.97716,1.1306,3,2,FRA-Ligue 1,2223
2023-02-01 20:00:00,Montpellier,Paris Saint Germain,0.270069,4.0011,1,3,FRA-Ligue 1,2223
2023-02-01 18:00:00,Nantes,Marseille,1.40304,1.94315,0,2,FRA-Ligue 1,2223
2023-02-01 18:00:00,Reims,Lorient,3.61381,0.706803,4,2,FRA-Ligue 1,2223
2023-02-01 20:00:00,Rennes,Strasbourg,1.25645,0.141426,3,0,FRA-Ligue 1,2223
2023-02-01 18:00:00,Toulouse,Troyes,2.94929,1.25445,4,1,FRA-Ligue 1,2223
2023-02-04 16:00:00,Paris Saint Germain,Toulouse,1.80428,0.72878,2,1,FRA-Ligue 1,2223
2023-02-04 20:00:00,Rennes,Lille,2.18737,2.35242,1,3,FRA-Ligue 1,2223
2023-02-04 18:00:00,Troyes,Lyon,0.699933,1.30711,1,3,FRA-Ligue 1,2223
2023-02-05 14:00:00,Ajaccio,Nantes,0.223431,1.56852,0,2,FRA-Ligue 1,2223
2023-02-05 14:00:00,Auxerre,Reims,0.610426,0.406084,0,0,FRA-Ligue 1,2223
2023-02-05 16:05:00,Brest,Lens,2.17044,2.26474,1,1,FRA-Ligue 1,2223
2023-02-05 12:00:00,Clermont Foot,Monaco,0.276781,1.46634,0,2,FRA-Ligue 1,2223
2023-02-05 14:00:00,Lorient,Angers,0.68751,0.584769,0,0,FRA-Ligue 1,2223
2023-02-05 19:45:00,Marseille,Nice,2.61067,1.4814,1,3,FRA-Ligue 1,2223
2023-02-05 14:00:00,Strasbourg,Montpellier,1.51625,0.613708,2,0,FRA-Ligue 1,2223
2023-02-10 20:00:00,Nice,Ajaccio,0.568545,0.264601,3,0,FRA-Ligue 1,2223
2023-02-11 20:00:00,Clermont Foot,Marseille,1.08989,2.10938,0,2,FRA-Ligue 1,2223
2023-02-11 16:00:00,Monaco,Paris Saint Germain,3.80363,0.932921,3,1,FRA-Ligue 1,2223
2023-02-12 14:00:00,Angers,Auxerre,0.445823,2.48705,1,1,FRA-Ligue 1,2223
2023-02-12 14:00:00,Lille,Strasbourg,3.65427,0.174274,2,0,FRA-Ligue 1,2223
2023-02-12 19:45:00,Lyon,Lens,1.52893,1.30823,2,1,FRA-Ligue 1,2223
2023-02-12 14:00:00,Montpellier,Brest,3.94905,0.468613,3,0,FRA-Ligue 1,2223
2023-02-12 16:05:00,Nantes,Lorient,1.64174,1.63028,1,0,FRA-Ligue 1,2223
2023-02-12 14:00:00,Reims,Troyes,2.10651,0.569562,4,0,FRA-Ligue 1,2223
2023-02-12 12:00:00,Toulouse,Rennes,2.71302,1.19649,3,1,FRA-Ligue 1,2223
2023-02-17 20:00:00,Auxerre,Lyon,1.34783,0.718949,2,1,FRA-Ligue 1,2223
2023-02-18 16:00:00,Nice,Reims,1.53255,1.28715,0,0,FRA-Ligue 1,2223
2023-02-18 20:00:00,Strasbourg,Angers,1.94958,1.04967,2,1,FRA-Ligue 1,2223
2023-02-19 14:00:00,Brest,Monaco,0.76754,1.61066,1,2,FRA-Ligue 1,2223
2023-02-19 16:05:00,Lens,Nantes,3.13027,0.236483,3,1,FRA-Ligue 1,2223
2023-02-19 14:00:00,Lorient,Ajaccio,2.43638,0.592896,3,0,FRA-Ligue 1,2223
2023-02-19 12:00:00,Paris Saint Germain,Lille,2.09603,3.20773,4,3,FRA-Ligue 1,2223
2023-02-19 14:00:00,Rennes,Clermont Foot,1.67258,0.86584,2,0,FRA-Ligue 1,2223
2023-02-19 19:45:00,Toulouse,Marseille,2.09816,1.21797,2,3,FRA-Ligue 1,2223
2023-02-19 14:00:00,Troyes,Montpellier,0.0856634,1.08483,0,1,FRA-Ligue 1,2223
2023-02-24 20:00:00,Lille,Brest,0.77221,0.20242,2,1,FRA-Ligue 1,2223
2023-02-25 16:00:00,Angers,Lyon,1.13511,1.81818,1,3,FRA-Ligue 1,2223
2023-02-25 20:00:00,Montpellier,Lens,0.645251,1.53537,1,1,FRA-Ligue 1,2223
2023-02-26 14:00:00,Ajaccio,Troyes,3.94522,1.40375,2,1,FRA-Ligue 1,2223
2023-02-26 14:00:00,Clermont Foot,Strasbourg,1.74774,0.920081,1,1,FRA-Ligue 1,2223
2023-02-26 12:00:00,Lorient,Auxerre,1.04974,1.20936,0,1,FRA-Ligue 1,2223
2023-02-26 19:45:00,Marseille,Paris Saint Germain,2.28992,3.73353,0,3,FRA-Ligue 1,2223
2023-02-26 16:05:00,Monaco,Nice,0.68882,1.7956,0,3,FRA-Ligue 1,2223
2023-02-26 14:00:00,Nantes,Rennes,2.42469,0.986331,0,1,FRA-Ligue 1,2223
2023-02-26 14:00:00,Reims,Toulouse,2.17445,0.52285,3,0,FRA-Ligue 1,2223
2023-03-03 20:00:00,Nice,Auxerre,1.73919,0.443087,1,1,FRA-Ligue 1,2223
2023-03-04 16:00:00,Lens,Lille,0.616556,1.90081,1,1,FRA-Ligue 1,2223
2023-03-04 20:00:00,Paris Saint Germain,Nantes,1.10912,0.238685,4,2,FRA-Ligue 1,2223
2023-03-05 16:05:00,Lyon,Lorient,2.54074,0.887853,0,0,FRA-Ligue 1,2223
2023-03-05 14:00:00,Montpellier,Angers,3.41548,0.955683,5,0,FRA-Ligue 1,2223
2023-03-05 14:00:00,Reims,Ajaccio,0.40953,0.36989,1,0,FRA-Ligue 1,2223
2023-03-05 19:45:00,Rennes,Marseille,1.03495,1.45275,0,1,FRA-Ligue 1,2223
2023-03-05 14:00:00,Strasbourg,Brest,0.983616,0.585063,0,1,FRA-Ligue 1,2223
2023-03-05 14:00:00,Toulouse,Clermont Foot,1.02505,0.647727,0,1,FRA-Ligue 1,2223
2023-03-05 12:00:00,Troyes,Monaco,0.879409,2.81633,2,2,FRA-Ligue 1,2223
2023-03-10 20:00:00,Lille,Lyon,2.35286,1.0584,3,3,FRA-Ligue 1,2223
2023-03-11 16:00:00,Auxerre,Rennes,0.961104,0.690947,0,0,FRA-Ligue 1,2223
2023-03-11 20:00:00,Brest,Paris Saint Germain,0.751032,2.66126,1,2,FRA-Ligue 1,2223
2023-03-12 14:00:00,Ajaccio,Montpellier,0.191981,1.27414,0,1,FRA-Ligue 1,2223
2023-03-12 14:00:00,Angers,Toulouse,1.02056,1.56928,0,2,FRA-Ligue 1,2223
2023-03-12 12:00:00,Clermont Foot,Lens,1.86085,2.00502,0,4,FRA-Ligue 1,2223
2023-03-12 14:00:00,Lorient,Troyes,1.79136,0.492296,2,0,FRA-Ligue 1,2223
2023-03-12 19:45:00,Marseille,Strasbourg,1.67973,2.2222,2,2,FRA-Ligue 1,2223
2023-03-12 16:05:00,Monaco,Reims,0.98037,1.81877,0,1,FRA-Ligue 1,2223
2023-03-12 14:00:00,Nantes,Nice,1.75098,1.51843,2,2,FRA-Ligue 1,2223
2023-03-17 20:00:00,Lyon,Nantes,1.62188,1.06263,1,1,FRA-Ligue 1,2223
2023-03-18 20:00:00,Lens,Angers,1.64899,0.589326,3,0,FRA-Ligue 1,2223
2023-03-18 16:00:00,Toulouse,Lille,2.05248,1.96469,0,2,FRA-Ligue 1,2223
2023-03-19 12:00:00,Ajaccio,Monaco,0.409601,1.45597,0,2,FRA-Ligue 1,2223
2023-03-19 14:00:00,Montpellier,Clermont Foot,3.01981,1.40585,2,1,FRA-Ligue 1,2223
2023-03-19 14:00:00,Nice,Lorient,1.21674,0.883148,1,1,FRA-Ligue 1,2223
2023-03-19 16:05:00,Paris Saint Germain,Rennes,1.70984,1.90042,0,2,FRA-Ligue 1,2223
2023-03-19 19:45:00,Reims,Marseille,1.91783,1.39201,1,2,FRA-Ligue 1,2223
2023-03-19 14:00:00,Strasbourg,Auxerre,2.88267,0.945437,2,0,FRA-Ligue 1,2223
2023-03-19 14:00:00,Troyes,Brest,1.00182,1.16022,2,2,FRA-Ligue 1,2223
2023-03-31 19:00:00,Marseille,Montpellier,1.43396,0.849684,1,1,FRA-Ligue 1,2223
2023-04-01 15:00:00,Auxerre,Troyes,1.16561,1.17234,1,0,FRA-Ligue 1,2223
2023-04-01 19:00:00,Rennes,Lens,1.21006,1.4486,0,1,FRA-Ligue 1,2223
2023-04-02 13:00:00,Angers,Nice,0.960041,1.20001,1,1,FRA-Ligue 1,2223
2023-04-02 13:00:00,Brest,Toulouse,1.47173,1.77942,3,1,FRA-Ligue 1,2223
2023-04-02 13:00:00,Clermont Foot,Ajaccio,2.13637,0.411997,2,1,FRA-Ligue 1,2223
2023-04-02 11:00:00,Lille,Lorient,1.96183,0.0956693,3,1,FRA-Ligue 1,2223
2023-04-02 15:05:00,Monaco,Strasbourg,1.40127,1.55623,4,3,FRA-Ligue 1,2223
2023-04-02 13:00:00,Nantes,Reims,1.37353,2.00509,0,3,FRA-Ligue 1,2223
2023-04-02 18:45:00,Paris Saint Germain,Lyon,1.22372,2.14851,0,1,FRA-Ligue 1,2223
2023-04-07 19:00:00,Lens,Strasbourg,1.31665,0.580047,2,1,FRA-Ligue 1,2223
2023-04-08 15:00:00,Angers,Lille,1.03911,1.06957,1,0,FRA-Ligue 1,2223
2023-04-08 19:00:00,Nice,Paris Saint Germain,1.22259,1.24929,0,2,FRA-Ligue 1,2223
2023-04-09 13:00:00,Ajaccio,Auxerre,0.982688,0.925035,0,3,FRA-Ligue 1,2223
2023-04-09 18:45:00,Lorient,Marseille,0.637221,0.782867,0,0,FRA-Ligue 1,2223
2023-04-09 11:00:00,Lyon,Rennes,1.23785,1.06365,3,1,FRA-Ligue 1,2223
2023-04-09 13:00:00,Montpellier,Toulouse,1.79324,2.20627,1,2,FRA-Ligue 1,2223
2023-04-09 15:05:00,Nantes,Monaco,0.973965,1.66938,2,2,FRA-Ligue 1,2223
2023-04-09 13:00:00,Reims,Brest,3.26526,1.11133,1,1,FRA-Ligue 1,2223
2023-04-09 13:00:00,Troyes,Clermont Foot,0.488321,1.86113,0,2,FRA-Ligue 1,2223
2023-04-14 19:00:00,Toulouse,Lyon,1.51685,2.988,1,2,FRA-Ligue 1,2223
2023-04-15 19:00:00,Paris Saint Germain,Lens,1.39403,1.43462,3,1,FRA-Ligue 1,2223
2023-04-15 15:00:00,Rennes,Reims,3.21823,0.343875,3,0,FRA-Ligue 1,2223
2023-04-16 13:00:00,Auxerre,Nantes,2.65132,1.28278,2,1,FRA-Ligue 1,2223
2023-04-16 13:00:00,Brest,Nice,0.956282,0.656233,1,0,FRA-Ligue 1,2223
2023-04-16 13:00:00,Clermont Foot,Angers,2.01768,0.327937,2,1,FRA-Ligue 1,2223
2023-04-16 11:00:00,Lille,Montpellier,2.31737,0.515081,2,1,FRA-Ligue 1,2223
2023-04-16 18:45:00,Marseille,Troyes,3.75094,0.405591,3,1,FRA-Ligue 1,2223
2023-04-16 15:05:00,Monaco,Lorient,2.67195,1.03367,3,1,FRA-Ligue 1,2223
2023-04-16 13:00:00,Strasbourg,Ajaccio,1.59182,0.478923,3,1,FRA-Ligue 1,2223
2023-04-21 19:00:00,Angers,Paris Saint Germain,1.28414,1.75064,1,2,FRA-Ligue 1,2223
2023-04-22 15:00:00,Auxerre,Lille,1.0782,3.08943,1,1,FRA-Ligue 1,2223
2023-04-22 19:00:00,Lens,Monaco,3.52672,1.53352,3,0,FRA-Ligue 1,2223
2023-04-23 13:00:00,Ajaccio,Brest,0.193609,0.451465,0,0,FRA-Ligue 1,2223
2023-04-23 13:00:00,Lorient,Toulouse,0.506852,1.25506,0,1,FRA-Ligue 1,2223
2023-04-23 18:45:00,Lyon,Marseille,1.45711,2.21507,1,2,FRA-Ligue 1,2223
2023-04-23 15:00:00,Montpellier,Rennes,0.748138,1.32781,1,0,FRA-Ligue 1,2223
2023-04-23 13:00:00,Nantes,Troyes,1.98437,1.7244,2,2,FRA-Ligue 1,2223
2023-04-23 13:00:00,Nice,Clermont Foot,1.52279,0.917427,1,2,FRA-Ligue 1,2223
2023-04-23 11:00:00,Reims,Strasbourg,1.13179,1.33348,0,2,FRA-Ligue 1,2223
2023-04-29 14:00:00,Lille,Ajaccio,1.55851,0.360442,3,0,FRA-Ligue 1,2223
2023-04-30 13:00:00,Clermont Foot,Reims,1.12839,0.483303,1,0,FRA-Ligue 1,2223
2023-04-30 18:45:00,Marseille,Auxerre,3.56928,0.456496,2,1,FRA-Ligue 1,2223
2023-04-30 11:00:00,Monaco,Montpellier,1.35206,2.11063,0,4,FRA-Ligue 1,2223
2023-04-30 15:05:00,Paris Saint Germain,Lorient,1.76277,3.2671,1,3,FRA-Ligue 1,2223
2023-04-30 13:00:00,Rennes,Angers,2.51135,1.27022,4,2,FRA-Ligue 1,2223
2023-04-30 19:00:00,Strasbourg,Lyon,1.68749,0.889805,1,2,FRA-Ligue 1,2223
2023-04-30 13:00:00,Troyes,Nice,0.625019,3.65344,0,1,FRA-Ligue 1,2223
2023-05-02 19:00:00,Toulouse,Lens,0.396677,1.35975,0,1,FRA-Ligue 1,2223
2023-05-03 19:00:00,Brest,Nantes,0.794114,0.725944,2,0,FRA-Ligue 1,2223
2023-05-06 19:00:00,Lens,Marseille,1.33558,1.27465,2,1,FRA-Ligue 1,2223
2023-05-06 15:00:00,Nice,Rennes,1.33415,1.06201,2,1,FRA-Ligue 1,2223
2023-05-06 17:00:00,Reims,Lille,2.07452,1.42756,1,0,FRA-Ligue 1,2223
2023-05-07 13:00:00,Ajaccio,Toulouse,0.211301,2.52738,0,0,FRA-Ligue 1,2223
2023-05-07 11:00:00,Angers,Monaco,1.41717,1.58485,1,2,FRA-Ligue 1,2223
2023-05-07 13:00:00,Auxerre,Clermont Foot,1.57698,1.82065,1,1,FRA-Ligue 1,2223
2023-05-07 13:00:00,Lorient,Brest,1.23052,1.42227,2,1,FRA-Ligue 1,2223
2023-05-07 15:05:00,Lyon,Montpellier,3.69552,2.30837,5,4,FRA-Ligue 1,2223
2023-05-07 13:00:00,Nantes,Strasbourg,0.815995,1.94833,0,2,FRA-Ligue 1,2223
2023-05-07 18:45:00,Troyes,Paris Saint Germain,0.615079,4.3052,1,3,FRA-Ligue 1,2223
2023-05-12 19:00:00,Lens,Reims,1.35466,1.80834,2,1,FRA-Ligue 1,2223
2023-05-13 19:00:00,Paris Saint Germain,Ajaccio,2.31569,0.313564,5,0,FRA-Ligue 1,2223
2023-05-13 15:00:00,Strasbourg,Nice,1.67065,0.360576,2,0,FRA-Ligue 1,2223
2023-05-14 13:00:00,Brest,Auxerre,1.63305,0.73065,1,0,FRA-Ligue 1,2223
2023-05-14 11:00:00,Clermont Foot,Lyon,1.73834,1.90489,2,1,FRA-Ligue 1,2223
2023-05-14 18:45:00,Marseille,Angers,2.99154,0.559445,3,1,FRA-Ligue 1,2223
2023-05-14 15:05:00,Monaco,Lille,0.690333,1.29341,0,0,FRA-Ligue 1,2223
2023-05-14 13:00:00,Montpellier,Lorient,1.20401,0.582419,1,1,FRA-Ligue 1,2223
2023-05-14 13:00:00,Rennes,Troyes,3.75816,0.263264,4,0,FRA-Ligue 1,2223
2023-05-14 13:00:00,Toulouse,Nantes,1.24578,0.621868,0,0,FRA-Ligue 1,2223
2023-05-19 19:00:00,Lyon,Monaco,2.40929,1.46568,3,1,FRA-Ligue 1,2223
2023-05-20 19:00:00,Lille,Marseille,1.86027,1.19915,2,1,FRA-Ligue 1,2223
2023-05-20 15:00:00,Nantes,Montpellier,0.751273,1.7036,0,3,FRA-Ligue 1,2223
2023-05-21 11:00:00,Ajaccio,Rennes,0.0631786,2.09363,0,5,FRA-Ligue 1,2223
2023-05-21 18:45:00,Auxerre,Paris Saint Germain,0.696155,1.84662,1,2,FRA-Ligue 1,2223
2023-05-21 13:00:00,Brest,Clermont Foot,1.14332,0.36306,2,1,FRA-Ligue 1,2223
2023-05-21 15:05:00,Lorient,Lens,1.37416,2.30872,1,3,FRA-Ligue 1,2223
2023-05-21 13:00:00,Nice,Toulouse,2.78131,0.964577,0,0,FRA-Ligue 1,2223
2023-05-21 13:00:00,Reims,Angers,1.7427,0.700941,2,2,FRA-Ligue 1,2223
2023-05-21 13:00:00,Troyes,Strasbourg,0.706571,2.30022,1,1,FRA-Ligue 1,2223
2023-05-27 19:00:00,Angers,Troyes,0.775828,0.234923,2,1,FRA-Ligue 1,2223
2023-05-27 19:00:00,Clermont Foot,Lorient,1.34675,0.9985,2,0,FRA-Ligue 1,2223
2023-05-27 19:00:00,Lens,Ajaccio,2.29667,0.18809,3,0,FRA-Ligue 1,2223
2023-05-27 19:00:00,Lille,Nantes,2.16385,1.0893,2,1,FRA-Ligue 1,2223
2023-05-27 19:00:00,Lyon,Reims,3.22012,0.505996,3,0,FRA-Ligue 1,2223
2023-05-27 19:00:00,Marseille,Brest,0.968914,1.5307,1,2,FRA-Ligue 1,2223
2023-05-27 19:00:00,Montpellier,Nice,1.61612,4.59487,2,3,FRA-Ligue 1,2223
2023-05-27 19:00:00,Rennes,Monaco,0.759796,0.377473,2,0,FRA-Ligue 1,2223
2023-05-27 19:00:00,Strasbourg,Paris Saint Germain,1.33636,1.16057,1,1,FRA-Ligue 1,2223
2023-05-27 19:00:00,Toulouse,Auxerre,1.21674,0.653455,1,1,FRA-Ligue 1,2223
2023-06-03 17:00:00,Ajaccio,Marseille,0.129389,1.22431,1,0,FRA-Ligue 1,2223
2023-06-03 17:00:00,Auxerre,Lens,2.03416,3.19981,1,3,FRA-Ligue 1,2223
2023-06-03 17:00:00,Brest,Rennes,1.22603,1.57488,1,2,FRA-Ligue 1,2223
2023-06-03 17:00:00,Lorient,Strasbourg,0.489883,0.851717,2,1,FRA-Ligue 1,2223
2023-06-03 17:00:00,Monaco,Toulouse,2.1529,2.66693,1,2,FRA-Ligue 1,2223
2023-06-03 17:00:00,Nantes,Angers,1.06065,0.190199,1,0,FRA-Ligue 1,2223
2023-06-03 17:00:00,Nice,Lyon,2.30538,1.68314,3,1,FRA-Ligue 1,2223
2023-06-03 17:00:00,Paris Saint Germain,Clermont Foot,2.23509,2.97907,2,3,FRA-Ligue 1,2223
2023-06-03 17:00:00,Reims,Montpellier,1.84121,2.21924,1,3,FRA-Ligue 1,2223
2023-06-03 17:00:00,Troyes,Lille,0.241842,1.69616,1,1,FRA-Ligue 1,2223
2023-08-12 18:00:00,Brest,Lens,2.91934,0.960002,3,2,FRA-Ligue 1,2324
2023-08-12 18:00:00,Marseille,Reims,1.5127,0.993374,2,1,FRA-Ligue 1,2324
2023-08-12 18:00:00,Nice,Lille,1.12141,1.53437,1,1,FRA-Ligue 1,2324
2023-08-12 18:00:00,Paris Saint Germain,Lorient,1.36166,0.136269,0,0,FRA-Ligue 1,2324
2023-08-13 13:00:00,Clermont Foot,Monaco,1.97981,3.40428,2,4,FRA-Ligue 1,2324
2023-08-13 13:00:00,Montpellier,Le Havre,1.2977,1.24958,2,2,FRA-Ligue 1,2324
2023-08-13 13:00:00,Nantes,Toulouse,1.07028,2.06035,1,2,FRA-Ligue 1,2324
2023-08-13 15:05:00,Rennes,Metz,4.67967,0.561838,5,1,FRA-Ligue 1,2324
2023-08-13 18:45:00,Strasbourg,Lyon,1.16184,2.05387,2,1,FRA-Ligue 1,2324
2023-08-18 19:00:00,Metz,Marseille,0.360903,1.49349,2,2,FRA-Ligue 1,2324
2023-08-19 15:00:00,Lyon,Montpellier,0.641589,1.91808,1,4,FRA-Ligue 1,2324
2023-08-19 19:00:00,Toulouse,Paris Saint Germain,1.15991,2.00415,1,1,FRA-Ligue 1,2324
2023-08-20 13:00:00,Le Havre,Brest,0.866995,1.60466,1,2,FRA-Ligue 1,2324
2023-08-20 18:45:00,Lens,Rennes,1.3445,1.62597,1,1,FRA-Ligue 1,2324
2023-08-20 11:00:00,Lille,Nantes,3.239,1.27164,2,0,FRA-Ligue 1,2324
2023-08-20 13:00:00,Lorient,Nice,0.750785,2.42649,1,1,FRA-Ligue 1,2324
2023-08-20 15:05:00,Monaco,Strasbourg,1.30947,0.552621,3,0,FRA-Ligue 1,2324
2023-08-20 13:00:00,Reims,Clermont Foot,2.41479,0.399613,2,0,FRA-Ligue 1,2324
2023-08-25 19:00:00,Nantes,Monaco,0.906833,4.95812,3,3,FRA-Ligue 1,2324
2023-08-26 17:00:00,Marseille,Brest,3.50896,1.72801,2,0,FRA-Ligue 1,2324
2023-08-26 19:00:00,Paris Saint Germain,Lens,1.86713,0.487094,3,1,FRA-Ligue 1,2324
2023-08-27 13:00:00,Clermont Foot,Metz,0.540615,0.791472,0,1,FRA-Ligue 1,2324
2023-08-27 15:05:00,Lorient,Lille,1.745,1.45127,4,1,FRA-Ligue 1,2324
2023-08-27 13:00:00,Montpellier,Reims,1.42165,1.8496,1,3,FRA-Ligue 1,2324
2023-08-27 18:45:00,Nice,Lyon,1.82327,0.25547,0,0,FRA-Ligue 1,2324
2023-08-27 11:00:00,Rennes,Le Havre,3.49731,0.41475,2,2,FRA-Ligue 1,2324
2023-08-27 13:00:00,Strasbourg,Toulouse,2.84995,0.308716,2,0,FRA-Ligue 1,2324
2023-09-01 19:00:00,Nantes,Marseille,0.621642,2.77866,1,1,FRA-Ligue 1,2324
2023-09-02 15:00:00,Brest,Rennes,1.58468,0.248338,0,0,FRA-Ligue 1,2324
2023-09-02 19:00:00,Monaco,Lens,1.24938,0.612432,3,0,FRA-Ligue 1,2324
2023-09-03 13:00:00,Le Havre,Lorient,1.70033,0.675614,3,0,FRA-Ligue 1,2324
2023-09-03 13:00:00,Lille,Montpellier,1.33906,0.793407,1,0,FRA-Ligue 1,2324
2023-09-03 18:45:00,Lyon,Paris Saint Germain,2.44259,4.91949,1,4,FRA-Ligue 1,2324
2023-09-03 13:00:00,Metz,Reims,1.14763,0.859494,2,2,FRA-Ligue 1,2324
2023-09-03 15:05:00,Nice,Strasbourg,2.28809,0.158524,2,0,FRA-Ligue 1,2324
2023-09-03 11:00:00,Toulouse,Clermont Foot,0.64111,1.40431,2,2,FRA-Ligue 1,2324
2023-09-15 19:00:00,Paris Saint Germain,Nice,1.21929,1.94985,2,3,FRA-Ligue 1,2324
2023-09-16 19:00:00,Lens,Metz,1.61194,0.629577,0,1,FRA-Ligue 1,2324
2023-09-16 15:00:00,Rennes,Lille,0.427673,1.60903,2,2,FRA-Ligue 1,2324
2023-09-17 13:00:00,Clermont Foot,Nantes,1.26417,0.866302,0,1,FRA-Ligue 1,2324
2023-09-17 11:00:00,Lorient,Monaco,0.660724,1.54062,2,2,FRA-Ligue 1,2324
2023-09-17 18:45:00,Lyon,Le Havre,1.83314,1.25165,0,0,FRA-Ligue 1,2324
2023-09-17 15:05:00,Marseille,Toulouse,1.16853,0.882315,0,0,FRA-Ligue 1,2324
2023-09-17 13:00:00,Reims,Brest,1.97443,1.56067,1,2,FRA-Ligue 1,2324
2023-09-17 13:00:00,Strasbourg,Montpellier,2.27232,1.03603,2,2,FRA-Ligue 1,2324
2023-09-22 19:00:00,Monaco,Nice,1.80137,1.10143,0,1,FRA-Ligue 1,2324
2023-09-23 19:00:00,Brest,Lyon,2.54509,0.254128,1,0,FRA-Ligue 1,2324
2023-09-23 15:00:00,Nantes,Lorient,2.52906,1.59675,5,3,FRA-Ligue 1,2324
2023-09-24 13:00:00,Le Havre,Clermont Foot,1.01727,0.716065,2,1,FRA-Ligue 1,2324
2023-09-24 13:00:00,Lens,Toulouse,3.08782,0.649363,2,1,FRA-Ligue 1,2324
2023-09-24 11:00:00,Metz,Strasbourg,1.03805,0.456135,0,1,FRA-Ligue 1,2324
2023-09-24 15:05:00,Montpellier,Rennes,1.38233,0.933593,0,0,FRA-Ligue 1,2324
2023-09-24 18:45:00,Paris Saint Germain,Marseille,2.00222,0.568702,4,0,FRA-Ligue 1,2324
2023-09-26 19:00:00,Lille,Reims,1.41766,1.21818,1,2,FRA-Ligue 1,2324
2023-09-29 19:00:00,Strasbourg,Lens,0.305015,1.52229,0,1,FRA-Ligue 1,2324
2023-09-30 15:00:00,Clermont Foot,Paris Saint Germain,1.16006,2.99118,0,0,FRA-Ligue 1,2324
2023-09-30 19:00:00,Monaco,Marseille,1.5165,0.908767,3,2,FRA-Ligue 1,2324
2023-10-01 13:00:00,Le Havre,Lille,1.05835,1.38688,0,2,FRA-Ligue 1,2324
2023-10-01 15:05:00,Lorient,Montpellier,0.799881,2.77044,0,3,FRA-Ligue 1,2324
2023-10-01 13:00:00,Nice,Brest,1.03293,0.153004,0,0,FRA-Ligue 1,2324
2023-10-01 11:00:00,Reims,Lyon,1.99596,0.389915,2,0,FRA-Ligue 1,2324
2023-10-01 18:45:00,Rennes,Nantes,2.3169,0.902963,3,1,FRA-Ligue 1,2324
2023-10-01 13:00:00,Toulouse,Metz,2.3397,0.598514,3,0,FRA-Ligue 1,2324
2023-10-06 19:00:00,Strasbourg,Nantes,0.944783,2.24185,1,2,FRA-Ligue 1,2324
2023-10-07 15:00:00,Metz,Nice,0.263633,1.51523,0,1,FRA-Ligue 1,2324
2023-10-07 19:00:00,Reims,Monaco,1.99785,1.74741,1,3,FRA-Ligue 1,2324
2023-10-08 13:00:00,Brest,Toulouse,1.61363,1.23903,1,1,FRA-Ligue 1,2324
2023-10-08 15:05:00,Lens,Lille,2.58377,1.34285,1,1,FRA-Ligue 1,2324
2023-10-08 13:00:00,Lyon,Lorient,1.3787,1.07853,3,3,FRA-Ligue 1,2324
2023-10-08 11:00:00,Marseille,Le Havre,3.00689,0.131369,3,0,FRA-Ligue 1,2324
2023-10-08 18:45:00,Rennes,Paris Saint Germain,1.34436,3.13091,1,3,FRA-Ligue 1,2324
2023-10-20 19:00:00,Le Havre,Lens,1.84471,1.96292,0,0,FRA-Ligue 1,2324
2023-10-21 19:00:00,Nice,Marseille,0.828728,1.00304,1,0,FRA-Ligue 1,2324
2023-10-21 15:00:00,Paris Saint Germain,Strasbourg,2.51872,0.224242,3,0,FRA-Ligue 1,2324
2023-10-22 13:00:00,Lille,Brest,2.19168,0.625269,1,0,FRA-Ligue 1,2324
2023-10-22 11:00:00,Lorient,Rennes,0.594654,0.940774,2,1,FRA-Ligue 1,2324
2023-10-22 18:45:00,Lyon,Clermont Foot,1.73586,1.28994,1,2,FRA-Ligue 1,2324
2023-10-22 15:05:00,Monaco,Metz,1.9731,0.720525,2,1,FRA-Ligue 1,2324
2023-10-22 13:00:00,Nantes,Montpellier,1.74936,0.495893,2,0,FRA-Ligue 1,2324
2023-10-22 13:00:00,Toulouse,Reims,0.900833,0.96583,1,1,FRA-Ligue 1,2324
2023-10-27 19:00:00,Clermont Foot,Nice,0.298709,2.15871,0,1,FRA-Ligue 1,2324
2023-10-28 19:00:00,Lens,Nantes,4.32919,1.21849,4,0,FRA-Ligue 1,2324
2023-10-28 15:00:00,Reims,Lorient,0.981549,0.412238,1,0,FRA-Ligue 1,2324
2023-10-29 12:00:00,Brest,Paris Saint Germain,1.68226,2.09847,2,3,FRA-Ligue 1,2324
2023-10-29 14:00:00,Lille,Monaco,0.667633,0.901743,2,0,FRA-Ligue 1,2324
2023-10-29 14:00:00,Metz,Le Havre,0.469858,0.890469,0,0,FRA-Ligue 1,2324
2023-10-29 14:00:00,Montpellier,Toulouse,3.2823,0.877804,3,0,FRA-Ligue 1,2324
2023-10-29 16:05:00,Rennes,Strasbourg,1.11025,1.02122,1,1,FRA-Ligue 1,2324
2023-11-03 20:00:00,Paris Saint Germain,Montpellier,1.23178,0.583754,3,0,FRA-Ligue 1,2324
2023-11-04 16:00:00,Lorient,Lens,0.521851,0.707799,0,0,FRA-Ligue 1,2324
2023-11-04 20:00:00,Marseille,Lille,0.751791,0.326226,0,0,FRA-Ligue 1,2324
2023-11-05 12:00:00,Lyon,Metz,1.8478,0.667193,1,1,FRA-Ligue 1,2324
2023-11-05 16:05:00,Monaco,Brest,1.11674,0.73688,2,0,FRA-Ligue 1,2324
2023-11-05 14:00:00,Nantes,Reims,1.54695,1.7428,0,1,FRA-Ligue 1,2324
2023-11-05 19:45:00,Nice,Rennes,2.28618,0.484764,2,0,FRA-Ligue 1,2324
2023-11-05 14:00:00,Strasbourg,Clermont Foot,1.55966,1.05162,0,0,FRA-Ligue 1,2324
2023-11-05 14:00:00,Toulouse,Le Havre,2.31734,1.21056,1,2,FRA-Ligue 1,2324
2023-11-10 20:00:00,Montpellier,Nice,0.651349,0.62039,0,0,FRA-Ligue 1,2324
2023-11-11 20:00:00,Le Havre,Monaco,1.12627,0.968375,0,0,FRA-Ligue 1,2324
2023-11-11 16:00:00,Reims,Paris Saint Germain,1.54396,2.64035,0,3,FRA-Ligue 1,2324
2023-11-12 14:00:00,Clermont Foot,Lorient,1.40549,0.58473,1,0,FRA-Ligue 1,2324
2023-11-12 20:45:00,Lens,Marseille,1.21972,0.723678,1,0,FRA-Ligue 1,2324
2023-11-12 14:00:00,Lille,Toulouse,2.6899,0.41683,1,1,FRA-Ligue 1,2324
2023-11-12 14:00:00,Metz,Nantes,0.940982,1.75389,3,1,FRA-Ligue 1,2324
2023-11-12 16:05:00,Rennes,Lyon,0.680277,2.07974,0,1,FRA-Ligue 1,2324
2023-11-24 20:00:00,Paris Saint Germain,Monaco,2.61317,1.52014,5,2,FRA-Ligue 1,2324
2023-11-25 16:00:00,Clermont Foot,Lens,1.84299,2.53223,0,3,FRA-Ligue 1,2324
2023-11-25 20:00:00,Strasbourg,Marseille,1.18208,1.36665,1,1,FRA-Ligue 1,2324
2023-11-26 14:00:00,Lorient,Metz,1.37412,1.85366,2,3,FRA-Ligue 1,2324
2023-11-26 19:45:00,Lyon,Lille,1.71151,1.7068,0,2,FRA-Ligue 1,2324
2023-11-26 14:00:00,Montpellier,Brest,2.19901,2.38593,1,3,FRA-Ligue 1,2324
2023-11-26 14:00:00,Nantes,Le Havre,1.75264,0.225701,0,0,FRA-Ligue 1,2324
2023-11-26 12:00:00,Nice,Toulouse,1.00133,1.27183,1,0,FRA-Ligue 1,2324
2023-11-26 16:05:00,Rennes,Reims,1.93506,2.24931,3,1,FRA-Ligue 1,2324
2023-11-29 17:00:00,Montpellier,Clermont Foot,2.5147,0.548696,1,1,FRA-Ligue 1,2324
2023-12-01 19:00:00,Reims,Strasbourg,1.93212,1.82995,2,1,FRA-Ligue 1,2324
2023-12-02 16:00:00,Lens,Lyon,2.66019,3.02776,3,2,FRA-Ligue 1,2324
2023-12-02 20:00:00,Nantes,Nice,1.18224,1.2317,1,0,FRA-Ligue 1,2324
2023-12-03 14:00:00,Brest,Clermont Foot,1.30229,0.605084,3,0,FRA-Ligue 1,2324
2023-12-03 12:00:00,Le Havre,Paris Saint Germain,1.85535,1.76208,0,2,FRA-Ligue 1,2324
2023-12-03 16:05:00,Lille,Metz,3.04386,1.85842,2,0,FRA-Ligue 1,2324
2023-12-03 19:45:00,Marseille,Rennes,0.91395,0.483795,2,0,FRA-Ligue 1,2324
2023-12-03 14:00:00,Monaco,Montpellier,2.46013,1.18556,2,0,FRA-Ligue 1,2324
2023-12-03 14:00:00,Toulouse,Lorient,1.10351,0.645774,1,1,FRA-Ligue 1,2324
2023-12-06 19:00:00,Marseille,Lyon,1.82709,0.235651,3,0,FRA-Ligue 1,2324
2023-12-07 19:30:00,Brest,Strasbourg,0.993441,1.26839,1,1,FRA-Ligue 1,2324
2023-12-08 20:00:00,Montpellier,Lens,1.34889,1.61301,0,0,FRA-Ligue 1,2324
2023-12-09 20:00:00,Paris Saint Germain,Nantes,2.15633,0.483837,2,1,FRA-Ligue 1,2324
2023-12-09 16:00:00,Rennes,Monaco,2.14616,1.09728,1,2,FRA-Ligue 1,2324
2023-12-10 14:00:00,Clermont Foot,Lille,1.1121,0.635418,0,0,FRA-Ligue 1,2324
2023-12-10 19:45:00,Lorient,Marseille,2.01809,2.88724,2,4,FRA-Ligue 1,2324
2023-12-10 16:05:00,Lyon,Toulouse,3.13849,1.6021,3,0,FRA-Ligue 1,2324
2023-12-10 14:00:00,Metz,Brest,0.632144,0.219846,0,1,FRA-Ligue 1,2324
2023-12-10 12:00:00,Nice,Reims,1.2751,1.13313,2,1,FRA-Ligue 1,2324
2023-12-10 14:00:00,Strasbourg,Le Havre,1.50877,1.62211,2,1,FRA-Ligue 1,2324
2023-12-15 20:00:00,Monaco,Lyon,1.40268,0.739288,0,1,FRA-Ligue 1,2324
2023-12-16 16:00:00,Le Havre,Nice,1.92557,1.64135,3,1,FRA-Ligue 1,2324
2023-12-16 20:00:00,Lens,Reims,1.26773,0.876139,2,0,FRA-Ligue 1,2324
2023-12-17 19:45:00,Lille,Paris Saint Germain,1.90778,1.39323,1,1,FRA-Ligue 1,2324
2023-12-17 14:00:00,Lorient,Strasbourg,1.17121,1.76122,1,2,FRA-Ligue 1,2324
2023-12-17 16:05:00,Marseille,Clermont Foot,2.62654,0.131252,2,1,FRA-Ligue 1,2324
2023-12-17 14:00:00,Metz,Montpellier,0.850081,0.766157,0,1,FRA-Ligue 1,2324
2023-12-17 12:00:00,Nantes,Brest,1.38959,1.8065,0,2,FRA-Ligue 1,2324
2023-12-17 14:00:00,Toulouse,Rennes,0.686037,1.08165,0,0,FRA-Ligue 1,2324
2023-12-20 20:00:00,Brest,Lorient,1.59135,0.456656,4,0,FRA-Ligue 1,2324
2023-12-20 20:00:00,Clermont Foot,Rennes,0.75621,2.31736,1,3,FRA-Ligue 1,2324
2023-12-20 20:00:00,Lyon,Nantes,2.1113,0.351645,1,0,FRA-Ligue 1,2324
2023-12-20 20:00:00,Montpellier,Marseille,1.51091,1.20263,1,1,FRA-Ligue 1,2324
2023-12-20 20:00:00,Nice,Lens,2.95792,0.539445,2,0,FRA-Ligue 1,2324
2023-12-20 20:00:00,Paris Saint Germain,Metz,2.18199,0.149111,3,1,FRA-Ligue 1,2324
2023-12-20 20:00:00,Reims,Le Havre,1.4252,0.459561,1,0,FRA-Ligue 1,2324
2023-12-20 20:00:00,Strasbourg,Lille,0.805349,0.882407,2,1,FRA-Ligue 1,2324
2023-12-20 20:00:00,Toulouse,Monaco,1.58928,2.26628,1,2,FRA-Ligue 1,2324
2024-01-12 20:00:00,Marseille,Strasbourg,1.56944,1.14984,1,1,FRA-Ligue 1,2324
2024-01-13 16:00:00,Monaco,Reims,1.02592,1.91585,1,3,FRA-Ligue 1,2324
2024-01-13 20:00:00,Rennes,Nice,1.82506,0.805568,2,0,FRA-Ligue 1,2324
2024-01-14 14:00:00,Brest,Montpellier,4.34723,0.462585,2,0,FRA-Ligue 1,2324
2024-01-14 16:05:00,Le Havre,Lyon,1.47292,0.873358,3,1,FRA-Ligue 1,2324
2024-01-14 19:45:00,Lens,Paris Saint Germain,2.68223,1.80377,0,2,FRA-Ligue 1,2324
2024-01-14 12:00:00,Lille,Lorient,3.05553,0.122714,3,0,FRA-Ligue 1,2324
2024-01-14 14:00:00,Metz,Toulouse,0.558992,0.952191,0,1,FRA-Ligue 1,2324
2024-01-14 14:00:00,Nantes,Clermont Foot,1.63891,1.22157,1,2,FRA-Ligue 1,2324
2024-01-26 20:00:00,Lyon,Rennes,0.96504,1.37472,2,3,FRA-Ligue 1,2324
2024-01-27 20:00:00,Marseille,Monaco,3.46234,0.372187,2,2,FRA-Ligue 1,2324
2024-01-27 16:00:00,Nice,Metz,1.97472,0.119776,1,0,FRA-Ligue 1,2324
2024-01-28 14:00:00,Clermont Foot,Strasbourg,1.53045,1.31652,1,1,FRA-Ligue 1,2324
2024-01-28 14:00:00,Lorient,Le Havre,1.63382,1.35726,3,3,FRA-Ligue 1,2324
2024-01-28 12:00:00,Montpellier,Lille,1.37722,0.622726,0,0,FRA-Ligue 1,2324
2024-01-28 19:45:00,Paris Saint Germain,Brest,1.89797,1.07348,2,2,FRA-Ligue 1,2324
2024-01-28 14:00:00,Reims,Nantes,1.21383,1.40977,0,0,FRA-Ligue 1,2324
2024-01-28 16:05:00,Toulouse,Lens,2.4207,1.17066,0,2,FRA-Ligue 1,2324
2024-02-02 20:00:00,Strasbourg,Paris Saint Germain,2.57864,1.90654,1,2,FRA-Ligue 1,2324
2024-02-03 20:00:00,Nantes,Lens,0.711906,1.63838,0,1,FRA-Ligue 1,2324
2024-02-03 16:00:00,Rennes,Montpellier,2.21096,0.797935,2,1,FRA-Ligue 1,2324
2024-02-04 16:05:00,Brest,Nice,0.875796,0.67289,0,0,FRA-Ligue 1,2324
2024-02-04 14:00:00,Lille,Clermont Foot,2.44237,0.81129,4,0,FRA-Ligue 1,2324
2024-02-04 19:45:00,Lyon,Marseille,1.92161,0.511356,1,0,FRA-Ligue 1,2324
2024-02-04 14:00:00,Metz,Lorient,0.822983,1.37239,1,2,FRA-Ligue 1,2324
2024-02-04 12:00:00,Monaco,Le Havre,1.48516,0.149171,1,1,FRA-Ligue 1,2324
2024-02-04 14:00:00,Reims,Toulouse,2.02418,1.74173,2,3,FRA-Ligue 1,2324
2024-02-09 20:00:00,Marseille,Metz,2.39451,0.955249,1,1,FRA-Ligue 1,2324
2024-02-10 16:00:00,Lens,Strasbourg,1.91964,1.66695,3,1,FRA-Ligue 1,2324
2024-02-10 20:00:00,Paris Saint Germain,Lille,2.43098,1.48271,3,1,FRA-Ligue 1,2324
2024-02-11 14:00:00,Clermont Foot,Brest,1.19719,1.35687,1,1,FRA-Ligue 1,2324
2024-02-11 12:00:00,Le Havre,Rennes,1.37399,1.18673,0,1,FRA-Ligue 1,2324
2024-02-11 14:00:00,Lorient,Reims,2.29027,1.17008,2,0,FRA-Ligue 1,2324
2024-02-11 16:05:00,Montpellier,Lyon,1.78103,1.29775,1,2,FRA-Ligue 1,2324
2024-02-11 19:45:00,Nice,Monaco,2.16459,2.06475,2,3,FRA-Ligue 1,2324
2024-02-11 14:00:00,Toulouse,Nantes,0.893343,0.497993,1,2,FRA-Ligue 1,2324
2024-02-16 20:00:00,Lyon,Nice,0.801467,0.685452,1,0,FRA-Ligue 1,2324
2024-02-17 16:00:00,Lille,Le Havre,4.23306,0.29674,3,0,FRA-Ligue 1,2324
2024-02-17 20:00:00,Nantes,Paris Saint Germain,2.13627,1.71895,0,2,FRA-Ligue 1,2324
2024-02-18 19:45:00,Brest,Marseille,1.79901,0.49619,1,0,FRA-Ligue 1,2324
2024-02-18 14:00:00,Monaco,Toulouse,1.69534,1.57778,1,2,FRA-Ligue 1,2324
2024-02-18 14:00:00,Montpellier,Metz,3.04692,0.929361,3,0,FRA-Ligue 1,2324
2024-02-18 16:05:00,Reims,Lens,1.04087,1.45983,1,1,FRA-Ligue 1,2324
2024-02-18 14:00:00,Rennes,Clermont Foot,4.27182,0.755433,3,1,FRA-Ligue 1,2324
2024-02-18 12:00:00,Strasbourg,Lorient,1.71908,2.13729,1,3,FRA-Ligue 1,2324
2024-02-23 20:00:00,Metz,Lyon,1.76992,1.25668,1,2,FRA-Ligue 1,2324
2024-02-24 16:00:00,Lorient,Nantes,0.620869,0.331772,0,1,FRA-Ligue 1,2324
2024-02-24 20:00:00,Strasbourg,Brest,0.147244,1.75632,0,3,FRA-Ligue 1,2324
2024-02-25 14:00:00,Le Havre,Reims,1.71847,3.16987,1,2,FRA-Ligue 1,2324
2024-02-25 12:00:00,Lens,Monaco,2.863,2.33037,2,3,FRA-Ligue 1,2324
2024-02-25 19:45:00,Marseille,Montpellier,2.91179,1.09554,4,1,FRA-Ligue 1,2324
2024-02-25 14:00:00,Nice,Clermont Foot,1.97032,2.46292,0,0,FRA-Ligue 1,2324
2024-02-25 16:05:00,Paris Saint Germain,Rennes,1.88699,0.982428,1,1,FRA-Ligue 1,2324
2024-02-25 14:00:00,Toulouse,Lille,1.95824,0.599376,3,1,FRA-Ligue 1,2324
2024-03-01 20:00:00,Monaco,Paris Saint Germain,2.44196,1.84721,0,0,FRA-Ligue 1,2324
2024-03-02 20:00:00,Clermont Foot,Marseille,0.737192,3.06861,1,5,FRA-Ligue 1,2324
2024-03-02 16:00:00,Reims,Lille,0.533658,1.08259,0,1,FRA-Ligue 1,2324
2024-03-03 14:00:00,Brest,Le Havre,1.2486,0.427329,1,0,FRA-Ligue 1,2324
2024-03-03 19:45:00,Lyon,Lens,2.13225,3.35268,0,3,FRA-Ligue 1,2324
2024-03-03 14:00:00,Montpellier,Strasbourg,1.55397,1.61588,2,2,FRA-Ligue 1,2324
2024-03-03 14:00:00,Nantes,Metz,0.962736,2.36445,0,2,FRA-Ligue 1,2324
2024-03-03 16:05:00,Rennes,Lorient,1.48788,1.94566,1,2,FRA-Ligue 1,2324
2024-03-03 12:00:00,Toulouse,Nice,1.50074,1.91177,2,1,FRA-Ligue 1,2324
2024-03-08 20:00:00,Nice,Montpellier,1.51018,1.66988,1,2,FRA-Ligue 1,2324
2024-03-09 20:00:00,Lens,Brest,0.751467,0.522507,1,0,FRA-Ligue 1,2324
2024-03-09 16:00:00,Lorient,Lyon,0.279234,2.37921,0,2,FRA-Ligue 1,2324
2024-03-10 14:00:00,Le Havre,Toulouse,1.2502,0.212288,1,0,FRA-Ligue 1,2324
2024-03-10 16:00:00,Lille,Rennes,2.4764,1.21123,2,2,FRA-Ligue 1,2324
2024-03-10 19:45:00,Marseille,Nantes,2.03657,0.651156,2,0,FRA-Ligue 1,2324
2024-03-10 14:00:00,Metz,Clermont Foot,1.82804,0.624762,1,0,FRA-Ligue 1,2324
2024-03-10 12:00:00,Paris Saint Germain,Reims,1.53515,1.51893,2,2,FRA-Ligue 1,2324
2024-03-10 14:00:00,Strasbourg,Monaco,0.268122,1.32837,0,1,FRA-Ligue 1,2324
2024-03-15 20:00:00,Toulouse,Lyon,2.0594,1.49785,2,3,FRA-Ligue 1,2324
2024-03-16 20:00:00,Lens,Nice,1.36305,1.80693,1,3,FRA-Ligue 1,2324
2024-03-16 16:00:00,Nantes,Strasbourg,0.709166,1.88754,1,3,FRA-Ligue 1,2324
2024-03-17 12:00:00,Brest,Lille,1.4278,0.845861,1,1,FRA-Ligue 1,2324
2024-03-17 14:00:00,Clermont Foot,Le Havre,1.17889,1.13876,2,1,FRA-Ligue 1,2324
2024-03-17 14:00:00,Monaco,Lorient,3.43264,0.75287,2,2,FRA-Ligue 1,2324
2024-03-17 19:45:00,Montpellier,Paris Saint Germain,2.51778,2.24298,2,6,FRA-Ligue 1,2324
2024-03-17 14:00:00,Reims,Metz,1.57996,1.12407,2,1,FRA-Ligue 1,2324
2024-03-17 16:05:00,Rennes,Marseille,1.59209,0.740416,2,0,FRA-Ligue 1,2324
2024-03-29 20:00:00,Lille,Lens,1.60249,0.741746,2,1,FRA-Ligue 1,2324
2024-03-30 20:00:00,Lyon,Reims,2.12533,1.48533,1,1,FRA-Ligue 1,2324
2024-03-30 16:00:00,Metz,Monaco,1.76276,2.86235,2,5,FRA-Ligue 1,2324
2024-03-31 14:00:00,Clermont Foot,Toulouse,0.897271,2.30312,0,3,FRA-Ligue 1,2324
2024-03-31 14:00:00,Le Havre,Montpellier,0.690722,1.81849,0,2,FRA-Ligue 1,2324
2024-03-31 12:00:00,Lorient,Brest,1.41137,0.429902,0,1,FRA-Ligue 1,2324
2024-03-31 19:45:00,Marseille,Paris Saint Germain,1.02584,1.73967,0,2,FRA-Ligue 1,2324
2024-03-31 14:00:00,Nice,Nantes,1.21101,1.79381,1,2,FRA-Ligue 1,2324
2024-03-31 16:05:00,Strasbourg,Rennes,2.45769,0.913264,2,0,FRA-Ligue 1,2324
2024-04-05 19:00:00,Lille,Marseille,1.94744,0.849968,3,1,FRA-Ligue 1,2324
2024-04-06 15:00:00,Lens,Le Havre,1.03136,1.54783,1,1,FRA-Ligue 1,2324
2024-04-06 19:00:00,Paris Saint Germain,Clermont Foot,2.57381,0.28144,1,1,FRA-Ligue 1,2324
2024-04-07 11:00:00,Brest,Metz,4.51637,2.08036,4,3,FRA-Ligue 1,2324
2024-04-07 15:05:00,Monaco,Rennes,1.60487,1.6645,1,0,FRA-Ligue 1,2324
2024-04-07 13:00:00,Montpellier,Lorient,2.68931,1.74832,2,0,FRA-Ligue 1,2324
2024-04-07 18:45:00,Nantes,Lyon,1.10318,2.90994,1,3,FRA-Ligue 1,2324
2024-04-07 13:00:00,Reims,Nice,0.537635,1.92153,0,0,FRA-Ligue 1,2324
2024-04-07 13:00:00,Toulouse,Strasbourg,0.825103,0.582127,0,0,FRA-Ligue 1,2324
2024-04-12 19:00:00,Metz,Lens,0.802713,1.90927,2,1,FRA-Ligue 1,2324
2024-04-13 19:00:00,Rennes,Toulouse,0.877819,0.783871,1,2,FRA-Ligue 1,2324
2024-04-13 15:00:00,Strasbourg,Reims,2.30507,0.739073,3,1,FRA-Ligue 1,2324
2024-04-14 13:00:00,Clermont Foot,Montpellier,1.36904,1.71417,1,1,FRA-Ligue 1,2324
2024-04-14 11:00:00,Le Havre,Nantes,1.6031,0.756172,0,1,FRA-Ligue 1,2324
2024-04-14 18:45:00,Lyon,Brest,1.8478,1.7183,4,3,FRA-Ligue 1,2324
2024-04-19 19:00:00,Nice,Lorient,2.51301,0.561667,3,0,FRA-Ligue 1,2324
2024-04-20 19:00:00,Lens,Clermont Foot,2.80705,0.617299,1,0,FRA-Ligue 1,2324
2024-04-20 15:00:00,Nantes,Rennes,0.159376,2.38163,0,3,FRA-Ligue 1,2324
2024-04-21 15:05:00,Brest,Monaco,0.640964,1.30681,0,2,FRA-Ligue 1,2324
2024-04-21 13:00:00,Le Havre,Metz,0.649411,1.50162,0,1,FRA-Ligue 1,2324
2024-04-21 13:00:00,Lille,Strasbourg,1.26308,0.948728,1,0,FRA-Ligue 1,2324
2024-04-21 19:00:00,Paris Saint Germain,Lyon,3.09132,0.667233,4,1,FRA-Ligue 1,2324
2024-04-21 13:00:00,Reims,Montpellier,1.31942,1.35565,1,2,FRA-Ligue 1,2324
2024-04-21 17:00:00,Toulouse,Marseille,0.654707,1.06509,2,2,FRA-Ligue 1,2324
2024-04-24 17:00:00,Lorient,Paris Saint Germain,1.03633,1.97814,1,4,FRA-Ligue 1,2324
2024-04-24 19:00:00,Marseille,Nice,1.77662,1.28789,2,2,FRA-Ligue 1,2324
2024-04-24 19:00:00,Monaco,Lille,2.21532,1.28227,1,0,FRA-Ligue 1,2324
2024-04-26 19:00:00,Montpellier,Nantes,0.679578,1.70799,1,1,FRA-Ligue 1,2324
2024-04-27 19:00:00,Paris Saint Germain,Le Havre,2.25829,1.21268,3,3,FRA-Ligue 1,2324
2024-04-28 13:00:00,Clermont Foot,Reims,2.56811,0.875188,4,1,FRA-Ligue 1,2324
2024-04-28 13:00:00,Lorient,Toulouse,1.3574,2.23471,1,2,FRA-Ligue 1,2324
2024-04-28 17:00:00,Lyon,Monaco,2.6414,2.04607,3,2,FRA-Ligue 1,2324
2024-04-28 19:00:00,Marseille,Lens,1.77344,1.25145,2,1,FRA-Ligue 1,2324
2024-04-28 11:00:00,Metz,Lille,1.28183,0.882087,1,2,FRA-Ligue 1,2324
2024-04-28 15:05:00,Rennes,Brest,2.34207,2.18698,4,5,FRA-Ligue 1,2324
2024-04-28 13:00:00,Strasbourg,Nice,1.04231,1.89803,1,3,FRA-Ligue 1,2324
2024-05-03 19:00:00,Lens,Lorient,2.30235,0.459806,2,0,FRA-Ligue 1,2324
2024-05-03 17:00:00,Toulouse,Montpellier,1.98611,0.660372,1,2,FRA-Ligue 1,2324
2024-05-04 19:00:00,Brest,Nantes,0.621067,1.33601,0,0,FRA-Ligue 1,2324
2024-05-04 13:00:00,Le Havre,Strasbourg,2.56306,0.631836,3,1,FRA-Ligue 1,2324
2024-05-04 17:00:00,Metz,Rennes,0.829235,2.01818,2,3,FRA-Ligue 1,2324
2024-05-04 15:00:00,Monaco,Clermont Foot,3.44513,1.01532,4,1,FRA-Ligue 1,2324
2024-05-06 19:00:00,Lille,Lyon,1.12451,2.42982,3,4,FRA-Ligue 1,2324
2024-05-10 19:00:00,Brest,Reims,1.34751,0.432216,1,1,FRA-Ligue 1,2324
2024-05-10 19:00:00,Nice,Le Havre,1.93635,0.427788,1,0,FRA-Ligue 1,2324
2024-05-12 19:00:00,Clermont Foot,Lyon,1.17651,0.389723,0,1,FRA-Ligue 1,2324
2024-05-12 19:00:00,Marseille,Lorient,3.96907,1.0861,3,1,FRA-Ligue 1,2324
2024-05-12 19:00:00,Montpellier,Monaco,1.12952,2.31591,0,2,FRA-Ligue 1,2324
2024-05-12 19:00:00,Nantes,Lille,0.810391,1.40896,1,2,FRA-Ligue 1,2324
2024-05-12 19:00:00,Paris Saint Germain,Toulouse,1.50414,1.71089,1,3,FRA-Ligue 1,2324
2024-05-12 19:00:00,Rennes,Lens,2.1522,0.410537,1,1,FRA-Ligue 1,2324
2024-05-12 19:00:00,Strasbourg,Metz,1.38725,0.896939,2,1,FRA-Ligue 1,2324
2024-05-15 19:00:00,Nice,Paris Saint Germain,1.95517,1.44503,1,2,FRA-Ligue 1,2324
2024-05-15 19:00:00,Reims,Marseille,0.879349,1.81257,1,0,FRA-Ligue 1,2324
2024-05-19 19:00:00,Le Havre,Marseille,2.32336,2.32131,1,2,FRA-Ligue 1,2324
2024-05-19 19:00:00,Lens,Montpellier,5.38555,1.11518,2,2,FRA-Ligue 1,2324
2024-05-19 19:00:00,Lille,Nice,1.59935,1.32909,2,2,FRA-Ligue 1,2324
2024-05-19 19:00:00,Lorient,Clermont Foot,4.92005,0.737223,5,0,FRA-Ligue 1,2324
2024-05-19 19:00:00,Lyon,Strasbourg,3.26691,1.12544,2,1,FRA-Ligue 1,2324
2024-05-19 19:00:00,Metz,Paris Saint Germain,1.20722,2.92879,0,2,FRA-Ligue 1,2324
2024-05-19 19:00:00,Monaco,Nantes,1.85296,0.885758,4,0,FRA-Ligue 1,2324
2024-05-19 19:00:00,Reims,Rennes,1.39024,1.25648,2,1,FRA-Ligue 1,2324
2024-05-19 19:00:00,Toulouse,Brest,0.984204,1.02904,0,3,FRA-Ligue 1,2324
2024-08-16 18:45:00,Le Havre,Paris Saint Germain,0.197023,2.9098,1,4,FRA-Ligue 1,2425
2024-08-17 15:00:00,Brest,Marseille,1.51475,2.96496,1,5,FRA-Ligue 1,2425
2024-08-17 19:00:00,Monaco,Saint-Etienne,2.78444,0.484117,1,0,FRA-Ligue 1,2425
2024-08-17 17:00:00,Reims,Lille,0.0758907,2.31711,0,2,FRA-Ligue 1,2425
2024-08-18 15:00:00,Angers,Lens,0.297792,1.04077,0,1,FRA-Ligue 1,2425
2024-08-18 13:00:00,Auxerre,Nice,3.03248,0.58056,2,1,FRA-Ligue 1,2425
2024-08-18 15:00:00,Montpellier,Strasbourg,1.44704,1.10476,1,1,FRA-Ligue 1,2425
2024-08-18 18:45:00,Rennes,Lyon,2.57411,2.20066,3,0,FRA-Ligue 1,2425
2024-08-18 15:00:00,Toulouse,Nantes,1.50937,0.513845,0,0,FRA-Ligue 1,2425
2024-08-23 18:45:00,Paris Saint Germain,Montpellier,4.93703,0.772997,6,0,FRA-Ligue 1,2425
2024-08-24 17:00:00,Lille,Angers,1.25796,0.737042,2,0,FRA-Ligue 1,2425
2024-08-24 15:00:00,Lyon,Monaco,0.0144803,2.60916,0,2,FRA-Ligue 1,2425
2024-08-24 19:00:00,Saint-Etienne,Le Havre,1.48827,2.23362,0,2,FRA-Ligue 1,2425
2024-08-25 13:00:00,Lens,Brest,4.01926,0.695576,2,0,FRA-Ligue 1,2425
2024-08-25 18:45:00,Marseille,Reims,2.94016,1.01201,2,2,FRA-Ligue 1,2425
2024-08-25 15:00:00,Nantes,Auxerre,1.52541,0.876338,2,0,FRA-Ligue 1,2425
2024-08-25 15:00:00,Nice,Toulouse,1.23725,0.946618,1,1,FRA-Ligue 1,2425
2024-08-25 15:00:00,Strasbourg,Rennes,1.58875,1.40309,3,1,FRA-Ligue 1,2425
2024-08-30 18:45:00,Lyon,Strasbourg,3.22754,2.44695,4,3,FRA-Ligue 1,2425
2024-08-31 15:00:00,Brest,Saint-Etienne,3.60698,0.256612,4,0,FRA-Ligue 1,2425
2024-08-31 17:00:00,Montpellier,Nantes,0.745975,1.69437,1,3,FRA-Ligue 1,2425
2024-08-31 19:00:00,Toulouse,Marseille,0.485368,1.29819,1,3,FRA-Ligue 1,2425
2024-09-01 15:00:00,Angers,Nice,1.33204,2.53408,1,4,FRA-Ligue 1,2425
2024-09-01 15:00:00,Le Havre,Auxerre,2.83661,0.743523,3,1,FRA-Ligue 1,2425
2024-09-01 18:45:00,Lille,Paris Saint Germain,1.57562,3.24139,1,3,FRA-Ligue 1,2425
2024-09-01 13:00:00,Monaco,Lens,0.905621,1.91297,1,1,FRA-Ligue 1,2425
2024-09-01 15:00:00,Reims,Rennes,2.00948,1.02619,2,1,FRA-Ligue 1,2425
2024-09-13 18:30:00,Saint-Etienne,Lille,1.1774,2.73176,1,0,FRA-Ligue 1,2425
2024-09-14 17:00:00,Auxerre,Monaco,0.419427,3.37672,0,3,FRA-Ligue 1,2425
2024-09-14 15:00:00,Marseille,Nice,1.02694,1.72041,2,0,FRA-Ligue 1,2425
2024-09-14 19:00:00,Paris Saint Germain,Brest,2.91245,1.00928,3,1,FRA-Ligue 1,2425
2024-09-15 18:45:00,Lens,Lyon,0.623644,0.529029,0,0,FRA-Ligue 1,2425
2024-09-15 15:00:00,Nantes,Reims,1.43325,0.549218,1,2,FRA-Ligue 1,2425
2024-09-15 13:00:00,Rennes,Montpellier,1.26867,0.310262,3,0,FRA-Ligue 1,2425
2024-09-15 15:00:00,Strasbourg,Angers,2.47918,0.855084,1,1,FRA-Ligue 1,2425
2024-09-15 15:00:00,Toulouse,Le Havre,1.8674,0.15045,2,0,FRA-Ligue 1,2425
2024-09-20 18:45:00,Nice,Saint-Etienne,4.50007,0.335532,8,0,FRA-Ligue 1,2425
2024-09-21 15:00:00,Lille,Strasbourg,2.30213,3.02005,3,3,FRA-Ligue 1,2425
2024-09-21 19:00:00,Reims,Paris Saint Germain,0.760314,1.90277,1,1,FRA-Ligue 1,2425
2024-09-21 17:00:00,Rennes,Lens,1.34636,0.853348,1,1,FRA-Ligue 1,2425
2024-09-22 15:00:00,Angers,Nantes,0.82486,1.28588,1,1,FRA-Ligue 1,2425
2024-09-22 15:00:00,Brest,Toulouse,0.709045,2.3505,2,0,FRA-Ligue 1,2425
2024-09-22 18:45:00,Lyon,Marseille,3.89273,0.675578,2,3,FRA-Ligue 1,2425
2024-09-22 13:00:00,Monaco,Le Havre,1.84023,0.580512,3,1,FRA-Ligue 1,2425
2024-09-22 15:00:00,Montpellier,Auxerre,1.78396,1.42586,3,2,FRA-Ligue 1,2425
2024-09-27 17:00:00,Auxerre,Brest,2.9504,0.726126,3,0,FRA-Ligue 1,2425
2024-09-27 19:00:00,Paris Saint Germain,Rennes,3.22405,2.02646,3,1,FRA-Ligue 1,2425
2024-09-28 17:00:00,Le Havre,Lille,0.488988,3.5706,0,3,FRA-Ligue 1,2425
2024-09-28 15:00:00,Lens,Nice,2.06424,0.9614,0,0,FRA-Ligue 1,2425
2024-09-28 19:00:00,Monaco,Montpellier,3.45707,0.768868,2,1,FRA-Ligue 1,2425
2024-09-29 15:00:00,Angers,Reims,1.08284,4.18122,1,3,FRA-Ligue 1,2425
2024-09-29 15:00:00,Nantes,Saint-Etienne,2.61562,1.0242,2,2,FRA-Ligue 1,2425
2024-09-29 18:45:00,Strasbourg,Marseille,1.67455,0.782395,1,0,FRA-Ligue 1,2425
2024-09-29 13:00:00,Toulouse,Lyon,0.716626,0.730803,1,2,FRA-Ligue 1,2425
2024-10-04 18:45:00,Marseille,Angers,0.896807,1.19435,1,1,FRA-Ligue 1,2425
2024-10-05 17:00:00,Lille,Toulouse,1.37754,1.43654,2,1,FRA-Ligue 1,2425
2024-10-05 19:00:00,Rennes,Monaco,0.640297,0.498715,1,2,FRA-Ligue 1,2425
2024-10-05 15:00:00,Saint-Etienne,Auxerre,2.45106,0.71964,3,1,FRA-Ligue 1,2425
2024-10-06 15:00:00,Brest,Le Havre,0.890433,2.11913,2,0,FRA-Ligue 1,2425
2024-10-06 13:00:00,Lyon,Nantes,2.43324,0.765938,2,0,FRA-Ligue 1,2425
2024-10-06 18:45:00,Nice,Paris Saint Germain,0.326466,0.822322,1,1,FRA-Ligue 1,2425
2024-10-06 15:00:00,Reims,Montpellier,3.71514,0.874094,4,2,FRA-Ligue 1,2425
2024-10-06 15:00:00,Strasbourg,Lens,1.31135,1.43012,2,2,FRA-Ligue 1,2425
2024-10-18 18:45:00,Monaco,Lille,1.1914,0.163769,0,0,FRA-Ligue 1,2425
2024-10-19 15:00:00,Brest,Rennes,1.42573,1.14445,1,1,FRA-Ligue 1,2425
2024-10-19 19:00:00,Paris Saint Germain,Strasbourg,4.66981,2.22038,4,2,FRA-Ligue 1,2425
2024-10-19 17:00:00,Saint-Etienne,Lens,0.782727,1.35593,0,2,FRA-Ligue 1,2425
2024-10-20 15:00:00,Auxerre,Reims,2.86385,1.22872,2,1,FRA-Ligue 1,2425
2024-10-20 13:00:00,Le Havre,Lyon,0.360268,2.76676,0,4,FRA-Ligue 1,2425
2024-10-20 18:45:00,Montpellier,Marseille,1.75684,3.88109,0,5,FRA-Ligue 1,2425
2024-10-20 15:00:00,Nantes,Nice,0.832336,0.776883,1,1,FRA-Ligue 1,2425
2024-10-20 15:00:00,Toulouse,Angers,2.43778,1.47299,1,1,FRA-Ligue 1,2425
2024-10-25 18:45:00,Rennes,Le Havre,1.84154,0.272294,1,0,FRA-Ligue 1,2425
2024-10-26 15:00:00,Angers,Saint-Etienne,3.26778,1.33,4,2,FRA-Ligue 1,2425
2024-10-26 19:00:00,Lens,Lille,0.865293,1.47637,0,2,FRA-Ligue 1,2425
2024-10-26 17:00:00,Reims,Brest,1.44911,1.64092,1,2,FRA-Ligue 1,2425
2024-10-27 14:00:00,Lyon,Auxerre,2.21183,1.0609,2,2,FRA-Ligue 1,2425
2024-10-27 19:45:00,Marseille,Paris Saint Germain,0.277951,4.04221,0,3,FRA-Ligue 1,2425
2024-10-27 16:00:00,Montpellier,Toulouse,0.241419,2.88708,0,3,FRA-Ligue 1,2425
2024-10-27 16:00:00,Nice,Monaco,1.79435,0.796703,2,1,FRA-Ligue 1,2425
2024-10-27 16:00:00,Strasbourg,Nantes,1.99679,0.761926,3,1,FRA-Ligue 1,2425
2024-11-01 20:00:00,Lille,Lyon,1.67241,1.58011,1,1,FRA-Ligue 1,2425
2024-11-01 18:00:00,Monaco,Angers,1.47525,0.50003,0,1,FRA-Ligue 1,2425
2024-11-02 18:00:00,Brest,Nice,1.02021,1.92085,0,1,FRA-Ligue 1,2425
2024-11-02 16:00:00,Paris Saint Germain,Lens,2.76932,0.803421,1,0,FRA-Ligue 1,2425
2024-11-02 20:00:00,Saint-Etienne,Strasbourg,2.82745,0.451174,2,0,FRA-Ligue 1,2425
2024-11-03 16:00:00,Auxerre,Rennes,2.39897,0.701873,4,0,FRA-Ligue 1,2425
2024-11-03 16:00:00,Le Havre,Montpellier,1.7998,0.722691,1,0,FRA-Ligue 1,2425
2024-11-03 19:45:00,Nantes,Marseille,1.25901,0.876221,1,2,FRA-Ligue 1,2425
2024-11-03 14:00:00,Toulouse,Reims,0.910081,0.818661,1,0,FRA-Ligue 1,2425
2024-11-08 19:45:00,Marseille,Auxerre,2.02831,2.09466,1,3,FRA-Ligue 1,2425
2024-11-09 20:00:00,Angers,Paris Saint Germain,1.21483,4.38095,2,4,FRA-Ligue 1,2425
2024-11-09 18:00:00,Lens,Nantes,3.74705,1.49891,3,2,FRA-Ligue 1,2425
2024-11-09 16:00:00,Strasbourg,Monaco,0.771173,3.42574,1,3,FRA-Ligue 1,2425
2024-11-10 16:00:00,Le Havre,Reims,1.51035,2.69952,0,3,FRA-Ligue 1,2425
2024-11-10 19:45:00,Lyon,Saint-Etienne,2.28647,0.703111,1,0,FRA-Ligue 1,2425
2024-11-10 16:00:00,Montpellier,Brest,3.03758,1.88669,3,1,FRA-Ligue 1,2425
2024-11-10 14:00:00,Nice,Lille,1.92983,2.19562,2,2,FRA-Ligue 1,2425
2024-11-10 16:00:00,Rennes,Toulouse,0.31279,1.31564,0,2,FRA-Ligue 1,2425
2024-11-22 18:00:00,Monaco,Brest,2.55781,1.38684,3,2,FRA-Ligue 1,2425
2024-11-22 20:00:00,Paris Saint Germain,Toulouse,1.63216,1.84157,3,0,FRA-Ligue 1,2425
2024-11-23 16:00:00,Lens,Marseille,2.1723,1.37895,1,3,FRA-Ligue 1,2425
2024-11-23 20:00:00,Reims,Lyon,1.17295,1.92683,1,1,FRA-Ligue 1,2425
2024-11-23 18:00:00,Saint-Etienne,Montpellier,1.27297,0.862794,1,0,FRA-Ligue 1,2425
2024-11-24 16:00:00,Auxerre,Angers,0.683126,1.14148,1,0,FRA-Ligue 1,2425
2024-11-24 14:00:00,Lille,Rennes,0.641516,0.178059,1,0,FRA-Ligue 1,2425
2024-11-24 16:00:00,Nantes,Le Havre,0.846924,0.977121,0,2,FRA-Ligue 1,2425
2024-11-24 19:45:00,Nice,Strasbourg,2.03827,0.524154,2,1,FRA-Ligue 1,2425
2024-11-29 19:45:00,Reims,Lens,0.589301,1.40788,0,2,FRA-Ligue 1,2425
2024-11-30 18:00:00,Brest,Strasbourg,2.90417,0.930345,3,1,FRA-Ligue 1,2425
2024-11-30 20:00:00,Paris Saint Germain,Nantes,3.85838,0.742742,1,1,FRA-Ligue 1,2425
2024-11-30 16:00:00,Rennes,Saint-Etienne,3.01812,0.168428,5,0,FRA-Ligue 1,2425
2024-12-01 16:00:00,Le Havre,Angers,0.322626,2.10367,0,1,FRA-Ligue 1,2425
2024-12-01 16:00:00,Lyon,Nice,2.88467,2.03621,4,1,FRA-Ligue 1,2425
2024-12-01 19:45:00,Marseille,Monaco,1.65632,0.958578,2,1,FRA-Ligue 1,2425
2024-12-01 14:00:00,Montpellier,Lille,1.28241,2.06485,2,2,FRA-Ligue 1,2425
2024-12-01 16:00:00,Toulouse,Auxerre,2.78623,0.129647,2,0,FRA-Ligue 1,2425
2024-12-06 20:00:00,Auxerre,Paris Saint Germain,0.34154,3.04535,0,0,FRA-Ligue 1,2425
2024-12-06 18:00:00,Lille,Brest,3.01042,0.740372,3,1,FRA-Ligue 1,2425
2024-12-07 20:00:00,Angers,Lyon,0.505438,2.02701,0,3,FRA-Ligue 1,2425
2024-12-07 16:00:00,Monaco,Toulouse,2.8043,0.232536,2,0,FRA-Ligue 1,2425
2024-12-07 18:00:00,Nice,Le Havre,2.27599,1.42884,2,1,FRA-Ligue 1,2425
2024-12-08 14:00:00,Lens,Montpellier,1.10272,1.51819,2,0,FRA-Ligue 1,2425
2024-12-08 16:00:00,Nantes,Rennes,1.70972,0.285927,1,0,FRA-Ligue 1,2425
2024-12-08 19:45:00,Saint-Etienne,Marseille,0.166752,2.9851,0,2,FRA-Ligue 1,2425
2024-12-08 16:00:00,Strasbourg,Reims,1.0949,1.28455,0,0,FRA-Ligue 1,2425
2024-12-13 19:45:00,Toulouse,Saint-Etienne,1.73249,0.388289,2,1,FRA-Ligue 1,2425
2024-12-14 18:00:00,Auxerre,Lens,0.51026,1.73768,2,2,FRA-Ligue 1,2425
2024-12-14 16:00:00,Marseille,Lille,1.21515,1.24013,1,1,FRA-Ligue 1,2425
2024-12-14 20:00:00,Reims,Monaco,1.52074,1.3291,0,0,FRA-Ligue 1,2425
2024-12-15 16:00:00,Brest,Nantes,2.20104,1.39913,4,1,FRA-Ligue 1,2425
2024-12-15 16:00:00,Le Havre,Strasbourg,1.58328,1.39172,0,3,FRA-Ligue 1,2425
2024-12-15 14:00:00,Montpellier,Nice,2.45121,1.55192,2,2,FRA-Ligue 1,2425
2024-12-15 19:45:00,Paris Saint Germain,Lyon,2.59615,1.23945,3,1,FRA-Ligue 1,2425
2024-12-15 16:00:00,Rennes,Angers,0.62717,0.391796,2,0,FRA-Ligue 1,2425
2024-12-18 20:00:00,Monaco,Paris Saint Germain,3.10193,2.40654,2,4,FRA-Ligue 1,2425
2025-01-03 20:00:00,Nice,Rennes,1.51944,1.50451,3,2,FRA-Ligue 1,2425
2025-01-04 18:00:00,Lille,Nantes,1.13415,1.07277,1,1,FRA-Ligue 1,2425
2025-01-04 20:00:00,Lyon,Montpellier,1.07725,1.55585,1,0,FRA-Ligue 1,2425
2025-01-04 16:00:00,Saint-Etienne,Reims,3.18639,1.27612,3,1,FRA-Ligue 1,2425
2025-01-05 14:00:00,Angers,Brest,1.90119,0.608874,2,0,FRA-Ligue 1,2425
2025-01-05 14:00:00,Lens,Toulouse,1.32887,2.19226,0,1,FRA-Ligue 1,2425
2025-01-05 19:45:00,Marseille,Le Havre,3.17491,0.885341,5,1,FRA-Ligue 1,2425
2025-01-05 14:00:00,Strasbourg,Auxerre,2.89722,1.7605,3,1,FRA-Ligue 1,2425
2025-01-10 20:00:00,Auxerre,Lille,0.601359,1.51829,0,0,FRA-Ligue 1,2425
2025-01-10 18:00:00,Nantes,Monaco,1.41184,3.48791,2,2,FRA-Ligue 1,2425
2025-01-11 16:00:00,Brest,Lyon,1.28964,1.40093,2,1,FRA-Ligue 1,2425
2025-01-11 18:00:00,Reims,Nice,0.950928,3.22004,2,4,FRA-Ligue 1,2425
2025-01-11 20:00:00,Rennes,Marseille,1.76569,2.49254,1,2,FRA-Ligue 1,2425
2025-01-12 14:00:00,Le Havre,Lens,1.84216,3.10793,1,2,FRA-Ligue 1,2425
2025-01-12 16:15:00,Montpellier,Angers,1.44663,3.46863,1,3,FRA-Ligue 1,2425
2025-01-12 19:45:00,Paris Saint Germain,Saint-Etienne,5.07062,0.410024,2,1,FRA-Ligue 1,2425
2025-01-12 16:15:00,Toulouse,Strasbourg,1.19281,1.82783,1,2,FRA-Ligue 1,2425
2025-01-17 20:05:00,Lille,Nice,1.29219,2.90437,2,1,FRA-Ligue 1,2425
2025-01-17 18:00:00,Montpellier,Monaco,2.60645,1.74957,2,1,FRA-Ligue 1,2425
2025-01-18 16:00:00,Lens,Paris Saint Germain,1.34901,1.57299,1,2,FRA-Ligue 1,2425
2025-01-18 20:05:00,Lyon,Toulouse,0.619056,1.36611,0,0,FRA-Ligue 1,2425
2025-01-18 18:00:00,Rennes,Brest,1.92675,1.87321,1,2,FRA-Ligue 1,2425
2025-01-19 16:15:00,Angers,Auxerre,1.21759,0.462137,2,0,FRA-Ligue 1,2425
2025-01-19 19:45:00,Marseille,Strasbourg,3.29082,0.854933,1,1,FRA-Ligue 1,2425
2025-01-19 16:15:00,Reims,Le Havre,1.49091,1.29453,1,1,FRA-Ligue 1,2425
2025-01-19 14:00:00,Saint-Etienne,Nantes,0.836137,1.36031,1,1,FRA-Ligue 1,2425
2025-01-24 19:45:00,Auxerre,Saint-Etienne,0.582829,1.1913,1,1,FRA-Ligue 1,2425
2025-01-25 16:00:00,Monaco,Rennes,3.47384,1.85205,3,2,FRA-Ligue 1,2425
2025-01-25 20:05:00,Paris Saint Germain,Reims,1.79628,0.613384,1,1,FRA-Ligue 1,2425
2025-01-25 18:00:00,Strasbourg,Lille,1.19703,1.95469,2,1,FRA-Ligue 1,2425
2025-01-26 14:00:00,Le Havre,Brest,0.696232,2.38282,0,1,FRA-Ligue 1,2425
2025-01-26 16:15:00,Lens,Angers,2.01118,0.0813578,1,0,FRA-Ligue 1,2425
2025-01-26 16:15:00,Nantes,Lyon,1.62983,1.61762,1,1,FRA-Ligue 1,2425
2025-01-26 19:45:00,Nice,Marseille,2.10992,1.11157,2,0,FRA-Ligue 1,2425
2025-01-26 16:15:00,Toulouse,Montpellier,1.34257,0.939857,1,2,FRA-Ligue 1,2425
2025-01-31 19:45:00,Montpellier,Lens,1.11121,3.21001,0,2,FRA-Ligue 1,2425
2025-02-01 16:00:00,Brest,Paris Saint Germain,0.63646,3.94899,2,5,FRA-Ligue 1,2425
2025-02-01 20:05:00,Lille,Saint-Etienne,2.74822,2.10343,4,1,FRA-Ligue 1,2425
2025-02-01 18:00:00,Monaco,Auxerre,2.07751,1.6376,4,2,FRA-Ligue 1,2425
2025-02-02 16:15:00,Angers,Le Havre,1.77333,2.19254,1,1,FRA-Ligue 1,2425
2025-02-02 19:45:00,Marseille,Lyon,3.61972,1.83806,3,2,FRA-Ligue 1,2425
2025-02-02 16:15:00,Reims,Nantes,0.960868,1.41652,1,2,FRA-Ligue 1,2425
2025-02-02 16:15:00,Rennes,Strasbourg,0.763344,0.994427,1,0,FRA-Ligue 1,2425
2025-02-02 14:00:00,Toulouse,Nice,0.854551,1.51342,1,1,FRA-Ligue 1,2425
2025-02-07 16:00:00,Nantes,Brest,1.45114,2.49765,0,2,FRA-Ligue 1,2425
2025-02-07 20:05:00,Paris Saint Germain,Monaco,3.13964,0.924683,4,1,FRA-Ligue 1,2425
2025-02-08 16:00:00,Lille,Le Havre,1.76979,1.65349,1,2,FRA-Ligue 1,2425
2025-02-08 16:00:00,Nice,Lens,3.37347,1.02488,2,0,FRA-Ligue 1,2425
2025-02-08 20:05:00,Saint-Etienne,Rennes,0.462142,4.06991,0,2,FRA-Ligue 1,2425
2025-02-09 19:45:00,Angers,Marseille,0.367397,2.87581,0,2,FRA-Ligue 1,2425
2025-02-09 16:15:00,Auxerre,Toulouse,0.716768,1.16269,2,2,FRA-Ligue 1,2425
2025-02-09 14:00:00,Lyon,Reims,3.24979,0.307882,4,0,FRA-Ligue 1,2425
2025-02-09 16:15:00,Strasbourg,Montpellier,3.17215,1.9822,2,0,FRA-Ligue 1,2425
2025-02-14 19:45:00,Brest,Auxerre,1.97492,1.48646,2,2,FRA-Ligue 1,2425
2025-02-15 16:00:00,Marseille,Saint-Etienne,5.94236,1.0312,5,1,FRA-Ligue 1,2425
2025-02-15 18:00:00,Monaco,Nantes,5.14782,1.36606,7,1,FRA-Ligue 1,2425
2025-02-15 20:05:00,Toulouse,Paris Saint Germain,1.19618,2.93281,0,1,FRA-Ligue 1,2425
2025-02-16 16:15:00,Le Havre,Nice,0.555829,1.22276,1,3,FRA-Ligue 1,2425
2025-02-16 16:15:00,Lens,Strasbourg,0.265561,1.97845,0,2,FRA-Ligue 1,2425
2025-02-16 14:00:00,Montpellier,Lyon,1.33893,1.59077,1,4,FRA-Ligue 1,2425
2025-02-16 16:15:00,Reims,Angers,2.06733,2.43148,0,1,FRA-Ligue 1,2425
2025-02-16 19:45:00,Rennes,Lille,0.417057,3.01977,0,2,FRA-Ligue 1,2425
2025-02-21 19:45:00,Rennes,Reims,3.0636,0.160269,1,0,FRA-Ligue 1,2425
2025-02-22 20:05:00,Auxerre,Marseille,1.96607,1.22185,3,0,FRA-Ligue 1,2425
2025-02-22 16:00:00,Lille,Monaco,1.04956,2.78007,2,1,FRA-Ligue 1,2425
2025-02-22 18:00:00,Saint-Etienne,Angers,1.70031,3.1805,3,3,FRA-Ligue 1,2425
2025-02-23 16:15:00,Le Havre,Toulouse,1.04249,2.60783,1,4,FRA-Ligue 1,2425
2025-02-23 19:45:00,Lyon,Paris Saint Germain,1.76184,2.74583,2,3,FRA-Ligue 1,2425
2025-02-23 14:00:00,Nantes,Lens,4.25273,2.06191,3,1,FRA-Ligue 1,2425
2025-02-23 16:15:00,Nice,Montpellier,2.14122,0.916772,2,0,FRA-Ligue 1,2425
2025-02-23 16:15:00,Strasbourg,Brest,0.785346,0.498988,0,0,FRA-Ligue 1,2425
2025-02-28 19:45:00,Monaco,Reims,4.01066,0.722972,3,0,FRA-Ligue 1,2425
2025-03-01 18:00:00,Lens,Le Havre,2.02687,1.73131,3,4,FRA-Ligue 1,2425
2025-03-01 20:05:00,Paris Saint Germain,Lille,3.59846,0.872733,4,1,FRA-Ligue 1,2425
2025-03-01 16:00:00,Saint-Etienne,Nice,1.01895,2.41374,1,3,FRA-Ligue 1,2425
2025-03-02 16:15:00,Angers,Toulouse,0.363765,4.43647,0,4,FRA-Ligue 1,2425
2025-03-02 16:15:00,Auxerre,Strasbourg,2.09273,1.52559,0,1,FRA-Ligue 1,2425
2025-03-02 14:00:00,Lyon,Brest,1.54474,1.89282,2,1,FRA-Ligue 1,2425
2025-03-02 19:45:00,Marseille,Nantes,2.61727,0.838148,2,0,FRA-Ligue 1,2425
2025-03-02 16:15:00,Montpellier,Rennes,1.60296,2.49604,0,4,FRA-Ligue 1,2425
2025-03-07 19:45:00,Toulouse,Monaco,1.25392,2.8576,1,1,FRA-Ligue 1,2425
2025-03-08 18:00:00,Lille,Montpellier,1.7771,0.305936,1,0,FRA-Ligue 1,2425
2025-03-08 20:05:00,Marseille,Lens,1.18945,1.23993,0,1,FRA-Ligue 1,2425
2025-03-08 16:00:00,Rennes,Paris Saint Germain,2.10922,3.39834,1,4,FRA-Ligue 1,2425
2025-03-09 14:00:00,Brest,Angers,4.53611,0.48923,2,0,FRA-Ligue 1,2425
2025-03-09 16:15:00,Le Havre,Saint-Etienne,2.15479,1.3916,1,1,FRA-Ligue 1,2425
2025-03-09 16:15:00,Nantes,Strasbourg,0.66134,1.17018,0,1,FRA-Ligue 1,2425
2025-03-09 19:45:00,Nice,Lyon,1.50591,0.78019,0,2,FRA-Ligue 1,2425
2025-03-09 16:15:00,Reims,Auxerre,1.83707,1.87605,0,2,FRA-Ligue 1,2425
2025-03-14 19:45:00,Nice,Auxerre,2.29143,0.606081,1,1,FRA-Ligue 1,2425
2025-03-15 18:00:00,Angers,Monaco,0.497795,2.03553,0,2,FRA-Ligue 1,2425
2025-03-15 20:05:00,Lens,Rennes,0.643819,0.653605,1,0,FRA-Ligue 1,2425
2025-03-15 16:00:00,Nantes,Lille,2.00991,2.45036,1,0,FRA-Ligue 1,2425
2025-03-16 16:15:00,Brest,Reims,0.33799,0.985266,0,0,FRA-Ligue 1,2425
2025-03-16 14:00:00,Lyon,Le Havre,3.58655,1.56105,4,2,FRA-Ligue 1,2425
2025-03-16 16:15:00,Montpellier,Saint-Etienne,1.33869,1.13788,0,2,FRA-Ligue 1,2425
2025-03-16 19:45:00,Paris Saint Germain,Marseille,2.60859,0.734284,3,1,FRA-Ligue 1,2425
2025-03-16 16:15:00,Strasbourg,Toulouse,1.98742,1.39687,2,1,FRA-Ligue 1,2425
2025-03-28 19:45:00,Strasbourg,Lyon,1.77552,2.87161,4,2,FRA-Ligue 1,2425
2025-03-29 20:05:00,Monaco,Nice,2.52612,0.60151,2,1,FRA-Ligue 1,2425
2025-03-29 16:00:00,Reims,Marseille,1.05547,1.07885,3,1,FRA-Ligue 1,2425
2025-03-29 18:00:00,Saint-Etienne,Paris Saint Germain,1.27635,3.96021,1,6,FRA-Ligue 1,2425
2025-03-30 16:15:00,Angers,Rennes,1.04854,1.63382,0,3,FRA-Ligue 1,2425
2025-03-30 16:15:00,Auxerre,Montpellier,2.11681,0.457017,1,0,FRA-Ligue 1,2425
2025-03-30 16:15:00,Le Havre,Nantes,4.01379,1.06585,3,2,FRA-Ligue 1,2425
2025-03-30 19:45:00,Lille,Lens,1.95492,0.596446,1,0,FRA-Ligue 1,2425
2025-03-30 14:00:00,Toulouse,Brest,2.44172,1.99117,2,4,FRA-Ligue 1,2425
2025-04-04 18:45:00,Nice,Nantes,2.17922,0.945149,1,2,FRA-Ligue 1,2425
2025-04-05 17:00:00,Brest,Monaco,0.90697,1.75483,2,1,FRA-Ligue 1,2425
2025-04-05 19:05:00,Lyon,Lille,1.75398,0.656931,2,1,FRA-Ligue 1,2425
2025-04-05 15:00:00,Paris Saint Germain,Angers,1.64379,0.280438,1,0,FRA-Ligue 1,2425
2025-04-06 13:00:00,Lens,Saint-Etienne,2.50421,1.69228,1,0,FRA-Ligue 1,2425
2025-04-06 18:45:00,Marseille,Toulouse,1.13222,1.30619,3,2,FRA-Ligue 1,2425
2025-04-06 15:15:00,Montpellier,Le Havre,0.956146,1.72977,0,2,FRA-Ligue 1,2425
2025-04-06 15:15:00,Reims,Strasbourg,0.891063,2.80314,0,1,FRA-Ligue 1,2425
2025-04-06 15:15:00,Rennes,Auxerre,1.06426,1.10602,0,1,FRA-Ligue 1,2425
2025-04-11 18:45:00,Lens,Reims,2.71917,1.44859,0,2,FRA-Ligue 1,2425
2025-04-12 15:00:00,Monaco,Marseille,2.91516,0.877673,3,0,FRA-Ligue 1,2425
2025-04-12 19:05:00,Strasbourg,Nice,0.789035,1.83829,2,2,FRA-Ligue 1,2425
2025-04-12 17:00:00,Toulouse,Lille,0.982005,0.599675,1,2,FRA-Ligue 1,2425
2025-04-13 15:15:00,Angers,Montpellier,1.771,0.452518,2,0,FRA-Ligue 1,2425
2025-04-13 18:45:00,Auxerre,Lyon,1.00397,3.11801,1,3,FRA-Ligue 1,2425
2025-04-13 15:15:00,Le Havre,Rennes,0.718016,3.72188,1,5,FRA-Ligue 1,2425
2025-04-13 13:00:00,Saint-Etienne,Brest,1.02329,2.01379,3,3,FRA-Ligue 1,2425
2025-04-18 18:45:00,Rennes,Nantes,2.52992,0.702331,2,1,FRA-Ligue 1,2425
2025-04-19 19:05:00,Marseille,Montpellier,3.82233,0.304052,5,1,FRA-Ligue 1,2425
2025-04-19 17:00:00,Monaco,Strasbourg,0.969947,0.340219,0,0,FRA-Ligue 1,2425
2025-04-19 15:00:00,Paris Saint Germain,Le Havre,3.19233,0.709291,2,1,FRA-Ligue 1,2425
2025-04-20 15:15:00,Brest,Lens,1.05399,2.98551,1,3,FRA-Ligue 1,2425
2025-04-20 13:00:00,Lille,Auxerre,2.97047,0.280948,3,1,FRA-Ligue 1,2425
2025-04-20 15:15:00,Nice,Angers,2.72567,0.278639,2,1,FRA-Ligue 1,2425
2025-04-20 15:15:00,Reims,Toulouse,0.659517,1.32734,1,0,FRA-Ligue 1,2425
2025-04-20 18:45:00,Saint-Etienne,Lyon,1.74645,0.632299,2,1,FRA-Ligue 1,2425
2025-04-22 18:45:00,Nantes,Paris Saint Germain,0.520926,2.30552,1,1,FRA-Ligue 1,2425
2025-04-25 18:45:00,Paris Saint Germain,Nice,4.50698,1.63001,1,3,FRA-Ligue 1,2425
2025-04-26 17:00:00,Le Havre,Monaco,0.807798,3.28954,1,1,FRA-Ligue 1,2425
2025-04-26 19:05:00,Lyon,Rennes,2.25879,0.781584,4,1,FRA-Ligue 1,2425
2025-04-26 15:00:00,Strasbourg,Saint-Etienne,2.8346,2.2201,3,1,FRA-Ligue 1,2425
2025-04-27 13:00:00,Angers,Lille,0.916985,2.22596,0,2,FRA-Ligue 1,2425
2025-04-27 15:15:00,Lens,Auxerre,2.31455,2.38411,0,4,FRA-Ligue 1,2425
2025-04-27 18:45:00,Marseille,Brest,1.12568,2.00913,4,1,FRA-Ligue 1,2425
2025-04-27 15:15:00,Montpellier,Reims,0.949696,1.03714,0,0,FRA-Ligue 1,2425
2025-04-27 15:15:00,Nantes,Toulouse,1.33764,0.410988,0,0,FRA-Ligue 1,2425
2025-05-02 18:45:00,Nice,Reims,1.2118,0.876237,1,0,FRA-Ligue 1,2425
2025-05-03 19:05:00,Saint-Etienne,Monaco,1.16957,1.84407,1,3,FRA-Ligue 1,2425
2025-05-03 15:00:00,Strasbourg,Paris Saint Germain,1.42064,2.35931,2,1,FRA-Ligue 1,2425
2025-05-03 17:00:00,Toulouse,Rennes,1.01393,1.57739,2,1,FRA-Ligue 1,2425
2025-05-04 15:15:00,Auxerre,Le Havre,0.32277,1.30285,1,2,FRA-Ligue 1,2425
2025-05-04 15:15:00,Brest,Montpellier,1.34191,0.413817,1,0,FRA-Ligue 1,2425
2025-05-04 18:45:00,Lille,Marseille,0.682721,1.42571,1,1,FRA-Ligue 1,2425
2025-05-04 15:15:00,Lyon,Lens,1.1801,0.952824,1,2,FRA-Ligue 1,2425
2025-05-04 13:00:00,Nantes,Angers,0.14126,0.727966,0,1,FRA-Ligue 1,2425
2025-05-10 19:00:00,Angers,Strasbourg,1.33058,0.710143,2,1,FRA-Ligue 1,2425
2025-05-10 19:00:00,Auxerre,Nantes,0.624481,0.823377,1,1,FRA-Ligue 1,2425
2025-05-10 19:00:00,Brest,Lille,1.88589,1.84479,2,0,FRA-Ligue 1,2425
2025-05-10 19:00:00,Le Havre,Marseille,1.10297,2.16132,1,3,FRA-Ligue 1,2425
2025-05-10 19:00:00,Monaco,Lyon,1.48659,0.390411,2,0,FRA-Ligue 1,2425
2025-05-10 19:00:00,Montpellier,Paris Saint Germain,0.594471,1.78222,1,4,FRA-Ligue 1,2425
2025-05-10 19:00:00,Reims,Saint-Etienne,1.12267,0.71062,0,2,FRA-Ligue 1,2425
2025-05-10 19:00:00,Rennes,Nice,2.06744,1.23457,2,0,FRA-Ligue 1,2425
2025-05-10 19:00:00,Toulouse,Lens,1.12406,0.766404,1,1,FRA-Ligue 1,2425
2025-05-17 19:00:00,Lens,Monaco,2.49045,0.481188,4,0,FRA-Ligue 1,2425
2025-05-17 19:00:00,Lille,Reims,2.31624,0.0983246,2,1,FRA-Ligue 1,2425
2025-05-17 19:00:00,Lyon,Angers,3.75818,0.556633,2,0,FRA-Ligue 1,2425
2025-05-17 19:00:00,Marseille,Rennes,4.06558,1.40321,4,2,FRA-Ligue 1,2425
2025-05-17 19:00:00,Nantes,Montpellier,3.00657,0.602786,3,0,FRA-Ligue 1,2425
2025-05-17 19:00:00,Nice,Brest,5.0223,0.68904,6,0,FRA-Ligue 1,2425
2025-05-17 19:00:00,Paris Saint Germain,Auxerre,3.71972,0.9013,3,1,FRA-Ligue 1,2425
2025-05-17 19:00:00,Saint-Etienne,Toulouse,1.32698,3.82215,2,3,FRA-Ligue 1,2425
2025-05-17 19:00:00,Strasbourg,Le Havre,1.74414,2.49529,2,3,FRA-Ligue 1,2425
