id_partido,fecha,liga,temporada,equipo_home,rival_home,es_local_home,goles_favor_home,goles_contra_home,xg_favor_home,xg_contra_home,xg_favor_roll_5_home,xg_contra_roll_5_home,xg_diff_roll_5_home,xg_favor_roll_10_home,xg_contra_roll_10_home,xg_diff_roll_10_home,conversion_ratio_10_home,equipo_away,rival_away,es_local_away,goles_favor_away,goles_contra_away,xg_favor_away,xg_contra_away,xg_favor_roll_5_away,xg_contra_roll_5_away,xg_diff_roll_5_away,xg_favor_roll_10_away,xg_contra_roll_10_away,xg_diff_roll_10_away,conversion_ratio_10_away,target_1x2,total_goles,target_over25,tendencia_xg_home,tendencia_xg_away,diff_xg_5_h_vs_a,diff_xg_10_h_vs_a,prob_empate,prob_local,prob_visita
5770,2024-10-19 16:00:00,ITA-Serie A,2425,AC Milan,Udinese,1,1,0,1.20398,0.522785,2.311204,1.187891,1.123313,2.3784650000000003,1.3499577,1.0285073000000002,1.0090537346340036,Udinese,AC Milan,0,0,1,0.522785,1.20398,1.4691652,1.6106724,-0.1415071999999999,1.36078,1.5093646,-0.1485845999999999,1.028820949146115,1,1,0,0.09480569999999977,0.0070774000000000115,0.8420388000000001,1.0176850000000002,0.13604997,0.7702676,0.093682416
5771,2024-10-19 16:30:00,GER-Bundesliga,2425,Bayern Munich,VfB Stuttgart,1,4,0,3.61889,0.286656,2.626532,0.5705668599999999,2.05596514,2.259525,0.9911799299999998,1.26834507,1.1949408858318071,VfB Stuttgart,Bayern Munich,0,0,4,0.286656,3.61889,2.960602,1.3084276,1.6521744,2.3141415000000003,1.5366750000000002,0.7774665000000001,1.0803137663302929,1,4,1,0.78762007,0.8747079,-0.3340700000000001,-0.05461650000000029,0.26610124,0.47683883,0.25705987
5772,2024-10-19 16:30:00,ESP-La Liga,2425,Girona,Real Sociedad,1,0,1,0.446152,1.86082,1.4455796,1.4011698,0.0444098000000001,1.9087652,1.20554668,0.7032185199999998,0.9430175366684512,Real Sociedad,Girona,0,1,0,1.86082,0.446152,1.6156978000000002,1.2331040000000002,0.3825938,1.19837823,1.4933605,-0.2949822700000002,0.5841222732139641,2,1,0,-0.6588087199999998,0.6775760700000002,-0.1701182000000001,0.7103869699999998,0.24075256,0.63280725,0.12644023
5773,2024-10-19 16:30:00,ENG-Premier League,2425,Bournemouth,Arsenal,1,2,0,2.18419,0.740758,1.871152,1.5068914000000002,0.3642605999999997,1.734311,1.8110027,-0.0766917000000002,0.5765975210919374,Arsenal,Bournemouth,0,0,2,0.740758,2.18419,2.825538,1.3953988,1.4301392,2.602644,1.0554742,1.5471698,0.8068714711380154,1,2,0,0.4409522999999999,-0.1170306000000001,-0.954386,-0.8683330000000002,0.20113984,0.21914367,0.5797165
5774,2024-10-19 17:00:00,FRA-Ligue 1,2425,Saint-Etienne,Lens,1,0,2,0.782727,1.35593,1.0489608,2.834814,-1.7858532,1.2545860999999998,2.44481,-1.1902239,0.7970749898512428,Lens,Saint-Etienne,0,2,0,1.35593,0.782727,1.3768644,1.010752,0.3661124,2.0042789,0.9774314,1.0268475,0.598718771764363,2,2,0,-0.5956293000000001,-0.6607350999999999,-0.3279036000000002,-0.7496928000000003,0.23265101,0.21074261,0.5566064
5775,2024-10-19 18:45:00,ITA-Serie A,2425,Juventus,Lazio,1,1,0,1.49305,0.0648311,1.5391454,0.5295744,1.009571,1.5935197,0.7131703,0.8803493999999998,1.0040660281350595,Lazio,Juventus,0,0,1,0.0648311,1.49305,1.912004,1.2279389999999997,0.6840650000000004,1.7123863,1.1878954,0.5244909,1.051164067848436,1,1,0,0.12922160000000016,0.15957410000000039,-0.37285860000000004,-0.11886659999999982,0.28579557,0.3993779,0.3148265
5777,2024-10-19 19:00:00,ESP-La Liga,2425,Celta Vigo,Real Madrid,1,1,2,1.79112,1.19816,1.2615226,0.8805804000000002,0.3809421999999998,1.542386,1.4818143,0.0605717000000001,1.167022284290519,Real Madrid,Celta Vigo,0,2,1,1.19816,1.79112,2.0178498,1.0214272000000002,0.9964225999999998,1.9775911,0.9587436,1.0188475,0.9607643558042126,2,3,1,0.32037049999999967,-0.02242490000000008,-0.7563272000000001,-0.4352050999999999,0.25560668,0.30116174,0.44323164
5776,2024-10-19 19:00:00,FRA-Ligue 1,2425,Paris Saint Germain,Strasbourg,1,4,2,4.66981,2.22038,2.4205964,1.139628,1.2809684,2.5827772,1.154144,1.4286332000000002,1.006667936100746,Strasbourg,Paris Saint Germain,0,2,4,2.22038,4.66981,2.186416,1.7194537999999997,0.4669622000000002,1.6770116000000002,1.8174308,-0.1404191999999997,1.0733371949620414,1,6,1,-0.14766480000000026,0.6073814,0.23418040000000007,0.9057656000000001,0.17387663,0.731812,0.0943114
5778,2024-10-20 10:30:00,ITA-Serie A,2425,Empoli,Napoli,1,0,1,1.00465,1.31758,0.8206066,1.4143228,-0.5937162000000001,1.2581186,1.4177262,-0.1596075999999999,0.7153532939157773,Napoli,Empoli,0,1,0,1.31758,1.00465,1.4539726,0.8279866,0.6259859999999999,1.4950099,0.9419254,0.5530845,1.070226310724557,2,1,0,-0.43410860000000023,0.07290149999999995,-0.633366,-0.23689129999999992,0.2759351,0.35504416,0.36902073
5779,2024-10-20 12:00:00,ESP-La Liga,2425,Mallorca,Rayo Vallecano,1,1,0,2.72076,0.464955,1.528059,1.3105766,0.2174824000000002,1.3146315,1.0258233,0.2888081999999998,0.83673574173771,Rayo Vallecano,Mallorca,0,0,1,0.464955,2.72076,1.2702668,1.1506105999999998,0.1196562000000001,1.0989783,1.2127963,-0.1138179999999999,1.000928770905876,1,1,0,-0.0713257999999996,0.23347420000000002,0.25779220000000014,0.2156532,0.26556474,0.50653607,0.22789918
5780,2024-10-20 13:00:00,FRA-Ligue 1,2425,Le Havre,Lyon,1,0,4,0.360268,2.76676,1.2351379999999998,1.7824372,-0.5472992000000001,1.3920541,1.8199752,-0.4279211,0.7901986063626361,Lyon,Le Havre,0,4,0,2.76676,0.360268,2.1626684,1.0457472,1.1169212,1.91149353,1.3838466,0.52764693,0.8893564555479005,2,4,1,-0.1193781000000001,0.58927427,-0.9275304,-0.51943943,0.25180337,0.25310925,0.4950874
5783,2024-10-20 13:00:00,ENG-Premier League,2425,Wolverhampton Wanderers,Manchester City,1,1,2,0.761217,1.36569,0.8745236000000001,2.304,-1.4294763999999998,0.9650794,2.7876960000000004,-1.8226166000000004,1.13980140929191,Manchester City,Wolverhampton Wanderers,0,2,1,1.36569,0.761217,2.026728,1.4768302,0.5498977999999999,2.256273,1.10970135,1.1465716499999998,1.152342313034676,2,3,1,0.3931402000000006,-0.59667385,-1.1522043999999998,-1.2911936000000002,0.17133416,0.21035899,0.6183068
5782,2024-10-20 13:00:00,ITA-Serie A,2425,Venezia,Atalanta,1,0,2,0.881872,1.83371,1.3399822,1.6968354,-0.3568532,1.1984935,1.849733,-0.6512394999999997,0.8343801327415352,Atalanta,Venezia,0,2,0,1.83371,0.881872,2.287314,1.1103964,1.1769176,2.346867,1.3668172,0.9800498,0.9800295542825588,2,2,0,0.29438629999999977,0.19686779999999993,-0.9473318,-1.1483735,0.23766138,0.21726082,0.5450778
5781,2024-10-20 13:00:00,ITA-Serie A,2425,Lecce,Fiorentina,1,0,6,0.223823,2.21676,1.2739252000000003,1.7179536000000002,-0.4440283999999999,1.0590486,1.9217268,-0.8626782,0.2832728514320765,Fiorentina,Lecce,0,6,0,2.21676,0.223823,2.086582,1.4735184,0.6130635999999998,1.5696182000000003,1.5319682,0.0376500000000001,1.0830652428308725,2,6,1,0.41864980000000007,0.5754135999999997,-0.8126567999999996,-0.5105696000000004,0.2786204,0.24127075,0.48010886
5784,2024-10-20 13:30:00,GER-Bundesliga,2425,Holstein Kiel,Union Berlin,1,0,2,0.901058,1.2809,1.2955072,2.3876820000000003,-1.0921748000000004,1.4083193333333333,2.612578333333333,-1.2042590000000002,1.0650980848826368,Union Berlin,Holstein Kiel,0,2,0,1.2809,0.901058,1.0763712,0.8900121999999999,0.1863590000000001,1.2672595,1.3265234,-0.0592638999999999,1.0258348618930362,2,2,0,0.11208419999999975,0.2456229,0.219136,0.14105983333333327,0.30492103,0.34636965,0.3487093
5785,2024-10-20 14:15:00,ESP-La Liga,2425,Atletico Madrid,Leganes,1,3,1,5.21397,0.271901,1.2357182,1.0760093999999998,0.1597088000000002,1.6411441,0.8342015,0.8069426,0.9139959653780766,Leganes,Atletico Madrid,0,1,3,0.271901,5.21397,0.66447,1.2288122,-0.5643421999999999,0.7730196666666667,1.2669895555555557,-0.4939698888888888,0.7186812716116443,1,4,1,-0.6472337999999997,-0.07037231111111109,0.5712482,0.8681244333333333,0.27141628,0.6333283,0.095255435
5786,2024-10-20 15:00:00,FRA-Ligue 1,2425,Nantes,Nice,1,1,1,0.832336,0.776883,1.5590115999999998,1.1154986,0.4435129999999998,1.2866471999999998,1.1846188000000002,0.1020283999999995,0.7772132273608281,Nice,Nantes,0,1,1,0.776883,0.832336,2.0084852,1.1162148000000005,0.8922703999999997,1.7080846,1.3032340000000002,0.4048505999999998,1.1123564299119435,0,2,0,0.3414846000000003,0.4874197999999999,-0.44947360000000014,-0.4214374000000003,0.29420593,0.30122048,0.40457365
5787,2024-10-20 15:00:00,FRA-Ligue 1,2425,Toulouse,Angers,1,1,1,2.43778,1.47299,1.3712867999999998,0.8532056000000001,0.5180811999999997,1.3993626,0.9210675,0.4782951000000001,0.7146105558269488,Angers,Toulouse,0,1,1,1.47299,2.43778,1.0578348,2.2754334,-1.2175986,0.7990976,1.671417,-0.8723194,1.1262690236223665,0,2,0,0.0397860999999996,-0.3452792000000001,0.31345199999999984,0.6002649999999999,0.2551255,0.61937654,0.12549797
5788,2024-10-20 15:00:00,FRA-Ligue 1,2425,Auxerre,Reims,1,2,1,2.86385,1.22872,1.25177,2.2348951999999995,-0.9831251999999996,1.3551438,1.9543616,-0.5992177999999999,0.885514226966742,Reims,Auxerre,0,1,2,1.22872,2.86385,2.2430744,1.2638288,0.9792455999999998,1.50050777,1.5992973999999998,-0.0987896299999997,1.1995931220048786,1,3,1,-0.3839073999999997,1.0780352299999996,-0.9913043999999998,-0.14536397,0.29963705,0.29928234,0.4010806
5789,2024-10-20 15:30:00,GER-Bundesliga,2425,Wolfsburg,Werder Bremen,1,2,4,2.17351,2.14788,1.3885672,2.069686,-0.6811187999999999,1.4424564,1.7504067,-0.3079502999999999,1.3171966118375489,Werder Bremen,Wolfsburg,0,4,2,2.14788,2.17351,1.4072554,1.8602304,-0.4529750000000001,1.7264126999999998,1.7197382,0.0066744999999996,1.0426237928950637,2,6,1,-0.3731685,-0.4596494999999997,-0.018688199999999933,-0.28395629999999983,0.28777596,0.40865716,0.3035669
5790,2024-10-20 15:30:00,ENG-Premier League,2425,Liverpool,Chelsea,1,2,1,2.22517,1.33904,1.980456,0.9837196,0.9967363999999996,2.737138,1.0338292,1.7033087999999998,0.8037589614557391,Chelsea,Liverpool,0,1,2,1.33904,2.22517,2.4486672,1.1257890000000002,1.3228782,2.0886306,1.4999345,0.5886960999999997,1.1011994647596064,1,3,1,-0.7065724000000002,0.7341821000000002,-0.46821120000000005,0.6485073999999997,0.20172639,0.6368165,0.16145708
5791,2024-10-20 16:00:00,ITA-Serie A,2425,Cagliari,Torino,1,3,2,1.51181,1.23394,1.7525521999999998,2.1998260000000003,-0.4472738000000005,1.5999991,2.0434268,-0.4434276999999997,0.6249999609375024,Torino,Cagliari,0,2,3,1.23394,1.51181,1.2016426,1.7537728,-0.5521302000000001,1.3116153000000002,1.9258934,-0.6142780999999999,1.296110760441144,1,5,1,-0.003846100000000796,0.06214789999999981,0.5509095999999998,0.28838379999999986,0.2663503,0.48181835,0.2518313
5792,2024-10-20 16:30:00,ESP-La Liga,2425,Villarreal,Getafe,1,1,1,1.14683,2.02638,2.4635419999999995,1.2312272,1.2323147999999997,2.0505182,1.4561676,0.5943506000000001,0.8778264548803054,Getafe,Villarreal,0,1,1,2.02638,1.14683,1.388742,1.343203,0.0455389999999999,1.059168,1.0180584300000002,0.0411095699999999,0.6608954756039876,0,2,0,0.6379641999999996,0.004429429999999998,1.0747999999999995,0.9913501999999998,0.15909904,0.7096884,0.13121255
5794,2024-10-20 18:45:00,FRA-Ligue 1,2425,Montpellier,Marseille,1,0,5,1.75684,3.88109,0.8966318,2.312222,-1.4155901999999998,0.9608268,2.729047,-1.7682202,1.2489230640495623,Marseille,Montpellier,0,5,0,3.88109,1.75684,0.935982,1.7934815999999998,-0.8574995999999999,1.868798,1.5782976999999998,0.2905003000000001,1.1237163547283575,2,5,1,0.3526300000000002,-1.1479999,-0.0393502,-0.9079712,0.26161054,0.29195908,0.44643033
5793,2024-10-20 18:45:00,ITA-Serie A,2425,Roma,Inter,1,0,1,0.78742,0.796917,1.8150762,1.136904,0.6781721999999997,1.5778738,1.6325568,-0.054683,0.6971402293768808,Inter,Roma,0,1,0,0.796917,0.78742,2.1578604,1.285613,0.8722474000000002,2.1943292,1.3287744,0.8655548,1.09372782637727,2,1,0,0.7328551999999997,0.0066926000000002706,-0.3427842000000001,-0.6164553999999998,0.21673761,0.2574636,0.52579874
5795,2024-10-20 19:00:00,ESP-La Liga,2425,Barcelona,Sevilla,1,5,1,4.08528,0.599652,2.4481548,1.543416,0.9047388000000004,2.6080923999999994,1.3146615999999998,1.2934307999999997,1.1502655541400475,Sevilla,Barcelona,0,1,5,0.599652,4.08528,1.4025614000000002,1.0111409999999998,0.3914204000000003,1.3736044,1.2554263,0.1181780999999999,0.7280111158561258,1,6,1,-0.38869199999999926,0.2732423000000004,1.0455934,1.2344879999999994,0.16142449,0.72901773,0.10955781
5796,2024-10-21 18:45:00,ITA-Serie A,2425,Verona,Monza,1,0,3,0.81446,1.56377,1.4138756,1.803816,-0.3899403999999999,1.4816268999999995,1.6211891,-0.1395622000000003,1.1473866009137654,Monza,Verona,0,3,0,1.56377,0.81446,0.5666256000000001,1.7028640000000004,-1.1362384000000003,0.7141427,1.6358672,-0.9217244999999998,0.8401670420112927,2,3,1,-0.2503781999999996,-0.21451390000000048,0.8472499999999998,0.7674841999999995,0.33769992,0.51071817,0.15158191
5797,2024-10-21 19:00:00,ENG-Premier League,2425,Nottingham Forest,Crystal Palace,1,1,0,1.88573,0.835001,1.1300686,1.4779744,-0.3479057999999999,1.5722633,1.5496734,0.0225898999999998,0.8904355330080318,Crystal Palace,Nottingham Forest,0,0,1,0.835001,1.88573,1.3498418,2.032554,-0.6827121999999997,1.6084889,1.5173983,0.0910906,1.0568919332350175,1,1,0,-0.37049569999999965,-0.7738027999999997,-0.2197732000000001,-0.03622560000000008,0.26195794,0.44662988,0.29141217
5798,2024-10-21 19:00:00,ESP-La Liga,2425,Valencia,Las Palmas,1,2,3,1.94417,1.56861,0.6437758,1.7186735999999996,-1.0748977999999996,0.93286161,1.7290257,-0.79616409,0.7503784506916834,Las Palmas,Valencia,0,3,2,1.56861,1.94417,1.1354922,2.2670606,-1.1315683999999997,1.0743242,2.2554053,-1.1810811,0.9308168513593464,2,5,1,-0.2787337099999996,0.04951270000000041,-0.49171640000000005,-0.14146258999999994,0.29081473,0.41503748,0.29414782
5799,2024-10-25 16:30:00,ITA-Serie A,2425,Udinese,Cagliari,1,2,0,1.12881,0.160634,1.3368122,1.5200124,-0.1832001999999999,1.2493235,1.5949126,-0.3455891,0.9605190645024572,Cagliari,Udinese,0,0,2,0.160634,1.12881,1.6363882,1.978388,-0.3419997999999999,1.6172691,1.8105158000000003,-0.1932467000000002,0.7419910873267243,1,2,0,0.16238890000000009,-0.14875309999999972,-0.29957600000000006,-0.3679455999999999,0.29496238,0.37539726,0.32964036
5800,2024-10-25 18:30:00,GER-Bundesliga,2425,Mainz 05,Borussia M.Gladbach,1,1,1,1.45557,0.934033,1.0415623999999997,1.7327625999999998,-0.6912002000000002,1.6588882000000005,1.6957998,-0.0369115999999998,1.0850634267797994,Borussia M.Gladbach,Mainz 05,0,1,1,0.934033,1.45557,1.9175762,2.0075968,-0.0900206000000001,1.8036228,1.9947563,-0.1911334999999998,0.7207711497264562,0,2,0,-0.6542886000000003,0.10111289999999969,-0.8760138000000004,-0.1447345999999996,0.28361085,0.39334178,0.3230473
5801,2024-10-25 18:30:00,ITA-Serie A,2425,Torino,Como,1,1,0,1.56007,1.59554,1.0866406000000002,1.9290124,-0.8423717999999998,1.3393335,1.9678224,-0.6284889,1.269287097435331,Como,Torino,0,0,1,1.59554,1.56007,1.2872393999999998,1.370897,-0.0836576000000002,1.294305625,1.297521875,-0.0032162499999999,1.0623446622733883,1,1,0,-0.21388289999999976,-0.0804413500000003,-0.20059879999999963,0.04502787499999994,0.2601988,0.40852284,0.33127835
5802,2024-10-25 18:45:00,FRA-Ligue 1,2425,Rennes,Le Havre,1,1,0,1.84154,0.272294,1.2852473999999998,1.2624210000000002,0.0228263999999995,1.4838307,1.3911772,0.0926534999999999,0.9435032288365318,Le Havre,Rennes,0,0,1,0.272294,1.84154,0.7398696,2.1870846,-1.447215,1.1717749000000002,2.0334676000000003,-0.8616927000000001,0.6827244014832529,1,1,0,-0.0698271000000004,-0.5855222999999998,0.5453777999999998,0.3120557999999998,0.29695615,0.557312,0.14573188
5803,2024-10-25 19:00:00,ESP-La Liga,2425,Espanyol,Sevilla,1,0,2,1.0292,0.813306,0.5385278,2.4199960000000003,-1.8814682000000005,0.9657523999999998,2.1337584,-1.168006,1.035461019345104,Sevilla,Espanyol,0,2,0,0.813306,1.0292,1.1928898,1.6338859999999995,-0.4409961999999996,1.2373036000000002,1.5162343,-0.2789306999999998,0.8082084233744867,2,2,0,-0.7134622000000004,-0.1620654999999998,-0.6543619999999999,-0.2715512000000003,0.3782246,0.30818808,0.3135873
5804,2024-10-25 19:00:00,ENG-Premier League,2425,Leicester,Nottingham Forest,1,1,3,0.832415,2.54488,1.4156064000000002,3.028274,-1.6126675999999995,1.18499552,2.3696392,-1.18464368,1.1814380686957628,Nottingham Forest,Leicester,0,3,1,2.54488,0.832415,1.2250766,1.4574482,-0.2323716,1.5670183,1.3841875,0.1828308,0.7657850799923142,2,4,1,-0.42802391999999956,-0.41520239999999997,0.1905298000000002,-0.38202278,0.32077634,0.291945,0.38727862
5805,2024-10-26 12:00:00,ESP-La Liga,2425,Real Valladolid,Villarreal,1,1,2,0.97802,2.68435,1.3348988,1.526469,-0.1915702000000001,0.9809487,1.7444997999999998,-0.7635510999999997,0.8155362094509025,Villarreal,Real Valladolid,0,2,1,2.68435,0.97802,2.20914,1.5674182,0.6417217999999996,2.0816699,1.5494506,0.5322193,0.864689994945887,2,3,1,0.5719808999999996,0.10950249999999961,-0.8742412000000002,-1.1007212000000002,0.25764725,0.24245335,0.49989942
5806,2024-10-26 13:00:00,ITA-Serie A,2425,Napoli,Lecce,1,1,0,2.53236,0.57038,1.2504666,0.6484586,0.602008,1.4784519,0.8683354000000001,0.6101165,1.1498506310211167,Lecce,Napoli,0,0,1,0.57038,2.53236,0.8504638,1.7427796,-0.8923158,1.0465809,1.9796678,-0.9330869000000002,0.286647418611004,1,1,0,-0.008108499999999963,0.04077110000000017,0.4000028,0.4318710000000001,0.2652337,0.6310855,0.10368077
5809,2024-10-26 13:30:00,GER-Bundesliga,2425,VfB Stuttgart,Holstein Kiel,1,2,1,1.90999,0.680092,2.1752532,1.6418475999999995,0.5334056000000005,2.1407981,1.731985,0.4088131000000001,1.0743651751348364,Holstein Kiel,VfB Stuttgart,0,1,2,0.680092,1.90999,1.2967408,2.351482,-1.0547411999999998,1.3358534285714287,2.4223385714285715,-1.0864851428571427,0.9624655544272132,1,3,1,0.12459250000000038,0.03174394285714288,0.8785124000000002,0.8049446714285713,0.18032473,0.6994265,0.12024876
5807,2024-10-26 13:30:00,GER-Bundesliga,2425,Augsburg,Borussia Dortmund,1,2,1,0.560509,0.776944,1.8216966,1.2899702000000002,0.5317263999999997,1.5397229,1.8986021,-0.3588792,0.7793605074260391,Borussia Dortmund,Augsburg,0,1,2,0.776944,0.560509,2.4678296,1.760484,0.7073456,2.2306326,1.6138444,0.6167881999999998,1.0310971734667675,1,3,1,0.8906055999999998,0.09055740000000023,-0.6461329999999998,-0.6909097,0.24485059,0.28949308,0.46565628
5808,2024-10-26 13:30:00,GER-Bundesliga,2425,RasenBallsport Leipzig,Freiburg,1,3,1,2.69047,1.75887,1.7857128,1.059798,0.7259148,1.5805748,1.549614,0.0309607999999999,0.949021236438012,Freiburg,RasenBallsport Leipzig,0,1,3,1.75887,2.69047,1.790652,0.9289246,0.8617274000000003,1.6899655,1.0660032,0.6239623000000001,0.8284187881830795,1,4,1,0.6949540000000001,0.23776510000000017,-0.004939199999999921,-0.10939070000000006,0.24342415,0.34445238,0.41212344
5810,2024-10-26 13:30:00,GER-Bundesliga,2425,St. Pauli,Wolfsburg,1,0,0,0.730167,0.940969,1.0901546,1.9650928,-0.8749382000000001,1.0366471428571429,1.7203705714285715,-0.6837234285714286,0.6890336165720854,Wolfsburg,St. Pauli,0,0,0,0.940969,0.730167,1.5308892,2.320284,-0.7893948,1.6014928999999998,1.7789387,-0.1774458000000003,1.1863922803577336,0,0,0,-0.19121477142857146,-0.6119489999999996,-0.4407346000000001,-0.5648457571428569,0.27259186,0.3194819,0.40792623
5812,2024-10-26 14:00:00,ENG-Premier League,2425,Manchester City,Southampton,1,1,0,3.16286,0.369989,1.661272,1.4396334000000002,0.2216385999999996,2.077624,1.1769606,0.9006634000000002,1.155165152517899,Southampton,Manchester City,0,0,1,0.369989,3.16286,1.7302036,2.440798,-0.7105944,1.4671229,2.5782669,-1.111144,0.7497662603683302,1,1,0,-0.6790248000000007,0.40054959999999995,-0.06893159999999998,0.6105011000000002,0.18829542,0.7225939,0.08911066
5814,2024-10-26 14:00:00,ENG-Premier League,2425,Brentford,Ipswich,1,4,3,4.09663,1.65698,1.4685400000000002,1.7576042,-0.2890641999999999,1.6672179,1.9024301,-0.2352122000000001,1.0796422713298175,Ipswich,Brentford,0,3,4,1.65698,4.09663,1.3142066,2.360418,-1.0462114000000002,1.012585125,2.4997700000000003,-1.4871848750000003,0.740677554544421,1,7,1,-0.05385199999999979,0.44097347500000006,0.1543334000000003,0.6546327750000001,0.25822836,0.5871058,0.15466578
5811,2024-10-26 14:00:00,ENG-Premier League,2425,Aston Villa,Bournemouth,1,1,1,1.974,0.328651,1.7291937999999998,1.2595264,0.4696673999999998,1.8112155,1.5422633,0.2689522000000002,0.9938072008509198,Bournemouth,Aston Villa,0,1,1,0.328651,1.974,1.716614,1.1437850000000005,0.5728289999999996,1.90586,1.4937065,0.4121534999999998,0.629636683892477,0,2,0,0.2007151999999996,0.1606754999999998,0.012579799999999697,-0.09464450000000002,0.24366291,0.3582516,0.3980855
5813,2024-10-26 14:00:00,ENG-Premier League,2425,Brighton,Wolverhampton Wanderers,1,2,2,1.51347,1.11074,1.6365019999999997,1.7556606,-0.1191586000000004,1.7228279999999998,1.5435208,0.1793071999999997,0.8706609884091806,Wolverhampton Wanderers,Brighton,0,2,2,1.11074,1.51347,0.8392406000000001,2.295,-1.4557593999999998,1.0015123999999995,2.471723,-1.4702106,1.0983377756103914,0,4,1,-0.2984658000000001,0.014451200000000108,0.7972613999999996,0.7213156000000003,0.21655822,0.63347334,0.14996842
5815,2024-10-26 14:15:00,ESP-La Liga,2425,Rayo Vallecano,Alaves,1,1,0,2.89009,0.871439,1.0663918,1.5887004,-0.5223086000000001,0.9980118,1.3918126000000002,-0.3938008000000003,1.1021902725095312,Alaves,Rayo Vallecano,0,0,1,0.871439,2.89009,0.7806154,1.9620894,-1.181474,1.3019892,1.5414339,-0.2394446999999999,0.9984714170659656,1,1,0,-0.12850779999999984,-0.9420293,0.28577639999999993,-0.30397739999999995,0.3023864,0.42761487,0.2699988
5816,2024-10-26 15:00:00,FRA-Ligue 1,2425,Angers,Saint-Etienne,1,4,2,3.26778,1.33,1.0860248,2.2561734,-1.1701486,0.8763025000000001,1.740925,-0.8646225,0.9129257158050836,Saint-Etienne,Angers,0,2,4,1.33,3.26778,1.1541838000000002,2.3846040000000004,-1.2304202000000002,1.1420828,2.452671,-1.3105882,0.7004739932393753,1,6,1,-0.30552610000000013,0.0801679999999998,-0.0681590000000003,-0.26578029999999997,0.30768943,0.4404021,0.25190845
5817,2024-10-26 16:30:00,ESP-La Liga,2425,Las Palmas,Girona,1,1,0,1.24451,1.04715,1.1453342,2.2950306,-1.1496964,1.1155672,2.2262803,-1.1107131,1.075685018629968,Girona,Las Palmas,0,0,1,1.04715,1.24451,1.315674,1.2546138,0.0610602,1.4782884,1.29290678,0.18538162,0.7441032858654063,1,1,0,-0.038983300000000165,-0.12432141999999999,-0.17033980000000004,-0.36272119999999997,0.29223207,0.25952283,0.4482451
5818,2024-10-26 16:30:00,ENG-Premier League,2425,Everton,Fulham,1,1,1,0.884845,1.49531,1.2171544,1.71695,-0.4997955999999999,1.218527,1.9621113,-0.7435843000000002,0.9027285380393394,Fulham,Everton,0,1,1,1.49531,0.884845,2.584508,1.039508,1.545,1.76968655,1.4023883,0.3672982500000001,0.8476072513478439,0,2,0,0.2437887000000003,1.1777017499999998,-1.3673536,-0.5511595500000002,0.27948907,0.22582266,0.4946882
5819,2024-10-26 16:30:00,GER-Bundesliga,2425,Werder Bremen,Bayer Leverkusen,1,2,2,1.78808,1.30852,1.7811248,2.1112720000000005,-0.3301472000000005,1.6880627,1.8828322,-0.1947694999999998,1.1255499422207822,Bayer Leverkusen,Werder Bremen,0,2,2,1.30852,1.78808,2.37588126,1.3260992000000005,1.0497820599999996,2.86483663,1.2649182,1.5999184300000002,1.0471797663450826,0,4,1,-0.13537770000000068,-0.5501363700000006,-0.5947564599999999,-1.1767739300000002,0.22850282,0.2263085,0.54518867
5820,2024-10-26 17:00:00,FRA-Ligue 1,2425,Reims,Brest,1,1,2,1.44911,1.64092,2.0869224,1.6313608,0.4555615999999998,1.58015817,1.7509314,-0.17077323,1.1391257502242638,Brest,Reims,0,2,1,1.64092,1.44911,0.9521228,2.295386,-1.3432632,1.295447,2.0134182000000003,-0.7179712000000003,1.157900587287178,2,3,1,0.6263348299999998,-0.6252919999999997,1.1347996,0.28471117,0.18639351,0.53922164,0.27438486
5821,2024-10-26 18:45:00,ITA-Serie A,2425,Atalanta,Verona,1,6,1,3.84122,0.22446,2.418512,0.8290188000000001,1.5894931999999995,2.308205,1.3519554,0.9562496,0.9964448580412668,Verona,Atalanta,0,1,6,0.22446,3.84122,1.1574616000000002,1.8471,-0.6896383999999998,1.4538208999999995,1.6818902999999998,-0.2280694000000001,1.1005474604557823,1,7,1,0.6332435999999995,-0.4615689999999997,1.2610504,0.8543841000000005,0.16594222,0.71828306,0.11577473
5822,2024-10-26 19:00:00,FRA-Ligue 1,2425,Lens,Lille,1,0,2,0.865293,1.47637,1.2654564,0.9861732,0.2792831999999999,1.9096369,1.0097235,0.8999134,0.628391382470991,Lille,Lens,0,2,0,1.47637,0.865293,2.0291598,1.4628755999999998,0.5662842000000001,1.8304799,1.3508181700000002,0.4796617299999997,0.9287176938038524,2,2,0,-0.6206302000000001,0.08662247000000045,-0.7637034,0.07915699999999992,0.24091525,0.5247065,0.23437831
5823,2024-10-26 19:00:00,ESP-La Liga,2425,Real Madrid,Barcelona,1,0,4,1.40359,2.51566,1.8023018,1.0959952,0.7063066,1.9729901,1.0223036,0.9506865,1.0643737825274528,Barcelona,Real Madrid,0,4,0,2.51566,1.40359,2.7464908,1.4442103999999998,1.3022804000000003,2.8689004,1.1783608,1.6905396,1.15026609140349,2,4,1,-0.24437989999999998,-0.3882591999999996,-0.9441890000000002,-0.8959102999999997,0.23130848,0.3144134,0.45427817
5824,2024-10-27 11:30:00,ITA-Serie A,2425,Parma Calcio 1913,Empoli,1,1,1,1.43623,0.14913,1.584639,1.904947,-0.320308,1.765763125,1.846386875,-0.08062375,0.77869959291709,Empoli,Parma Calcio 1913,0,1,1,0.14913,1.43623,0.7986806,1.4060868,-0.6074062,1.2483016,1.3884062,-0.1401045999999999,0.7209790318469257,0,2,0,-0.23968425,-0.4673016000000001,0.7859584,0.5174615250000001,0.22141023,0.5692244,0.20936531
5825,2024-10-27 13:00:00,ESP-La Liga,2425,Leganes,Celta Vigo,1,3,0,1.54881,0.767239,0.697446,1.9272042,-1.2297581999999998,0.7229078,1.6616875999999998,-0.9387797999999998,0.8299802132717156,Celta Vigo,Leganes,0,0,3,0.767239,1.54881,1.2212006,1.043681,0.1775195999999999,1.571336,1.3855883,0.1857477,1.0818812259878052,1,3,1,-0.29097839999999997,-0.0082281000000001,-0.5237546,-0.8484282000000001,0.23640242,0.25005817,0.51353943
5829,2024-10-27 14:00:00,ENG-Premier League,2425,Crystal Palace,Tottenham,1,1,0,0.978611,1.0192,1.4249004,1.814214,-0.3893135999999997,1.485429,1.6718296,-0.1864005999999998,0.8751674599274284,Tottenham,Crystal Palace,0,0,1,1.0192,0.978611,2.525583,1.0892318,1.4363512000000005,2.3319735,1.210873,1.1211005000000005,0.9005244268322831,1,1,0,-0.2029129999999999,0.3152507,-1.1006826,-0.8465445,0.22629665,0.21678232,0.55692106
5828,2024-10-27 14:00:00,ENG-Premier League,2425,Chelsea,Newcastle United,1,2,1,1.61794,1.74225,2.1209891999999995,1.4788814,0.6421077999999993,1.9814666,1.4778825,0.5035840999999999,1.05982050879863,Newcastle United,Chelsea,0,1,2,1.74225,1.61794,1.53032,1.6632748,-0.1329548,1.7491909,1.7638003999999998,-0.0146094999999999,0.8003695878079472,1,3,1,0.13852369999999947,-0.11834530000000011,0.5906691999999996,0.23227569999999997,0.20074347,0.59930646,0.19995007
5831,2024-10-27 14:00:00,FRA-Ligue 1,2425,Lyon,Auxerre,1,2,2,2.21183,1.0609,2.0705124,0.6284107999999998,1.4421016,1.94518753,1.3074224,0.63776513,0.8739512771032019,Auxerre,Lyon,0,2,2,1.0609,2.21183,1.6758353999999998,1.9133172,-0.2374818,1.5719132999999998,1.8925716,-0.3206582999999998,0.8270170962882646,0,4,1,0.80433647,0.08317649999999979,0.3946770000000004,0.37327423000000026,0.18365364,0.6946507,0.1216957
5826,2024-10-27 14:00:00,ITA-Serie A,2425,Monza,Venezia,1,2,2,0.903007,0.459902,0.7813832000000002,1.3826740000000002,-0.6012908,0.7508917,1.4723022,-0.7214105000000001,1.065398558276036,Venezia,Monza,0,2,2,0.459902,0.903007,1.3892342000000002,1.7017874,-0.3125531999999997,1.0392947,1.790282,-0.7509872999999998,0.5773140406527227,0,4,1,0.12011970000000005,0.4384341000000001,-0.607851,-0.28840299999999985,0.34885675,0.3649725,0.28617072
5830,2024-10-27 14:00:00,ENG-Premier League,2425,West Ham,Manchester United,1,2,1,2.99312,2.62598,1.5144852,1.6557304000000002,-0.1412452000000001,1.6808786000000002,1.8473518,-0.1664731999999995,0.892389912995553,Manchester United,West Ham,0,1,2,2.62598,2.99312,1.6384595999999998,1.9716124,-0.3331527999999999,1.5522508,1.8770543,-0.3248035,0.7730704515852389,1,3,1,0.02522799999999939,-0.008349299999999893,-0.12397439999999982,0.1286278000000003,0.27117306,0.4887471,0.24007982
5827,2024-10-27 14:00:00,ITA-Serie A,2425,Lazio,Genoa,1,3,0,2.9799,0.261739,1.45903622,1.2580649999999998,0.2009712200000002,1.55779141,1.2269184,0.3308730099999999,1.0270944894384229,Genoa,Lazio,0,0,3,0.261739,2.9799,0.6727204,2.616326,-1.9436056,0.9767839,1.8773722,-0.9005882999999999,0.9213901648152014,1,3,1,-0.1299017899999997,-1.0430173,0.78631582,0.5810075100000001,0.21417989,0.63527584,0.1505443
5832,2024-10-27 14:30:00,GER-Bundesliga,2425,Bochum,Bayern Munich,1,0,5,0.205046,3.1499,1.6183120000000002,3.046454,-1.4281419999999996,1.4536915,2.8735504,-1.4198589,0.8254840690173472,Bayern Munich,Bochum,0,5,0,3.1499,0.205046,3.024716,0.4337196599999998,2.59099634,2.291765,0.98056033,1.31120467,1.265399696129535,2,5,1,-0.008283099999999655,1.2797916699999998,-1.406404,-0.8380734999999999,0.2719631,0.14349928,0.5845376
5833,2024-10-27 15:15:00,ESP-La Liga,2425,Getafe,Valencia,1,1,1,2.97825,0.63831,1.6211562000000002,0.960217,0.6609392000000001,1.153898,0.99830443,0.1555935699999999,0.6066388826058434,Valencia,Getafe,0,1,1,0.63831,2.97825,0.9959878,1.3864655999999995,-0.3904777999999997,0.91123661,1.7357247,-0.8244880900000001,0.7681860277913684,0,2,0,0.5053456300000001,0.4340102900000004,0.6251684000000002,0.2426613900000001,0.26486382,0.5511462,0.18398997
5835,2024-10-27 16:00:00,FRA-Ligue 1,2425,Montpellier,Toulouse,1,0,3,0.241419,2.88708,1.0988048,2.749566,-1.6507612000000005,1.0704736,2.918545,-1.8480714,0.9341650890175256,Toulouse,Montpellier,0,3,0,2.88708,0.241419,1.7617691999999998,0.8881656,0.8736035999999998,1.4445296,1.0023293,0.4422002999999999,0.6922664012794192,2,3,1,0.19731019999999955,0.43140329999999993,-0.6629643999999999,-0.37405600000000017,0.3327201,0.22149625,0.44578364
5836,2024-10-27 16:00:00,FRA-Ligue 1,2425,Strasbourg,Nantes,1,3,1,1.99679,0.761926,2.141102,2.0079078,0.1331941999999997,1.835866,2.0281058,-0.1922397999999996,1.0349333584622415,Nantes,Strasbourg,0,1,3,0.761926,1.99679,1.3866047999999995,1.1216802,0.2649245999999998,1.2362797999999997,1.2002004000000002,0.0360793999999995,0.8897654966412163,1,4,1,0.32543399999999933,0.2288452000000003,0.7544972000000005,0.5995862000000003,0.22506057,0.47249573,0.30244374
5834,2024-10-27 16:00:00,FRA-Ligue 1,2425,Nice,Monaco,1,2,1,1.79435,0.796703,1.6570458,1.016274,0.6407718,1.5921379000000002,1.3436888,0.2484491000000002,1.1933632172419126,Monaco,Nice,0,1,2,0.796703,1.79435,2.072827,0.5145746,1.5582523999999998,2.0832226,0.6999718300000001,1.38325077,0.9600505677835064,1,3,1,0.3923226999999998,0.17500162999999969,-0.4157812000000003,-0.4910846999999998,0.28829393,0.13879544,0.57291067
5837,2024-10-27 16:30:00,GER-Bundesliga,2425,Union Berlin,Eintracht Frankfurt,1,1,1,1.86305,1.54058,1.1227912,0.9412524,0.1815388,1.2839985,1.2956082,-0.0116096999999999,1.168224753981602,Eintracht Frankfurt,Union Berlin,0,1,1,1.54058,1.86305,2.256438,2.072308,0.1841300000000001,2.165128,1.8347773,0.3303507000000001,0.8775458644727404,0,2,0,0.1931484999999999,-0.1462207,-1.1336468000000002,-0.8811295000000001,0.3177574,0.29790345,0.38433915
5838,2024-10-27 16:30:00,ENG-Premier League,2425,Arsenal,Liverpool,1,2,2,1.0883,1.35346,2.4900936,1.4687408,1.0213527999999998,2.2853478000000003,1.2270232,1.0583246000000002,0.7876259413880279,Liverpool,Arsenal,0,2,2,1.35346,1.0883,2.004696,0.9513536,1.0533424,2.633433,1.0505282,1.5829047999999997,0.7594646381872491,0,4,1,-0.03697180000000033,-0.5295623999999997,0.48539759999999976,-0.3480851999999999,0.2611489,0.3836192,0.35523194
5839,2024-10-27 17:00:00,ITA-Serie A,2425,Inter,Juventus,1,4,4,2.82542,2.36179,1.8594918,1.207553,0.6519388000000002,2.0683549,1.2187074,0.8496475000000001,0.9669515773373432,Juventus,Inter,0,4,4,2.36179,2.82542,1.7546989999999998,0.46602242,1.2886765799999995,1.5058257,0.62754921,0.87827649,1.0625392682969428,0,8,1,-0.19770869999999996,0.41040008999999955,0.10479280000000024,0.5625292000000002,0.30303994,0.4586476,0.2383125
5840,2024-10-27 17:30:00,ESP-La Liga,2425,Real Betis,Atletico Madrid,1,1,0,2.20384,0.555217,1.848989,1.4305854,0.4184036,1.8026084,1.2215742,0.5810342,0.5547513510137027,Atletico Madrid,Real Betis,0,0,1,0.555217,2.20384,1.6325822,1.0937676,0.5388145999999998,1.9427171,0.8043372,1.1383799,0.8235883528341039,1,1,0,-0.16263059999999996,-0.5995653000000001,0.2164067999999999,-0.14010870000000009,0.25837025,0.31217337,0.42945635
5841,2024-10-27 18:30:00,GER-Bundesliga,2425,FC Heidenheim,Hoffenheim,1,0,0,1.57817,0.692793,1.2132012,2.0833088,-0.8701075999999999,1.385136,1.9020818,-0.5169458,1.2995104455371562,Hoffenheim,FC Heidenheim,0,0,0,0.692793,1.57817,1.3170048,2.55488,-1.2378751999999995,1.907137,2.0625009,-0.1553638999999997,1.2584301712828332,0,0,0,-0.35316179999999986,-1.0825112999999997,-0.1038036,-0.5220010000000002,0.26266244,0.39466786,0.3426697
5843,2024-10-27 19:45:00,FRA-Ligue 1,2425,Marseille,Paris Saint Germain,1,0,3,0.277951,4.04221,1.452562,2.047776,-0.5952139999999999,1.86,1.6453717,0.2146282999999997,1.236558474968562,Paris Saint Germain,Marseille,0,3,0,4.04221,0.277951,2.7062804,1.26858,1.4377003999999998,2.8993442,1.2050930000000002,1.6942511999999996,1.000225844097488,2,3,1,-0.8098422999999996,-0.25655079999999986,-1.2537184,-1.0393441999999997,0.26549208,0.23547426,0.49903366
5842,2024-10-27 19:45:00,ITA-Serie A,2425,Fiorentina,Roma,1,5,1,4.56893,0.657353,2.046852,1.4202866,0.6265653999999998,1.7346432999999997,1.4222265,0.3124167999999996,1.2106228348947392,Roma,Fiorentina,0,1,5,0.657353,4.56893,1.896042,1.213231,0.6828110000000001,1.5394308,1.4262995,0.1131312999999998,0.649590322871075,1,6,1,0.3141486000000002,0.5696797000000002,0.1508099999999999,0.19521249999999957,0.21750556,0.539749,0.24274541
5844,2024-10-27 20:00:00,ESP-La Liga,2425,Real Sociedad,Osasuna,1,0,2,1.6767,1.06487,1.7042058,0.8671544000000001,0.8370513999999999,1.32740583,1.3181517,0.0092541299999999,0.6026788335871377,Osasuna,Real Sociedad,0,2,0,1.06487,1.6767,1.4615696,1.4700068,-0.0084371999999999,1.12885198,1.4926246,-0.36377262,1.2401969298074582,2,2,0,0.82779727,0.35533542000000007,0.24263619999999997,0.19855384999999992,0.24190408,0.47195393,0.28614196
5845,2024-10-28 20:00:00,ESP-La Liga,2425,Mallorca,Athletic Club,1,0,0,0.542356,0.755466,2.003126,0.9197996000000002,1.0833263999999998,1.4522705,0.9644108,0.4878596999999999,0.6885764817391239,Athletic Club,Mallorca,0,0,0,0.755466,0.542356,1.7284148,1.1596518,0.5687629999999999,1.360462,1.19567131,0.16479069,1.2495745933553504,0,0,0,0.5954666999999999,0.4039723099999999,0.27471120000000004,0.09180849999999996,0.23029713,0.4817646,0.2879382
5846,2024-10-29 17:30:00,ITA-Serie A,2425,Cagliari,Bologna,1,0,2,1.18569,0.872307,1.4921988,1.91854,-0.4263412000000002,1.4859485,1.896432,-0.4104835,0.6729703802181702,Bologna,Cagliari,0,2,0,0.872307,1.18569,0.9545506,1.2356694,-0.2811188000000002,1.1816035,1.3157188,-0.1341152999999999,1.0155682379340971,2,2,0,-0.015857700000000197,-0.14700350000000031,0.5376481999999999,0.30434499999999987,0.24099374,0.49587175,0.2631345
5847,2024-10-29 17:30:00,ITA-Serie A,2425,Lecce,Verona,1,1,0,1.35273,0.211464,0.6321998000000001,2.159778,-1.5275782000000002,1.0005699,2.0108708,-1.0103009000000005,0.2998288277222534,Verona,Lecce,0,0,1,0.211464,1.35273,1.0956984,2.2568580000000003,-1.1611596000000002,1.2429049,1.9759286,-0.7330237000000002,1.2068492071684591,1,1,0,-0.5172772999999997,-0.4281359,-0.4634986,-0.2423350000000002,0.3197048,0.39587998,0.28441527
5848,2024-10-29 19:45:00,ITA-Serie A,2425,AC Milan,Napoli,1,0,2,0.568256,0.956912,2.283516,0.8265140000000001,1.4570019999999997,2.142558,1.2683252,0.8742328000000001,0.9334632091811708,Napoli,AC Milan,0,2,0,0.956912,0.568256,1.4713286,0.5862184000000001,0.8851102,1.5995639,0.8687225,0.7308414000000002,1.0002720114701191,2,2,0,0.5827691999999995,0.15426879999999976,0.8121874,0.5429941000000003,0.25343427,0.51805013,0.2285156
5850,2024-10-30 17:30:00,ITA-Serie A,2425,Venezia,Udinese,1,3,2,2.55368,1.30701,1.4285608,1.4445928,-0.016032,1.0509575,1.5788687,-0.5279111999999999,0.6660586502702057,Udinese,Venezia,0,2,3,1.30701,2.55368,0.9449182,1.3762032,-0.4312849999999999,1.1953315,1.528019,-0.3326875,1.0875635022054533,1,5,1,0.5118791999999999,-0.0985974999999999,0.48364260000000003,-0.144374,0.22966616,0.4272054,0.34312844
5849,2024-10-30 17:30:00,ITA-Serie A,2425,Empoli,Inter,1,0,3,0.319674,1.68832,0.7082568,1.5481279999999995,-0.8398711999999997,1.1802575999999998,1.3651562,-0.1848986000000001,0.762544750785972,Inter,Empoli,0,3,0,1.68832,0.319674,2.0629558,1.6363556,0.4266002000000002,2.1897319,1.3862261,0.8035057999999999,1.050356415615804,2,3,1,-0.6549725999999996,-0.37690559999999973,-1.354699,-1.0094743000000002,0.30596688,0.28949812,0.40453497
5851,2024-10-30 19:45:00,ITA-Serie A,2425,Atalanta,Monza,1,2,0,1.65221,0.0805941,2.696616,0.4811268,2.2154892,2.435458,1.2048744,1.2305835999999997,1.0675605707178812,Monza,Atalanta,0,0,2,0.0805941,1.65221,0.9184292,1.1130344,-0.1946052,0.7163063999999999,1.2955984,-0.5792920000000001,1.3960486796590403,1,2,0,0.9849056000000003,0.3846868000000001,1.7781868000000003,1.7191516000000002,0.11698817,0.80445164,0.07856014
5852,2024-10-30 19:45:00,ITA-Serie A,2425,Juventus,Parma Calcio 1913,1,2,2,2.77649,1.45546,2.0818522,0.91085662,1.1709955799999996,1.6146327,0.7721912099999999,0.8424414900000001,1.052870381684713,Parma Calcio 1913,Juventus,0,2,2,1.45546,2.77649,1.695949,1.317117,0.3788319999999998,1.7291483333333335,1.6578027777777775,0.0713455555555557,0.7710920173020197,0,4,1,0.32855408999999947,0.30748644444444406,0.3859032000000002,-0.11451563333333348,0.2595354,0.46110514,0.2793595
5853,2024-10-31 17:30:00,ITA-Serie A,2425,Genoa,Fiorentina,1,0,1,0.848655,0.909048,0.4058621999999999,2.680696,-2.2748338,0.952155,2.1016795000000004,-1.1495245000000005,0.9452232617344216,Fiorentina,Genoa,0,1,0,0.909048,0.848655,2.567854,1.0616172,1.5062367999999997,1.9699043,1.2796998,0.6902045000000001,1.167568816632962,2,1,0,-1.1253092999999996,0.8160322999999996,-2.1619918,-1.0177493000000002,0.36002228,0.19430159,0.4456761
5854,2024-10-31 19:45:00,ITA-Serie A,2425,Roma,Torino,1,1,0,0.436341,0.189286,1.4959025999999995,1.8078110000000005,-0.3119084000000005,1.5314834,1.8323897,-0.3009063000000003,0.6529612707775542,Torino,Roma,0,0,1,0.189286,0.436341,1.3091810000000002,1.9157804,-0.6065993999999997,1.3873285,1.9631974,-0.5758688999999999,1.0812139437675046,1,1,0,-0.011002100000000181,-0.030730499999999772,0.18672159999999938,0.14415489999999997,0.27355734,0.4881946,0.23824808
5855,2024-10-31 19:45:00,ITA-Serie A,2425,Como,Lazio,1,1,5,1.16312,2.96686,1.3147834,1.452737,-0.1379535999999999,1.327776111111111,1.326693888888889,0.0010822222222219,0.9205024771976892,Lazio,Como,0,5,1,2.96686,1.16312,1.69653022,1.2037575999999997,0.4927726200000004,1.78712111,1.0919272999999998,0.6951938100000001,1.0072059373715656,2,6,1,-0.1390358222222218,-0.20242118999999975,-0.38174682000000004,-0.4593449988888889,0.29373226,0.2889682,0.4172996
5856,2024-11-01 18:00:00,FRA-Ligue 1,2425,Monaco,Angers,1,0,1,1.47525,0.50003,1.5568236,0.7895591999999999,0.7672644000000001,1.9313019,0.76645483,1.16484707,0.9837918226084578,Angers,Monaco,0,1,0,0.50003,1.47525,1.568564,2.0263374,-0.4577734,1.1254977,1.8504327,-0.7249349999999997,0.888495028914738,2,1,0,-0.3975826699999999,0.26716159999999967,-0.011740400000000095,0.8058042000000001,0.20733671,0.714616,0.07804724
5857,2024-11-01 19:30:00,GER-Bundesliga,2425,Bayer Leverkusen,VfB Stuttgart,1,0,0,2.78287,0.223778,1.9539272600000004,1.4710032,0.4829240600000004,2.6843666300000004,1.2861422,1.3982244300000004,1.005823483276022,VfB Stuttgart,Bayer Leverkusen,0,0,0,0.223778,2.78287,2.0129712,1.367594,0.6453772,2.1307371,1.6072332,0.5235039000000001,1.0325060597545987,0,0,0,-0.91530037,0.12187329999999985,-0.05904393999999957,0.5536295300000003,0.19715844,0.6573027,0.14553885
5858,2024-11-01 20:00:00,ESP-La Liga,2425,Alaves,Mallorca,1,1,0,1.43582,0.708287,0.6736211999999999,2.41532,-1.7416988,1.1952231000000002,1.7510631999999997,-0.5558400999999995,1.003995819696072,Mallorca,Alaves,0,0,1,0.708287,1.43582,1.7977332,0.971065,0.8266682000000002,1.3759451,0.9791522,0.3967929,0.6540953893470101,1,1,0,-1.1858587000000005,0.4298753000000002,-1.124112,-0.18072199999999983,0.3241647,0.2925357,0.38329962
5859,2024-11-01 20:00:00,FRA-Ligue 1,2425,Lille,Lyon,1,1,1,1.67241,1.58011,1.7780818,1.4004542,0.3776276,1.8372209,1.35630837,0.4809125299999996,0.9253101108799108,Lyon,Lille,0,1,1,1.58011,1.67241,2.4070726,0.7158619999999998,1.6912106000000005,2.12739823,1.2958614,0.8315368299999999,0.8461035308356297,0,2,0,-0.10328492999999961,0.8596737700000006,-0.6289907999999997,-0.2901773299999999,0.25374535,0.3633862,0.3828684
5860,2024-11-02 12:30:00,ENG-Premier League,2425,Newcastle United,Arsenal,1,1,0,0.859715,0.911305,1.5820839999999998,1.6929248,-0.1108408000000003,1.6957589000000002,1.7758884,-0.0801294999999997,0.7666179628377814,Arsenal,Newcastle United,0,0,1,0.911305,0.859715,2.4835736,1.5809138,0.9026597999999996,2.2210738,1.3072023,0.9138715000000002,0.8554416987667411,1,1,0,-0.030711300000000594,-0.011211700000000602,-0.9014896000000003,-0.5253148999999999,0.2623469,0.26685408,0.4707991
5861,2024-11-02 13:00:00,ESP-La Liga,2425,Osasuna,Real Valladolid,1,1,0,3.21695,0.204092,1.2802096,1.5487828,-0.2685732,1.05902898,1.5263456,-0.4673166199999998,1.416390497273741,Real Valladolid,Osasuna,0,0,1,0.204092,3.21695,1.339985,1.785219,-0.4452340000000001,0.9609976999999998,1.9613762,-1.0003785000000005,0.8324673071878246,1,1,0,0.19874341999999978,0.5551445000000004,-0.05977539999999992,0.09803128000000005,0.2822638,0.4852183,0.23251797
5862,2024-11-02 14:00:00,ITA-Serie A,2425,Bologna,Lecce,1,1,0,2.06051,0.771878,0.8988379999999999,1.1812434,-0.2824054000000001,1.1309342,1.3069158,-0.1759816,0.972646354981258,Lecce,Bologna,0,0,1,0.771878,2.06051,0.6510318,1.7912708000000002,-1.1402390000000002,1.0736045,1.8490032,-0.7753986999999998,0.3725763327404712,1,1,0,-0.1064238000000001,-0.36484030000000045,0.24780619999999987,0.05732969999999993,0.32166854,0.5118376,0.1664938
5867,2024-11-02 14:30:00,GER-Bundesliga,2425,Bayern Munich,Union Berlin,1,3,0,2.76181,0.4664,2.827812,0.4147736599999999,2.4130383400000004,2.413994,0.8000049299999998,1.61398907,1.3670285149720691,Union Berlin,Bayern Munich,0,0,3,0.4664,2.76181,1.3235788000000002,0.9904444,0.3331344000000001,1.3207425,1.2649872,0.0557552999999999,0.9842940737546694,1,3,1,0.7990492700000005,0.2773791000000002,1.5042332,1.0932515000000003,0.13584211,0.7584697,0.10568815
5864,2024-11-02 14:30:00,GER-Bundesliga,2425,Wolfsburg,Augsburg,1,1,1,1.11324,0.499473,1.472585,1.8926014,-0.4200163999999997,1.3795547999999995,1.8147197,-0.4351649000000002,1.1597936089283234,Augsburg,Wolfsburg,0,1,1,0.499473,1.11324,1.4108484,1.346731,0.0641174000000002,1.3387958000000002,1.6091954999999998,-0.2703996999999996,0.9710211437613236,0,2,0,0.015148500000000509,0.3345170999999998,0.06173660000000014,0.040758999999999324,0.27243394,0.4202229,0.30734316
5866,2024-11-02 14:30:00,GER-Bundesliga,2425,Eintracht Frankfurt,Bochum,1,7,2,3.83028,2.08714,1.990838,2.19842,-0.2075819999999995,2.161602,1.7097603,0.4518416999999999,0.8789773145207516,Bochum,Eintracht Frankfurt,0,2,7,2.08714,3.83028,1.4378572,2.8852,-1.4473428000000002,1.2895171,3.0389794,-1.7494623000000002,0.620386794105488,1,9,1,-0.6594236999999994,0.3021195000000001,0.5529808,0.8720848999999997,0.1959052,0.67069286,0.1334019
5863,2024-11-02 14:30:00,GER-Bundesliga,2425,Hoffenheim,St. Pauli,1,0,2,0.746379,1.1155,1.2428514,2.186856,-0.9440046000000002,1.7960493,2.1168839,-0.3208345999999999,1.2805877430047476,St. Pauli,Hoffenheim,0,2,0,1.1155,0.746379,1.13756,1.6303366,-0.4927766,0.998337125,1.622945375,-0.62460825,0.626040244120637,2,2,0,-0.6231700000000002,0.13183164999999997,0.10529140000000003,0.7977121749999999,0.32366204,0.5201698,0.15616812
5865,2024-11-02 14:30:00,GER-Bundesliga,2425,Holstein Kiel,FC Heidenheim,1,1,0,2.13316,1.27585,1.372804,1.906596,-0.533792,1.25388325,2.358295,-1.10441175,0.9969020272600868,FC Heidenheim,Holstein Kiel,0,0,1,1.27585,2.13316,1.2060232,1.6537354,-0.4477122,1.400388,1.7482411,-0.3478531,1.2139484100489222,1,1,0,0.5706197499999999,-0.09985909999999998,0.16678079999999995,-0.14650475000000007,0.24150282,0.371214,0.38728318
5868,2024-11-02 15:00:00,ENG-Premier League,2425,Bournemouth,Manchester City,1,2,1,2.4493,2.3527,1.4748822,1.3520398000000005,0.1228423999999996,1.8314881,1.4983845,0.3331036,0.6552045545889408,Manchester City,Bournemouth,0,1,2,2.3527,2.4493,1.983286,1.3034432,0.6798428000000001,2.123579,1.0296745,1.0939044999999998,1.0830766912477987,1,3,1,-0.2102612000000004,-0.41406169999999975,-0.5084038000000002,-0.2920908999999998,0.26411766,0.31421885,0.42166343
5870,2024-11-02 15:00:00,ENG-Premier League,2425,Liverpool,Brighton,1,2,1,1.81037,1.01568,2.0413,1.0511072,0.9901928000000002,2.578811,0.8877032,1.6911078,0.736773366961221,Brighton,Liverpool,0,1,2,1.01568,1.81037,1.5878039999999998,1.8335440000000005,-0.2457400000000005,1.741752,1.5001947999999998,0.2415572000000001,0.9186147519194744,1,3,1,-0.7009149999999997,-0.48729720000000065,0.45349600000000034,0.837059,0.14402114,0.73938394,0.11659494
5869,2024-11-02 15:00:00,ENG-Premier League,2425,Ipswich,Leicester,1,1,1,1.33617,2.33858,1.501338,2.828352,-1.327014,1.0841845555555556,2.6771988888888893,-1.5930143333333338,0.9223512454970044,Leicester,Ipswich,0,1,1,2.33858,1.33617,1.2517154,2.959818,-1.7081026,1.2598463,2.4190382,-1.1591919000000002,1.190620482339407,0,2,0,0.26600033333333384,-0.5489106999999998,0.24962260000000014,-0.17566174444444438,0.25383055,0.38451195,0.36165747
5871,2024-11-02 15:00:00,ENG-Premier League,2425,Southampton,Everton,1,1,0,0.540345,1.78581,1.5330154,2.467984,-0.9349686,1.4177559,2.6531349,-1.235379,0.7053395402272421,Everton,Southampton,0,0,1,1.78581,0.540345,1.2236918,1.38426,-0.1605682000000001,1.1246005,2.06509,-0.9404895,0.9781242511236202,1,1,0,0.30041039999999997,0.7799212999999998,0.3093235999999999,0.29315540000000007,0.32768455,0.3713658,0.30094963
5872,2024-11-02 15:00:00,ENG-Premier League,2425,Nottingham Forest,West Ham,1,3,0,2.35011,0.132317,1.6161462,1.3898432,0.2263029999999999,1.5769373,1.226361,0.3505762999999999,0.8243822855973503,West Ham,Nottingham Forest,0,0,3,0.132317,2.35011,1.9765654,1.6037244000000002,0.372841,1.6091816,2.0459042,-0.4367225999999997,0.8700069215264942,1,3,1,-0.1242733,0.8095635999999997,-0.36041919999999994,-0.032244300000000115,0.28275663,0.453414,0.26382938
5873,2024-11-02 15:15:00,ESP-La Liga,2425,Girona,Leganes,1,4,3,1.81274,0.320545,1.4475644,1.4333588000000002,0.0142055999999999,1.4282774,1.23677578,0.1915016200000001,0.7001436134579925,Leganes,Girona,0,3,4,0.320545,1.81274,0.8738892,1.816002,-0.9421128,0.7438397999999999,1.5621015,-0.8182617000000001,1.0754989508507735,1,7,1,-0.1772960200000002,-0.12385109999999988,0.5736752,0.6844376000000001,0.35357916,0.52560574,0.12081505
5874,2024-11-02 16:00:00,FRA-Ligue 1,2425,Paris Saint Germain,Lens,1,1,0,2.76932,0.803421,2.9322324,1.1223142000000002,1.8099182,3.1590622,1.0373711,2.1216911,0.9496486173495992,Lens,Paris Saint Germain,0,0,1,0.803421,2.76932,1.3137862,1.1756414,0.1381448,1.9551125,0.9421405,1.0129719999999998,0.5626271825139564,1,1,0,-0.3117729,-0.8748271999999997,1.6184462000000002,1.2039497000000001,0.13773778,0.69474036,0.16752182
5875,2024-11-02 17:00:00,ITA-Serie A,2425,Udinese,Juventus,1,0,2,0.573076,1.55533,1.1013046000000002,1.3737792,-0.2724745999999998,1.2364862,1.6964625999999998,-0.4599763999999999,1.132239783800431,Juventus,Udinese,0,2,0,1.55533,0.573076,2.55329,1.15519402,1.3980959799999997,1.6994387,0.8043432100000001,0.8950954899999999,1.0003296968995137,2,2,0,0.1875018000000001,0.5030004899999998,-1.4519853999999999,-0.4629524999999999,0.2958199,0.19460768,0.50957245
5877,2024-11-02 17:30:00,GER-Bundesliga,2425,Borussia Dortmund,RasenBallsport Leipzig,1,2,1,3.30102,0.23928,2.0550864,1.5497738,0.5053125999999999,1.941226,1.4129173,0.5283087,0.978762401305978,RasenBallsport Leipzig,Borussia Dortmund,0,1,2,0.23928,3.30102,2.0648828,1.2397496,0.8251331999999998,1.7461878,1.545134,0.2010537999999999,0.9735487938074052,1,3,1,-0.022996100000000075,0.6240793999999998,-0.009796399999999927,0.19503819999999994,0.20678502,0.587686,0.20552899
5876,2024-11-02 17:30:00,ENG-Premier League,2425,Wolverhampton Wanderers,Crystal Palace,1,2,2,1.65018,2.64849,0.7674506000000001,2.301008,-1.5335573999999998,0.9969764,2.371618,-1.3746416,1.2036381165711478,Crystal Palace,Wolverhampton Wanderers,0,2,2,2.64849,1.65018,1.0431906,1.6876799999999996,-0.6444893999999997,1.3318381,1.6581395999999995,-0.3263014999999996,0.8259255941652411,0,4,1,-0.15891579999999994,-0.3181879000000001,-0.2757399999999999,-0.33486169999999993,0.344554,0.31192768,0.34351835
5878,2024-11-02 18:00:00,FRA-Ligue 1,2425,Brest,Nice,1,0,1,1.02021,1.92085,1.0784508,2.002718,-0.9242671999999998,1.324788,2.1151076,-0.7903195999999999,1.2077394966292745,Nice,Brest,0,1,0,1.92085,1.02021,1.6718338,0.9702266000000002,0.7016071999999998,1.5760559,1.2788561,0.2971998,1.268989717312871,2,1,0,-0.13394759999999994,0.40440739999999975,-0.593383,-0.2512679,0.28762916,0.25626013,0.45611075
5879,2024-11-02 19:45:00,ITA-Serie A,2425,Monza,AC Milan,1,0,1,1.23293,2.91043,0.7930676200000001,1.1528724,-0.35980478,0.61097181,1.2679764,-0.65700459,1.6367340471337832,AC Milan,Monza,0,1,0,2.91043,1.23293,1.9593712,0.9652426,0.9941286,2.0352046,1.2560044,0.7792002000000002,0.9335666136138776,2,1,0,0.29719981,0.2149283999999998,-1.1663035800000001,-1.42423279,0.18595222,0.27953193,0.53451586
5880,2024-11-02 20:00:00,FRA-Ligue 1,2425,Saint-Etienne,Strasbourg,1,2,0,2.82745,0.451174,1.1847038,2.491808,-1.3071041999999995,1.1117078,2.566489,-1.4547811999999998,0.8095645190539105,Strasbourg,Saint-Etienne,0,0,2,0.451174,2.82745,2.044624,1.9892762,0.0553477999999996,1.89682,2.0146045,-0.1177844999999999,1.0543957495198546,1,2,0,0.14767700000000028,0.17313229999999952,-0.8599202000000001,-0.7851121999999999,0.3138603,0.24444146,0.44169822
5881,2024-11-03 11:30:00,ITA-Serie A,2425,Napoli,Atalanta,1,0,3,0.611112,1.50982,1.6159564000000004,0.6160094,0.9999470000000004,1.5122411,0.8633097,0.6489314,1.1902856030790308,Atalanta,Napoli,0,3,0,1.50982,0.611112,2.76367,0.38130502,2.38236498,2.430947,1.11222381,1.31872319,1.069541594472609,2,3,1,0.3510156000000003,1.0636417900000001,-1.1477135999999994,-0.9187059000000002,0.24448813,0.28490534,0.4706065
5882,2024-11-03 13:00:00,ESP-La Liga,2425,Atletico Madrid,Las Palmas,1,2,0,1.73469,0.0329044,1.6328124,1.1966316,0.4361808,1.8843708,0.9560372,0.9283336,0.7429531687960943,Las Palmas,Atletico Madrid,0,0,2,0.0329044,1.73469,1.1376722,2.1101266,-0.9724544,1.1081482,2.1210083,-1.0128601000000002,0.9926461166059588,1,2,0,-0.4921528,0.0404057000000001,0.49514020000000003,0.7762225999999999,0.1870067,0.72145927,0.091534026
5883,2024-11-03 14:00:00,ITA-Serie A,2425,Torino,Fiorentina,1,0,1,0.590362,0.523302,0.9536742,1.8474902,-0.8938159999999999,1.2367301,1.7499625,-0.5132323999999999,1.2128748116708636,Fiorentina,Torino,0,1,0,0.523302,0.590362,2.1783956,1.0024142,1.1759814,1.9600991,1.1948333,0.7652657999999997,1.0713738548352711,2,1,0,-0.3805836,0.4107156000000003,-1.2247214,-0.7233690000000002,0.23806646,0.25491077,0.50702274
5884,2024-11-03 14:00:00,ENG-Premier League,2425,Tottenham,Aston Villa,1,4,1,2.09751,2.48749,2.570904,1.060774,1.5101299999999998,2.2496085,1.0384031,1.2112054,0.9334953466368274,Aston Villa,Tottenham,0,1,4,2.48749,2.09751,1.4922418,1.154825,0.3374167999999999,1.7369605,1.3851604,0.3518000999999999,0.9211487992105756,1,5,1,0.29892459999999965,-0.014383299999999988,1.0786622000000001,0.512648,0.18419693,0.6705213,0.1452817
5885,2024-11-03 14:00:00,FRA-Ligue 1,2425,Toulouse,Reims,1,1,0,0.910081,0.818661,1.9657052,0.9063594,1.0593458,1.5621486,0.8760572,0.6860914,0.6401435560333018,Reims,Toulouse,0,0,1,0.818661,0.910081,2.2669008,1.6728948000000003,0.5940059999999994,1.63713427,1.7337664,-0.0966321299999999,1.099481535206312,1,1,0,0.3732544,0.6906381299999993,-0.30119560000000023,-0.07498567,0.2747333,0.4049831,0.32028353
5886,2024-11-03 14:30:00,GER-Bundesliga,2425,Freiburg,Mainz 05,1,0,0,0.463898,0.903716,1.351192,1.2455546,0.1056373999999999,1.7531195,1.2261142,0.5270052999999999,0.8556171694986169,Mainz 05,Freiburg,0,0,0,0.903716,0.463898,0.9984464,1.5577891999999998,-0.5593427999999998,1.5813251999999998,1.6466381,-0.0653129000000003,1.1382850673061635,0,0,0,-0.4213679,-0.4940298999999995,0.3527456,0.17179430000000018,0.21719928,0.6014029,0.18139781
5887,2024-11-03 15:15:00,ESP-La Liga,2425,Barcelona,Espanyol,1,3,1,1.94398,0.787359,2.4108828,1.2457184,1.1651644,2.7716424,1.1635138,1.6081286,1.2627887122852817,Espanyol,Barcelona,0,1,3,0.787359,1.94398,0.6806015999999999,1.6036832,-0.9230816000000002,1.0171138,2.0973360000000003,-1.0802222000000004,0.9831731875300608,1,4,1,-0.4429641999999998,0.15714060000000019,1.7302812,1.7545286000000002,0.10608405,0.83803666,0.05587925
5888,2024-11-03 16:00:00,FRA-Ligue 1,2425,Auxerre,Rennes,1,4,0,2.39897,0.701873,1.80413,1.6803392,0.1237907999999998,1.6126577999999998,1.9920806,-0.3794228000000001,0.8681315601291483,Rennes,Auxerre,0,0,4,0.701873,2.39897,1.3998214,1.2548274,0.1449939999999998,1.4527647,1.3773529,0.0754117999999999,0.9636791397263854,1,4,1,0.5032135999999999,0.06958219999999989,0.4043086,0.1598930999999999,0.21907146,0.45072165,0.33020693
5889,2024-11-03 16:00:00,FRA-Ligue 1,2425,Le Havre,Montpellier,1,1,0,1.7998,0.722691,0.7642384,2.1819126,-1.4176742,1.1562255,2.0239866,-0.8677610999999996,0.6919059544129114,Montpellier,Le Havre,0,0,1,0.722691,1.7998,1.0850362,3.073248,-1.9882118,0.9816635,2.9756620000000003,-1.9939985,1.0186779699174209,1,1,0,-0.5499131000000004,0.0057867000000000335,-0.3207978,0.17456199999999988,0.30710188,0.47319597,0.21970218
5890,2024-11-03 16:30:00,GER-Bundesliga,2425,Borussia M.Gladbach,Werder Bremen,1,4,1,2.95668,1.30211,1.6941108,1.7544308000000002,-0.0603200000000001,1.6684930999999998,2.0086953000000003,-0.3402022000000004,0.7192114134536047,Werder Bremen,Borussia M.Gladbach,0,1,4,1.30211,2.95668,1.7769608,2.038746,-0.2617852000000003,1.7352526999999998,1.7851512,-0.0498985000000002,1.0949407570777692,1,5,1,0.2798822000000003,-0.21188670000000007,-0.08284999999999987,-0.06675959999999992,0.24836533,0.41327313,0.33836153
5891,2024-11-03 16:30:00,ENG-Premier League,2425,Manchester United,Chelsea,1,1,1,2.1605,1.21071,1.5582695999999998,2.2990504,-0.7407808000000002,1.6651428,1.9487093,-0.2835664999999998,0.600548733388672,Chelsea,Manchester United,0,1,1,1.21071,2.1605,2.258032,1.5198694,0.7381625999999994,1.9888606,1.5196845,0.4691761000000001,1.0558804091747762,0,2,0,-0.45721430000000046,0.26898649999999935,-0.6997624000000002,-0.32371780000000006,0.30205226,0.26607335,0.43187442
5892,2024-11-03 17:00:00,ITA-Serie A,2425,Verona,Roma,1,3,2,1.51701,2.38413,0.9824328,2.13404,-1.1516071999999995,1.1003733,1.8113486,-0.7109753000000001,1.181416178113211,Roma,Verona,0,2,3,2.38413,1.51701,1.0700108,1.7406526,-0.6706418000000001,1.4295345,1.5623292999999998,-0.1327947999999998,0.6995279235807715,1,5,1,-0.4406318999999994,-0.5378470000000003,-0.08757799999999993,-0.32916119999999993,0.2985066,0.36713845,0.33435503
5893,2024-11-03 17:30:00,ESP-La Liga,2425,Sevilla,Real Sociedad,1,0,2,0.629505,1.21835,1.2307636,1.5584440000000002,-0.3276804000000002,1.1086471999999998,1.4872843,-0.3786371000000001,0.9019993898876127,Real Sociedad,Sevilla,0,2,0,1.21835,0.629505,1.939718,0.7662644,1.1734535999999998,1.33846783,1.2644907,0.07397713,0.5229856566775634,2,2,0,0.05095669999999991,1.0994764699999997,-0.7089544000000001,-0.22982063000000008,0.28034434,0.3174048,0.40225086
5894,2024-11-03 19:45:00,FRA-Ligue 1,2425,Nantes,Marseille,1,1,2,1.25901,0.876221,1.2523399999999998,1.4111946,-0.1588546000000001,1.2314333,1.2589834,-0.0275501,0.8932673062622992,Marseille,Nantes,0,2,1,0.876221,1.25901,1.3027642,2.512136,-1.2093718,1.7065381000000002,1.9616578,-0.2551196999999998,1.3477569895702946,2,3,1,-0.1313045000000001,-0.9542521000000002,-0.05042420000000014,-0.4751048000000002,0.29680094,0.4321265,0.27107254
5895,2024-11-03 19:45:00,ITA-Serie A,2425,Inter,Venezia,1,1,0,3.34539,1.14021,2.2123434,1.1487884,1.063555,2.0587109000000003,1.2545155,0.8041954000000002,1.1657774941700196,Venezia,Inter,0,0,1,1.14021,3.34539,1.4722908,1.6282234000000002,-0.1559326000000001,1.2397964,1.5520347,-0.3122382999999999,0.8065833982229678,1,1,0,0.2593595999999998,0.15630569999999983,0.7400526000000001,0.8189145000000004,0.18333957,0.70470464,0.111955814
5896,2024-11-03 20:00:00,ESP-La Liga,2425,Athletic Club,Real Betis,1,1,1,4.2033,1.54499,1.614858,1.1348042,0.4800537999999998,1.4069891,1.19615521,0.2108338899999999,1.137179287899751,Real Betis,Athletic Club,0,1,1,1.54499,4.2033,2.015589,1.2542488,0.7613401999999998,1.8424104,1.1223699,0.7200404999999999,0.5427669411945671,0,2,0,0.2692199099999999,0.04129969999999994,-0.40073099999999995,-0.4354212999999998,0.2735821,0.324186,0.40223193
5897,2024-11-04 17:30:00,ITA-Serie A,2425,Empoli,Como,1,1,0,0.723897,0.41675,0.5668156,1.548482,-0.9816664,0.923236,1.3884052,-0.4651692,0.7582018484961067,Como,Empoli,0,0,1,0.41675,0.723897,1.4314667999999997,1.782721,-0.3512542000000003,1.3113104999999998,1.4907105,-0.1794000000000002,0.9151143721381227,1,1,0,-0.5164972000000001,-0.1718542000000001,-0.8646511999999997,-0.3880744999999999,0.31247118,0.39279607,0.29473272
5898,2024-11-04 17:30:00,ITA-Serie A,2425,Parma Calcio 1913,Genoa,1,0,1,0.883705,1.15243,1.576241,1.620701,-0.0444599999999999,1.7017795,1.7696715,-0.067892,0.8226677882370846,Genoa,Parma Calcio 1913,0,1,0,1.15243,0.883705,0.4978217999999999,2.3954996,-1.8976778,0.8794505000000001,2.1475039,-1.2680533999999997,0.7959506578816455,2,1,0,0.02343200000000009,-0.6296244000000004,1.0784192000000001,0.8223289999999999,0.21579127,0.59694123,0.18726748
5899,2024-11-04 19:45:00,ITA-Serie A,2425,Lazio,Cagliari,1,2,1,3.39964,0.274214,2.0609682200000004,0.8651135999999997,1.1958546200000006,1.95866111,1.0963063,0.8623548100000002,1.123215683178759,Cagliari,Lazio,0,1,2,0.274214,3.39964,1.3920267999999998,1.8876254,-0.4955986000000001,1.3962555,1.7620306999999995,-0.3657751999999996,0.5729606272199986,1,3,1,0.3334998100000004,-0.12982340000000053,0.6689414200000006,0.5624056099999999,0.19737302,0.6825817,0.12004522
5900,2024-11-04 20:00:00,ESP-La Liga,2425,Celta Vigo,Getafe,1,1,0,2.12477,0.424746,1.1315544,1.1805822000000004,-0.0490278000000004,1.5686802,1.3465592999999998,0.2221209000000001,0.9562172352164352,Getafe,Celta Vigo,0,0,1,0.424746,2.12477,1.9682542,0.9312368,1.0370174,1.3979713,1.03311593,0.3648553699999999,0.5007252289619759,1,1,0,-0.27114870000000046,0.6721620300000002,-0.8366998000000001,0.17070889999999994,0.26479563,0.44762868,0.2875757
5901,2024-11-04 20:00:00,ENG-Premier League,2425,Fulham,Brentford,1,2,1,1.43017,0.739231,2.306368,1.0799332,1.2264348,1.9103551,1.1756548,0.7347002999999999,0.8375401842619814,Brentford,Fulham,0,1,2,0.739231,1.43017,2.077678,1.7784422,0.2992358000000001,1.8841589000000003,1.9608911,-0.0767321999999999,1.0614810345979655,1,3,1,0.4917345000000002,0.375968,0.22868999999999984,0.02619619999999978,0.25160718,0.52868605,0.21970677
5902,2024-11-07 20:00:00,ITA-Serie A,2425,Genoa,Como,1,1,1,1.03893,1.37361,0.6512559999999998,1.9886346,-1.3373786,0.7634075,2.0352184,-1.2718109000000002,0.7859488072244415,Como,Genoa,0,1,1,1.37361,1.03893,1.0198307999999998,1.6166204,-0.5967896000000001,1.3358617,1.4325182,-0.0966565000000001,0.8982959102009511,0,2,0,-0.0655676999999999,-0.5001331,-0.3685748,-0.5724541999999999,0.281507,0.29255727,0.4259358
5903,2024-11-08 19:30:00,GER-Bundesliga,2425,Union Berlin,Freiburg,1,0,0,0.801684,2.66619,1.1736848000000002,1.4670511999999998,-0.2933663999999996,1.2013205,1.2387512,-0.0374307,0.9156582979660316,Freiburg,Union Berlin,0,0,0,2.66619,0.801684,1.1962036,1.3503666,-0.154163,1.6125592999999998,1.2530394,0.3595198999999998,0.8681845881980352,0,0,0,-0.2559356999999996,-0.5136828999999998,-0.02251879999999984,-0.4112387999999998,0.25969502,0.40043205,0.33987293
5904,2024-11-08 19:45:00,ITA-Serie A,2425,Lecce,Empoli,1,1,1,1.41905,0.610497,0.7129526000000002,1.7168427999999998,-1.0038901999999996,0.9623783,1.8091452,-0.8467669000000002,0.4156365374857917,Empoli,Lecce,0,1,1,0.610497,1.41905,0.622039,1.380956,-0.7589169999999998,0.9377684,1.3972954,-0.4595269999999999,0.8530881899110805,0,2,0,-0.1571232999999994,-0.29938999999999993,0.09091360000000015,0.024609900000000073,0.33099437,0.40652466,0.26248097
5905,2024-11-08 19:45:00,FRA-Ligue 1,2425,Marseille,Auxerre,1,1,3,2.02831,2.09466,1.3428928,1.9853920000000005,-0.6424992000000003,1.5620292,1.8552228,-0.2931935999999999,1.472442722298199,Auxerre,Marseille,0,3,1,2.09466,2.02831,1.998752,1.4639218,0.5348301999999996,1.6491388,1.7422869000000003,-0.0931481000000002,1.0308404417866817,2,4,1,-0.3493056000000004,0.6279782999999998,-0.6558592000000001,-0.08710960000000001,0.2851341,0.33998397,0.37488195
5906,2024-11-08 20:00:00,ESP-La Liga,2425,Rayo Vallecano,Las Palmas,1,1,3,2.63982,1.25211,1.3065058,1.6521749999999995,-0.3456691999999997,1.1268727999999997,1.3223485,-0.1954757000000002,0.8874108174313754,Las Palmas,Rayo Vallecano,0,3,1,1.25211,2.63982,0.9226550799999998,1.9237726,-1.0011175200000002,0.98800064,2.1354793,-1.1474786600000002,1.012144068910655,2,4,1,-0.15019349999999948,0.14636114,0.3838507200000002,0.1388721599999997,0.28269303,0.52128774,0.19601922
5907,2024-11-09 13:00:00,ESP-La Liga,2425,Real Madrid,Osasuna,1,4,0,3.27315,0.0678926,1.1040458,1.535361,-0.4313152,2.0525439,1.1433086,0.9092353,0.9744001215271832,Osasuna,Real Madrid,0,0,4,0.0678926,3.27315,1.8480892,1.3545472,0.4935419999999999,1.29195618,1.5039946,-0.2120384199999998,1.1610291913854296,1,4,1,-1.3405505,0.7055804199999998,-0.7440434,0.76058772,0.24282354,0.6078237,0.14935276
5908,2024-11-09 14:00:00,ITA-Serie A,2425,Venezia,Parma Calcio 1913,1,1,2,1.29642,0.945022,1.2946428,1.8992994000000003,-0.6046566000000002,1.2748525,1.6533507,-0.3784982000000001,0.7059634695280674,Parma Calcio 1913,Venezia,0,2,1,0.945022,1.29642,1.1557860000000002,1.239787,-0.0840009999999997,1.606354,1.8036015,-0.1972474999999998,0.8092856186832923,2,3,1,-0.2261584000000001,0.1132465000000001,0.1388567999999999,-0.3315015000000001,0.2543617,0.34825322,0.39738515
5912,2024-11-09 14:30:00,GER-Bundesliga,2425,Bochum,Bayer Leverkusen,1,1,1,0.777554,1.40554,1.5905192,3.1975,-1.6069808000000003,1.4760795,2.9625124,-1.4864329,0.6774698263407721,Bayer Leverkusen,Bochum,0,1,1,1.40554,0.777554,2.16675326,1.3484776000000005,0.8182756599999998,2.50315863,1.2863684000000002,1.21679023,0.8788892141089699,0,2,0,-0.12054790000000026,-0.3985145700000001,-0.5762340600000002,-1.0270791300000002,0.28953886,0.17767839,0.53278273
5911,2024-11-09 14:30:00,GER-Bundesliga,2425,Mainz 05,Borussia Dortmund,1,3,1,3.18749,0.845107,0.9276135999999996,1.0914448,-0.1638312000000001,1.3662938,1.6531312999999996,-0.2868374999999996,1.097859700556571,Borussia Dortmund,Mainz 05,0,1,3,0.845107,3.18749,2.5939064,0.8851938,1.7087125999999997,2.2314314,1.1314423,1.0999891,0.94109953767813,1,4,1,0.12300629999999949,0.6087234999999998,-1.6662928000000004,-0.8651376,0.26004213,0.22233611,0.51762176
5910,2024-11-09 14:30:00,GER-Bundesliga,2425,St. Pauli,Bayern Munich,1,0,1,0.0751538,1.67296,1.0260900000000002,1.6113475999999998,-0.5852575999999996,1.0113552222222222,1.5255491111111112,-0.5141938888888891,0.7690442548713735,Bayern Munich,St. Pauli,0,1,0,1.67296,0.0751538,2.711272,0.50805366,2.2032183400000003,2.653023,0.83340663,1.81961637,1.281556442761166,2,1,0,-0.07106371111111054,0.3836019700000002,-1.685182,-1.641667777777778,0.12757583,0.12488937,0.7475349
5909,2024-11-09 14:30:00,GER-Bundesliga,2425,Werder Bremen,Holstein Kiel,1,2,1,2.26129,0.884231,2.0373828,1.96118,0.0762027999999999,1.7624137000000002,1.9198582,-0.1574445,1.0780663597506308,Holstein Kiel,Werder Bremen,0,1,2,0.884231,2.26129,1.3456800000000002,1.897,-0.55132,1.3515806666666663,2.238023333333333,-0.8864426666666665,0.9042902488902717,1,3,1,0.2336472999999999,0.33512266666666646,0.6917027999999998,0.4108330333333339,0.20189384,0.58254486,0.2155613
5913,2024-11-09 15:00:00,ENG-Premier League,2425,Crystal Palace,Fulham,1,0,2,1.96037,2.25331,1.2390326,1.5476039999999998,-0.3085713999999997,1.3734981,1.763273,-0.3897748999999999,0.5824539673888393,Fulham,Crystal Palace,0,2,0,2.25331,1.96037,1.95012,1.0082434,0.9418765999999996,1.9417741,1.0428349,0.8989392,0.7209897788883997,2,2,0,0.0812035000000002,0.04293739999999957,-0.7110874,-0.568276,0.23417549,0.22409852,0.541726
5915,2024-11-09 15:00:00,ENG-Premier League,2425,Wolverhampton Wanderers,Southampton,1,2,0,0.912781,0.792655,0.9934632,2.356004,-1.3625408,1.088869,2.07053,-0.981661,1.2857365893081818,Southampton,Wolverhampton Wanderers,0,0,2,0.792655,0.912781,1.0614584,2.496146,-1.4346876,1.3378264,2.4313709,-1.0935445,0.5232364055333296,1,2,0,-0.3808798000000001,-0.34114310000000003,-0.06799520000000003,-0.24895739999999988,0.30566388,0.44113058,0.25320548
5914,2024-11-09 15:00:00,ENG-Premier League,2425,Brentford,Bournemouth,1,3,2,1.56474,2.49234,2.0468112,1.2855141999999995,0.7612969999999999,1.7879250000000002,1.7388641,0.0490609000000001,1.0626838023497616,Bournemouth,Brentford,0,2,3,2.49234,1.56474,1.6707842,1.3351178000000004,0.3356663999999996,1.8762181,1.5738835000000002,0.3023345999999995,0.6928828301556039,1,5,1,0.7122360999999998,0.03333180000000008,0.3760270000000001,-0.08829309999999979,0.22608785,0.37969273,0.3942194
5916,2024-11-09 15:00:00,ENG-Premier League,2425,West Ham,Everton,1,0,0,1.1237,0.865983,1.8513754,1.5942924,0.2570829999999997,1.5983974,2.0494112,-0.4510138000000001,0.8133141274415691,Everton,West Ham,0,0,0,0.865983,1.1237,1.2160997999999998,1.224743,-0.0086432,1.2366911,1.7979545,-0.5612633999999999,0.8086087070500411,0,0,0,0.7080967999999997,0.5526201999999999,0.6352756000000002,0.36170630000000004,0.21441177,0.52593774,0.2596505
5917,2024-11-09 15:15:00,ESP-La Liga,2425,Villarreal,Alaves,1,3,0,1.44293,0.608571,2.2668,0.9242822,1.3425178,2.2814209,1.5333846,0.7480362999999997,0.7889816434215873,Alaves,Villarreal,0,0,3,0.608571,1.44293,0.7900942,2.1973954,-1.4073012,1.3215506,1.6858799000000002,-0.3643293000000001,0.9836921993813936,1,3,1,0.5944815000000003,-1.0429719,1.4767058,0.9598703000000002,0.16966008,0.69333535,0.13700463
5918,2024-11-09 16:00:00,FRA-Ligue 1,2425,Strasbourg,Monaco,1,1,3,0.771173,3.42574,1.5308488,2.0943402,-0.5634914,1.8293934,1.9706585,-0.1412651,1.03859506730752,Monaco,Strasbourg,0,3,1,3.42574,0.771173,1.4838276,0.7734628,0.7103648000000001,1.8935309,0.72788203,1.16564887,0.7921704408571094,2,4,1,-0.42222629999999994,-0.45528406999999993,0.047021200000000096,-0.06413749999999996,0.29332364,0.24396718,0.46270922
5919,2024-11-09 17:00:00,ITA-Serie A,2425,Cagliari,AC Milan,1,3,3,1.90363,2.77604,0.8354695999999999,1.9703574,-1.1348878,1.2930429,1.9723557,-0.6793127999999999,0.6960320527400501,AC Milan,Cagliari,0,3,3,2.77604,1.90363,1.9899552,1.0235522,0.966403,2.0437206,1.1991344,0.8445862,0.8318158402788325,0,6,1,-0.45557500000000006,0.12181680000000006,-1.1544856000000001,-0.7506776999999998,0.2567667,0.2334273,0.509806
5921,2024-11-09 17:30:00,GER-Bundesliga,2425,RasenBallsport Leipzig,Borussia M.Gladbach,1,0,0,0.849803,1.31521,1.944474,1.5653836,0.3790904000000001,1.6091548,1.772186,-0.1630312,1.0564545707755584,Borussia M.Gladbach,RasenBallsport Leipzig,0,0,0,1.31521,0.849803,2.0461088,1.4283487999999998,0.6177600000000001,1.9318064,1.9057673,0.0260391000000002,0.7764749218788581,0,0,0,0.5421216000000001,0.5917208999999999,-0.1016347999999998,-0.3226515999999999,0.24378188,0.34524927,0.41096884
5920,2024-11-09 17:30:00,ENG-Premier League,2425,Brighton,Manchester City,1,2,1,2.87116,2.60334,1.4772679999999998,1.921772,-0.4445040000000002,1.64615,1.5808278,0.0653222,1.0327120659040392,Manchester City,Brighton,0,1,2,2.60334,2.87116,1.90265,1.5364812,0.3661688,2.127345,1.2505886,0.8767564000000001,0.9871454855016532,1,3,1,-0.5098262000000002,-0.5105876,-0.42538200000000015,-0.48119500000000004,0.24301453,0.30162263,0.45536286
5922,2024-11-09 18:00:00,FRA-Ligue 1,2425,Lens,Nantes,1,3,2,3.74705,1.49891,1.3038008,1.4602334,-0.1564325999999998,1.4968996,1.1075545000000002,0.3893450999999999,0.6012423269788254,Nantes,Lens,0,2,3,1.49891,3.74705,1.2469659999999998,1.4214668,-0.1745008000000001,1.2687585,1.1613095000000002,0.1074489999999996,0.9458057259866824,1,5,1,-0.5457776999999997,-0.2819497999999997,0.056834800000000296,0.2281411000000002,0.23905763,0.54055405,0.22038831
5923,2024-11-09 19:45:00,ITA-Serie A,2425,Juventus,Torino,1,2,0,1.57325,0.273931,2.2807500000000003,1.19275742,1.0879925800000003,1.7243897,0.84452701,0.8798626900000002,0.9278639695748764,Torino,Juventus,0,0,2,0.273931,1.57325,0.9727836,1.5026806,-0.5298970000000002,1.2081061,1.5922527,-0.3841466,1.0760635377442944,1,2,0,0.20812989000000015,-0.14575040000000017,1.3079664000000002,0.5162836,0.17714402,0.68173367,0.1411223
5925,2024-11-09 20:00:00,ENG-Premier League,2425,Liverpool,Aston Villa,1,2,0,2.68196,1.66337,1.915912,0.9602852,0.9556267999999998,2.193911,0.9161458,1.2777652,0.8660329128971445,Aston Villa,Liverpool,0,0,2,1.66337,2.68196,1.5150378,1.4703035999999998,0.0447342000000001,1.9258249,1.3717224,0.5541024999999999,0.8827381540563973,1,2,0,-0.32213840000000016,-0.5093682999999999,0.40087420000000007,0.2680860999999999,0.19224185,0.6446538,0.16310433
5924,2024-11-09 20:00:00,FRA-Ligue 1,2425,Angers,Paris Saint Germain,1,2,4,1.21483,4.38095,1.503598,2.0642114,-0.5606134,1.1564808000000002,1.8918927,-0.7354118999999999,0.9511606667740036,Paris Saint Germain,Angers,0,4,2,4.38095,1.21483,3.1055424,1.1309356000000002,1.9746068,3.1431152,0.9969912,2.146124,0.9226512211034388,2,6,1,0.17479849999999986,-0.17151719999999981,-1.6019444,-1.9866343999999998,0.15561472,0.19156499,0.65282035
5926,2024-11-09 21:00:00,ESP-La Liga,2425,Leganes,Sevilla,1,1,0,1.09319,0.539924,0.781356,1.929998,-1.1486419999999995,0.6168963,1.6199375,-1.0030412000000002,1.458913825688652,Sevilla,Leganes,0,0,1,0.539924,1.09319,1.0224666,1.719811,-0.6973444,1.0477717,1.4692943,-0.4215226000000001,0.858964926266928,1,1,0,-0.1456007999999993,-0.2758217999999999,-0.24111059999999995,-0.4308754,0.2928905,0.36544,0.34166947
5927,2024-11-10 11:30:00,ITA-Serie A,2425,Atalanta,Udinese,1,2,1,1.60488,0.90914,2.570132,0.46824182,2.1018901800000003,2.3360200000000004,0.98492101,1.3510989900000006,1.0701958586844895,Udinese,Atalanta,0,1,2,0.90914,1.60488,1.0189602,1.2239152,-0.204955,1.1993317,1.5209756,-0.3216439000000002,1.0839360921285646,1,3,1,0.7507911899999997,0.1166889000000002,1.5511718,1.1366883000000005,0.10450326,0.8179909,0.0775058
5928,2024-11-10 13:00:00,ESP-La Liga,2425,Real Betis,Celta Vigo,1,2,2,1.65065,0.941675,1.791295,1.8733108,-0.0820158000000002,1.8608974,1.5254454,0.3354520000000001,0.5911123358481043,Celta Vigo,Real Betis,0,2,2,0.941675,1.65065,1.2042563999999998,1.1098600000000003,0.0943963999999994,1.6505862,1.2735939,0.3769922999999999,0.7875984982798849,0,4,1,-0.4174678000000003,-0.2825959000000005,0.5870386000000003,0.21031120000000003,0.19840041,0.5128697,0.2887299
5931,2024-11-10 14:00:00,ENG-Premier League,2425,Tottenham,Ipswich,1,1,2,1.75088,2.18392,2.211444,1.379559,0.8318850000000002,2.1396845,1.2174209,0.9222636,1.0281884884484191,Ipswich,Tottenham,0,2,1,2.18392,1.75088,1.439572,2.716442,-1.27687,1.1093831,2.643337,-1.5339538999999998,0.9014010566764028,2,3,1,-0.09037859999999975,0.2570838999999998,0.7718720000000001,1.0303014,0.14945278,0.7794051,0.071142115
5934,2024-11-10 14:00:00,ENG-Premier League,2425,Manchester United,Leicester,1,3,0,1.2369,0.417295,1.5202576,2.2073364,-0.6870788000000001,1.7807887999999998,1.8726103000000005,-0.0918215000000004,0.5053937303549246,Leicester,Manchester United,0,0,3,0.417295,1.2369,1.4518454000000005,2.862298,-1.4104525999999995,1.2906913,2.45562,-1.1649286999999997,1.084689201291431,1,3,1,-0.5952572999999997,-0.2455238999999998,0.06841219999999959,0.49009749999999985,0.28186023,0.5294248,0.18871501
5933,2024-11-10 14:00:00,ITA-Serie A,2425,Fiorentina,Verona,1,3,1,2.77034,0.53544,2.03218,1.0309306,1.0012493999999998,1.9311163,1.0700735,0.8610428000000001,1.087453361843944,Verona,Fiorentina,0,1,3,0.53544,2.77034,0.9749548,2.11588,-1.1409251999999996,1.0715383,1.952244,-0.8807056999999998,1.213207952335486,1,4,1,0.14020659999999974,-0.2602194999999998,1.0572252,0.859578,0.18891665,0.71201974,0.09906357
5930,2024-11-10 14:00:00,ENG-Premier League,2425,Nottingham Forest,Newcastle United,1,1,3,1.17852,1.86904,1.8123222,1.1026345999999998,0.7096876000000001,1.6539863,1.1313707000000002,0.5226156,0.8464393892262655,Newcastle United,Nottingham Forest,0,3,1,1.86904,1.17852,1.5344909999999998,1.2329038,0.3015871999999997,1.4166864,1.6968618999999996,-0.2801754999999994,0.7058720222965208,2,4,1,0.18707200000000013,0.5817626999999992,0.2778312000000003,0.2372999,0.21901159,0.6058172,0.1751712
5932,2024-11-10 14:00:00,ITA-Serie A,2425,Roma,Bologna,1,2,3,1.06974,2.16772,1.1488348,1.6383645999999998,-0.4895297999999999,1.5383085,1.5833963,-0.0450878000000001,0.7800770911185299,Bologna,Roma,0,3,2,2.16772,1.06974,1.020336,1.1941386,-0.1738026000000001,1.2919048,1.2265336,0.0653711999999999,0.9288602930647112,2,5,1,-0.4444419999999998,-0.2391738,0.12849880000000002,0.24640370000000011,0.24675111,0.48709008,0.26615882
5929,2024-11-10 14:00:00,FRA-Ligue 1,2425,Nice,Lille,1,2,2,1.92983,2.19562,1.1559898,1.1071622,0.0488275999999998,1.6352318999999995,1.2209420999999998,0.4142897999999999,1.161914000140286,Lille,Nice,0,2,2,2.19562,1.92983,1.6521377999999998,1.1124662,0.5396715999999997,1.8445269000000004,1.3814103699999998,0.4631165300000006,0.867430630894767,0,4,1,-0.36546220000000007,0.07655506999999911,-0.4961479999999998,-0.2092950000000009,0.2682805,0.3789549,0.3527646
5935,2024-11-10 14:30:00,GER-Bundesliga,2425,Augsburg,Hoffenheim,1,0,0,0.970329,0.415649,0.951619,1.317803,-0.366184,1.3325069,1.5379165,-0.2054096,1.0506504314158287,Hoffenheim,Augsburg,0,0,0,0.415649,0.970329,1.316372,2.1667820000000004,-0.8504100000000003,1.5035522,2.181711,-0.6781587999999998,1.1306550376800768,0,0,0,-0.1607744,-0.1722512000000005,-0.3647530000000001,-0.17104529999999984,0.2888198,0.44923776,0.26194242
5936,2024-11-10 15:15:00,ESP-La Liga,2425,Mallorca,Atletico Madrid,1,0,1,0.735147,0.93863,1.6520106,0.984061,0.6679495999999999,1.4040136,1.0339664000000002,0.3700471999999999,0.6410189751588053,Atletico Madrid,Mallorca,0,1,0,0.93863,0.735147,1.824079,0.85096048,0.97311852,1.9154468,0.8996752399999999,1.0157715600000004,0.6786924707632335,2,1,0,0.2979024,-0.042653040000000364,-0.1720683999999999,-0.5114331999999999,0.2762561,0.2696957,0.45404822
5937,2024-11-10 16:00:00,FRA-Ligue 1,2425,Le Havre,Reims,1,0,3,1.51035,2.69952,1.008096,1.9584048000000005,-0.9503088000000002,1.1038695,1.8641247,-0.7602552,0.724722691656313,Reims,Le Havre,0,3,0,2.69952,1.51035,2.2785702,1.474357,0.8042132,1.57997637,1.6991265000000002,-0.1191501300000001,1.0126727321417268,2,3,1,-0.19005360000000016,0.92336333,-1.2704741999999998,-0.47610686999999996,0.3166861,0.26729423,0.4160197
5939,2024-11-10 16:00:00,FRA-Ligue 1,2425,Montpellier,Brest,1,3,1,3.03758,1.88669,0.8727824,3.1480360000000003,-2.2752536,0.9424146,2.617087,-1.6746724000000002,0.848882382677027,Brest,Montpellier,0,1,3,1.88669,3.03758,1.1406838,1.916788,-0.7761041999999998,1.323905,2.2087722,-0.8848671999999997,0.9819428267565824,1,4,1,-0.6005811999999999,0.10876299999999994,-0.26790139999999996,-0.3814904000000001,0.36284518,0.32520676,0.3119481
5938,2024-11-10 16:00:00,FRA-Ligue 1,2425,Rennes,Toulouse,1,0,2,0.31279,1.31564,1.270924,1.5639518,-0.2930277999999999,1.397304,1.4782259000000002,-0.0809219000000003,0.9303623761455088,Toulouse,Rennes,0,2,0,1.31564,0.31279,1.6776214,0.9282826,0.7493388000000001,1.5547363,0.8550193,0.699717,0.7075150252071524,2,2,0,-0.2121058999999996,0.04962180000000005,-0.4066974000000001,-0.15743229999999997,0.27186868,0.3245938,0.4035375
5940,2024-11-10 16:30:00,ENG-Premier League,2425,Chelsea,Arsenal,1,1,1,1.24067,1.9605,2.02072,1.800316,0.2204039999999998,1.9501606,1.5355345,0.4146260999999998,1.0255560359715832,Arsenal,Chelsea,0,1,1,1.9605,1.24067,2.4090126,1.2016808,1.2073317999999995,1.9910343,1.3266833999999998,0.6643509000000003,0.853827152135374,0,2,0,-0.19422209999999998,0.5429808999999992,-0.3882926000000002,-0.0408736999999999,0.24224177,0.4197173,0.33804095
5941,2024-11-10 16:30:00,GER-Bundesliga,2425,VfB Stuttgart,Eintracht Frankfurt,1,2,3,2.81862,1.93894,1.3452908,1.802784,-0.4574932000000002,1.9705119,1.829284,0.1412279,1.0657123838164166,Eintracht Frankfurt,VfB Stuttgart,0,3,2,1.93894,2.81862,2.1703900000000003,2.37651,-0.2061199999999994,2.311491,1.8861196,0.4253714000000002,1.0815525210556645,2,5,1,-0.5987211000000002,-0.6314913999999996,-0.8250992000000004,-0.3409791000000002,0.25291753,0.36156043,0.38552204
5942,2024-11-10 17:00:00,ITA-Serie A,2425,Monza,Lazio,1,0,1,0.747377,1.17083,0.97999622,1.4631864,-0.48319018,0.70148001,1.5011621,-0.7996820899999999,1.4255553404075756,Lazio,Monza,0,1,0,1.17083,0.747377,2.29142622,0.8209933999999997,1.4704328200000003,2.06540211,1.0447627999999998,1.0206393100000002,1.016750671978992,2,1,0,0.3164919099999999,0.4497935100000001,-1.31143,-1.3639221,0.17421858,0.23522069,0.59056073
5944,2024-11-10 17:30:00,ESP-La Liga,2425,Real Valladolid,Athletic Club,1,1,1,0.887674,1.487,1.2985003999999998,2.094411,-0.7959106000000002,0.9435541,2.0651172000000004,-1.1215631000000004,0.8478572157577231,Athletic Club,Real Valladolid,0,1,1,1.487,0.887674,2.2826572,1.2007082,1.081949,1.7173341,1.10907721,0.6082568899999998,0.931676060193494,0,2,0,0.3256525000000001,0.4736921100000002,-0.9841568000000003,-0.77378,0.24939448,0.21781908,0.5327864
5943,2024-11-10 17:30:00,ESP-La Liga,2425,Getafe,Girona,1,0,1,0.220796,0.521025,1.8672332,0.9145928,0.9526404,1.3891736,1.22948533,0.1596882699999999,0.5038963424755967,Girona,Getafe,0,1,0,0.521025,0.220796,1.3785324,1.421921,-0.0433886000000001,1.549899,1.12643728,0.4234617200000001,0.9032840828440544,2,1,0,0.7929521300000002,-0.4668503200000002,0.48870079999999994,-0.16072540000000002,0.24262951,0.3978311,0.35953936
5945,2024-11-10 18:30:00,GER-Bundesliga,2425,FC Heidenheim,Wolfsburg,1,1,3,2.62448,1.55233,1.385262,1.8325994,-0.4473374000000001,1.4645266,1.7746071,-0.3100805000000002,1.0925024560820842,Wolfsburg,FC Heidenheim,0,3,1,1.55233,2.62448,1.5279518,1.648748,-0.1207962,1.4776405,1.827515,-0.3498744999999998,1.150482035053834,2,4,1,-0.1372568999999999,0.2290782999999998,-0.1426898000000001,-0.013113900000000012,0.26282838,0.4181512,0.31902045
5947,2024-11-10 19:45:00,ITA-Serie A,2425,Inter,Napoli,1,1,1,1.47373,1.00611,2.4204914000000004,1.1798708,1.2406206000000004,2.1925939,1.1372505,1.0553434,1.0489853825711262,Napoli,Inter,0,1,1,1.00611,1.47373,1.4664068,0.858316,0.6080908000000002,1.4758346999999998,0.8337557,0.6420789999999998,1.2196479594578178,0,2,0,0.18527720000000047,-0.03398819999999969,0.9540846000000005,0.7167592,0.24941806,0.55323684,0.1973451
5946,2024-11-10 19:45:00,FRA-Ligue 1,2425,Lyon,Saint-Etienne,1,1,0,2.28647,0.703111,1.9445486,0.9152283999999998,1.0293202,1.95871823,1.3505584000000002,0.60815983,0.8679140807740984,Saint-Etienne,Lyon,0,0,1,0.703111,2.28647,1.6830874000000002,1.6820288,0.0010586000000001,1.2157368,2.4267014,-1.2109646000000005,0.8225457824869804,1,1,0,0.42116036999999995,1.2120232000000006,0.26146119999999984,0.7429814299999999,0.18302196,0.7107527,0.106225275
5948,2024-11-10 20:00:00,ESP-La Liga,2425,Real Sociedad,Barcelona,1,1,0,1.88518,0.514102,1.905268,0.7016476,1.2036204,1.38069243,1.1478752,0.23281723,0.5794189952797849,Barcelona,Real Sociedad,0,0,1,0.514102,1.88518,2.3580808,1.2172199999999995,1.1408608,2.7244634,1.1322647,1.5921987,1.3213606314694368,1,1,0,0.9708031699999999,-0.45133789999999996,-0.45281280000000024,-1.3437709699999998,0.19209987,0.23352152,0.5743786
5949,2024-11-22 18:00:00,FRA-Ligue 1,2425,Monaco,Brest,1,3,2,2.55781,1.38684,1.4775616,0.7739238,0.7036378,1.9576609,0.7565876300000001,1.20107327,0.8683828397538921,Brest,Monaco,0,2,3,1.38684,2.55781,1.3727965999999998,1.934224,-0.5614274000000001,1.3610989999999998,2.2160342,-0.8549352000000003,0.9551098376313276,1,5,1,-0.49743547,0.2935078000000002,0.10476500000000022,0.5965619000000002,0.19943172,0.72067,0.079898305
5950,2024-11-22 19:30:00,GER-Bundesliga,2425,Bayern Munich,Augsburg,1,3,0,4.02659,0.149096,2.80695,0.5056811599999999,2.30126884,2.65116,0.5967340099999999,2.05442599,1.2447376828491366,Augsburg,Bayern Munich,0,0,3,0.149096,4.02659,0.9308548,0.8377468,0.0931079999999999,1.3096038,1.3392564,-0.0296525999999999,0.992665879049924,1,3,1,0.24684285000000017,0.1227605999999998,1.8760952,1.3415561999999999,0.11743272,0.77213633,0.110430986
5952,2024-11-22 20:00:00,ESP-La Liga,2425,Getafe,Real Valladolid,1,2,0,0.658487,0.729169,1.3996984,0.9357282,0.4639701999999999,1.3565437,1.279496,0.0770477,0.5160169067779337,Real Valladolid,Getafe,0,0,2,0.729169,0.658487,1.2129331999999995,1.893759,-0.6808258000000003,0.954943,2.1953595,-1.2404165,0.9424636418470612,1,2,0,0.3869224999999999,0.5595906999999998,0.1867652000000004,0.40160070000000003,0.29344228,0.56213576,0.14442196
5951,2024-11-22 20:00:00,FRA-Ligue 1,2425,Paris Saint Germain,Toulouse,1,3,0,1.63216,1.84157,3.3369224,0.9686096,2.3683128,3.2902302,1.0987719000000002,2.1914583,0.8813970276617643,Toulouse,Paris Saint Germain,0,0,3,1.84157,1.63216,1.7974242,0.84468,0.9527442,1.5353632999999998,0.8349138,0.7004494999999997,0.8467045899139378,1,3,1,0.17685450000000014,0.2522947000000003,1.5394982000000001,1.7548669000000001,0.16878739,0.659089,0.17212358
5953,2024-11-23 12:30:00,ENG-Premier League,2425,Leicester,Chelsea,1,1,2,0.967987,2.81658,1.4677226,1.899068,-0.4313454000000003,1.2298068,2.438535,-1.2087282,1.0570757479339457,Chelsea,Leicester,0,2,1,2.81658,0.967987,1.537176,1.950992,-0.4138160000000002,1.9681046,1.6135465,0.3545581000000002,1.0670159162191295,2,3,1,0.7773827999999996,-0.7683741000000004,-0.0694534,-0.7382978,0.22414143,0.29774264,0.47811592
5954,2024-11-23 13:00:00,ESP-La Liga,2425,Valencia,Real Betis,1,4,2,1.67338,1.05242,1.0534928,1.904576,-0.8510831999999997,0.81986161,1.6847257,-0.86486409,0.853801590000549,Real Betis,Valencia,0,2,4,1.05242,1.67338,1.725581,1.9477684,-0.2221873999999997,1.9428195,1.3824449,0.5603746000000003,0.6691302670524631,1,6,1,0.013780890000000268,-0.782562,-0.6720882000000001,-1.12295789,0.24639128,0.25524017,0.49836853
5955,2024-11-23 14:00:00,ITA-Serie A,2425,Verona,Inter,1,0,5,0.554633,2.79774,0.6605668000000001,2.382438,-1.7218711999999994,1.0372211999999998,2.093127,-1.0559058,1.3497590005304554,Inter,Verona,0,5,0,2.79774,0.554633,2.0259554,1.1230407999999998,0.9029146,2.0919079,1.2043269,0.887581,1.051671035961461,2,5,1,-0.6659653999999995,0.015333600000000058,-1.3653885999999997,-1.0546867,0.3076206,0.23886086,0.45351854
5960,2024-11-23 14:30:00,GER-Bundesliga,2425,Wolfsburg,Union Berlin,1,1,0,0.742754,0.63337,1.6306978,1.657572,-0.0268741999999999,1.4804135,1.852581,-0.3721675,1.2834243382512127,Union Berlin,Wolfsburg,0,0,1,0.63337,0.742754,1.1877888,1.7236792,-0.5358904,1.0525459,1.4089929,-0.3564469999999999,0.8550687860084905,1,1,0,0.3452933000000001,-0.1794434000000001,0.442909,0.4278676000000001,0.23635802,0.52043253,0.24320947
5958,2024-11-23 14:30:00,GER-Bundesliga,2425,Borussia Dortmund,Freiburg,1,4,0,1.49974,1.1957,1.9286878,1.3168618,0.611826,2.0106820999999995,1.4220112,0.5886708999999994,0.8952181475041991,Freiburg,Borussia Dortmund,0,0,4,1.1957,1.49974,1.5090976,1.2288534,0.2802442,1.782801,1.1042648,0.6785361999999999,0.7291892201153017,1,4,1,0.02315510000000054,-0.3982919999999999,0.4195902,0.2278810999999994,0.20555909,0.5531152,0.24132577
5956,2024-11-23 14:30:00,GER-Bundesliga,2425,VfB Stuttgart,Bochum,1,2,0,2.05767,0.652259,1.3929428,1.982852,-0.5899091999999999,2.0416239000000003,1.857783,0.1838409000000003,0.930631282955062,Bochum,VfB Stuttgart,0,0,2,0.652259,2.05767,1.5402,2.644368,-1.104168,1.3395339,2.7223994,-1.3828655,0.7465277687053917,1,2,0,-0.7737501000000002,0.27869750000000004,-0.1472572000000001,0.7020900000000003,0.25792748,0.5891822,0.15289035
5957,2024-11-23 14:30:00,GER-Bundesliga,2425,Hoffenheim,RasenBallsport Leipzig,1,4,3,2.60143,1.72976,1.0421938000000002,1.5470138000000002,-0.50482,1.3009290999999998,2.1095849,-0.8086557999999999,0.9992850499807792,RasenBallsport Leipzig,Hoffenheim,0,3,4,1.72976,2.60143,1.5512486,1.6135956,-0.0623470000000001,1.5150571,1.641216,-0.1261589,0.9900610412234356,1,7,1,0.3038357999999999,0.0638118999999999,-0.5090547999999999,-0.2141280000000001,0.26908726,0.32871267,0.40220007
5959,2024-11-23 14:30:00,GER-Bundesliga,2425,Bayer Leverkusen,FC Heidenheim,1,5,2,2.02581,1.03141,2.430458,1.2650744000000005,1.1653836,2.40348763,1.2441878000000002,1.1592998299999997,0.8737299497855332,FC Heidenheim,Bayer Leverkusen,0,2,5,1.03141,2.02581,1.69155,2.0687786,-0.3772285999999998,1.5806596000000002,1.6597261,-0.0790664999999997,0.8224409465257754,1,7,1,0.006083770000000266,-0.2981621000000001,0.7389079999999997,0.8228280299999997,0.17188248,0.72458863,0.103528924
5963,2024-11-23 15:00:00,ENG-Premier League,2425,Arsenal,Nottingham Forest,1,3,0,1.66016,0.403136,1.5905026,1.382233,0.2082695999999999,2.0242543,1.3931669,0.6310874,0.7904141340274619,Nottingham Forest,Arsenal,0,0,3,0.403136,1.66016,1.925156,1.1892586,0.7358974,1.6474333,1.1273597,0.5200736000000001,0.8498062714853029,1,3,1,-0.4228178000000001,0.2158237999999999,-0.3346534000000001,0.37682099999999985,0.22812489,0.58164424,0.19023085
5964,2024-11-23 15:00:00,ENG-Premier League,2425,Aston Villa,Crystal Palace,1,2,2,3.04455,1.61437,1.6187238000000002,1.6374796,-0.0187557999999998,1.8251319,1.3594484,0.4656834999999999,0.8218579589464418,Crystal Palace,Aston Villa,0,2,2,1.61437,3.04455,1.4063906000000002,1.7763479999999998,-0.3699573999999996,1.4547781,1.85054,-0.3957619000000001,0.4811727086263475,0,4,1,-0.48443929999999974,0.025804500000000508,0.2123332,0.37035379999999996,0.22467119,0.6531903,0.12213857
5962,2024-11-23 15:00:00,ENG-Premier League,2425,Fulham,Wolverhampton Wanderers,1,1,4,0.717158,1.33903,2.113598,1.2774472,0.8361507999999997,2.125234,1.0346039,1.0906300999999998,0.7528579192418721,Wolverhampton Wanderers,Fulham,0,4,1,1.33903,0.717158,1.0262344,2.0910870000000004,-1.0648526000000005,1.1225636,1.9869655,-0.8644019000000003,1.4253077283926467,2,5,1,-0.2544793000000001,-0.2004507000000002,1.0873636,1.0026703999999997,0.12569231,0.80430496,0.07000272
5965,2024-11-23 15:00:00,ENG-Premier League,2425,Bournemouth,Brighton,1,1,2,1.91157,1.23059,1.8808222,1.5088522000000002,0.3719699999999999,1.9345371,1.6059525,0.3285845999999999,0.723686961761053,Brighton,Bournemouth,0,2,1,1.23059,1.91157,1.810076,1.7107620000000003,0.0993139999999994,1.754183,1.8006293,-0.0464462999999999,0.9121050015277758,2,3,1,0.04338540000000002,0.1457602999999993,0.07074620000000009,0.18035409999999996,0.2088074,0.5676706,0.22352204
5961,2024-11-23 15:00:00,ENG-Premier League,2425,Everton,Brentford,1,0,0,1.5951,1.34314,1.1673784,1.224767,-0.0573885999999999,1.2827569,1.7312415,-0.4484845999999998,0.7795703304575243,Brentford,Everton,0,0,0,1.34314,1.5951,2.2857148,1.6082587999999998,0.6774560000000003,1.806335,1.8733411,-0.0670060999999995,1.1072137188208615,0,0,0,0.3910959999999999,0.7444620999999998,-1.1183364,-0.5235780999999999,0.27530056,0.28752342,0.43717602
5966,2024-11-23 15:15:00,ESP-La Liga,2425,Atletico Madrid,Alaves,1,2,1,2.05318,0.785902,1.8008510000000002,0.86579248,0.9350585200000002,1.6207228,0.88760704,0.73311576,0.8638115883779827,Alaves,Atletico Madrid,0,1,2,0.785902,2.05318,0.8287388,1.9742874,-1.1455486,1.1198467,1.7350082,-0.6151615000000001,0.9822764291965774,1,3,1,0.20194276000000022,-0.5303870999999998,0.9721122000000002,0.5008760999999999,0.20160376,0.66022223,0.13817403
5967,2024-11-23 16:00:00,FRA-Ligue 1,2425,Lens,Marseille,1,1,3,2.1723,1.37895,1.6403628,1.5677354,0.0726274000000002,1.7675276,1.2276663,0.5398613000000001,0.6223378790023539,Marseille,Lens,0,3,1,1.37895,2.1723,1.5920758,2.0694140000000005,-0.4773382000000006,1.4683642,1.9132138,-0.4448496000000002,1.2939560267432109,2,4,1,-0.46723389999999987,-0.03248860000000042,0.04828699999999997,0.2991634000000001,0.2301336,0.6279103,0.1419561
5968,2024-11-23 17:00:00,ITA-Serie A,2425,AC Milan,Juventus,1,0,0,0.306342,0.811307,2.0586332,1.3118234000000002,0.7468097999999999,2.1112846000000003,1.3018372,0.8094474000000003,0.8525611125278361,Juventus,AC Milan,0,0,0,0.811307,0.306342,1.951982,1.03854362,0.91343838,1.7455637,0.78405901,0.96150469,0.8593207688033564,0,0,0,-0.0626376000000004,-0.048066310000000056,0.10665119999999995,0.36572090000000035,0.28650874,0.51106536,0.2024259
5969,2024-11-23 17:30:00,ENG-Premier League,2425,Manchester City,Tottenham,1,0,4,2.15899,3.30449,2.170286,1.8420252,0.3282607999999998,2.269641,1.4315816,0.8380594000000001,0.8811962415217907,Tottenham,Manchester City,0,4,0,3.30449,2.15899,1.48018,1.6961988,-0.2160187999999998,2.1739975,1.3331989,0.8407985999999996,1.011960219843758,2,4,1,-0.5097986000000003,-1.0568173999999995,0.6901059999999999,0.09564349999999999,0.19096634,0.55224216,0.25679147
5970,2024-11-23 17:30:00,ESP-La Liga,2425,Las Palmas,Mallorca,1,2,3,1.15972,1.45816,1.01260568,1.6359986,-0.6233929199999999,1.03229034,2.0711393,-1.0388489600000002,1.1624625272938938,Mallorca,Las Palmas,0,3,2,1.45816,1.15972,1.3009879999999998,0.908685,0.3923029999999998,1.3834425,1.0668533999999998,0.3165891,0.6505506007292673,2,5,1,0.41545604000000025,0.07571389999999978,-0.28838231999999975,-0.3511521599999998,0.25990105,0.28473267,0.45536625
5972,2024-11-23 17:30:00,GER-Bundesliga,2425,Eintracht Frankfurt,Werder Bremen,1,1,0,1.47057,0.632819,2.071306,2.734292,-0.6629860000000001,2.242894,1.9889036,0.2539904000000001,1.1592161024033671,Werder Bremen,Eintracht Frankfurt,0,0,1,0.632819,1.47057,1.6758068000000002,1.7807182,-0.1049113999999999,1.6078757,1.7939803,-0.1861046000000001,1.0572950027822408,1,1,0,-0.9169764000000002,0.08119320000000019,0.3954991999999997,0.6350183000000003,0.27475217,0.5390078,0.18624008
5971,2024-11-23 17:30:00,ESP-La Liga,2425,Girona,Espanyol,1,4,1,3.28521,0.488285,1.2001994,1.3612822000000002,-0.1610828000000002,1.3418515000000002,1.1465207000000002,0.1953308,0.81976223169089,Espanyol,Girona,0,1,4,0.488285,3.28521,0.7670589999999999,1.6000132,-0.8329542000000001,0.9162837,2.2121236,-1.2958399,1.2005002375353426,1,5,1,-0.3564136000000002,0.46288569999999996,0.4331404000000001,0.42556780000000016,0.31332728,0.57926893,0.10740375
5973,2024-11-23 18:00:00,FRA-Ligue 1,2425,Saint-Etienne,Montpellier,1,1,0,1.27297,0.862794,1.6188696,1.6161988,0.0026707999999999,1.2376362,2.3769044,-1.1392682,0.8079912271544522,Montpellier,Saint-Etienne,0,0,1,0.862794,1.27297,1.3265248,2.8339600000000003,-1.5074352000000002,1.1014686,2.69528,-1.5938114,0.907877984104146,1,1,0,1.141939,0.0863761999999999,0.29234479999999996,0.13616760000000006,0.23890433,0.4510812,0.31001446
5974,2024-11-23 19:45:00,ITA-Serie A,2425,Parma Calcio 1913,Atalanta,1,1,3,0.622186,3.54363,1.1277244,1.331948,-0.2042236000000001,1.4545902,1.7234314999999998,-0.2688412999999998,0.8937218924464826,Atalanta,Parma Calcio 1913,0,3,1,3.54363,0.622186,2.088368,0.54143562,1.54693238,2.187841,0.8259160099999999,1.36192499,1.1883856329661833,2,4,1,0.0646176999999997,0.18500739000000022,-0.9606436,-0.7332508000000002,0.21145514,0.12413181,0.66441303
5975,2024-11-23 20:00:00,FRA-Ligue 1,2425,Reims,Lyon,1,1,1,1.17295,1.92683,1.9822302,1.559859,0.4223711999999999,1.8423393,1.6184505000000002,0.2238887999999994,1.031296986772748,Lyon,Reims,0,1,1,1.92683,1.17295,2.255682,0.9125253999999998,1.3431566000000004,1.96729923,1.1634585000000002,0.8038407299999994,0.9149594823155184,0,2,0,0.1984824000000005,0.5393158700000009,-0.27345180000000013,-0.12495993000000016,0.23290099,0.3237241,0.4433749
5976,2024-11-23 20:00:00,ESP-La Liga,2425,Celta Vigo,Barcelona,1,2,2,2.75981,1.93782,1.2877934,1.157452,0.1303413999999998,1.3655707,1.0004889,0.3650817999999998,0.8787528329709821,Barcelona,Celta Vigo,0,2,2,1.93782,2.75981,2.3105384,1.094122,1.2164164,2.6240016,1.2815354,1.3424662000000005,1.2957304234378426,0,4,1,-0.2347404,-0.12604980000000054,-1.022745,-1.2584309000000002,0.22601701,0.21647383,0.5575091
5977,2024-11-24 11:30:00,ITA-Serie A,2425,Genoa,Cagliari,1,2,2,2.1978,2.81223,0.7504077999999998,1.4606166000000005,-0.7102088000000004,0.8012705999999999,2.1324423,-1.3311717,0.7488097668755513,Cagliari,Genoa,0,2,2,2.81223,2.1978,1.0071955999999995,1.8821474,-0.8749518000000005,1.3798739000000002,2.0409867000000004,-0.6611128000000002,0.7971737148055957,0,4,1,0.6209628999999997,-0.21383900000000033,-0.2567877999999997,-0.5786033000000003,0.26386163,0.34854794,0.38759038
5978,2024-11-24 13:00:00,ESP-La Liga,2425,Osasuna,Villarreal,1,2,2,1.3273,2.68193,1.3615337200000002,1.8588144,-0.4972806799999998,1.29674926,1.5711596,-0.2744103400000002,1.1567377669158905,Villarreal,Osasuna,0,2,2,2.68193,1.3273,2.16292,0.974982,1.187938,2.2858889,1.4704156999999998,0.8154732000000005,0.8311861389299633,0,4,1,-0.2228703399999996,0.3724647999999995,-0.80138628,-0.9891396399999999,0.24392307,0.2420557,0.5140212
5979,2024-11-24 14:00:00,ITA-Serie A,2425,Torino,Monza,1,1,1,1.45433,0.916564,0.7695178,1.1280486,-0.3585308,0.9855802,1.4409107,-0.4553305000000001,1.1160927176776505,Monza,Torino,0,1,1,0.916564,1.45433,0.9055356200000002,1.4015664,-0.4960307799999999,0.73608061,1.5522152,-0.81613459,1.3585450124205656,0,2,0,0.0967997000000001,0.3201038100000001,-0.13601782000000018,0.24949959,0.29585344,0.47903264,0.22511391
5981,2024-11-24 14:00:00,ENG-Premier League,2425,Southampton,Liverpool,1,2,3,1.53985,3.18835,1.0807758,2.3902722,-1.3094964,1.2216089,2.4793001,-1.2576912,0.5730143477062523,Liverpool,Southampton,0,3,2,3.18835,1.53985,2.028856,1.1431742,0.8856818000000002,2.069201,1.0482227,1.0209783,0.9182283798295188,2,5,1,-0.051805199999999996,-0.1352964999999997,-0.9480802000000002,-0.8475921,0.24839383,0.18395996,0.5676462
5980,2024-11-24 14:00:00,ITA-Serie A,2425,Como,Fiorentina,1,0,2,1.27005,0.947266,1.166858,1.4415924,-0.2747344,1.2642497,1.4328792,-0.1686295,0.949178829800134,Fiorentina,Como,0,2,0,0.947266,1.27005,2.197676,0.5711266,1.6265494,2.142129,1.0223225,1.1198064999999997,1.1203801823418746,2,2,0,-0.1061049,0.5067429000000003,-1.030818,-0.8778793000000003,0.21870717,0.21276894,0.5685238
5982,2024-11-24 14:00:00,FRA-Ligue 1,2425,Lille,Rennes,1,1,0,0.641516,0.178059,1.3771417999999995,1.4006346,-0.0234928000000003,1.8323779,1.5668043,0.2655736000000002,0.8731818511990068,Rennes,Lille,0,0,1,0.178059,0.641516,0.92819,1.1822697999999998,-0.2540797999999997,1.171172,1.3897239,-0.2185519,0.8538448205346263,1,1,0,-0.2890664000000005,-0.035527899999999696,0.44895179999999957,0.6612058999999999,0.20262621,0.6081388,0.18923497
5983,2024-11-24 14:30:00,GER-Bundesliga,2425,Holstein Kiel,Mainz 05,1,0,3,0.346026,2.13631,1.3165842,1.862386,-0.5458018000000002,1.3048457,2.2403500000000003,-0.9355043000000004,0.9196482621291834,Mainz 05,Holstein Kiel,0,3,0,2.13631,0.346026,1.4908248,1.0418581999999996,0.4489666000000003,1.4476608,1.585182,-0.1375212000000001,1.0361536099108233,2,3,1,0.3897025000000002,0.5864878000000004,-0.17424059999999986,-0.14281509999999997,0.27163348,0.32007533,0.40829122
5984,2024-11-24 15:15:00,ESP-La Liga,2425,Sevilla,Rayo Vallecano,1,1,0,1.57063,0.862262,0.8821574,1.572527,-0.6903696,1.0407881,1.4845275,-0.4437393999999999,0.8647285026332423,Rayo Vallecano,Sevilla,0,0,1,0.862262,1.57063,1.758923,1.471017,0.287906,1.3747471999999998,1.3962872000000002,-0.0215400000000003,0.8001465286515743,1,1,0,-0.24663020000000013,0.3094460000000003,-0.8767656,-0.33395909999999973,0.279337,0.30721265,0.41345033
5985,2024-11-24 16:00:00,FRA-Ligue 1,2425,Auxerre,Angers,1,1,0,0.683126,1.14148,1.827604,1.7243586,0.1032453999999998,1.5553568,1.8870619,-0.3317050999999997,1.1572899817649676,Angers,Auxerre,0,0,1,1.14148,0.683126,1.529996,2.1041574,-0.5741613999999999,1.2481846,2.2259107,-0.9777261000000002,1.0415117751718976,1,1,0,0.4349504999999995,0.4035647000000002,0.2976080000000001,0.3071721999999999,0.22511086,0.5517585,0.22313063
5986,2024-11-24 16:00:00,FRA-Ligue 1,2425,Nantes,Le Havre,1,0,2,0.846924,0.977121,1.023624,1.9660368,-0.9424128000000004,1.3672649999999995,1.3850775,-0.0178125000000002,1.0239412082213704,Le Havre,Nantes,0,2,0,0.977121,0.846924,1.2123684,1.7841888,-0.5718204,1.2352022,1.8430967,-0.6078944999999998,0.56670837640317,2,2,0,-0.9246003000000002,0.036074099999999776,-0.1887443999999998,0.13206279999999948,0.26513937,0.54312414,0.19173646
5988,2024-11-24 16:30:00,GER-Bundesliga,2425,Borussia M.Gladbach,St. Pauli,1,2,0,2.99128,1.15234,2.0325408,1.4520766,0.5804642,1.8979324,1.7799976000000002,0.1179348,0.7903333172807855,St. Pauli,Borussia M.Gladbach,0,0,2,1.15234,2.99128,0.75927076,1.7255956,-0.96632484,0.91773508,1.5402902,-0.6225551200000001,0.762746518585169,1,2,0,0.4625294,-0.34376971999999983,1.2732700399999999,0.9801973199999999,0.25937843,0.5922479,0.14837366
5987,2024-11-24 16:30:00,ENG-Premier League,2425,Ipswich,Manchester United,1,1,1,1.98714,1.26912,1.50714,2.83763,-1.3304899999999995,1.293515,2.4255190000000004,-1.1320040000000005,0.927704025307766,Manchester United,Ipswich,0,1,1,1.26912,1.98714,1.6474933999999997,1.2093554,0.4381379999999997,1.7002108,1.8724687,-0.1722578999999999,0.6469782176550004,0,2,0,-0.19848599999999905,0.6103958999999997,-0.14035339999999974,-0.40669580000000005,0.32938313,0.2589937,0.41162318
5989,2024-11-24 17:00:00,ITA-Serie A,2425,Napoli,Roma,1,1,0,2.02389,0.592582,1.2848148,1.0253672,0.2594475999999999,1.3693936999999998,0.9266769,0.4427167999999998,1.168399439547999,Roma,Napoli,0,0,1,0.592582,2.02389,1.0669967999999996,1.8479726,-0.7809758000000002,1.4410364999999998,1.4924383,-0.0514018,0.9021278072222272,1,1,0,-0.1832691999999999,-0.7295740000000002,0.2178180000000003,-0.0716428,0.26473078,0.47849426,0.25677496
5990,2024-11-24 17:30:00,ESP-La Liga,2425,Leganes,Real Madrid,1,0,3,0.108948,2.73014,0.8295228,1.8075248,-0.978002,0.7077576000000001,1.5965514,-0.8887938,1.4129111253469755,Real Madrid,Leganes,0,3,0,2.73014,0.108948,1.3990938,1.37824852,0.0208452799999998,2.1619049,1.11224506,1.04965984,0.971365127409107,2,3,1,-0.08920820000000007,-1.02881456,-0.5695709999999999,-1.4541473,0.15785897,0.26209068,0.58005035
5992,2024-11-24 19:45:00,ITA-Serie A,2425,Lazio,Bologna,1,3,0,2.59912,0.0932634,2.11641222,0.7878999999999998,1.32851222,2.01420811,1.0079195,1.0062886100000004,1.042592841812735,Bologna,Lazio,0,0,3,0.0932634,2.59912,1.4185944,0.9125846,0.5060097999999998,1.1776568,1.2390455,-0.0613886999999999,1.188800345906935,1,3,1,0.32222360999999955,0.5673984999999997,0.69781782,0.8365513100000002,0.21631446,0.6213887,0.16229685
5991,2024-11-24 19:45:00,FRA-Ligue 1,2425,Nice,Strasbourg,1,2,1,2.03827,0.524154,1.3496758,1.1334382,0.2162375999999999,1.7701589000000002,1.1372561,0.6329028000000003,1.1298414340986935,Strasbourg,Nice,0,1,2,0.524154,2.03827,1.3501734,2.6230092,-1.2728357999999995,1.7960347,2.1685285,-0.3724938,1.057885430673789,1,3,1,-0.4166652000000004,-0.9003419999999995,-0.000497600000000098,-0.025875799999999893,0.26278135,0.54721165,0.19000703
5993,2024-11-24 20:00:00,ESP-La Liga,2425,Athletic Club,Real Sociedad,1,1,0,1.65075,0.799084,2.2141352,1.129949,1.0841861999999998,1.7144391,1.1878809,0.5265581999999998,0.9332492864580104,Real Sociedad,Athletic Club,0,0,1,0.799084,1.65075,1.5452440000000005,0.6432753999999999,0.9019686000000005,1.47404573,0.9367244,0.5373213300000002,0.5427236353626319,1,1,0,0.557628,0.3646472700000003,0.6688911999999994,0.24039337000000005,0.24972807,0.49946252,0.25080937
5994,2024-11-25 17:00:00,ITA-Serie A,2425,Empoli,Udinese,1,1,1,0.166889,1.09285,0.5615696,1.255586,-0.6940163999999999,0.6910881,1.3349544,-0.6438663,1.0128939958682608,Udinese,Empoli,0,1,1,1.09285,0.166889,0.8881642000000001,1.4157008000000002,-0.5275366000000001,1.1786647,1.5131866,-0.3345218999999999,1.0181003824918295,0,2,0,-0.050150099999999864,-0.1930147000000002,-0.32659460000000007,-0.4875765999999999,0.3219593,0.3610761,0.31696463
5995,2024-11-25 19:45:00,ITA-Serie A,2425,Venezia,Lecce,1,0,1,2.88235,0.624722,1.2664168,1.6668278,-0.4004110000000001,1.3031994999999998,1.6818316,-0.3786321000000001,0.7673416331562182,Lecce,Venezia,0,1,0,0.624722,2.88235,0.8675722,1.5263182,-0.6587459999999999,1.0707487,1.6221359,-0.5513872,0.4669625403584049,2,1,0,-0.02177889999999999,-0.10735879999999998,0.3988446,0.23245079999999985,0.27671424,0.4678266,0.25545913
5996,2024-11-25 20:00:00,ENG-Premier League,2425,Newcastle United,West Ham,1,0,2,1.49781,0.942824,1.639611,1.2155758,0.4240351999999998,1.5602415,1.6192309000000005,-0.0589894000000001,0.7691112118789226,West Ham,Newcastle United,0,2,0,0.942824,1.49781,1.900392,1.6934446,0.2069474,1.4302974,1.8689795,-0.4386821000000001,0.8389857668861268,2,2,0,0.48302459999999986,0.6456295000000001,-0.26078100000000015,0.12994410000000012,0.25621152,0.43253177,0.31125674
5997,2024-11-29 19:45:00,FRA-Ligue 1,2425,Reims,Lens,1,0,2,0.589301,1.40788,1.4737922,1.7704062,-0.2966140000000001,1.8584333,1.5171175,0.3413157999999998,0.96855724197514,Lens,Reims,0,2,0,1.40788,0.589301,1.7887988,1.5812554,0.2075434,1.5828316,1.2960037,0.2868279,0.631778749060387,2,2,0,-0.6379297999999999,-0.07928450000000004,-0.3150065999999998,0.27560169999999995,0.2353243,0.5404334,0.2242423
5998,2024-11-29 19:45:00,ITA-Serie A,2425,Cagliari,Verona,1,1,0,2.64816,0.606166,1.2672795999999995,2.0749194,-0.8076398,1.4518339,2.0266537,-0.5748197999999998,0.895418618191366,Verona,Cagliari,0,0,1,0.606166,2.64816,0.6086014000000002,2.629232,-2.0206306,0.8830315000000001,2.238166,-1.3551345,1.3589533794056277,1,1,0,-0.23282000000000025,-0.6654961000000001,0.6586781999999993,0.5688023999999999,0.22349781,0.52165085,0.25485137
6000,2024-11-29 20:00:00,ENG-Premier League,2425,Brighton,Southampton,1,1,1,1.86986,0.934969,1.66176,1.874518,-0.2127580000000002,1.663089,1.8632303,-0.2001413,0.962064590611452,Southampton,Brighton,0,1,1,0.934969,1.86986,1.1341198,2.3776122,-1.2434924000000005,1.3540987000000002,2.5116601,-1.1575613999999996,0.6646482530052994,0,2,0,-0.012616700000000203,-0.08593100000000087,0.5276402,0.30899029999999983,0.22172906,0.5947413,0.18352965
5999,2024-11-29 20:00:00,ESP-La Liga,2425,Mallorca,Valencia,1,2,1,0.721435,1.33443,1.232942,0.9509182,0.2820238,1.3805005,1.1307474000000002,0.2497530999999997,0.7968118832178017,Valencia,Mallorca,0,1,2,1.33443,0.721435,1.1531148,2.0395496,-0.8864348,0.87175961,1.6593966999999998,-0.7876370899999998,1.1471039050502638,1,3,1,0.03227070000000029,-0.09879771000000015,0.07982719999999999,0.5087408899999999,0.2731601,0.5984943,0.1283456
6001,2024-11-30 13:00:00,ESP-La Liga,2425,Barcelona,Las Palmas,1,1,2,2.18354,0.599185,2.1993684,1.4871181999999998,0.7122502000000002,2.3237616,1.5152671,0.8084945000000001,1.2479760195813463,Las Palmas,Barcelona,0,2,1,0.599185,2.18354,1.05157088,1.764798,-0.7132271200000002,1.09353154,2.0159293000000003,-0.9223977600000002,1.2802545409394035,2,3,1,-0.09624429999999995,0.20917063999999996,1.14779752,1.23023006,0.13472277,0.7747492,0.09052796
6002,2024-11-30 14:00:00,ITA-Serie A,2425,Como,Monza,1,1,1,1.38648,1.75565,1.163814,1.4474046,-0.2835906000000001,1.2255267,1.4091508,-0.1836240999999998,0.9791700342636076,Monza,Como,0,1,1,1.75565,1.38648,0.7760944200000002,1.5295404,-0.7534459799999997,0.77873881,1.4561072,-0.6773683899999999,1.155713356942674,0,2,0,-0.09996650000000029,-0.0760775899999998,0.38771957999999973,0.4467878900000001,0.3492111,0.5032097,0.14757921
6004,2024-11-30 14:30:00,GER-Bundesliga,2425,Augsburg,Bochum,1,1,0,2.15529,0.250706,0.6096260000000001,1.4816606,-0.8720346,1.1929424000000002,1.5876034,-0.3946609999999997,0.9220890110964192,Bochum,Augsburg,0,0,1,0.250706,2.15529,1.2134798,2.581214,-1.3677342,1.2732188,2.834453,-1.5612342,0.7854103431316415,1,1,0,-0.4773736000000003,0.1935,-0.6038537999999999,-0.0802763999999998,0.27074504,0.4968773,0.23237765
6006,2024-11-30 14:30:00,GER-Bundesliga,2425,St. Pauli,Holstein Kiel,1,3,1,1.96179,1.1506,0.8286561600000001,2.0646396000000005,-1.2359834400000005,0.91687908,1.7225852,-0.80570612,0.7634586193649229,Holstein Kiel,St. Pauli,0,1,3,1.1506,1.96179,0.9889134,1.7728679999999997,-0.7839545999999996,1.1422103,2.080275,-0.9380646999999998,0.8754947530286208,1,4,1,-0.4302773200000005,0.15411010000000014,-0.16025723999999997,-0.22533121999999994,0.2986476,0.42301485,0.2783375
6005,2024-11-30 14:30:00,GER-Bundesliga,2425,Freiburg,Borussia M.Gladbach,1,3,1,2.15426,1.27811,1.4321075999999997,1.3528666,0.0792409999999996,1.600881,1.2168202999999995,0.3840607000000002,0.6246556585682143,Borussia M.Gladbach,Freiburg,0,1,3,1.27811,2.15426,2.4693926,1.3314966,1.137896,2.0453954,1.5716435999999998,0.4737518,0.733354180148161,1,4,1,-0.3048197000000006,0.6641442,-1.0372850000000002,-0.44451439999999987,0.2890971,0.32160577,0.38929713
6007,2024-11-30 14:30:00,GER-Bundesliga,2425,Werder Bremen,VfB Stuttgart,1,2,2,2.14949,1.6651,1.6264358,1.7587022,-0.1322664,1.5168456,1.8094663,-0.2926207,0.9888936692741376,VfB Stuttgart,Werder Bremen,0,2,2,1.6651,2.14949,1.4593428,1.9346102,-0.4752673999999999,2.2099724000000003,1.6215189000000003,0.5884535,0.9049882681845852,0,4,1,0.1603543,-1.0637208999999999,0.16709300000000016,-0.6931268000000004,0.23427193,0.34327662,0.42245144
6008,2024-11-30 14:30:00,GER-Bundesliga,2425,Union Berlin,Bayer Leverkusen,1,1,2,1.11328,0.906684,1.0090808,1.7224784,-0.7133976,1.042726,1.3062453,-0.2635193,0.7672190324025369,Bayer Leverkusen,Union Berlin,0,2,1,0.906684,1.11328,2.31884,1.0744804,1.2443596,2.28248063,1.1956638,1.0868168299999998,1.0076751417272087,2,3,1,-0.44987829999999995,0.15754277000000005,-1.3097591999999998,-1.2397546299999997,0.25655606,0.24402757,0.49941638
6003,2024-11-30 14:30:00,GER-Bundesliga,2425,RasenBallsport Leipzig,Wolfsburg,1,1,5,1.4486,2.69881,1.5340306,1.9175636,-0.3835329999999999,1.5943197,1.769818,-0.1754983000000001,1.0662848446990625,Wolfsburg,RasenBallsport Leipzig,0,5,1,2.69881,1.4486,1.3045605999999998,1.327074,-0.0225134000000002,1.3465639,1.6983800000000002,-0.3518161000000002,1.336734679479615,2,6,1,-0.2080346999999998,0.3293027,0.22947000000000006,0.24775579999999997,0.25697017,0.47852117,0.2645086
6011,2024-11-30 15:00:00,ENG-Premier League,2425,Crystal Palace,Newcastle United,1,1,1,2.29595,0.020989,1.6073684,1.970594,-0.3632255999999998,1.4786051,2.001574,-0.5229688999999997,0.6086813790366481,Newcastle United,Crystal Palace,0,1,1,0.020989,2.29595,1.5810769999999998,1.2656978,0.3153791999999997,1.5207355,1.4600003,0.0607352000000001,0.7233337267830423,0,2,0,0.15974329999999992,0.2546439999999996,0.026291400000000076,-0.04213040000000001,0.26580226,0.35656884,0.37762892
6012,2024-11-30 15:00:00,ENG-Premier League,2425,Nottingham Forest,Ipswich,1,1,0,1.76587,0.462771,1.6724751999999998,1.0657866,0.6066885999999998,1.4012718999999998,1.2718805,0.1293913999999998,0.927727925088682,Ipswich,Nottingham Forest,0,0,1,0.462771,1.76587,1.667642,2.21265,-0.5450079999999999,1.4442291,2.244613,-0.8003839000000001,0.830892528829028,1,1,0,0.4772972,0.2553759000000002,0.00483319999999976,-0.04295720000000025,0.27220452,0.5179918,0.20980369
6009,2024-11-30 15:00:00,ENG-Premier League,2425,Brentford,Leicester,1,4,1,2.21885,0.907555,1.7273168,1.788028,-0.0607111999999998,1.8949251,1.7609741,0.1339510000000001,1.0554501307465236,Leicester,Brentford,0,1,4,0.907555,2.21885,1.4789074,2.072458,-0.5935506000000002,1.240905,2.523975,-1.28307,1.047621657079585,1,5,1,-0.1946621999999999,0.6895193999999998,0.2484094000000001,0.6540201000000001,0.23298123,0.60930794,0.15771087
6010,2024-11-30 15:00:00,ENG-Premier League,2425,Wolverhampton Wanderers,Bournemouth,1,2,4,0.866034,3.07901,1.1547896000000002,1.4074926,-0.2527029999999999,1.0146566,1.8557463000000003,-0.8410897000000004,1.7739974549049848,Bournemouth,Wolverhampton Wanderers,0,4,2,3.07901,0.866034,1.8732102,1.5725576,0.3006526,1.8721811,1.5397245000000002,0.3324566,0.7477905060624177,2,6,1,0.5883867000000005,-0.031804,-0.7184205999999997,-0.8575245,0.2397234,0.27070758,0.48956904
6013,2024-11-30 15:15:00,ESP-La Liga,2425,Alaves,Leganes,1,1,1,1.28884,1.3688,0.8269534000000001,1.8861894,-1.0592359999999998,0.9974109,1.8855954,-0.8881844999999997,1.002594815642364,Leganes,Alaves,0,1,1,1.3688,1.28884,0.6686788000000001,2.2128026,-1.5441237999999995,0.6665744,1.7208074,-1.054233,1.500205378116264,0,2,0,-0.17105150000000013,-0.4898907999999995,0.15827459999999993,0.3308365,0.2930179,0.50430065,0.2026814
6014,2024-11-30 16:00:00,FRA-Ligue 1,2425,Rennes,Saint-Etienne,1,5,0,3.01812,0.168428,0.8357424,1.21083,-0.3750876000000001,1.0486689,1.2950005,-0.2463315999999999,0.8582300302507014,Saint-Etienne,Rennes,0,0,5,0.168428,3.01812,1.3832516,1.6448296,-0.2615780000000001,1.2161062,2.2398218,-1.0237156,0.9045255220921314,1,5,1,-0.12875600000000018,0.7621376,-0.5475091999999999,-0.1674373,0.30902055,0.43436852,0.256611
6015,2024-11-30 17:00:00,ITA-Serie A,2425,AC Milan,Empoli,1,3,0,2.02293,0.400556,1.5530095999999998,1.0855128,0.4674967999999997,1.9321068,1.1367019,0.7954049000000001,0.8798680901759208,Empoli,AC Milan,0,0,3,0.400556,2.02293,0.3940173999999999,1.2106400000000002,-0.8166226000000002,0.596349,1.3083634,-0.7120143999999999,1.1738073279114614,1,3,1,-0.32790810000000037,-0.10460820000000026,1.1589922,1.3357577999999999,0.22136708,0.69160634,0.0870266
6018,2024-11-30 17:30:00,ENG-Premier League,2425,West Ham,Arsenal,1,2,5,1.23539,3.99935,1.2101528,1.7560806,-0.5459278000000001,1.3711588,1.8811505,-0.5099917,0.8751715153842755,Arsenal,West Ham,0,5,2,3.99935,1.23539,1.2722045999999998,1.2082342,0.0639703999999996,2.0488713,1.3018165,0.7470548000000001,0.8297247222289061,2,7,1,-0.035936100000000026,-0.6830844000000005,-0.06205179999999988,-0.6777125000000002,0.20006473,0.29374295,0.5061923
6017,2024-11-30 17:30:00,ESP-La Liga,2425,Espanyol,Celta Vigo,1,3,1,1.50136,1.55998,0.7508386,1.8612112000000005,-1.1103726000000005,0.8795293000000001,2.1520576,-1.2725282999999998,1.3643645932380044,Celta Vigo,Espanyol,0,1,3,1.55998,1.50136,1.6769227999999998,1.3520372000000005,0.3248855999999995,1.4692227,1.1163088,0.3529138999999999,0.8167578565469643,1,4,1,0.16215569999999935,-0.028028300000000395,-0.9260841999999998,-0.5896933999999999,0.25600728,0.24380828,0.5001845
6016,2024-11-30 17:30:00,GER-Bundesliga,2425,Borussia Dortmund,Bayern Munich,1,1,1,0.55981,1.83117,2.0788842,1.2506198000000002,0.8282643999999999,1.9680261,1.4263932,0.5416329000000002,1.0162461685613984,Bayern Munich,Borussia Dortmund,0,1,1,1.83117,0.55981,3.04603,0.2364703599999999,2.80955964,2.836281,0.40351861,2.43276239,1.16349502623505,0,2,0,0.2866314999999997,0.37679724999999964,-0.9671457999999999,-0.8682549000000002,0.25845036,0.11291275,0.62863696
6019,2024-11-30 18:00:00,FRA-Ligue 1,2425,Brest,Strasbourg,1,3,1,2.90417,0.930345,1.472078,2.02196,-0.549882,1.4302254,2.0698891999999995,-0.6396637999999997,1.0487850035490884,Strasbourg,Brest,0,1,3,0.930345,2.90417,1.1927342,2.7446392,-1.551905,1.6895751,2.2320465,-0.5424713999999999,1.0061695356604534,1,4,1,0.08978179999999969,-1.0094336000000002,0.2793437999999999,-0.2593497,0.23625028,0.4584074,0.3053423
6020,2024-11-30 19:45:00,ITA-Serie A,2425,Bologna,Venezia,1,3,0,4.16965,0.357302,1.27012408,1.2153426,0.0547814799999999,1.13253134,1.2919055,-0.1593741599999998,1.2361677901401031,Venezia,Bologna,0,0,3,0.357302,4.16965,1.6665123999999998,1.4250302,0.2414821999999998,1.5278733,1.5634088,-0.0355354999999999,0.6545041041661609,1,3,1,0.2141556399999997,0.2770176999999997,-0.3963883199999998,-0.3953419599999999,0.31105304,0.33751395,0.351433
6022,2024-11-30 20:00:00,FRA-Ligue 1,2425,Paris Saint Germain,Nantes,1,1,1,3.85838,0.742742,3.4988900000000003,1.2716304,2.2272596,2.9597432,1.2056292000000002,1.754114,0.8784542934487378,Nantes,Paris Saint Germain,0,1,1,0.742742,3.85838,1.0398211999999998,1.674813,-0.6349918000000001,1.2994163999999997,1.3951558,-0.0957394000000002,0.9234907890259128,0,2,0,0.47314560000000006,-0.5392523999999999,2.4590688000000007,1.6603268000000004,0.102882825,0.78824097,0.10887622
6021,2024-11-30 20:00:00,ESP-La Liga,2425,Real Valladolid,Atletico Madrid,1,0,5,0.437294,3.40487,1.027083,1.6959644,-0.6688814000000001,0.9856106,1.7671862,-0.7815756,0.9131386034823452,Atletico Madrid,Real Valladolid,0,5,0,3.40487,0.437294,2.0991374,0.80593888,1.2931985199999996,1.6674277999999998,0.94097414,0.7264536599999997,0.8995886361084805,2,5,1,0.11269419999999997,0.5667448599999999,-1.0720544,-0.6818171999999998,0.24190646,0.22116494,0.5369286
6023,2024-12-01 11:30:00,ITA-Serie A,2425,Udinese,Genoa,1,0,2,0.156386,1.7171,1.0021772,1.2082826,-0.2061054,1.1694947,1.3641475,-0.1946528,1.0260832938505031,Genoa,Udinese,0,2,0,1.7171,0.156386,1.0999108,1.7916986,-0.6917878000000002,0.8863156,2.2040123,-1.3176967,0.9026120011742984,2,2,0,-0.011452600000000007,0.6259088999999998,-0.09773359999999998,0.2831791,0.31201476,0.5265323,0.16145292
6024,2024-12-01 13:00:00,ESP-La Liga,2425,Villarreal,Girona,1,2,2,1.96842,0.516301,1.883568,1.0799706,0.8035973999999997,2.1159119,1.2239627,0.8919492,0.8034357179825313,Girona,Villarreal,0,2,2,0.516301,1.96842,1.4224554,0.8269912000000001,0.5954641999999999,1.4340175,1.1140805,0.3199369999999999,0.9065433953606596,0,4,1,-0.08835180000000031,0.27552719999999997,0.4611125999999999,0.6818944,0.22302674,0.5842031,0.1927701
6025,2024-12-01 13:30:00,ENG-Premier League,2425,Chelsea,Aston Villa,1,3,0,1.94939,0.875443,1.6449879999999997,1.8112814,-0.1662934000000002,2.0468276,1.4685352,0.5782923999999998,0.8305531787077824,Aston Villa,Chelsea,0,0,3,0.875443,1.94939,2.121072,1.8706462,0.2504257999999997,1.9979229,1.3794864,0.6184365000000001,0.8508832593673863,1,3,1,-0.7445858000000001,-0.36801070000000036,-0.4760840000000002,0.0489046999999998,0.24107482,0.49089223,0.26803294
6026,2024-12-01 13:30:00,ENG-Premier League,2425,Manchester United,Everton,1,4,0,1.76161,0.766749,1.81161,1.5002216,0.3113884,1.6985668,1.8570297,-0.1584628999999999,0.6476044111986581,Everton,Manchester United,0,0,4,0.766749,1.76161,1.3479556,1.1352989999999998,0.2126566000000003,1.37738,1.6044125,-0.2270324999999999,0.7260155323762997,1,4,1,0.4698512999999999,0.43968910000000017,0.4636544,0.3211868,0.2265468,0.51225847,0.26119477
6027,2024-12-01 13:30:00,ENG-Premier League,2425,Tottenham,Fulham,1,1,1,1.01086,1.57274,1.92252,1.7335628,0.1889571999999999,2.2433035,1.4842110000000002,0.7590925,0.9806961114730524,Fulham,Tottenham,0,1,1,1.57274,1.01086,1.7053376,1.2718852,0.4334523999999999,2.0007318,1.0828064,0.9179253999999996,0.749725300649842,0,2,0,-0.5701353,-0.48447299999999965,0.2171824,0.24257170000000006,0.20769338,0.55972075,0.23258588
6029,2024-12-01 14:00:00,ITA-Serie A,2425,Parma Calcio 1913,Lazio,1,3,1,1.27449,2.4176,1.0685206,1.7836199999999998,-0.7150993999999997,1.3265797999999998,1.8442835,-0.5177037000000002,0.9799629242334882,Lazio,Parma Calcio 1913,0,1,3,2.4176,1.27449,2.62327,0.5079426799999996,2.1153273200000005,2.04115311,0.8830038399999998,1.1581492700000005,1.0778216055425622,1,4,1,-0.1973956999999995,0.95717805,-1.5547494000000002,-0.7145733100000005,0.24000716,0.18943146,0.5705614
6028,2024-12-01 14:00:00,ITA-Serie A,2425,Torino,Napoli,1,0,1,0.442989,1.64196,0.8135958000000001,1.0089994,-0.1954035999999999,0.9501182,1.4690059000000002,-0.5188877000000002,1.1577494697507429,Napoli,Torino,0,1,0,1.64196,0.442989,1.4260768,0.9429535999999998,0.4831232000000003,1.3382717000000002,0.7957061000000001,0.5425656000000001,1.1208477913358017,2,1,0,0.3234841000000003,-0.059442399999999784,-0.6124809999999998,-0.38815350000000015,0.25815636,0.29906195,0.4427817
6030,2024-12-01 14:00:00,FRA-Ligue 1,2425,Montpellier,Lille,1,2,2,1.28241,2.06485,1.3242648,2.345526,-1.0212612,1.1104483,2.328874,-1.2184256999999998,0.9005363864878838,Lille,Montpellier,0,2,2,2.06485,1.28241,1.2299369999999998,1.1489384,0.0809985999999998,1.7707335,1.510906,0.2598275000000001,0.8471061020158583,0,4,1,0.19716449999999974,-0.1788289000000003,0.09432780000000007,-0.6602851999999999,0.26248416,0.23091125,0.5066046
6031,2024-12-01 15:15:00,ESP-La Liga,2425,Real Madrid,Getafe,1,2,0,3.23626,0.34657,1.8129244,1.18908412,0.62384028,2.1065969,1.04221856,1.06437834,1.0918077911309036,Getafe,Real Madrid,0,0,2,0.34657,3.23626,1.2617318,1.0320208,0.229711,1.3252369,1.1876118999999998,0.1376250000000001,0.67912334834372,1,2,0,-0.44053805999999995,0.09208599999999989,0.5511926,0.78136,0.19772817,0.6608755,0.14139633
6032,2024-12-01 16:00:00,FRA-Ligue 1,2425,Toulouse,Auxerre,1,2,0,2.78623,0.129647,1.8784302,0.895604,0.9828262,1.6248584999999998,0.8744048,0.7504536999999998,0.7385253925031673,Auxerre,Toulouse,0,0,2,0.129647,2.78623,1.8203012,1.4624426,0.3578585999999999,1.5360356,1.8486689,-0.3126332999999999,1.2369496924747758,1,2,0,0.2323725000000002,0.6704918999999998,0.058128999999999875,0.08882289999999982,0.22521983,0.55675256,0.2180276
6034,2024-12-01 16:00:00,FRA-Ligue 1,2425,Lyon,Nice,1,4,1,2.88467,2.03621,2.1544,0.9939277999999998,1.1604722,2.1585342,1.0198375,1.1386967,0.8802265536369294,Nice,Lyon,0,1,4,2.03621,2.88467,1.6920365999999998,1.0738046000000003,0.6182319999999994,1.8502609,1.0950097,0.7552511999999998,1.1349744595616438,1,5,1,0.02177550000000017,-0.13701920000000034,0.4623634000000001,0.3082733,0.2374972,0.5577157,0.20478709
6033,2024-12-01 16:00:00,ENG-Premier League,2425,Liverpool,Manchester City,1,2,0,3.70054,0.745015,2.251862,1.329248,0.922614,2.116159,1.1564838,0.9596752000000002,0.9451081203689702,Manchester City,Liverpool,0,0,2,0.745015,3.70054,2.3287160000000005,1.9512312,0.3774848000000004,2.177722,1.7140307,0.4636913000000002,0.7347123578159389,1,2,0,-0.03706120000000013,-0.0862064999999998,-0.07685400000000042,-0.061563000000000034,0.2470715,0.50676674,0.24616173
6035,2024-12-01 16:00:00,FRA-Ligue 1,2425,Le Havre,Angers,1,0,1,0.322626,2.10367,0.9839666,1.775487,-0.7915204000000001,1.1095523,1.7789621,-0.6694097999999999,0.6308845190222048,Angers,Le Havre,0,1,0,2.10367,0.322626,1.519422,2.0614212,-0.5419991999999998,1.2886284,2.1684273000000003,-0.8797989000000004,1.008823793714469,2,1,0,-0.12211060000000018,0.3377997000000006,-0.5354554,-0.17907609999999985,0.29229313,0.41081828,0.29688856
6036,2024-12-01 16:30:00,GER-Bundesliga,2425,Mainz 05,Hoffenheim,1,2,0,2.62793,0.814599,1.6588748,0.9499807999999998,0.7088940000000001,1.4842688,1.5466277000000002,-0.0623589000000002,1.1453443302558606,Hoffenheim,Mainz 05,0,0,2,0.814599,2.62793,1.3837862,1.5478318000000002,-0.1640456000000001,1.1873661,2.0853229000000004,-0.8979568000000004,1.1790793260146757,1,2,0,0.7712529000000004,0.7339112000000003,0.2750885999999999,0.29690269999999996,0.23004171,0.5023704,0.26758784
6037,2024-12-01 16:30:00,GER-Bundesliga,2425,FC Heidenheim,Eintracht Frankfurt,1,0,4,0.861094,3.19019,1.681514,2.1107706,-0.4292566,1.5669676,1.7462171000000002,-0.1792495000000002,0.8296273454362775,Eintracht Frankfurt,FC Heidenheim,0,4,0,3.19019,0.861094,2.06639,2.2946178,-0.2282278000000004,2.274763,1.8595555,0.4152074999999999,1.1869363151518135,2,4,1,-0.2500070999999998,-0.6434353000000003,-0.3848760000000002,-0.7077954000000002,0.2489503,0.26785618,0.48319355
6038,2024-12-01 17:30:00,ESP-La Liga,2425,Rayo Vallecano,Athletic Club,1,1,2,0.590024,0.556919,1.7009173999999998,1.6146718,0.0862455999999998,1.4217261,1.4014782,0.0202478999999997,0.7033698661297235,Athletic Club,Rayo Vallecano,0,2,1,0.556919,0.590024,1.9123372,0.8549798,1.0573574,1.854291,1.1091763,0.7451146999999998,0.9167919615680812,2,3,1,0.0659977000000001,0.3122427000000001,-0.21141980000000027,-0.4325648999999998,0.25918362,0.31038055,0.43043587
6039,2024-12-01 19:45:00,ITA-Serie A,2425,Lecce,Juventus,1,1,1,1.10419,1.03998,0.947752,1.6594362,-0.7116842,0.8991079000000001,1.7011079000000002,-0.8020000000000002,0.5561061624459506,Juventus,Lecce,0,1,1,1.03998,1.10419,1.8156334,1.0868458,0.7287876,1.7851662,0.7764341100000001,1.00873209,0.8402574279876978,0,2,0,0.09031580000000017,-0.2799444900000001,-0.8678814,-0.8860582999999999,0.25780347,0.13024016,0.6119563
6040,2024-12-01 19:45:00,FRA-Ligue 1,2425,Marseille,Monaco,1,2,1,1.65632,0.958578,1.6885044,2.265004,-0.5764996000000002,1.3122432,2.0292428,-0.7169996000000001,1.5241065649213767,Monaco,Marseille,0,1,2,0.958578,1.65632,1.8893806,0.9232323999999998,0.9661482,1.9525259,0.8938235999999999,1.0587023,0.9218823054371236,1,3,1,0.14049999999999985,-0.09255409999999997,-0.20087619999999995,-0.6402827,0.2880103,0.190411,0.52157867
6041,2024-12-01 20:00:00,ESP-La Liga,2425,Real Sociedad,Real Betis,1,2,0,0.818081,0.366137,1.4880268000000003,0.8610758000000001,0.6269510000000003,1.5518623000000002,1.0470899,0.5047724000000002,0.5155093235338447,Real Betis,Real Sociedad,0,0,2,0.366137,0.818081,1.848742,1.9167644,-0.0680223999999998,1.8758605,1.5390808,0.3367796999999999,0.6930149160798919,1,2,0,0.12217860000000003,-0.4048020999999997,-0.3607151999999998,-0.3239981999999997,0.30611402,0.34645846,0.34742752
6042,2024-12-02 19:45:00,ITA-Serie A,2425,Roma,Atalanta,1,0,2,0.667881,1.76696,1.0280291999999998,2.0933672000000003,-1.0653380000000006,1.4620356,1.6532991,-0.1912635,0.8891706267818467,Atalanta,Roma,0,2,0,1.76696,0.667881,2.430352,0.48949842,1.94085358,2.424432,0.65925861,1.76517339,1.1961559671890294,2,2,0,-0.8740745000000005,0.17568019,-1.4023228000000003,-0.9623963999999998,0.26330903,0.10064451,0.63604647
6043,2024-12-02 20:00:00,ESP-La Liga,2425,Sevilla,Osasuna,1,1,1,1.09081,1.04839,0.8306034,1.6576564,-0.827053,1.1165824,1.3343987,-0.2178162999999999,0.8955891696043484,Osasuna,Sevilla,0,1,1,1.04839,1.09081,1.57745252,2.1255364,-0.5480838800000001,1.3515171599999998,1.6670235999999998,-0.31550644,1.0358721336012238,0,2,0,-0.6092367000000001,-0.23257744000000008,-0.74684912,-0.2349347599999998,0.30558094,0.48184067,0.21257837
6044,2024-12-03 18:00:00,ESP-La Liga,2425,Mallorca,Barcelona,1,1,5,0.921728,5.38074,0.833077,1.1248132,-0.2917362,1.4181015,1.0223064,0.3957951000000002,0.8462011737515448,Barcelona,Mallorca,0,5,1,5.38074,0.921728,1.8190204,1.4870248,0.3319956000000001,2.2827556,1.4656176,0.8171379999999999,1.1389738178831683,2,6,1,-0.6875313000000002,-0.4851423999999998,-0.9859434000000001,-0.8646541000000003,0.24675868,0.29657558,0.45666572
6045,2024-12-03 19:30:00,ENG-Premier League,2425,Ipswich,Crystal Palace,1,0,1,0.471708,1.65422,1.5253962,2.2442160000000007,-0.7188198000000006,1.4198014,2.3023170000000004,-0.8825156000000003,0.774755698398594,Crystal Palace,Ipswich,0,1,0,1.65422,0.471708,1.8995582,1.5976458,0.3019123999999999,1.6622293,1.7059299,-0.0437005999999999,0.5414412190657336,2,1,0,0.16369579999999972,0.34561299999999984,-0.3741619999999999,-0.2424278999999998,0.31451547,0.28457993,0.4009046
6046,2024-12-03 20:15:00,ENG-Premier League,2425,Leicester,West Ham,1,3,1,2.78061,2.87716,1.0927664,2.030676,-0.9379096000000002,1.2541864,2.529475,-1.2752886,1.0365277150767105,West Ham,Leicester,0,1,3,2.87716,2.78061,1.2854702,2.2678466,-0.9823764,1.3999777,1.9617885,-0.5618108000000002,0.9285855563373928,1,4,1,0.3373789999999999,-0.4205655999999999,-0.1927038000000001,-0.14579129999999996,0.27850765,0.39509627,0.32639614
6048,2024-12-04 19:30:00,ENG-Premier League,2425,Everton,Wolverhampton Wanderers,1,4,0,1.49904,0.847724,1.1796974,1.252821,-0.0731235999999999,1.1984259000000002,1.4848855,-0.2864595999999997,0.6675417582832961,Wolverhampton Wanderers,Everton,0,0,4,0.847724,1.49904,1.1757529999999998,1.7501566,-0.5744036000000001,1.0074967999999995,2.0225783,-1.0150815000000004,1.8858601974118456,1,4,1,0.2133359999999998,0.4406779000000003,0.003944400000000181,0.19092910000000063,0.26039165,0.49878904,0.24081925
6047,2024-12-04 19:30:00,ENG-Premier League,2425,Southampton,Chelsea,1,1,5,1.91014,5.8331,0.8355615999999999,2.1839322,-1.3483705999999998,1.2828826,2.3123651,-1.0294825,0.7015445516647029,Chelsea,Southampton,0,5,1,5.8331,1.91014,1.7670579999999998,1.5413360000000005,0.2257219999999995,1.9440236,1.5101087,0.4339149,0.9773538873942234,2,6,1,-0.3188880999999997,-0.20819290000000049,-0.9314963999999999,-0.661141,0.26019555,0.22382718,0.51597726
6049,2024-12-04 19:30:00,ENG-Premier League,2425,Newcastle United,Liverpool,1,3,3,1.52057,2.22766,1.1979608,1.3893078,-0.1913469999999999,1.3641404,1.5262913,-0.1621509000000001,0.7330618365515481,Liverpool,Newcastle United,0,3,3,2.22766,1.52057,2.546936,1.210443,1.3364930000000002,2.275816,1.0808983,1.1949177,0.8348650177057294,0,6,1,-0.02919609999999981,0.14157530000000018,-1.3489752000000002,-0.9116755999999999,0.2514617,0.21343146,0.53510684
6050,2024-12-04 19:30:00,ENG-Premier League,2425,Manchester City,Nottingham Forest,1,3,0,3.20169,0.802155,2.204581,2.5390958,-0.3345148,1.9329265,1.9893646,-0.0564381,0.6725549716686219,Nottingham Forest,Manchester City,0,0,3,0.802155,3.20169,1.6485031999999995,0.9913406,0.6571625999999997,1.4367899,1.2243944,0.2123954999999999,0.9047941492391134,1,3,1,-0.2780767,0.4447670999999998,0.5560778000000006,0.49613660000000004,0.2802149,0.43418542,0.28559968
6051,2024-12-04 20:00:00,ESP-La Liga,2425,Athletic Club,Real Madrid,1,2,1,2.08134,1.97732,1.7306869999999996,0.8728256,0.8578613999999997,1.7295509000000002,1.0162387000000002,0.7133122000000001,0.9250951070043054,Real Madrid,Athletic Club,0,1,2,1.97732,2.08134,2.3682600000000003,0.96603812,1.4022218800000004,2.1930549,0.99373266,1.19932224,1.048764876444782,1,3,1,0.1445491999999996,0.20289964000000027,-0.6375730000000006,-0.4635039999999997,0.26905045,0.31320342,0.41774604
6053,2024-12-04 20:15:00,ENG-Premier League,2425,Aston Villa,Brentford,1,3,1,3.21673,1.13266,2.0089706,1.7343762000000005,0.2745943999999998,1.8690822,1.4969513,0.3721308999999999,0.8025324929355739,Brentford,Aston Villa,0,1,3,1.13266,3.21673,1.9925182,1.6164289999999997,0.3760892000000002,1.7305291,1.6870166000000002,0.0435124999999998,1.2135009960242815,1,4,1,-0.09753650000000008,0.3325767000000004,0.016452400000000145,0.13855309999999998,0.2124079,0.522731,0.26486114
6052,2024-12-04 20:15:00,ENG-Premier League,2425,Arsenal,Manchester United,1,2,0,2.96684,0.256083,1.923923,1.0184742,0.9054487999999998,2.2070083,1.2436075,0.9634008,0.951513888047504,Manchester United,Arsenal,0,0,2,0.256083,2.96684,1.810822,1.4750028,0.3358192,1.7246408,1.7233075999999996,0.0013332000000003,0.8697458220019949,1,2,0,-0.057952000000000115,0.3344859999999997,0.11310100000000012,0.48236750000000006,0.20063807,0.6752623,0.12409963
6054,2024-12-05 19:30:00,ENG-Premier League,2425,Fulham,Brighton,1,3,1,0.666644,1.09939,1.4937376,1.1868672,0.3068704,2.0391228,1.1131876,0.9259351999999998,0.7356100693837226,Brighton,Fulham,0,1,3,1.09939,0.666644,1.700152,1.6741978000000004,0.0259541999999994,1.668327,1.7149291999999998,-0.0466021999999997,0.9590440249159636,1,4,1,-0.6190647999999999,0.0725563999999991,-0.2064144000000001,0.3707958,0.23407118,0.64335364,0.12257524
6055,2024-12-05 20:15:00,ENG-Premier League,2425,Bournemouth,Tottenham,1,1,0,3.27716,0.623934,2.0521742,1.5976128,0.4545614,1.8843941,1.3706989,0.5136952000000001,0.7960114097091422,Tottenham,Bournemouth,0,0,1,0.623934,3.27716,1.8365880000000003,1.8763502,-0.0397621999999995,2.1810855,1.4827910000000002,0.6982944999999994,1.0086715955557015,1,1,0,-0.059133800000000125,-0.7380566999999989,0.21558619999999973,-0.29669140000000005,0.20850451,0.45189247,0.33960307
6056,2024-12-06 17:30:00,ITA-Serie A,2425,Inter,Parma Calcio 1913,1,3,1,3.0797,0.274097,2.42612,1.0764834,1.3496366000000002,2.1428059,1.1420182,1.0007876999999998,1.073358500012297,Parma Calcio 1913,Inter,0,1,3,0.274097,3.0797,1.0361726,2.237314,-1.2011414,1.3660608,1.7772154999999998,-0.4111546999999997,1.024843824781573,1,4,1,0.34884890000000035,-0.7899867000000003,1.3899474,0.7767450999999999,0.16074863,0.7145576,0.124693826
6057,2024-12-06 18:00:00,FRA-Ligue 1,2425,Lille,Brest,1,3,1,3.01042,0.740372,1.6101531999999998,1.1671404,0.4430127999999997,1.8196565,1.3150080000000002,0.5046484999999998,0.8792863492168169,Brest,Lille,0,1,3,0.740372,3.01042,1.767766,1.979139,-0.211373,1.3599444,2.1372625000000003,-0.7773181000000002,1.029453094219812,1,4,1,-0.061635700000000126,0.5659451000000002,-0.1576128000000001,0.45971209999999996,0.22286509,0.6395608,0.1375741
6058,2024-12-06 19:30:00,GER-Bundesliga,2425,VfB Stuttgart,Union Berlin,1,3,2,1.81349,1.86301,1.7350316,1.6407302,0.0943013999999997,1.9551424,1.6412889,0.3138535000000002,0.9717957260833144,Union Berlin,VfB Stuttgart,0,2,3,1.86301,1.81349,0.9755568,1.7236036,-0.7480468000000001,1.049174,1.332428,-0.2832539999999999,0.7625038720899755,1,5,1,-0.21955210000000047,-0.46479280000000023,0.7594747999999999,0.9059683999999999,0.17839736,0.676397,0.14520559
6059,2024-12-06 19:45:00,ITA-Serie A,2425,Atalanta,AC Milan,1,2,1,2.62823,0.899516,2.0155,0.57818262,1.43731738,2.356058,0.52965471,1.82640329,1.1884252474152812,AC Milan,Atalanta,0,1,2,0.899516,2.62823,1.7167996,1.061067,0.6557325999999999,2.0001578,0.9437905,1.0563672999999998,0.8999285456734736,1,3,1,-0.3890859099999999,-0.4006346999999999,0.29870039999999975,0.3559001999999998,0.2306949,0.5775789,0.19172622
6060,2024-12-06 20:00:00,FRA-Ligue 1,2425,Auxerre,Paris Saint Germain,1,0,0,0.34154,3.04535,1.2734606,1.7739446,-0.5004840000000002,1.474648,1.8436309,-0.3689829000000002,1.220629451483031,Paris Saint Germain,Auxerre,0,0,0,3.04535,0.34154,3.3366040000000003,0.9761028,2.3605012000000003,3.0214422,1.1223414,1.8991008,0.7943223953374334,0,0,0,-0.13150109999999993,0.46140040000000027,-2.0631434000000004,-1.5467942000000001,0.163323,0.23133023,0.6053468
6061,2024-12-06 20:00:00,ESP-La Liga,2425,Celta Vigo,Mallorca,1,2,0,1.19949,1.09038,1.6306948,1.4126772000000003,0.2180175999999996,1.4259477,1.2281791,0.1977686,0.7012875007354753,Mallorca,Celta Vigo,0,0,2,1.09038,1.19949,0.9089514,2.049868,-1.1409166000000002,1.3533423,1.5104665000000002,-0.1571242000000001,0.8866929773103395,1,2,0,0.0202489999999996,-0.9837924,0.7217434000000001,0.07260540000000004,0.23732981,0.51980907,0.24286109
6062,2024-12-07 13:00:00,ESP-La Liga,2425,Las Palmas,Real Valladolid,1,2,1,1.27625,1.30835,0.85768588,1.812672,-0.9549861199999998,1.00151004,2.0538513,-1.05234126,1.397887735715824,Real Valladolid,Las Palmas,0,1,2,1.30835,1.27625,0.6472497999999998,2.2903314000000004,-1.6430816000000006,0.9910743,1.9084002,-0.9173258999999998,0.8072040540209205,1,3,1,0.09735514000000012,-0.7257557000000008,0.21043608000000025,0.010435740000000138,0.25635603,0.45072976,0.29291424
6063,2024-12-07 14:00:00,ITA-Serie A,2425,Genoa,Torino,1,0,0,0.327249,0.70601,1.390983,1.2269958,0.1639871999999997,0.8984226,1.9538459,-1.0554233,1.001754628885528,Torino,Genoa,0,0,0,0.70601,0.327249,0.5901796,1.0182834,-0.4281038,0.9496803,1.4670319,-0.5173516,1.1582833104116086,0,0,0,1.2194104999999997,0.08924780000000004,0.8008034,-0.05125770000000007,0.28549877,0.3807811,0.33372012
6066,2024-12-07 14:30:00,GER-Bundesliga,2425,Bochum,Werder Bremen,1,0,1,1.16256,1.20754,0.7945409999999999,2.5197360000000004,-1.7251950000000005,1.2064265,2.7830950000000003,-1.5766685000000005,0.8288935721375714,Werder Bremen,Bochum,0,1,0,1.20754,1.16256,1.6267578,1.6570202000000005,-0.0302624000000002,1.7039413,1.8841461,-0.1802048,0.9976863653188256,2,1,0,-0.1485265,0.1499423999999998,-0.8322168000000001,-0.49751480000000003,0.34924963,0.23788059,0.41286978
6065,2024-12-07 14:30:00,GER-Bundesliga,2425,Bayer Leverkusen,St. Pauli,1,2,1,0.729523,2.18395,1.6858848000000002,0.9868204000000004,0.6990643999999999,2.03088303,1.1564598,0.8744232300000001,1.1325117367730742,St. Pauli,Bayer Leverkusen,0,1,2,2.18395,0.729523,1.00699016,1.5004376,-0.4934474400000002,1.04857238,1.7327652,-0.68419282,0.9536766992883224,1,3,1,-0.1753588300000002,0.19074537999999985,0.6788946400000002,0.9823106500000001,0.16372879,0.7570263,0.0792449
6064,2024-12-07 14:30:00,GER-Bundesliga,2425,Holstein Kiel,RasenBallsport Leipzig,1,0,2,1.14963,1.72704,1.0388218,1.909046,-0.8702242,1.1677813,2.130264,-0.9624826999999998,0.9419563903306292,RasenBallsport Leipzig,Holstein Kiel,0,2,0,1.72704,1.14963,1.3915826,2.335068,-0.9434853999999996,1.5886477,1.6974329999999995,-0.1087852999999998,0.9441986765230098,2,2,0,0.0922584999999998,-0.8347000999999998,-0.3527608,-0.4208664000000002,0.28191495,0.34146968,0.37661538
6067,2024-12-07 14:30:00,GER-Bundesliga,2425,Bayern Munich,FC Heidenheim,1,4,2,3.08538,1.16879,2.688486,0.2911011599999999,2.3973848400000004,2.856601,0.36241041,2.49419059,1.1202120561422275,FC Heidenheim,Bayern Munich,0,2,4,1.16879,3.08538,1.4742008,1.9188566,-0.4446558000000002,1.343701,2.0010827,-0.6573817,0.6697913674311715,1,6,1,-0.09680574999999969,0.21272589999999975,1.2142852000000002,1.5129,0.09882732,0.8366451,0.064527586
6068,2024-12-07 14:30:00,GER-Bundesliga,2425,Eintracht Frankfurt,Augsburg,1,2,2,1.53465,1.17089,2.394112,1.6525446,0.7415673999999997,2.325275,1.8624263,0.4628487000000001,1.2041581300456377,Augsburg,Eintracht Frankfurt,0,2,2,1.17089,1.53465,0.8669394,1.3166258000000002,-0.4496864000000001,1.344318,1.3032979999999998,0.0410200000000002,0.8926452724390564,0,4,1,0.27871869999999954,-0.4907064000000003,1.5271725999999997,0.9809570000000001,0.17881416,0.6762397,0.14494613
6071,2024-12-07 15:00:00,ENG-Premier League,2425,Crystal Palace,Manchester City,1,2,2,1.21476,1.5846,2.0346800000000003,1.4881473999999997,0.5465326000000006,1.5389353,1.5879137,-0.0489784000000002,0.5198395801047776,Manchester City,Crystal Palace,0,2,2,1.5846,1.21476,2.2123470000000003,2.625529,-0.4131819999999999,2.0978165,1.9644861,0.1333304000000001,0.6673602446351983,0,4,1,0.5955110000000008,-0.5465124,-0.17766700000000002,-0.5588812000000001,0.24700265,0.34605104,0.40694633
6069,2024-12-07 15:00:00,ENG-Premier League,2425,Aston Villa,Southampton,1,1,0,2.51338,0.385832,2.2575166,1.895178,0.3623385999999997,1.8748792,1.5250015,0.3498777000000002,0.8000511179327617,Southampton,Aston Villa,0,0,1,0.385832,2.51338,1.1435918,2.7179802000000004,-1.5743884000000004,1.3383036,2.5929821,-1.2546785,0.7472140497761124,1,1,0,0.012460899999999497,-0.3197099000000003,1.1139248000000002,0.5365756000000002,0.16919722,0.661888,0.16891478
6070,2024-12-07 15:00:00,ENG-Premier League,2425,Brentford,Newcastle United,1,4,2,1.746,1.95645,1.3997242,1.928379,-0.5286547999999995,1.7387011,1.8534106,-0.1147095,1.2077974714587392,Newcastle United,Brentford,0,2,4,1.95645,1.746,1.1536247999999998,1.5112518,-0.3576270000000003,1.3678544,1.6020883,-0.2342339000000002,0.8041785703371863,1,6,1,-0.4139452999999995,-0.12339310000000012,0.2460994000000003,0.3708467000000002,0.2476115,0.5393526,0.21303588
6072,2024-12-07 15:15:00,ESP-La Liga,2425,Real Betis,Barcelona,1,2,2,2.76257,1.54117,1.3636074,1.6383305999999995,-0.2747231999999997,1.6062982,1.534458,0.0718402000000002,0.6848039269396385,Barcelona,Real Betis,0,2,2,1.54117,2.76257,2.3920364,1.3906524,1.0013839999999998,2.4014596,1.3181854,1.0832742,1.0826744357163305,0,4,1,-0.3465633999999999,-0.08189020000000014,-1.0284289999999998,-0.7951614,0.2444052,0.24226382,0.513331
6073,2024-12-07 16:00:00,FRA-Ligue 1,2425,Monaco,Toulouse,1,2,0,2.8043,0.232536,1.8428162,1.2217426,0.6210736000000001,1.9578216,0.8681585999999999,1.0896629999999998,0.9193887127464972,Toulouse,Monaco,0,0,2,0.232536,2.8043,1.9481202,0.6269353999999999,1.3211848000000002,1.8549447,0.7575505,1.0973942,0.7008291401737528,1,2,0,-0.4685893999999997,0.22379060000000006,-0.10530400000000006,0.10287690000000005,0.3042597,0.39564785,0.3000925
6074,2024-12-07 17:00:00,ITA-Serie A,2425,Juventus,Bologna,1,2,2,0.856802,0.784689,1.5512714,0.7425998,0.8086715999999998,1.8165618,0.82672821,0.98983359,0.8807843031906192,Bologna,Juventus,0,2,2,0.784689,0.856802,1.87269008,1.196746,0.6759440799999998,1.41362034,1.2162077000000002,0.1974126399999998,1.1318448262814145,0,4,1,-0.18116199000000022,0.47853144000000003,-0.32141867999999985,0.40294145999999986,0.24317215,0.5706571,0.18617079
6076,2024-12-07 17:30:00,ENG-Premier League,2425,Manchester United,Nottingham Forest,1,2,3,1.4697,0.651217,1.3368425999999998,1.4697468,-0.1329042000000002,1.4475561,1.8843986,-0.4368425,0.8289828428875102,Nottingham Forest,Manchester United,0,3,2,0.651217,1.4697,1.2999581999999998,1.4651956,-0.1652374000000001,1.4580522,1.4275194,0.0305328,0.82301523702976,2,5,1,0.30393829999999983,-0.1957702000000001,0.03688439999999993,-0.01049610000000012,0.25628415,0.40032038,0.34339547
6077,2024-12-07 17:30:00,GER-Bundesliga,2425,Borussia M.Gladbach,Borussia Dortmund,1,1,1,1.10194,1.58856,1.8950626,1.3828166,0.512246,1.9063194,1.6952067,0.2111126999999999,0.7343991073064109,Borussia Dortmund,Borussia M.Gladbach,0,1,1,1.58856,1.10194,1.3965241999999998,1.4028298,-0.0063056000000001,1.9321769,1.5816569,0.3505199999999999,1.0868564431877623,0,2,0,0.30113330000000005,-0.35682559999999997,0.49853840000000016,-0.025857499999999867,0.22238104,0.45178202,0.32583693
6075,2024-12-07 17:30:00,ESP-La Liga,2425,Valencia,Rayo Vallecano,1,0,1,1.0002,1.02294,1.2588082000000005,1.4467766,-0.1879683999999997,0.9952389,1.5799451999999998,-0.5847062999999998,1.1052611536173338,Rayo Vallecano,Valencia,0,1,0,1.02294,1.0002,1.4894302,1.3943716,0.0950586,1.3798485,1.2724911,0.1073574000000001,0.7247167172941688,2,1,0,0.3967379000000001,-0.01229880000000011,-0.23062199999999944,-0.3846096,0.25594974,0.327186,0.41686422
6078,2024-12-07 18:00:00,FRA-Ligue 1,2425,Nice,Le Havre,1,2,1,2.27599,1.42884,1.943902,1.4842714,0.4596305999999999,1.8004739,1.2502727,0.5502012000000001,0.9997362362563345,Le Havre,Nice,0,1,2,1.42884,2.27599,0.9764382,1.642869,-0.6664307999999998,0.8581538999999999,1.9149768000000005,-1.0568229000000002,0.4661163153645106,1,3,1,-0.09057060000000017,0.39039210000000046,0.9674638,0.9423200000000002,0.1862068,0.7131733,0.10061992
6079,2024-12-07 19:45:00,ITA-Serie A,2425,Roma,Lecce,1,4,1,2.38077,0.826928,1.0301347999999997,1.5329732,-0.5028384000000004,1.2630187,1.6703921000000002,-0.4073734000000002,0.9501039453303856,Lecce,Roma,0,1,4,0.826928,2.38077,1.054514,1.3609601999999998,-0.3064461999999999,0.8433569000000001,1.7603690999999997,-0.9170121999999996,0.7114417259860849,1,5,1,-0.09546500000000013,0.6105659999999997,-0.024379200000000267,0.41966179999999986,0.27324823,0.5244268,0.20232493
6080,2024-12-07 20:00:00,FRA-Ligue 1,2425,Angers,Lyon,1,0,3,0.505438,2.02701,1.645558,1.6383904,0.0071676,1.3657914,1.9472819,-0.5814905000000001,0.9518284037896244,Lyon,Angers,0,3,0,2.02701,0.505438,2.177982,1.3291161999999996,0.8488658000000004,2.1242472,0.9787635,1.1454837000000002,0.894434087316162,2,3,1,0.5886581000000002,-0.29661789999999977,-0.532424,-0.7584558000000001,0.21264589,0.22887647,0.55847764
6081,2024-12-07 20:00:00,ESP-La Liga,2425,Girona,Real Madrid,1,0,3,0.351337,1.16034,1.4364852,0.8485112000000001,0.587974,1.3760796000000002,1.0515625,0.3245171000000002,1.0173822667073424,Real Madrid,Girona,0,3,0,1.16034,0.351337,2.524092,1.02408212,1.50000988,2.1631969,1.06003866,1.10315824,1.017012821619326,2,3,1,0.26345689999999977,0.39685163999999995,-1.0876068,-0.7871172999999998,0.2554188,0.2501446,0.49443653
6082,2024-12-08 11:30:00,ITA-Serie A,2425,Fiorentina,Cagliari,1,1,0,0.412045,1.00073,1.9437772,0.7803720000000001,1.1634052,1.9953146,1.1003292999999998,0.8949853000000001,1.2028172385360991,Cagliari,Fiorentina,0,0,1,1.00073,0.412045,1.7647847999999997,1.9703906,-0.2056058000000002,1.6284918000000002,1.9444653000000005,-0.3159735000000001,0.8596906292738905,1,1,0,0.2684198999999998,0.11036769999999987,0.17899240000000027,0.3668227999999998,0.19142194,0.68769866,0.12087941
6083,2024-12-08 13:00:00,ESP-La Liga,2425,Leganes,Real Sociedad,1,0,3,0.463722,1.74462,0.8880586000000001,1.4277766,-0.5397179999999999,0.7927523000000001,1.6774904,-0.8847380999999999,1.3875691214404278,Real Sociedad,Leganes,0,3,0,1.74462,0.463722,1.2794790000000005,0.8450728,0.4344062000000003,1.4918424,0.8561135999999999,0.6357288,0.6703116426295146,2,3,1,0.34502009999999994,-0.20132259999999969,-0.39142040000000033,-0.6990900999999998,0.23289374,0.23646292,0.5306434
6084,2024-12-08 14:00:00,ENG-Premier League,2425,Leicester,Brighton,1,2,2,1.42438,1.12184,1.4824054,2.097132,-0.6147266000000002,1.3670604000000002,2.5284750000000003,-1.1614146,1.0240944554502087,Brighton,Leicester,0,2,2,1.12184,1.42438,1.617336,1.5853786000000003,0.0319573999999995,1.60257,1.7094613,-0.1068912999999998,1.0607954343364503,0,4,1,0.5466879999999998,0.1388486999999993,-0.13493060000000012,-0.23550959999999987,0.27272868,0.33187208,0.3953992
6086,2024-12-08 14:00:00,ENG-Premier League,2425,Fulham,Arsenal,1,1,1,0.150988,2.4333,1.3280044,1.2297762,0.0982282000000001,1.8171862,1.1548547,0.6623315000000001,0.9355117623544784,Arsenal,Fulham,0,1,1,2.4333,0.150988,2.299631,0.7989987999999999,1.5006322,2.3916023,1.1899563,1.2016460000000002,0.919884999322421,0,2,0,-0.5641033,0.29898619999999987,-0.9716266000000002,-0.5744161000000001,0.25101283,0.28095168,0.46803552
6087,2024-12-08 14:00:00,FRA-Ligue 1,2425,Lens,Montpellier,1,2,0,1.10272,1.51819,1.7991888,1.5425702,0.2566186000000001,1.5323226,1.2643717,0.2679509,0.7178640334195727,Montpellier,Lens,0,0,2,1.51819,1.10272,1.2293788,1.982278,-0.7528991999999997,1.1640918,2.3659220000000003,-1.2018302000000003,0.9449418465606864,1,2,0,-0.011332299999999906,0.44893100000000064,0.5698099999999999,0.3682308000000001,0.21509813,0.6692986,0.11560331
6088,2024-12-08 14:00:00,ITA-Serie A,2425,Verona,Empoli,1,1,4,0.895085,1.2903,0.6849426000000001,2.39062,-1.7056773999999997,0.8903205,2.323739,-1.4334184999999997,1.2355087459979346,Empoli,Verona,0,4,1,1.2903,0.895085,0.4443026,1.3279800000000002,-0.8836774000000002,0.5762797,1.438054,-0.8617743,1.214685829318941,2,5,1,-0.27225889999999997,-0.021903100000000175,0.24064000000000008,0.3140408,0.43910253,0.34913749,0.21175998
6085,2024-12-08 14:00:00,ENG-Premier League,2425,Ipswich,Bournemouth,1,1,2,1.5668,3.49127,1.2883418,1.7557340000000003,-0.4673922000000003,1.3948399,2.292043,-0.8972031,0.7886204082487114,Bournemouth,Ipswich,0,2,1,3.49127,1.5668,2.641876,1.3275996000000003,1.3142763999999996,2.0583791,1.3398197,0.7185594000000002,0.7773102742297207,2,3,1,0.4298108999999997,0.5957169999999994,-1.3535342,-0.6635391999999998,0.27565637,0.23399492,0.49034876
6089,2024-12-08 14:30:00,GER-Bundesliga,2425,Wolfsburg,Mainz 05,1,4,3,1.48692,3.02237,1.4096205999999998,1.187218,0.2224025999999996,1.4702549,1.753751,-0.2834961,1.4283227838092676,Mainz 05,Wolfsburg,0,3,4,3.02237,1.48692,2.0622032,0.6807325999999998,1.3814706,1.5518828,1.2067476,0.3451351999999998,1.0310050275671412,1,7,1,0.5058986999999996,1.0363354000000002,-0.6525826000000001,-0.08162789999999998,0.24825527,0.32237187,0.42937288
6090,2024-12-08 15:15:00,ESP-La Liga,2425,Athletic Club,Villarreal,1,2,0,1.31484,0.796459,1.9958618,1.1598184,0.8360434000000001,1.8053599,1.1473113,0.6580485999999999,0.8862493920190695,Villarreal,Athletic Club,0,0,2,0.796459,1.31484,1.984892,1.0913144,0.8935775999999997,2.224217,1.1612708,1.0629461999999998,0.8092731917464926,1,2,0,0.17799480000000023,-0.1693686000000001,0.010969799999999807,-0.41885709999999987,0.2660987,0.33292747,0.40097383
6092,2024-12-08 16:00:00,FRA-Ligue 1,2425,Nantes,Rennes,1,1,0,1.70972,0.285927,1.0219023999999997,2.2911124000000003,-1.2692100000000006,1.2042536,1.7063963000000002,-0.5021427000000003,0.8303891884656286,Rennes,Nantes,0,0,1,0.285927,1.70972,1.2104764,0.9593696,0.2511067999999999,1.2478619,1.1108953,0.1369665999999998,1.041781112332132,1,1,0,-0.7670673000000003,0.11414020000000011,-0.18857400000000024,-0.043608300000000044,0.27664217,0.3365924,0.38676542
6091,2024-12-08 16:00:00,FRA-Ligue 1,2425,Strasbourg,Reims,1,0,0,1.0949,1.28455,0.9347272,2.3915112,-1.456784,1.5379146,2.1997095,-0.6617948999999999,0.9753461113210634,Reims,Strasbourg,0,0,0,1.28455,1.0949,1.3459084,1.4792122,-0.1333038000000002,1.7164154,1.5552865,0.1611289,0.9321747333572435,0,0,0,-0.7949891000000002,-0.2944327000000002,-0.4111811999999999,-0.17850080000000013,0.2957331,0.34245983,0.3618071
6094,2024-12-08 16:30:00,GER-Bundesliga,2425,Hoffenheim,Freiburg,1,1,1,1.49449,1.53138,1.05417,1.6043378000000004,-0.5501678000000003,1.1855874,2.0796089,-0.8940215000000002,1.0965019563281828,Freiburg,Hoffenheim,0,1,1,1.53138,1.49449,1.6477836,1.4347439999999998,0.2130396000000001,1.7192177999999998,1.1818343,0.5373834999999998,0.7561573896237059,0,2,0,0.34385369999999993,-0.3243438999999997,-0.5936135999999999,-0.5336303999999998,0.25645667,0.25545368,0.48808962
6093,2024-12-08 16:30:00,ENG-Premier League,2425,Tottenham,Chelsea,1,3,4,3.25488,2.57326,1.7575347999999995,2.33606,-0.5785252000000005,2.1642194,1.6984169999999998,0.4658024,1.0165323272990126,Chelsea,Tottenham,0,4,3,2.57326,3.25488,2.61009,1.574914,1.0351759999999994,2.434061,1.5473917,0.8866692999999999,0.944922520461681,2,7,1,-1.0443276000000006,0.14850669999999955,-0.8525552000000005,-0.2698415999999999,0.2799215,0.3746026,0.34547588
6095,2024-12-08 17:00:00,ITA-Serie A,2425,Venezia,Como,1,2,2,0.303457,0.779392,1.6459924,2.0783588,-0.4323664,1.5372766,1.7614758,-0.2241992000000001,0.650500599241152,Como,Venezia,0,2,2,0.779392,0.303457,1.1220019999999995,1.4865206,-0.3645186000000002,1.2183927,1.4696288,-0.2512361000000001,0.902828043185056,0,4,1,-0.20816719999999989,-0.11328250000000012,0.5239904000000004,0.3188838999999999,0.26080364,0.4935719,0.24562445
6096,2024-12-08 17:30:00,ESP-La Liga,2425,Osasuna,Alaves,1,2,2,2.31345,1.50067,1.34508052,1.7853363999999998,-0.4402558799999998,1.40332506,1.6276716,-0.2243465399999999,0.9976298737016256,Alaves,Osasuna,0,2,2,1.50067,2.31345,0.9981144,1.6926574,-0.6945429999999998,0.8893649,1.8273734,-0.9380084999999996,1.0119569459544155,0,4,1,-0.21590933999999992,0.24346549999999978,0.34696612000000004,0.51396016,0.26466608,0.54029775,0.19503611
6098,2024-12-08 19:45:00,FRA-Ligue 1,2425,Saint-Etienne,Marseille,1,0,2,0.166752,2.9851,1.2603917999999998,1.9772676,-0.7168758000000002,1.2072878,2.1809358,-0.9736479999999998,0.9111324481764428,Marseille,Saint-Etienne,0,2,0,2.9851,0.166752,1.2435504,2.1053516,-0.8618012000000002,1.3480561999999998,2.0765638,-0.7285075999999999,1.4094357420441803,2,2,0,0.2567721999999997,-0.13329360000000023,0.016841399999999895,-0.1407683999999998,0.2801744,0.39959228,0.32023332
6097,2024-12-08 19:45:00,ITA-Serie A,2425,Napoli,Lazio,1,0,1,1.14465,0.243674,1.2479968,0.9174754,0.3305213999999998,1.3596627,0.7518469000000001,0.6078157999999998,0.8825711828594086,Lazio,Napoli,0,1,0,0.243674,1.14465,2.51081,0.7104928799999997,1.8003171200000003,2.1036701100000004,0.95712524,1.1465448700000005,0.998254903067999,2,1,0,-0.2772944,0.6537722499999998,-1.2628132000000003,-0.7440074100000005,0.254146,0.25422224,0.49163178
6099,2024-12-08 20:00:00,ESP-La Liga,2425,Atletico Madrid,Sevilla,1,4,3,2.32183,0.635773,1.7373173999999998,0.8390174800000001,0.8982999199999997,1.6849497999999996,0.96639254,0.7185572599999996,1.0089315367546638,Sevilla,Atletico Madrid,0,3,4,0.635773,2.32183,0.928835,1.0502784,-0.1214434,1.0608624,1.3420822,-0.2812198000000001,0.9426284288816074,1,7,1,0.17974266000000005,0.15977640000000007,0.8084823999999998,0.6240873999999996,0.17890479,0.66046304,0.16063216
6100,2024-12-09 19:45:00,ITA-Serie A,2425,Monza,Udinese,1,1,2,1.92222,1.40496,0.9466230200000002,1.714856,-0.7682329799999997,0.93252611,1.4139452,-0.48141909,0.9651193947594724,Udinese,Monza,0,2,1,1.40496,1.92222,0.8076924,1.5195758,-0.7118833999999999,0.8763053000000001,1.4478895,-0.5715842,1.0270381486473392,2,3,1,-0.28681388999999974,-0.14029919999999996,0.13893062000000023,0.0562208099999999,0.28520966,0.47819623,0.23659414
6101,2024-12-09 20:00:00,ENG-Premier League,2425,West Ham,Wolverhampton Wanderers,1,2,1,1.19808,1.47567,1.2622782,2.2987726,-1.0364943999999998,1.6194218,1.9512485,-0.3318267000000001,0.802755154490847,Wolverhampton Wanderers,West Ham,0,1,2,1.47567,1.19808,1.1231498,1.7472706000000002,-0.6241208000000003,0.9453002,2.0241393,-1.0788391,1.904154993138695,1,3,1,-0.7046676999999997,0.4547182999999997,0.13912839999999993,0.6741216,0.3057052,0.5020231,0.19227174
6102,2024-12-09 20:00:00,ESP-La Liga,2425,Getafe,Espanyol,1,1,0,0.530268,1.17303,0.9257698,1.4499068,-0.524137,1.273463,1.2050619,0.0684010999999999,0.6282077860072999,Espanyol,Getafe,0,0,1,1.17303,0.530268,0.8613998,1.8135292000000005,-0.9521294000000002,0.8449863000000001,2.2071756,-1.3621893000000005,1.5384846612487548,1,1,0,-0.5925380999999998,0.41005990000000025,0.06436999999999993,0.42847669999999993,0.30370107,0.5688932,0.12740573
6103,2024-12-13 19:30:00,GER-Bundesliga,2425,Freiburg,Wolfsburg,1,3,2,2.96777,1.85123,1.6022855999999996,1.195548,0.4067375999999996,1.4767388,1.2205513,0.2561875000000002,0.8126008386853256,Wolfsburg,Freiburg,0,2,3,1.85123,2.96777,1.5188107999999998,1.6456586000000002,-0.1268478000000004,1.4956979,1.76913,-0.2734320999999997,1.60460103300203,1,5,1,0.1505500999999994,0.14658429999999928,0.08347479999999985,-0.018959100000000007,0.26950616,0.4778421,0.2526517
6104,2024-12-13 19:45:00,FRA-Ligue 1,2425,Toulouse,Saint-Etienne,1,2,1,1.73249,0.388289,1.4172114,1.1395116,0.2776997999999999,1.6914583,1.0229355,0.6685228000000001,0.6503260232155749,Saint-Etienne,Toulouse,0,1,2,0.388289,1.73249,1.0277422,1.9207316,-0.8929893999999998,1.106223,2.2062698000000003,-1.1000468000000003,0.9039760482506256,1,3,1,-0.3908230000000002,0.2070574000000005,0.38946919999999996,0.5852353000000001,0.22659993,0.6736841,0.09971593
6105,2024-12-13 19:45:00,ITA-Serie A,2425,Empoli,Torino,1,0,1,0.953691,1.36089,0.6384278,1.1693330000000002,-0.5309052000000002,0.6026217,1.3589075,-0.7562857999999999,1.493471785911815,Torino,Empoli,0,1,0,1.36089,0.953691,0.6935244,0.996465,-0.3029406,0.8235993,1.4219776000000002,-0.5983783000000001,0.9713449594420984,2,1,0,0.2253805999999997,0.29543770000000014,-0.05509660000000005,-0.2209776,0.32906532,0.3923441,0.2785906
6106,2024-12-13 20:00:00,ESP-La Liga,2425,Real Valladolid,Valencia,1,1,0,0.531831,0.657242,0.7133157999999998,2.0087114,-1.2953956000000004,1.0266504,1.8969652,-0.8703147999999998,0.8766364123206767,Valencia,Real Valladolid,0,0,1,0.657242,0.531831,1.318098,1.4687309999999996,-0.1506329999999995,0.9809369,1.5937023,-0.6127653999999999,1.019432524729649,1,1,0,-0.4250808000000006,0.46213240000000044,-0.6047822000000002,0.045713500000000074,0.30034643,0.41379073,0.2858628
6107,2024-12-14 13:00:00,ESP-La Liga,2425,Espanyol,Osasuna,1,0,0,0.298744,0.213917,0.9958468,1.6265488,-0.6307020000000001,0.7671873,2.0232724,-1.2560850999999995,1.3034609625824587,Osasuna,Espanyol,0,0,0,0.213917,0.298744,1.59479652,1.7501303999999998,-0.1553338799999997,1.43750306,1.6494566,-0.2119535399999998,0.9739102928168424,0,0,0,0.6253830999999994,0.0566196600000001,-0.59894972,-0.67031576,0.2749488,0.30435783,0.4206934
6108,2024-12-14 14:00:00,ITA-Serie A,2425,Cagliari,Atalanta,1,0,1,1.90937,2.37449,1.7277927999999996,1.8783382000000004,-0.1505454000000008,1.5599098,1.8829818,-0.323072,0.8974872152946182,Atalanta,Cagliari,0,1,0,2.37449,1.90937,2.210704,0.741967,1.4687370000000002,2.487187,0.56163601,1.92555099,1.1257693427276103,2,1,0,0.17252659999999923,-0.4568139899999999,-0.4829112000000002,-0.9272772,0.2207128,0.104502715,0.6747845
6109,2024-12-14 14:30:00,GER-Bundesliga,2425,Augsburg,Bayer Leverkusen,1,0,2,0.43671,1.02095,0.9890156,1.468167,-0.4791513999999999,1.199932,1.407449,-0.2075169999999999,0.9167178500799628,Bayer Leverkusen,Augsburg,0,2,0,1.02095,0.43671,1.5700854000000002,1.0659944000000003,0.5040909999999998,1.7620063300000002,1.2684988,0.49350753,1.191822510749714,2,2,0,-0.2716344,0.010583469999999817,-0.5810698000000002,-0.5620743300000002,0.24924062,0.250234,0.50052536
6111,2024-12-14 14:30:00,GER-Bundesliga,2425,Union Berlin,Bochum,1,1,1,3.0131,1.23723,0.9755488,1.7781856,-0.8026368,1.1495638,1.3843150000000002,-0.2347512000000002,0.8698944156954006,Bochum,Union Berlin,0,1,1,1.23723,3.0131,0.9860438,2.1312640000000003,-1.1452202000000002,1.2119505,2.508232,-1.2962815,0.7426039738388871,0,2,0,-0.5678855999999999,0.15106129999999984,-0.010495000000000032,-0.06238670000000002,0.2567377,0.54736227,0.19590004
6112,2024-12-14 14:30:00,GER-Bundesliga,2425,Mainz 05,Bayern Munich,1,2,1,1.64219,0.992002,2.3755632,0.7913099999999998,1.5842532,1.6870048,1.1745496,0.5124552,1.0669791413876586,Bayern Munich,Mainz 05,0,1,2,0.992002,1.64219,2.675582,0.4838499599999998,2.19173204,2.751697,0.44931181,2.30238519,1.090235919784802,1,3,1,1.071798,-0.11065314999999964,-0.3000187999999997,-1.0646922,0.29738954,0.12021264,0.5823978
6110,2024-12-14 14:30:00,GER-Bundesliga,2425,Borussia M.Gladbach,Holstein Kiel,1,4,1,2.33425,0.323948,1.928644,1.4094146,0.5192293999999997,1.8113774,1.5819227,0.2294547000000002,0.7728920693765586,Holstein Kiel,Borussia M.Gladbach,0,1,4,0.323948,2.33425,1.1327294,1.872456,-0.7397265999999996,1.2527667,1.889526,-0.6367592999999996,0.7982325853388461,1,5,1,0.2897746999999995,-0.10296729999999998,0.7959145999999999,0.5586107,0.1820842,0.63838726,0.17952853
6116,2024-12-14 15:00:00,ENG-Premier League,2425,Wolverhampton Wanderers,Ipswich,1,1,2,1.23748,1.73349,1.0882478,1.4571885999999998,-0.3689407999999998,1.0408555,1.9065963,-0.8657408,1.7293450153791614,Ipswich,Wolverhampton Wanderers,0,2,1,1.73349,1.23748,1.3344678,1.9862720000000005,-0.6518042000000002,1.3870199,2.351357,-0.9643371,0.7930666365589732,2,3,1,0.4968000000000002,0.3125328999999998,-0.2462200000000001,-0.34616440000000015,0.27880314,0.38276836,0.33842853
6115,2024-12-14 15:00:00,ENG-Premier League,2425,Newcastle United,Leicester,1,4,0,3.95461,0.186759,1.3729717999999995,1.6781908,-0.3052190000000003,1.4537314,1.4555473,-0.0018158999999997,0.8254614122929365,Leicester,Newcastle United,0,0,4,0.186759,3.95461,1.2995654,2.054266,-0.7547005999999998,1.3757054,2.458282,-1.0825766,1.0903489291028958,1,4,1,-0.3034031000000006,0.32787600000000006,0.07340639999999943,0.07802599999999993,0.26439473,0.5437263,0.19187896
6114,2024-12-14 15:00:00,ENG-Premier League,2425,Liverpool,Fulham,1,2,2,2.09698,1.2862,2.721776,1.296897,1.4248790000000002,2.381538,1.1740020999999998,1.2075359,0.9237724009558524,Fulham,Liverpool,0,2,2,1.2862,2.09698,1.072168,1.56859,-0.4964219999999999,1.511144,1.2884167000000002,0.2227272999999998,0.9926247977526976,0,4,1,0.21734310000000012,-0.7191492999999998,1.6496080000000002,0.8703939999999999,0.14916787,0.7239982,0.12683398
6113,2024-12-14 15:00:00,ENG-Premier League,2425,Arsenal,Everton,1,0,0,1.30865,0.132166,2.60403,0.6572534,1.9467766,2.5065213,0.9294671,1.5770542000000003,0.8378142097518941,Everton,Arsenal,0,0,0,0.132166,1.30865,1.3025364,1.1233038,0.1792325999999999,1.2631141,1.2537819,0.0093322,0.7916934885823154,0,0,0,0.3697223999999997,0.1699003999999999,1.3014936,1.2434072000000003,0.12017229,0.77465576,0.10517193
6117,2024-12-14 15:15:00,ESP-La Liga,2425,Mallorca,Girona,1,2,1,1.65091,0.939735,0.98537,2.0026020000000004,-1.0172320000000004,1.3186903,1.4933315,-0.1746411999999999,0.7583275934253907,Girona,Mallorca,0,1,2,0.939735,1.65091,1.2973226,0.8316772,0.4656454,1.3724435,1.132518,0.2399255000000002,1.0200776789152493,1,3,1,-0.8425908000000004,0.22571989999999978,-0.3119526,-0.053753199999999834,0.2780375,0.3482284,0.37373415
6118,2024-12-14 16:00:00,FRA-Ligue 1,2425,Marseille,Lille,1,1,1,1.21515,1.24013,1.7849802,1.33026,0.4547202000000001,1.5438721999999998,1.921198,-0.3773258000000001,1.2306710162466712,Lille,Marseille,0,1,1,1.24013,1.21515,1.9169632,1.1421562,0.774807,1.8475225,1.2713052,0.5762172999999997,1.028403698247952,0,2,0,0.8320460000000002,0.1985897000000003,-0.13198300000000018,-0.30365030000000015,0.23451973,0.32018206,0.44529822
6119,2024-12-14 17:00:00,ITA-Serie A,2425,Udinese,Napoli,1,1,3,1.48544,1.96425,0.8272824,1.3932838000000003,-0.5660014000000003,0.9642935,1.3835315,-0.419238,1.1407303474197974,Napoli,Udinese,0,3,1,1.96425,1.48544,1.2855444,0.8525590000000001,0.4329853999999999,1.4507504,0.7342842,0.7164661999999999,0.8271575681402065,2,4,1,-0.14676340000000032,-0.28348080000000003,-0.45826200000000006,-0.48645689999999997,0.28979832,0.23733178,0.4728699
6121,2024-12-14 17:30:00,ESP-La Liga,2425,Sevilla,Celta Vigo,1,1,0,0.487466,0.928845,0.8933284,1.3088044,-0.415476,1.062046,1.4336242,-0.3715781999999998,1.129893498122023,Celta Vigo,Sevilla,0,0,1,0.928845,0.487466,1.717145,1.3209912000000004,0.3961537999999995,1.4243497,1.2507867,0.1735629999999999,0.772281714046969,1,1,0,-0.04389780000000021,0.2225907999999996,-0.8238165999999999,-0.3623037,0.2849864,0.31401926,0.4009943
6122,2024-12-14 17:30:00,ENG-Premier League,2425,Nottingham Forest,Aston Villa,1,2,1,2.2861,0.389423,0.9601795999999998,1.7326722,-0.7724926000000003,1.3862508999999998,1.4176534,-0.0314025000000002,0.937780500066402,Aston Villa,Nottingham Forest,0,1,2,0.389423,2.2861,2.2626946,1.5528424,0.7098522,1.8888662,1.511573,0.3772932,0.6882431967689417,1,3,1,-0.7410901000000001,0.33255900000000005,-1.3025150000000003,-0.5026153000000002,0.30212474,0.3008977,0.39697757
6120,2024-12-14 17:30:00,GER-Bundesliga,2425,St. Pauli,Werder Bremen,1,0,2,0.515437,0.986101,1.29774676,1.4581484000000002,-0.1604016400000001,1.21765338,1.5442425,-0.3265891199999999,0.8212511008255069,Werder Bremen,St. Pauli,0,2,0,0.986101,0.515437,1.5106498000000002,1.6278282000000004,-0.1171784000000002,1.6438053,1.8332871,-0.1894817999999998,0.9733506922318036,2,2,0,0.1661874799999998,0.07230339999999962,-0.21290304000000004,-0.4261519199999999,0.257013,0.3668055,0.37618157
6123,2024-12-14 18:00:00,FRA-Ligue 1,2425,Auxerre,Lens,1,2,2,0.51026,1.73768,1.1295886,1.9406486,-0.8110600000000001,1.4668593,1.8104939,-0.3436345999999999,1.2271107207687058,Lens,Auxerre,0,2,2,1.73768,0.51026,1.8466742,1.5509342,0.2957400000000001,1.5802302,1.3632877999999995,0.2169424000000004,0.8226644303694295,0,4,1,-0.4674254000000002,0.07879759999999972,-0.7170856000000001,-0.11337089999999983,0.27571955,0.34925902,0.37502146
6124,2024-12-14 19:45:00,ITA-Serie A,2425,Juventus,Venezia,1,2,2,2.18951,0.586788,1.1673338,0.6084455999999999,0.5588882000000001,1.8603119,0.88181981,0.97849209,0.967579163698752,Venezia,Juventus,0,2,2,0.586788,2.18951,1.1959478,1.9728352,-0.7768873999999999,1.3341193,1.8005292999999998,-0.4664099999999997,0.7495575923700434,0,4,1,-0.41960389,-0.3104774000000002,-0.028613999999999917,0.5261925999999999,0.21303688,0.69336945,0.09359372
6126,2024-12-14 20:00:00,ESP-La Liga,2425,Rayo Vallecano,Real Madrid,1,3,3,1.60769,1.15429,1.6010272,1.0502596,0.5507676000000001,1.3337095,1.31948,0.0142294999999998,0.5998303229973823,Real Madrid,Rayo Vallecano,0,3,3,1.15429,1.60769,2.475442,0.59121752,1.88422448,1.7897439000000002,1.06328926,0.7264546400000003,1.173351576529147,0,6,1,0.5365381000000004,1.1577698399999998,-0.8744148,-0.45603440000000006,0.26911283,0.2601953,0.47069186
6125,2024-12-14 20:00:00,FRA-Ligue 1,2425,Reims,Monaco,1,0,0,1.52074,1.3291,1.3129963999999998,1.3700082,-0.0570118000000001,1.7899486,1.5214515,0.2684971,0.7821449274325937,Monaco,Reims,0,0,0,1.3291,1.52074,2.2443356,0.9093798,1.3349558,1.9005796,0.8494694999999999,1.0511101,0.8944635128865358,0,0,0,-0.3255089000000001,0.28384569999999987,-0.9313392,-0.11063099999999992,0.2733981,0.24744383,0.47915807
6127,2024-12-15 11:30:00,ITA-Serie A,2425,Lecce,Monza,1,2,1,1.57794,0.790408,0.9493536,1.7948214,-0.8454678,0.8001927,1.7930461000000002,-0.9928534000000002,0.6248487085064529,Monza,Lecce,0,1,2,0.790408,1.57794,1.3149482,1.6654060000000002,-0.3504578,1.05400791,1.4091391999999998,-0.3551312899999999,0.8538827247674785,1,3,1,0.14738560000000023,0.004673489999999891,-0.3655945999999999,-0.25381520999999996,0.31101596,0.3354867,0.3534973
6128,2024-12-15 13:00:00,ESP-La Liga,2425,Atletico Madrid,Getafe,1,1,0,1.85376,0.238672,2.09064,0.52540408,1.5652359199999997,1.8617262,0.86101784,1.00070836,1.0742712466144342,Getafe,Atletico Madrid,0,0,1,0.238672,1.85376,0.4361734,1.5568508,-1.1206774,1.2022137999999998,1.2440438,-0.0418300000000002,0.6654384890287494,1,1,0,0.5645275599999997,-1.0788473999999997,1.6544666000000001,0.6595124000000003,0.15630493,0.62513816,0.21855685
6129,2024-12-15 14:00:00,FRA-Ligue 1,2425,Montpellier,Nice,1,2,2,2.45121,1.55192,1.484733,1.625406,-0.140673,1.2848846,2.349327,-1.0644423999999997,0.8561073452764978,Nice,Montpellier,0,2,2,1.55192,2.45121,2.04023,1.6106988000000002,0.4295312,1.8560319,1.2904627,0.5655692000000001,1.0775671056261988,0,4,1,0.9237693999999996,-0.1360380000000001,-0.5554970000000001,-0.5711473,0.23057863,0.238159,0.53126234
6132,2024-12-15 14:00:00,ENG-Premier League,2425,Brighton,Crystal Palace,1,1,3,1.32323,3.00618,1.638568,1.5081806000000002,0.1303873999999998,1.557918,1.7149763,-0.1570582999999998,1.0911992215256376,Crystal Palace,Brighton,0,3,1,3.00618,1.32323,1.747934,1.4750313999999998,0.2729026000000003,1.4934832999999998,1.5113177,-0.0178344000000001,0.6695751672782901,2,4,1,0.2874456999999996,0.29073700000000036,-0.10936600000000007,0.06443470000000007,0.2352435,0.4346535,0.33010298
6130,2024-12-15 14:00:00,ITA-Serie A,2425,Bologna,Fiorentina,1,1,0,2.32266,1.14307,1.85516648,1.1309684,0.7241980799999999,1.37700224,1.1561059000000002,0.2208963399999997,1.1619435260007087,Fiorentina,Bologna,0,0,1,1.14307,2.32266,1.1124002000000002,0.8490473999999999,0.2633528000000003,1.8401271,0.9553323,0.8847947999999998,1.2499129816016614,1,1,0,0.5033017400000002,-0.6214419999999995,0.7427662799999999,-0.46312485999999997,0.2238233,0.3230145,0.45316222
6131,2024-12-15 14:00:00,ITA-Serie A,2425,Parma Calcio 1913,Verona,1,2,3,2.30533,3.70407,0.7998999999999999,2.297956,-1.498056,1.1880705,1.9593285000000005,-0.7712580000000002,1.0942102390302266,Verona,Parma Calcio 1913,0,3,2,3.70407,2.30533,0.8216668000000003,2.378134,-1.5564672,0.9020498,2.256087,-1.3540372,1.1085850153893773,2,5,1,-0.7267979999999998,-0.2024299999999999,-0.021766800000000308,0.2860207,0.3155454,0.46250302,0.22195156
6133,2024-12-15 14:30:00,GER-Bundesliga,2425,FC Heidenheim,VfB Stuttgart,1,1,3,0.808275,3.46171,1.3923248,2.397374,-1.0050492,1.299174,2.0255547,-0.7263806999999998,0.6927473204148787,VfB Stuttgart,FC Heidenheim,0,3,1,3.46171,0.808275,1.7157316000000002,1.8773138000000005,-0.1615822,1.8643514000000003,1.6224539,0.2418975000000003,1.019120634060385,2,4,1,-0.2786685000000002,-0.40347970000000033,-0.3234068000000003,-0.5651774000000003,0.28997156,0.25326505,0.45676336
6134,2024-12-15 15:15:00,ESP-La Liga,2425,Alaves,Athletic Club,1,1,1,0.803776,0.843706,1.1239605999999998,1.5773294,-0.4533688000000002,0.8987909000000001,1.9963247,-1.0975338,1.0013441376140573,Athletic Club,Alaves,0,1,1,0.843706,0.803776,1.4181698,1.0101122,0.4080576,1.8504135,1.1054102,0.7450032999999996,0.8106291860553406,0,2,0,0.6441649999999997,-0.33694569999999957,-0.2942092000000003,-0.9516225999999999,0.23171324,0.24031319,0.52797353
6137,2024-12-15 16:00:00,FRA-Ligue 1,2425,Rennes,Angers,1,2,0,0.62717,0.391796,0.8993537999999999,1.2468548,-0.347501,1.1495876,1.2508411,-0.1012534999999998,0.8698764062204514,Angers,Rennes,0,0,2,0.391796,0.62717,1.0930896,1.7777924000000005,-0.6847028000000002,1.3308268,1.9020649000000005,-0.5712381000000002,0.9016944190675908,1,2,0,-0.2462475000000002,-0.11346469999999997,-0.19373580000000024,-0.18123920000000004,0.30316648,0.47943178,0.2174018
6136,2024-12-15 16:00:00,FRA-Ligue 1,2425,Le Havre,Strasbourg,1,0,3,1.58328,1.39172,1.2077474,1.729759,-0.5220115999999999,0.9859929,1.9558358,-0.9698429000000002,0.5071025287276117,Strasbourg,Le Havre,0,3,0,1.39172,1.58328,0.7543492,2.496036,-1.7416867999999996,1.3994866,2.2426561,-0.8431695000000001,1.0003661340050458,2,3,1,0.44783130000000027,-0.8985172999999995,0.45339819999999986,-0.41349369999999996,0.3139081,0.37909853,0.3069934
6135,2024-12-15 16:00:00,FRA-Ligue 1,2425,Brest,Nantes,1,4,1,2.20104,1.39913,1.5876564000000002,2.291401,-0.7037445999999998,1.3330536,2.1470595,-0.8140059000000002,1.0502195483965924,Nantes,Brest,0,1,4,1.39913,2.20104,1.2114611999999998,1.9489398,-0.7374786,1.2319006,1.6800672,-0.4481665999999999,0.8117531465175467,1,5,1,0.11026130000000034,-0.28931200000000007,0.3761952000000004,0.10115300000000005,0.30319956,0.43631536,0.26048502
6139,2024-12-15 16:30:00,ENG-Premier League,2425,Manchester City,Manchester United,1,1,2,0.638103,2.04662,2.058727,2.378621,-0.3198939999999997,1.9806885,1.9575511000000003,0.0231373999999997,0.7068245679093063,Manchester United,Manchester City,0,2,1,2.04662,0.638103,1.1986826,1.3578482,-0.1591656000000001,1.3594701,1.7825923,-0.4231221999999999,1.0298122556632503,2,3,1,-0.3430313999999994,0.26395659999999976,0.8600444000000003,0.6212184000000001,0.21211584,0.57444817,0.21343601
6138,2024-12-15 16:30:00,GER-Bundesliga,2425,Borussia Dortmund,Hoffenheim,1,1,1,0.433347,1.31436,1.5588474,1.511116,0.0477313999999999,1.8069669,1.5304449,0.2765219999999997,0.9961438717312024,Hoffenheim,Borussia Dortmund,0,1,1,1.31436,0.433347,1.2145094,1.5949798000000002,-0.3804704000000001,1.2286804,1.8909179,-0.6622374999999998,1.0580448275688068,0,2,0,-0.22879059999999982,0.2817670999999997,0.34433800000000003,0.5782864999999999,0.21800745,0.63718283,0.14480971
6140,2024-12-15 17:00:00,ITA-Serie A,2425,Como,Roma,1,2,0,1.1153,0.650738,1.0452564,0.95384,0.0914164,1.2383615999999995,1.3682805,-0.1299189000000002,0.8075179273017452,Roma,Como,0,0,2,0.650738,1.1153,1.4190205999999996,1.6605016,-0.2414810000000002,1.2445157,1.7005770999999998,-0.4560613999999998,1.0445822060885162,1,2,0,0.22133530000000018,0.2145803999999996,-0.37376419999999966,-0.006154100000000495,0.29598647,0.44500285,0.25901064
6141,2024-12-15 17:30:00,ESP-La Liga,2425,Villarreal,Real Betis,1,1,2,1.60957,1.6735,1.9148178,0.9490064,0.9658113999999998,2.0619789,1.2582122999999998,0.8037666000000003,0.775953247652899,Real Betis,Villarreal,0,2,1,1.6735,1.60957,1.4753534,1.8355212,-0.3601677999999999,1.7454712,1.544885,0.2005862,0.6874930462942922,2,3,1,0.16204479999999943,-0.560754,0.4394644000000001,0.3165077000000003,0.2006521,0.6479993,0.1513486
6142,2024-12-15 17:30:00,ESP-La Liga,2425,Real Sociedad,Las Palmas,1,0,0,1.24562,0.840973,1.293063,0.7248431999999999,0.5682198000000002,1.6163905,0.7455537999999999,0.8708367000000001,0.8042606014693842,Las Palmas,Real Sociedad,0,0,0,0.840973,1.24562,0.86403388,1.864912,-1.00087812,1.00085304,1.9875193,-0.98666626,1.4987200331428947,0,0,0,-0.30261689999999997,-0.014211860000000076,0.42902912000000004,0.6155374600000001,0.24704064,0.6469905,0.10596886
6143,2024-12-15 18:30:00,GER-Bundesliga,2425,RasenBallsport Leipzig,Eintracht Frankfurt,1,2,1,2.4958,0.839379,1.1988966,2.21322,-1.0143233999999997,1.6318897,1.7264848000000002,-0.0945951000000002,1.041736434921775,Eintracht Frankfurt,RasenBallsport Leipzig,0,1,2,0.839379,2.4958,2.392926,1.5141126,0.8788134000000001,2.191882,1.8562663,0.3356156999999999,1.2774404473231464,1,3,1,-0.9197282999999995,0.5431977000000001,-1.1940294,-0.5599923,0.2747466,0.26569372,0.4595597
6145,2024-12-15 19:00:00,ENG-Premier League,2425,Southampton,Tottenham,1,0,5,1.27356,3.89322,1.1126892,2.8634942000000003,-1.7508050000000004,1.0870738,2.6798201,-1.5927462999999995,0.8279099101552166,Tottenham,Southampton,0,5,0,3.89322,1.27356,1.9890088,2.353214,-0.3642052,2.1002264,1.8663865,0.2338398999999997,1.047505617725014,2,5,1,-0.15805870000000088,-0.5980450999999998,-0.8763196,-1.0131526,0.27499402,0.24525936,0.47974664
6144,2024-12-15 19:00:00,ENG-Premier League,2425,Chelsea,Brentford,1,2,1,2.59146,1.65861,2.8826,1.7937900000000002,1.0888099999999998,2.45166,1.797053,0.6546069999999999,0.9789281633961628,Brentford,Chelsea,0,1,2,1.65861,2.59146,1.601078,2.0336349999999994,-0.4325569999999994,1.8239446,1.6595746000000002,0.1643699999999999,1.315828717698598,1,3,1,0.4342029999999999,-0.5969269999999993,1.281522,0.6277154,0.17230484,0.6424501,0.18524505
6146,2024-12-15 19:45:00,FRA-Ligue 1,2425,Paris Saint Germain,Lyon,1,3,1,2.59615,1.23945,3.137232,0.9888206,2.1484114,3.0347322,1.0555674,1.9791648,0.6919883434893057,Lyon,Paris Saint Germain,0,1,3,1.23945,2.59615,2.141018,1.2180238,0.9229942,2.2740453,0.9669429,1.3071024000000002,0.9674385257679232,1,4,1,0.16924660000000014,-0.38410820000000023,0.9962140000000002,0.7606869,0.24458092,0.53130364,0.22411543
6147,2024-12-15 19:45:00,ITA-Serie A,2425,AC Milan,Genoa,1,0,0,1.28243,0.204497,1.7830515999999998,1.3953306,0.387721,1.8712114,1.1802866,0.6909247999999999,0.8016193137668391,Genoa,AC Milan,0,0,0,0.204497,1.28243,1.2867018,1.1863882,0.1003135999999997,0.8922618,1.7909438999999998,-0.8986820999999998,1.0086714362629483,0,0,0,-0.3032037999999999,0.9989956999999995,0.49634979999999995,0.9789496,0.20577602,0.69800305,0.09622086
6148,2024-12-15 20:00:00,ESP-La Liga,2425,Barcelona,Leganes,1,0,1,2.16597,0.77236,2.3114744,1.7856946,0.5257797999999998,2.3347776,1.5014573,0.8333202999999998,1.15642656652755,Leganes,Barcelona,0,1,0,0.77236,2.16597,0.671041,1.6232528,-0.9522118,0.7724651,1.7196273999999998,-0.9471622999999998,1.4240107106318325,2,1,0,-0.3075405,-0.005049500000000262,1.6404333999999998,1.5623124999999998,0.1568567,0.755042,0.08810126
6149,2024-12-16 19:45:00,ITA-Serie A,2425,Lazio,Inter,1,0,6,0.634641,2.33306,1.9661728,0.7067988799999998,1.2593739200000005,2.01357051,0.7859562399999999,1.22761427,1.0429229801726785,Inter,Lazio,0,6,0,2.33306,0.634641,2.476976,0.6589447999999999,1.8180312,2.2699659,1.1476502,1.1223157,1.1013376450555292,2,6,1,0.03175965000000058,0.6957155000000002,-0.5108032,-0.2563953899999998,0.26075757,0.42380902,0.31543335
6150,2024-12-16 20:00:00,ENG-Premier League,2425,Bournemouth,West Ham,1,1,1,2.04842,1.81827,2.85027,1.1704196000000002,1.6798504,2.2605271,1.2527687,1.0077584,0.7962741095764303,West Ham,Bournemouth,0,1,1,1.81827,2.04842,1.4754308000000005,2.1238846,-0.6484538,1.6634031,1.8590885,-0.1956853999999999,0.9017652415309064,0,2,0,0.6720920000000001,-0.45276840000000007,1.3748391999999996,0.597124,0.16610886,0.70616126,0.12772988
6151,2024-12-18 20:00:00,FRA-Ligue 1,2425,Monaco,Paris Saint Germain,1,2,4,3.10193,2.40654,2.2151056,1.1135218,1.1015838000000002,1.8494666,0.9434923,0.9059743,0.7569746017718829,Paris Saint Germain,Monaco,0,4,2,2.40654,3.10193,3.102598,1.0760264,2.0265716,3.1040702,1.103481,2.0005892000000003,0.7409623851411655,2,6,1,0.1956095000000002,0.02598239999999974,-0.8874924000000002,-1.2546035999999998,0.22045857,0.28530297,0.49423844
6153,2024-12-18 20:30:00,ESP-La Liga,2425,Villarreal,Rayo Vallecano,1,1,1,2.52908,1.85712,1.6998617999999996,1.0881024,0.6117593999999997,1.9833309,1.0061923,0.9771386,0.806723272085726,Rayo Vallecano,Villarreal,0,1,1,1.85712,2.52908,1.3445471999999998,1.1068298,0.2377173999999997,1.3255264999999998,1.3795024,-0.0539759000000001,0.7544166379045325,0,2,0,-0.36537920000000024,0.29169329999999977,0.3553145999999998,0.6578044000000001,0.19410875,0.67058736,0.13530385
6152,2024-12-18 20:30:00,ESP-La Liga,2425,Espanyol,Valencia,1,1,1,1.87851,1.78128,0.8497555999999999,1.5066710000000003,-0.6569154000000004,0.7651785999999999,1.5551771,-0.7899985000000002,1.1761944516032576,Valencia,Espanyol,0,1,1,1.78128,1.87851,1.0607124,1.2613751999999998,-0.2006627999999997,1.0283501000000002,1.3239204,-0.2955702999999998,0.972430524944253,0,2,0,0.1330830999999998,0.09490750000000009,-0.21095680000000017,-0.2631715000000002,0.26896468,0.34893897,0.3820963
6154,2024-12-20 19:30:00,GER-Bundesliga,2425,Bayern Munich,RasenBallsport Leipzig,1,5,1,4.35715,0.552564,2.3216204,0.7190079599999999,1.60261244,2.5164462,0.61353081,1.90291539,1.0332026835293822,RasenBallsport Leipzig,Bayern Munich,0,1,5,0.552564,4.35715,1.6502006000000002,1.7208918,-0.0706911999999997,1.7973373,1.6431376999999998,0.1541996000000001,1.057118740528703,1,6,1,-0.30030295000000007,-0.2248907999999998,0.6714197999999998,0.7191088999999999,0.15129876,0.73601604,0.112685196
6155,2024-12-20 19:45:00,ITA-Serie A,2425,Verona,AC Milan,1,0,1,0.649472,1.37505,1.2590788000000004,2.362374,-1.1032951999999996,1.1170168,2.239127,-1.1221101999999998,0.9847649697256392,AC Milan,Verona,0,1,0,1.37505,0.649472,1.4574516,1.189644,0.2678076,1.7237034000000002,1.1065981,0.6171053000000002,0.754189639476467,2,1,0,0.018815000000000248,-0.3492977000000002,-0.19837279999999957,-0.6066866000000002,0.26325655,0.21480241,0.521941
6156,2024-12-20 20:00:00,ESP-La Liga,2425,Girona,Real Valladolid,1,3,0,2.16439,0.0119855,1.1227216,1.0977502,0.0249713999999998,1.2506270000000002,1.2598356,-0.0092085999999997,1.199397422734818,Real Valladolid,Girona,0,0,3,0.0119855,2.16439,0.7788635999999998,1.4967698,-0.7179062000000003,1.038682,1.7955904,-0.7569083999999999,0.8664818813824815,1,3,1,0.0341799999999995,0.039002199999999654,0.3438580000000002,0.21194500000000005,0.3453236,0.49904546,0.15563098
6157,2024-12-21 12:30:00,ENG-Premier League,2425,Aston Villa,Manchester City,1,2,1,2.05988,1.09627,2.0079052,1.4736704,0.5342348000000001,1.8133145,1.555575,0.2577395,0.6617712141102858,Manchester City,Aston Villa,0,1,2,1.09627,2.05988,1.6656796,2.213713,-0.5480333999999998,1.9179828,2.0278691,-0.1098863000000001,0.7299331725325313,1,3,1,0.2764953000000001,-0.4381470999999997,0.34222560000000013,-0.10466830000000016,0.236364,0.4709833,0.29265267
6158,2024-12-21 13:00:00,ESP-La Liga,2425,Getafe,Mallorca,1,0,1,0.735241,2.06274,0.3989586,1.5026488,-1.1036902,1.1330959,1.2086207999999998,-0.0755248999999997,0.7060296431840913,Mallorca,Getafe,0,1,0,2.06274,0.735241,1.1685226,2.002823,-0.8343004000000003,1.2347553,1.4557540000000002,-0.2209987000000002,0.8098764104301391,2,1,0,-1.0281653000000002,-0.6133017000000001,-0.7695639999999999,-0.10165939999999996,0.27180701,0.49102578,0.23716715
6159,2024-12-21 14:00:00,ITA-Serie A,2425,Torino,Bologna,1,0,2,0.270606,1.79816,0.8476299999999999,1.0825428,-0.2349128000000002,0.9102068,1.2926117,-0.3824049,0.7690551542186301,Bologna,Torino,0,2,0,1.79816,0.270606,1.90759648,1.2052068000000002,0.7023896799999998,1.46396624,1.1996727000000005,0.2642935399999997,1.0246130917519711,2,2,0,0.1474920999999998,0.4380961400000001,-1.0599664800000002,-0.55375944,0.28095144,0.2576413,0.4614073
6164,2024-12-21 14:30:00,GER-Bundesliga,2425,VfB Stuttgart,St. Pauli,1,0,1,2.41593,2.57781,2.3633180000000005,1.4823948,0.8809232000000005,1.8543044,1.6425894,0.2117150000000003,0.9167853364391862,St. Pauli,VfB Stuttgart,0,1,0,2.57781,2.41593,1.17773416,1.5060928,-0.32835864,1.10191208,1.5587202000000002,-0.4568081200000002,0.907512596184084,2,1,0,0.6692082000000001,0.12844948000000023,1.1855838400000005,0.75239232,0.17086677,0.6561304,0.17300282
6161,2024-12-21 14:30:00,GER-Bundesliga,2425,Holstein Kiel,Augsburg,1,5,1,2.48595,1.13064,0.770887,2.084136,-1.313249,1.0582835,1.990568,-0.9322845000000002,0.8504329412365013,Augsburg,Holstein Kiel,0,1,5,1.13064,2.48595,0.976463,1.449709,-0.4732459999999998,0.964041,1.383756,-0.4197149999999998,0.9335692843257866,1,6,1,-0.38096449999999993,-0.053530999999999995,-0.20557599999999998,0.0942424999999999,0.26540193,0.45297986,0.28161818
6162,2024-12-21 14:30:00,GER-Bundesliga,2425,Hoffenheim,Borussia M.Gladbach,1,1,2,3.7229,0.490494,1.3281056,1.4585492,-0.1304436,1.3222388,1.8126656,-0.4904268,0.9831802067975868,Borussia M.Gladbach,Hoffenheim,0,2,1,0.490494,3.7229,1.804158,1.2137822,0.5903757999999999,1.9251334,1.3210655,0.6040679,0.9349996550890162,2,3,1,0.3599832,-0.013692100000000096,-0.47605239999999993,-0.6028946,0.23595813,0.2566623,0.50737953
6160,2024-12-21 14:30:00,GER-Bundesliga,2425,Eintracht Frankfurt,Mainz 05,1,1,3,2.58915,0.753285,1.7947457999999998,1.5958446,0.1989011999999999,1.9825679,1.9861773,-0.0036093999999999,1.3618694412083232,Mainz 05,Eintracht Frankfurt,0,3,1,0.753285,2.58915,2.523258,0.8969307999999998,1.6263272,1.7254358,0.9941878,0.7312480000000001,0.9852577619765616,2,4,1,0.2025105999999998,0.8950791999999999,-0.7285121999999999,0.2571321,0.2661424,0.42242676,0.3114309
6163,2024-12-21 14:30:00,GER-Bundesliga,2425,Werder Bremen,Union Berlin,1,4,1,2.73356,1.64107,1.447448,1.1395796000000002,0.3078683999999998,1.7424153999999998,1.5503798,0.1920355999999998,1.033048127875748,Union Berlin,Werder Bremen,0,1,4,1.64107,2.73356,1.4848887999999998,1.4732695999999998,0.0116191999999999,1.3292868000000002,1.4701604,-0.1408735999999997,0.677054284256577,1,5,1,0.11583280000000001,0.15249279999999962,-0.03744079999999972,0.4131285999999996,0.2511226,0.5328061,0.21607134
6166,2024-12-21 15:00:00,ENG-Premier League,2425,Ipswich,Newcastle United,1,0,4,1.06427,3.23386,1.2443818,1.8835920000000008,-0.6392102000000006,1.3757609,2.360611,-0.9848501,0.7995569582207502,Newcastle United,Ipswich,0,4,0,3.23386,1.06427,1.7900858,1.4798386,0.3102471999999998,1.7148484,1.3477072,0.3671412,0.8747123799909193,2,4,1,0.34563989999999933,-0.05689400000000022,-0.545704,-0.3390875,0.2560528,0.27223313,0.4717141
6167,2024-12-21 15:00:00,ENG-Premier League,2425,Brentford,Nottingham Forest,1,0,2,0.769004,0.964897,1.6198520000000003,2.053459,-0.4336069999999994,1.9527834,1.8308589,0.1219244999999997,1.2290143243667864,Nottingham Forest,Brentford,0,2,0,0.964897,0.769004,1.1816955999999998,1.4367488000000002,-0.2550532000000003,1.5534258,1.3130037,0.2404221000000002,0.9656071338540058,2,2,0,-0.5555314999999991,-0.4954753000000005,0.43815640000000045,0.39935759999999987,0.24611534,0.5286412,0.22524346
6165,2024-12-21 15:00:00,ENG-Premier League,2425,West Ham,Brighton,1,1,1,1.22937,1.34379,1.6143448,2.3603720000000004,-0.7460272000000003,1.7573684,2.0269083,-0.2695398999999996,0.8535484912847577,Brighton,West Ham,0,1,1,1.34379,1.22937,1.328982,1.5887486000000002,-0.2597666000000003,1.5695290000000002,1.6497553,-0.0802262999999998,1.019413454983339,0,2,0,-0.4764873000000007,-0.17954030000000049,0.2853627999999999,0.18783939999999988,0.27831072,0.47025767,0.25143164
6168,2024-12-21 15:15:00,ESP-La Liga,2425,Celta Vigo,Real Sociedad,1,2,0,1.22165,0.314488,1.47796,1.3335352000000005,0.1444247999999997,1.3411082,1.2216976000000002,0.1194105999999999,0.8202165789333188,Real Sociedad,Celta Vigo,0,0,2,0.314488,1.22165,1.2985170000000004,0.7671368,0.5313802000000004,1.6018925000000004,0.7343921999999999,0.8675003000000004,0.8115395936121844,1,2,0,0.025014199999999792,-0.33612010000000003,0.17944299999999958,-0.2607843000000003,0.323595,0.30408916,0.37231585
6169,2024-12-21 17:00:00,ITA-Serie A,2425,Genoa,Napoli,1,1,2,0.707336,1.42377,1.0971151999999995,1.2661332,-0.1690180000000003,0.8741856,1.6273839000000003,-0.7531983000000003,1.0295284782448049,Napoli,Genoa,0,2,1,1.42377,0.707336,1.556172,0.847683,0.7084889999999999,1.5112894,0.8529994999999999,0.6582899000000002,0.8601920583893076,2,3,1,0.5841803,0.05019909999999972,-0.4590568000000006,-0.6371037999999999,0.23575641,0.23608202,0.5281615
6171,2024-12-21 17:30:00,ENG-Premier League,2425,Crystal Palace,Arsenal,1,1,5,1.6052,3.05434,1.957096,1.2890153999999998,0.6680806000000001,1.6817433000000002,1.5326817,0.1490616000000002,0.7135448593463346,Arsenal,Crystal Palace,0,5,1,3.05434,1.6052,2.47366,0.4355525999999999,2.0381074,2.0320813,0.9088928,1.1231885000000004,0.8365802900797866,2,6,1,0.5190189999999999,0.9149188999999995,-0.5165640000000002,-0.35033800000000004,0.25544772,0.26277348,0.48177886
6170,2024-12-21 17:30:00,ESP-La Liga,2425,Osasuna,Athletic Club,1,1,2,0.417557,1.18093,0.9941899200000002,1.7690608,-0.7748708799999999,1.42113956,1.561804,-0.1406644399999999,0.985124230076158,Athletic Club,Osasuna,0,2,1,1.18093,0.417557,1.289511,0.9933326,0.2961783999999999,1.7518231,1.0616408,0.6901823,0.8562503507058729,2,3,1,-0.63420644,-0.39400390000000013,-0.2953210799999999,-0.3306835399999999,0.2570763,0.33428594,0.40863773
6172,2024-12-21 17:30:00,GER-Bundesliga,2425,Bayer Leverkusen,Freiburg,1,5,1,3.25968,1.34161,1.2177014000000004,1.1085808,0.1091206000000002,1.69222733,1.2285292,0.46369813,1.1227799265126357,Freiburg,Bayer Leverkusen,0,1,5,1.34161,3.25968,2.10306,1.3850508,0.7180092000000002,1.6496318,1.3677087,0.2819230999999997,0.7274346145396722,1,6,1,-0.3545775299999998,0.43608610000000053,-0.8853585999999998,0.042595529999999826,0.271437,0.44875962,0.2798034
6173,2024-12-21 19:45:00,ITA-Serie A,2425,Lecce,Lazio,1,1,2,1.09129,1.95023,1.110566,1.540801,-0.4302350000000001,0.9117593,1.6288219000000002,-0.7170626000000002,0.7677456454289576,Lazio,Lecce,0,2,1,1.95023,1.09129,1.413173,1.1185680799999995,0.2946049200000002,1.85229961,0.9697807399999998,0.8825188700000002,0.9717645128886504,2,3,1,0.2868276000000001,-0.5879139499999999,-0.30260700000000007,-0.9405403099999999,0.20561102,0.22586565,0.56852335
6174,2024-12-21 20:00:00,ESP-La Liga,2425,Barcelona,Atletico Madrid,1,1,2,3.37424,0.710716,2.6418480000000004,1.5631306,1.0787174000000004,2.4761932,1.3286263,1.1475669,1.0096138663114549,Atletico Madrid,Barcelona,0,2,1,0.710716,3.37424,2.114454,0.5665576,1.5478964,1.9692665000000005,0.70875904,1.2605074600000004,1.0156060565667182,2,3,1,-0.06884949999999956,0.2873889399999996,0.5273940000000006,0.5069266999999995,0.29432192,0.4712719,0.23440619
6175,2024-12-22 11:30:00,ITA-Serie A,2425,Roma,Parma Calcio 1913,1,5,0,5.55856,0.615694,1.0723422,1.5801596,-0.5078174,1.1105885,1.6092621,-0.4986736,0.990464973781942,Parma Calcio 1913,Roma,0,0,5,0.615694,5.55856,1.084225,2.808284,-1.7240589999999996,1.1200055,2.0240355,-0.9040299999999996,1.160707549465115,1,5,1,-0.00914379999999998,-0.820029,-0.011882799999999971,-0.009417000000000009,0.21544273,0.48099717,0.3035601
6176,2024-12-22 13:00:00,ESP-La Liga,2425,Valencia,Alaves,1,2,2,1.34762,1.54294,1.2893064,1.0414271999999998,0.2478792,1.1713996000000002,1.4730016,-0.3016019999999997,0.768311028695051,Alaves,Valencia,0,2,2,1.54294,1.34762,0.9975518,1.6044131999999998,-0.6068613999999997,0.893823,1.9009043,-1.0070812999999998,0.8950307890591436,0,4,1,0.5494811999999997,0.4002199000000002,0.2917546000000001,0.2775766000000002,0.24359813,0.5297804,0.2266215
6181,2024-12-22 14:00:00,ITA-Serie A,2425,Venezia,Cagliari,1,2,1,1.55318,2.62545,1.0852634,1.7416592000000002,-0.6563958000000001,1.1899531,1.8204793,-0.6305262000000003,0.9244054035361532,Cagliari,Venezia,0,1,2,2.62545,1.55318,2.0548239999999995,1.6733082,0.3815157999999996,1.4451467999999998,1.8218328,-0.3766860000000001,0.761167819651388,1,3,1,-0.025869599999999826,0.7582017999999997,-0.9695605999999994,-0.25519369999999975,0.29682988,0.34509453,0.35807562
6180,2024-12-22 14:00:00,ENG-Premier League,2425,Leicester,Wolverhampton Wanderers,1,0,3,0.78868,1.13531,1.2534582,2.597808,-1.3443498,1.3605904,2.248438,-0.8878475999999997,0.955466865364576,Wolverhampton Wanderers,Leicester,0,3,0,1.13531,0.78868,1.1531876,1.6453555999999998,-0.4921679999999999,1.089711,1.8682213,-0.7785103000000002,1.6518125890143451,2,3,1,-0.4565022000000003,0.2863423000000003,0.10027059999999999,0.2708793999999999,0.30859897,0.45313048,0.23827057
6178,2024-12-22 14:00:00,ENG-Premier League,2425,Everton,Chelsea,1,0,0,1.07081,1.51591,0.9718076,1.2769648,-0.3051572,1.0939537,1.2508539,-0.1569001999999999,0.8227031704329256,Chelsea,Everton,0,0,0,1.51591,1.07081,3.1527579999999995,1.7334120000000002,1.419345999999999,2.344967,1.842202,0.5027650000000001,0.9381791137448358,0,0,0,-0.1482570000000001,0.916580999999999,-2.1809503999999995,-1.2510133,0.3140667,0.28803146,0.3979018
6177,2024-12-22 14:00:00,ENG-Premier League,2425,Fulham,Southampton,1,0,0,1.25255,0.280031,0.8787459999999999,1.5959119999999998,-0.7171659999999999,1.496172,1.4366796,0.0594924000000001,1.0693950499039884,Southampton,Fulham,0,0,0,0.280031,1.25255,1.2088702,3.459582,-2.2507118000000004,1.144823,2.9249271,-1.7801041,0.6987973697267004,0,0,0,-0.7766584,-0.4706077000000004,-0.3301242000000001,0.35134900000000013,0.23532948,0.6004438,0.16422671
6179,2024-12-22 14:00:00,ENG-Premier League,2425,Manchester United,Bournemouth,1,0,3,2.28533,1.82831,1.3606265999999998,1.4020098,-0.0413832000000002,1.5040600000000002,1.3056826,0.1983774000000002,1.063786641632221,Bournemouth,Manchester United,0,3,0,1.82831,2.28533,2.761486,1.2211256,1.5403604,2.3211541,1.3649889,0.9561652000000004,0.6893119723020663,2,3,1,-0.2397606000000004,0.5841951999999996,-1.4008594000000003,-0.8170941,0.2576918,0.2575518,0.48475635
6182,2024-12-22 14:30:00,GER-Bundesliga,2425,Bochum,FC Heidenheim,1,2,0,1.68369,0.512353,0.8160618,1.967828,-1.1517662000000002,1.2032905,2.5826640000000003,-1.3793735000000005,0.6648430575633586,FC Heidenheim,Bochum,0,0,2,0.512353,1.68369,1.2988098,2.663084,-1.3642742,1.3420359,2.2478417,-0.9058058,0.7451359943977696,1,2,0,0.2276073000000003,-0.4584684000000001,-0.48274799999999995,-0.1387453999999999,0.2623999,0.37457946,0.36302066
6183,2024-12-22 15:15:00,ESP-La Liga,2425,Real Madrid,Sevilla,1,4,2,2.90098,1.41183,2.05167,0.8991770000000001,1.152493,1.7253819,1.13871276,0.5866691399999999,1.2171211387339007,Sevilla,Real Madrid,0,2,4,1.41183,2.90098,0.8649205999999999,1.2509034,-0.3859828000000002,0.9436936,1.4853572,-0.5416636,1.165631338782695,1,6,1,0.5658238600000001,0.15568079999999984,1.1867494,0.7816882999999999,0.19061826,0.6731018,0.13627994
6184,2024-12-22 16:30:00,ENG-Premier League,2425,Tottenham,Liverpool,1,3,6,1.20245,5.20214,2.4174768,2.171142,0.2463348000000005,1.9488284,1.9336704,0.015158,1.23150851480381,Liverpool,Tottenham,0,6,3,5.20214,1.20245,2.7790980000000003,1.351001,1.4280970000000004,2.3475050000000004,1.1556431,1.1918619000000004,0.8945664036641439,2,9,1,0.2311768000000005,0.23623510000000003,-0.3616212000000001,-0.3986766000000004,0.2568495,0.28436488,0.45878568
6185,2024-12-22 16:30:00,GER-Bundesliga,2425,Wolfsburg,Borussia Dortmund,1,1,3,1.95337,2.4116,1.6664087999999997,2.1393180000000003,-0.4729092000000006,1.5971803,1.894033,-0.2968526999999998,1.4400368949974558,Borussia Dortmund,Wolfsburg,0,3,1,2.4116,1.95337,0.9853128,1.7261320000000002,-0.7408192000000002,1.7896096,1.3056629,0.4839466999999999,1.0058053969953016,2,4,1,-0.17605650000000078,-1.2247659000000002,0.6810959999999997,-0.19242929999999991,0.23892835,0.4086994,0.3523723
6186,2024-12-22 17:00:00,ITA-Serie A,2425,Atalanta,Empoli,1,3,2,2.08379,1.21827,2.383638,1.0016186,1.3820194,2.476885,0.73493021,1.7419547900000003,1.130451704277064,Empoli,Atalanta,0,2,3,1.21827,2.08379,0.6843866000000001,1.358161,-0.6737743999999999,0.6532128,1.3695585,-0.7163457000000001,1.3778031021389934,1,5,1,-0.3599353900000004,0.0425713000000002,1.6992513999999999,1.8236721999999999,0.1230812,0.8050736,0.07184513
6188,2024-12-22 17:30:00,ESP-La Liga,2425,Las Palmas,Espanyol,1,1,0,0.956162,0.878983,1.0256476,1.7670979999999996,-0.7414503999999995,0.97415134,1.8454353,-0.8712839599999996,1.4371468840284265,Espanyol,Las Palmas,0,0,1,0.878983,0.956162,1.0679858,1.4741310000000003,-0.4061452000000003,0.9175224,1.5370721,-0.6195497000000001,0.9809014135225326,1,1,0,0.12983356000000013,0.21340449999999977,-0.04233819999999988,0.05662894000000007,0.28027475,0.4223065,0.29741874
6187,2024-12-22 17:30:00,ESP-La Liga,2425,Leganes,Villarreal,1,2,5,1.47457,4.01011,0.7614040000000001,1.6938988,-0.9324948,0.77138,1.8119484,-1.0405684,1.4260138634475052,Villarreal,Leganes,0,5,2,4.01011,1.47457,1.9170918,1.3378122,0.5792795999999998,2.0400059,1.1563971,0.8836087999999997,0.7352916306312494,2,7,1,0.10807359999999999,-0.30432919999999997,-1.1556878,-1.2686259000000002,0.2422354,0.2463576,0.511407
6189,2024-12-22 19:45:00,ITA-Serie A,2425,Monza,Juventus,1,1,2,0.983171,2.58556,1.2264438,1.398908,-0.1724642,1.10322001,1.4310472,-0.32782719,0.9064366894172908,Juventus,Monza,0,2,1,2.58556,0.983171,1.2941698,0.6111880000000001,0.6829817999999999,1.7874599,0.90197271,0.8854871900000001,0.951069754868484,2,3,1,0.15536298999999998,-0.20250539000000023,-0.06772599999999995,-0.68423989,0.2460276,0.2509997,0.50297266
6190,2024-12-22 20:00:00,ESP-La Liga,2425,Real Betis,Rayo Vallecano,1,1,1,1.93031,0.878426,1.5010553999999998,1.3167752,0.1842801999999999,1.6461752,1.595043,0.0511322,0.7897089023641576,Rayo Vallecano,Real Betis,0,1,1,0.878426,1.93031,1.1880072,1.3622238,-0.1742166,1.4734651,1.4166204,0.0568446999999998,0.7465390618759401,0,2,0,0.13314799999999988,-0.2310612999999998,0.3130481999999999,0.17271009999999998,0.24857792,0.47103566,0.28038636
6191,2024-12-23 17:30:00,ITA-Serie A,2425,Fiorentina,Udinese,1,1,2,1.55716,0.858846,1.1592046,1.1438484,0.0153562,1.6688001,1.0731313,0.5956687999999999,1.2583884322703287,Udinese,Fiorentina,0,2,1,0.858846,1.55716,1.0097552,1.4750678000000002,-0.4653126000000001,1.0143577,1.3494915,-0.3351337999999999,0.985844553805276,2,3,1,-0.5803125999999998,-0.13017880000000015,0.14944939999999995,0.6544424,0.21726085,0.66994035,0.112798795
6192,2024-12-23 19:45:00,ITA-Serie A,2425,Inter,Como,1,2,0,1.89916,0.367536,2.605924,0.7219382,1.8839858,2.4091337,0.9353633,1.4737703999999998,1.2452603833235227,Como,Inter,0,0,2,0.367536,1.89916,1.1849664,0.9392082,0.2457581999999999,1.1023986,1.2779143,-0.1755156999999998,0.8164008767782571,1,2,0,0.41021540000000023,0.4212738999999997,1.4209576,1.3067351,0.13703601,0.75581825,0.10714574
6193,2024-12-26 12:30:00,ENG-Premier League,2425,Manchester City,Everton,1,1,1,2.51965,0.653289,1.4531356,1.9647910000000004,-0.5116554000000004,1.8909258,1.9580111,-0.0670853,0.6346094412538867,Everton,Manchester City,0,1,1,0.653289,2.51965,1.012773,1.3554068,-0.3426338000000002,1.0900757,1.2900869,-0.2000112,0.6421566482431925,0,2,0,-0.4445701000000004,-0.1426226000000002,0.44036260000000005,0.8008500999999999,0.26113856,0.5153005,0.22356093
6196,2024-12-26 15:00:00,ENG-Premier League,2425,Chelsea,Fulham,1,1,2,1.55626,1.77929,2.892624,1.7539766000000003,1.1386473999999993,2.268806,1.782629,0.4861770000000001,0.9255965800528648,Fulham,Chelsea,0,2,1,1.77929,1.55626,0.9858244,1.3841122,-0.3982877999999998,1.345581,1.3279987,0.0175822999999999,1.0404419797529991,2,3,1,0.6524703999999992,-0.4158700999999997,1.9067996,0.9232250000000002,0.17254616,0.67735994,0.15009391
6197,2024-12-26 15:00:00,ENG-Premier League,2425,Newcastle United,Aston Villa,1,3,0,2.82867,0.225522,2.1372957999999995,1.5041278,0.6331679999999995,1.8591864,1.3849128,0.4742736000000001,1.021951848425823,Aston Villa,Newcastle United,0,0,3,0.225522,2.82867,1.8109712,1.3700503999999998,0.4409208000000004,1.9660216,1.6203483,0.3456733000000003,0.712097612713099,1,3,1,0.15889439999999944,0.0952475000000001,0.3263245999999995,-0.10683519999999991,0.23540482,0.43894598,0.3256492
6195,2024-12-26 15:00:00,ENG-Premier League,2425,Nottingham Forest,Tottenham,1,1,0,1.30018,1.05758,1.2940478,1.2585176,0.0355301999999999,1.4832614999999998,1.1621521,0.3211093999999999,1.0787031965009566,Tottenham,Nottingham Forest,0,0,1,1.05758,1.30018,1.9970688,2.779772,-0.7827032,1.9597944,2.2566674,-0.2968730000000001,1.2756433656288817,1,1,0,-0.2855792,-0.48583019999999993,-0.7030210000000001,-0.47653290000000026,0.30248794,0.39079148,0.30672055
6198,2024-12-26 15:00:00,ENG-Premier League,2425,Southampton,West Ham,1,0,1,2.19833,1.90111,0.9569064,3.072422,-2.1155156,1.0455131,2.7250171,-1.679504,0.6695270776357775,West Ham,Southampton,0,1,0,1.90111,2.19833,1.6716540000000002,2.329568,-0.6579139999999999,1.4409034,2.0428243000000004,-0.6019209000000003,0.8328102822088683,2,1,0,-0.43601160000000005,-0.055993099999999574,-0.7147476000000001,-0.3953903000000001,0.35654974,0.32922387,0.3142264
6194,2024-12-26 15:00:00,ENG-Premier League,2425,Bournemouth,Crystal Palace,1,0,0,1.20189,0.500066,2.744834,1.4320736000000005,1.3127603999999995,2.3090221,1.5023156,0.8067065,0.8228588098577273,Crystal Palace,Bournemouth,0,0,0,0.500066,1.20189,1.955262,1.2909733999999995,0.6642886000000003,1.7813152000000003,1.6307836999999998,0.1505315000000004,0.7297974385457224,0,0,0,0.5060538999999995,0.5137571,0.7895719999999999,0.5277068999999996,0.19458233,0.6418962,0.1635215
6199,2024-12-26 17:30:00,ENG-Premier League,2425,Wolverhampton Wanderers,Manchester United,1,2,0,0.826489,0.358876,1.1124436,1.65966,-0.5472164000000002,1.1336166,1.5335763,-0.3999596999999999,1.5878370272303464,Manchester United,Wolverhampton Wanderers,0,0,2,0.358876,0.826489,1.5638685999999995,1.3702438,0.1936247999999996,1.6877393,1.4352326999999998,0.2525066000000002,0.9480131510754348,1,2,0,-0.14725670000000024,-0.058881800000000595,-0.4514249999999995,-0.5541227,0.25271237,0.280479,0.46680868
6200,2024-12-26 20:00:00,ENG-Premier League,2425,Liverpool,Leicester,1,3,1,1.89935,0.22097,3.283134,1.258817,2.0243169999999995,2.655995,1.2009956,1.4549994,0.9412664778109604,Leicester,Liverpool,0,1,3,0.22097,1.89935,1.2175968,2.2615540000000003,-1.0439572000000004,1.3482521,2.167006,-0.8187538999999997,0.8900406014271356,1,4,1,0.5693175999999995,-0.22520330000000066,2.0655372,1.3077428999999998,0.10190656,0.8195411,0.07855231
6201,2024-12-27 19:30:00,ENG-Premier League,2425,Brighton,Brentford,1,0,0,1.33538,0.961233,1.351622,1.4523086,-0.1006866000000001,1.506691,1.6634133000000002,-0.1567223000000002,0.9291879163093718,Brentford,Brighton,0,0,0,0.961233,1.33538,1.5050248000000002,1.9274184,-0.4223935999999997,1.6161708,1.8577232,-0.2415524,1.1756175921396474,0,0,0,0.056035700000000105,-0.1808411999999997,-0.15340280000000006,-0.1094797999999999,0.2692915,0.39434743,0.33636108
6202,2024-12-27 20:15:00,ENG-Premier League,2425,Arsenal,Ipswich,1,1,0,2.16462,0.0783327,2.752496,0.6759653999999999,2.0765306,2.0123503,0.9420998,1.0702505,0.9441691418392008,Ipswich,Arsenal,0,0,1,0.0783327,2.16462,1.0598078,2.27654,-1.2167321999999998,1.3637249,2.2445950000000003,-0.8808701000000003,0.7332851858280318,1,1,0,1.0062801,-0.3358620999999995,1.6926881999999999,0.6486254,0.14002731,0.76270604,0.09726662
6204,2024-12-28 14:00:00,ITA-Serie A,2425,Empoli,Genoa,1,1,2,1.42691,2.01725,0.8059412,1.4911090000000002,-0.6851678000000002,0.6837554,1.3733475,-0.6895920999999999,1.4625091626199038,Genoa,Empoli,0,2,1,2.01725,1.42691,1.0307963999999998,1.2761652,-0.2453688,0.8906021,1.3683909,-0.4777888000000001,1.010551164710745,2,3,1,0.004424299999999715,0.23242000000000013,-0.2248551999999998,-0.20684669999999994,0.29163206,0.37449434,0.3338736
6203,2024-12-28 14:00:00,ITA-Serie A,2425,Parma Calcio 1913,Monza,1,2,1,1.22224,2.2247,1.0183594,3.6607119999999993,-2.6423525999999997,1.0730419,2.4963299999999995,-1.4232880999999995,1.211507946234023,Monza,Parma Calcio 1913,0,1,2,2.2247,1.22224,1.2736026000000005,1.681854,-0.4082513999999997,1.08956911,1.5417102,-0.45214109,0.9177931652328458,1,3,1,-1.2190645000000002,0.043889690000000314,-0.25524320000000045,-0.016527210000000014,0.37218747,0.36489406,0.26291847
6205,2024-12-28 17:00:00,ITA-Serie A,2425,Cagliari,Inter,1,0,3,0.302293,3.1724,2.1991879999999995,1.4287362,0.7704517999999996,1.6031917999999998,1.6554418000000002,-0.0522500000000003,0.6861308259368432,Inter,Cagliari,0,3,0,3.1724,0.302293,2.316678,0.5674034,1.7492746,2.3685847000000004,0.8736371,1.4949476000000004,1.2243593297046418,2,3,1,0.8227017999999999,0.2543269999999995,-0.11749000000000054,-0.7653929000000006,0.20359948,0.18303682,0.6133637
6206,2024-12-28 19:45:00,ITA-Serie A,2425,Lazio,Atalanta,1,1,1,0.564499,2.98315,1.5690529999999998,1.1873506799999998,0.38170232,1.84273261,0.98762534,0.8551072700000002,0.9768096648543788,Atalanta,Lazio,0,1,1,2.98315,0.564499,2.47942,1.0634446,1.4159754000000002,2.283894,0.80244011,1.48145389,1.1384061001053023,0,2,0,-0.4734049500000002,-0.06547848999999983,-0.9103670000000004,-0.44116139,0.31373087,0.2204144,0.46585467
6207,2024-12-29 11:30:00,ITA-Serie A,2425,Udinese,Torino,1,2,2,1.23954,0.603591,0.9996964,1.4655238000000002,-0.4658274000000001,0.9439303,1.4406123000000002,-0.4966820000000003,1.1653390453309476,Torino,Udinese,0,2,2,0.603591,1.23954,0.846965,1.1275248000000002,-0.2805598000000002,0.8082414,1.1277867,-0.3195453000000001,0.6186262933001287,0,4,1,0.030854600000000176,0.038985499999999895,0.15273140000000007,0.1356889,0.27912515,0.4450613,0.2758136
6208,2024-12-29 14:00:00,ITA-Serie A,2425,Napoli,Venezia,1,1,0,2.55505,0.462133,1.639704,0.6944042000000001,0.9452998,1.4622594,0.8598857000000001,0.6023736999999999,0.8206472663829234,Venezia,Napoli,0,0,1,0.462133,2.55505,1.1366154000000002,2.0777448,-0.9411294,1.2015161,1.8722863,-0.6707701999999998,0.9987373463099278,1,1,0,0.3429261000000001,-0.27035920000000024,0.5030885999999999,0.2607432999999999,0.21562514,0.64748067,0.13689417
6209,2024-12-29 14:30:00,ENG-Premier League,2425,Leicester,Manchester City,1,0,2,1.84208,1.58002,1.0802798,2.197654,-1.1173742,1.0865231,2.1141650000000003,-1.0276419000000003,0.9203661474236974,Manchester City,Leicester,0,2,0,1.58002,1.84208,1.8080626,1.3553408,0.4527218000000002,2.0063218,1.9472183,0.0591034999999997,0.5482667096241941,2,2,0,-0.08973229999999965,0.3936183000000005,-0.7277828,-0.9197986999999999,0.3146326,0.23531651,0.45005086
6213,2024-12-29 15:00:00,ENG-Premier League,2425,Crystal Palace,Southampton,1,2,1,3.05417,1.21853,1.5960852,1.5271535999999997,0.0689316000000004,1.7478217,1.5623996999999998,0.1854220000000002,0.743782535837302,Southampton,Crystal Palace,0,1,2,1.21853,3.05417,1.2095786,3.078672,-1.8690934,1.0225700999999998,2.6313021,-1.6087320000000005,0.4889635547102789,1,3,1,-0.1164903999999998,-0.2603613999999994,0.38650660000000014,0.7252516000000002,0.21307467,0.6096444,0.17728087
6212,2024-12-29 15:00:00,ENG-Premier League,2425,Tottenham,Wolverhampton Wanderers,1,2,2,2.28433,0.640697,2.006412800000001,2.72526,-0.718847199999999,1.9215004,2.3008051000000003,-0.3793047000000002,1.092895378582602,Wolverhampton Wanderers,Tottenham,0,2,2,0.640697,2.28433,1.1045346,1.1156332,-0.0110985999999999,1.1401438000000002,1.4328948999999995,-0.2927510999999996,1.666454997645913,0,4,1,-0.3395424999999988,0.2816524999999997,0.901878200000001,0.7813565999999998,0.3048994,0.4745587,0.22054192
6210,2024-12-29 15:00:00,ENG-Premier League,2425,Everton,Nottingham Forest,1,0,2,0.615191,2.02753,0.8244108000000001,1.5907088000000005,-0.7662980000000001,1.0861832,1.3630039,-0.2768207,0.736523326338203,Nottingham Forest,Everton,0,2,0,2.02753,0.615191,1.2009097999999998,1.3774794,-0.1765696000000001,1.4247065,1.1844100000000002,0.2402964999999999,1.1230375357748872,2,2,0,-0.48947730000000017,-0.4168661,-0.3764989999999997,-0.3385233000000001,0.26914468,0.37106088,0.35979444
6211,2024-12-29 15:00:00,ENG-Premier League,2425,Fulham,Bournemouth,1,2,2,0.961566,1.70692,1.0271344,1.4931921999999995,-0.4660577999999997,1.260436,1.3400297,-0.0795937000000002,1.1900634462491977,Bournemouth,Fulham,0,2,2,1.70692,0.961566,2.36941,1.3588800000000003,1.0105299999999997,2.2107921,1.4782464,0.7325457,0.7689548153556296,0,4,1,-0.3864640999999995,0.27798429999999974,-1.3422755999999998,-0.9503561,0.31662372,0.27647611,0.4069002
6214,2024-12-29 17:00:00,ITA-Serie A,2425,Juventus,Fiorentina,1,2,2,1.74742,1.02946,1.4966317999999998,0.753036,0.7435957999999998,1.7243069000000002,0.8957898099999999,0.8285170900000003,1.0438970905370206,Fiorentina,Juventus,0,2,2,1.02946,1.74742,1.3659762,1.1975452,0.168431,1.6990781,1.1142379,0.5848402000000001,1.294819058159211,0,4,1,-0.08492129000000048,-0.41640920000000015,0.13065559999999987,0.025228800000000273,0.26116958,0.4259109,0.3129196
6215,2024-12-29 17:15:00,ENG-Premier League,2425,West Ham,Liverpool,1,0,5,0.518279,3.29868,1.804798,1.969364,-0.1645660000000002,1.5451340999999998,2.1186053,-0.5734712000000002,0.7766311178873615,Liverpool,West Ham,0,5,0,3.29868,0.518279,3.025334,0.995041,2.030293,2.638598,1.1621445,1.4764535,1.023270303672517,2,5,1,0.40890519999999997,0.5538394999999998,-1.220536,-1.0934639000000002,0.20492785,0.21827818,0.57679397
6216,2024-12-29 19:45:00,ITA-Serie A,2425,AC Milan,Roma,1,1,1,2.26348,1.61126,1.1772536,0.9388124,0.2384412,1.6179434,1.1253179,0.4926255000000001,0.6798750315523822,Roma,AC Milan,0,1,1,1.61126,2.26348,1.9701062,1.2697544,0.7003518,1.5185514999999998,1.5588635,-0.0403120000000001,0.9877827733976928,0,2,0,-0.25418430000000014,0.7406638000000001,-0.7928526,0.09939190000000009,0.25229412,0.5057059,0.24199994
6217,2024-12-30 17:30:00,ITA-Serie A,2425,Como,Lecce,1,2,0,2.25936,0.436266,0.9837516,1.1112542,-0.1275025999999999,1.0753048,1.2764232999999998,-0.2011184999999997,0.7439744117440825,Lecce,Como,0,0,2,0.436266,2.25936,1.045014,1.8087476,-0.7637335999999999,0.9562931,1.6675329,-0.7112397999999998,0.8365627268849614,1,2,0,0.07361589999999979,-0.052493800000000146,-0.06126240000000016,0.11901170000000005,0.29965755,0.5093455,0.19099696
6220,2024-12-30 19:45:00,ENG-Premier League,2425,Aston Villa,Brighton,1,2,2,1.87997,0.938042,1.680987,1.5459063999999998,0.1350806000000002,1.8449788000000005,1.6401413000000002,0.2048375,0.5962124896977191,Brighton,Aston Villa,0,2,2,0.938042,1.87997,1.2447259999999998,1.4575614,-0.2128354000000003,1.472439,1.5658796,-0.0934406000000001,0.8828882670940752,0,4,1,-0.06975689999999982,-0.11939480000000022,0.43626100000000023,0.3725398000000004,0.21645455,0.56788963,0.21565585
6218,2024-12-30 19:45:00,ENG-Premier League,2425,Ipswich,Chelsea,1,2,0,1.50093,1.60622,0.9829201399999998,2.3562900000000004,-1.3733698600000006,1.25415817,2.300253,-1.04609483,0.7973469587596286,Chelsea,Ipswich,0,0,2,1.60622,1.50093,2.813998,1.934746,0.8792519999999997,2.290528,1.7380410000000002,0.552487,0.9168187785441704,1,2,0,-0.3272750300000007,0.32676499999999975,-1.8310778600000004,-1.0363698300000002,0.34827653,0.23344949,0.418274
6219,2024-12-30 19:45:00,ITA-Serie A,2425,Bologna,Verona,1,2,3,2.86482,0.798964,1.83368448,1.0453800000000002,0.7883044799999996,1.62613944,0.9789823,0.64715714,0.9839248570683108,Verona,Bologna,0,3,2,0.798964,2.86482,1.2818852,2.083316,-0.8014307999999999,0.971226,2.232877,-1.2616509999999996,0.9266628707809812,2,5,1,0.14114733999999962,0.46022019999999975,0.55179928,0.65491344,0.21747501,0.66086644,0.12165856
6221,2024-12-30 20:00:00,ENG-Premier League,2425,Manchester United,Newcastle United,1,0,2,1.00073,2.2424,1.2833218,1.3821918,-0.09887,1.5470719,1.4285973,0.1184745999999998,0.9049347319056524,Newcastle United,Manchester United,0,2,0,2.2424,1.00073,2.698832,1.0900422,1.6087898,1.9483964,1.239675,0.7087214000000002,1.129133101902107,2,2,0,-0.2173445999999998,0.9000683999999999,-1.4155102,-0.4013245000000001,0.28274167,0.299379,0.4178793
6222,2025-01-01 17:30:00,ENG-Premier League,2425,Brentford,Arsenal,1,1,3,0.272604,1.99848,1.2535014,2.0129833999999995,-0.7594819999999995,1.6230098000000002,1.8147062,-0.1916963999999996,1.1090499212944238,Arsenal,Brentford,0,3,1,1.99848,0.272604,2.38555,0.44455394,1.94099606,2.1547365,0.73151407,1.4232224299999998,0.9281873081987946,2,4,1,-0.5677855999999999,0.5177736300000002,-1.1320485999999998,-0.5317266999999997,0.28535873,0.13893694,0.57570434
6224,2025-01-03 20:00:00,FRA-Ligue 1,2425,Nice,Rennes,1,3,2,1.51944,1.50451,1.966444,1.8968988,0.0695451999999996,1.5612169,1.5020304999999998,0.0591864000000001,0.8967358111894567,Rennes,Nice,0,2,3,1.50451,1.51944,0.8844132,0.8454200000000001,0.0389931999999999,1.0776686,1.2046859,-0.1270173000000001,1.020721007626085,1,5,1,0.010358799999999502,0.1660105,1.0820308,0.48354830000000004,0.20446046,0.5184682,0.27707136
6223,2025-01-03 20:00:00,ESP-La Liga,2425,Valencia,Real Madrid,1,1,2,1.35313,2.69157,1.2241544000000002,1.1395312,0.0846232000000002,1.1886346,1.5895404,-0.4009058000000001,0.9254308048656796,Real Madrid,Valencia,0,2,1,2.69157,1.35313,2.085838,1.1597534,0.9260845999999998,1.9493812,1.17441876,0.7749624400000001,1.2311592872859924,2,3,1,0.4855290000000003,0.15112215999999967,-0.8616835999999997,-0.7607465999999998,0.21916178,0.22489008,0.55594814
6225,2025-01-04 12:30:00,ENG-Premier League,2425,Tottenham,Newcastle United,1,1,2,1.00333,2.42963,2.338492,2.1979674,0.1405246,2.0480134,2.2670137,-0.2190003000000002,1.1230389786321815,Newcastle United,Tottenham,0,2,1,2.42963,1.00333,2.843198,0.8446562,1.9985418,1.9984114,1.1779540000000002,0.8204573999999996,1.1509135952118794,2,3,1,0.3595249000000002,1.1780844000000004,-0.5047060000000001,0.049601999999999924,0.2773148,0.30963138,0.41305375
6226,2025-01-04 14:00:00,ITA-Serie A,2425,Venezia,Empoli,1,1,1,0.455526,1.52251,0.6525720000000002,2.4638104,-1.8112384,1.1595422,1.9444203,-0.7848780999999998,1.0348902912802216,Empoli,Venezia,0,1,1,1.52251,0.455526,1.0579454,1.675989,-0.6180436,0.7259814,1.4433145,-0.7173331000000001,1.5151882469878055,0,2,0,-1.0263603000000001,0.09928950000000003,-0.4053733999999998,0.43356079999999997,0.38845843,0.42153844,0.19000319
6231,2025-01-04 15:00:00,ENG-Premier League,2425,Southampton,Brentford,1,0,5,0.249614,5.54874,1.0712566,2.522886,-1.4516293999999998,1.1074242,2.6204331,-1.5130089000000002,0.5417973150692256,Brentford,Southampton,0,5,0,5.54874,0.249614,1.0814902,1.7693333999999996,-0.6878431999999997,1.2406072,1.8488562,-0.6082489999999998,1.209084382966355,2,5,1,0.061379500000000364,-0.07959419999999984,-0.010233600000000065,-0.13318299999999983,0.31803077,0.33765632,0.34431288
6229,2025-01-04 15:00:00,ENG-Premier League,2425,Manchester City,West Ham,1,4,1,1.97986,1.53286,1.4837286,1.5633258,-0.0795972,1.8480378,2.0944274,-0.2463895999999996,0.6493370160842943,West Ham,Manchester City,0,1,4,1.53286,1.97986,1.3330218,2.072978,-0.7399562,1.2976500000000002,2.1858753,-0.8882253,0.7706232261216613,1,5,1,0.1667923999999996,0.14826910000000004,0.15070680000000003,0.5503877999999998,0.25858507,0.543076,0.19833897
6228,2025-01-04 15:00:00,ENG-Premier League,2425,Aston Villa,Leicester,1,2,1,2.3456,0.81548,1.413635,1.5069827999999998,-0.0933477999999998,1.8355758,1.7010804,0.1344954000000002,0.6537454602825662,Leicester,Aston Villa,0,1,2,0.81548,2.3456,0.8925737999999999,1.938226,-1.0456522,1.1874896,2.017679,-0.8301894000000003,0.7579007362247752,1,3,1,-0.22784320000000002,-0.21546279999999962,0.5210612000000001,0.6480862000000001,0.22822697,0.599313,0.17246005
6227,2025-01-04 15:00:00,ENG-Premier League,2425,Bournemouth,Everton,1,1,0,2.61852,0.561015,2.055362,1.4264064,0.6289555999999996,2.348619,1.377003,0.9716160000000004,0.7664075073873168,Everton,Bournemouth,0,0,1,0.561015,2.61852,0.7940992,1.6438928000000002,-0.8497936000000001,0.9868983,1.4483568999999998,-0.4614585999999998,0.607964763983519,1,1,0,-0.34266040000000075,-0.3883350000000004,1.2612628000000001,1.3617206999999998,0.15062101,0.76620483,0.08317419
6230,2025-01-04 15:00:00,ENG-Premier League,2425,Crystal Palace,Chelsea,1,1,1,1.2766,1.51541,1.8760752,1.6765179999999995,0.1995572000000003,1.9553776,1.5823326999999998,0.3730449,0.7159738784090202,Chelsea,Crystal Palace,0,1,1,1.51541,1.2766,1.968622,1.852904,0.1157179999999997,2.289356,1.713909,0.5754470000000003,0.8299273551481923,0,2,0,-0.17348769999999972,-0.45972900000000055,-0.09254680000000004,-0.3339784000000001,0.23179768,0.4075415,0.3606608
6232,2025-01-04 16:00:00,FRA-Ligue 1,2425,Saint-Etienne,Reims,1,3,1,3.18639,1.27612,0.53991,2.1769948,-1.6370848000000002,1.1114986999999998,1.9295118,-0.8180131000000004,0.989653888345629,Reims,Saint-Etienne,0,1,3,1.27612,3.18639,1.4534122,1.453812,-0.0003998,1.8659912,1.4640844999999998,0.4019067,0.6966802969487226,1,4,1,-0.8190716999999998,-0.4023065,-0.9135022,-0.7544925000000002,0.27625063,0.25475588,0.46899354
6233,2025-01-04 17:00:00,ITA-Serie A,2425,Fiorentina,Napoli,1,0,3,0.877617,1.59728,1.0178002,1.4399412,-0.4221410000000001,1.6077381,1.0055339,0.6022041999999999,1.3683812255359096,Napoli,Fiorentina,0,3,0,1.59728,0.877617,1.745936,0.6683144000000001,1.0776215999999998,1.5860064,0.8056340000000001,0.7803724,0.7566168985087963,2,3,1,-1.0243452,0.2972491999999999,-0.7281358,0.02173169999999991,0.27330005,0.41992453,0.30677542
6234,2025-01-04 17:30:00,ENG-Premier League,2425,Brighton,Arsenal,1,1,1,1.76513,1.81142,1.2124563999999998,1.7002266,-0.4877702000000004,1.4148962,1.6428026000000002,-0.2279064000000001,0.918794665789147,Arsenal,Brighton,0,1,1,1.81142,1.76513,2.191878,0.4478581399999999,1.74401986,2.2457545,0.62342847,1.62232603,0.9350973425201452,0,2,0,-0.2598638000000003,0.12169383000000011,-0.9794216000000002,-0.8308582999999998,0.22492746,0.1116465,0.66342604
6235,2025-01-04 18:00:00,FRA-Ligue 1,2425,Lille,Nantes,1,1,1,1.13415,1.07277,1.8305072,1.0691642,0.7613430000000001,1.7413225,1.0908152,0.6505073000000001,0.9762689126977268,Nantes,Lille,0,1,1,1.07277,1.13415,1.2394851999999998,2.2139036,-0.9744184000000002,1.2432255999999997,1.8176852,-0.5744596000000004,0.8043585940004825,0,2,0,0.11083569999999998,-0.39995879999999984,0.5910220000000002,0.4980969000000004,0.2099268,0.6633083,0.12676492
6236,2025-01-04 19:45:00,ITA-Serie A,2425,Verona,Udinese,1,0,0,0.745287,0.655965,1.3307514,2.0967320000000003,-0.7659806000000002,0.9696764000000002,2.362982,-1.3933056,1.2375249748008976,Udinese,Verona,0,0,0,0.655965,0.745287,1.0290344,1.5528642,-0.5238298000000001,1.0156058,1.3805733999999998,-0.3649675999999997,1.280022938011049,0,0,0,0.6273249999999997,-0.1588622000000004,0.301717,-0.045929399999999676,0.24906248,0.3520066,0.3989309
6237,2025-01-04 20:00:00,FRA-Ligue 1,2425,Lyon,Montpellier,1,1,0,1.07725,1.55585,2.072886,1.4027717999999998,0.6701142000000002,2.0087173,1.1590001,0.8497171999999997,1.04544275820059,Montpellier,Lyon,0,0,1,1.55585,1.07725,1.8304368000000004,1.57583,0.2546068000000003,1.3516096000000002,2.361933,-1.0103234,0.7398580626698251,1,1,0,-0.1796029999999995,1.2649302000000004,0.2424491999999996,0.6571076999999996,0.1848915,0.7105286,0.10457987
6238,2025-01-05 11:30:00,ITA-Serie A,2425,Monza,Cagliari,1,1,2,1.55837,0.781523,1.5352298000000002,1.635436,-0.1002061999999996,1.15566211,1.5824881999999998,-0.4268260899999998,0.6922432611005469,Cagliari,Monza,0,2,1,0.781523,1.55837,1.6972005999999995,1.6236562,0.0735443999999998,1.4822400999999998,1.8492878,-0.3670477000000003,0.5397232609458745,2,3,1,0.32661989000000025,0.4405921000000001,-0.1619707999999993,-0.3265779899999999,0.28409883,0.33645824,0.37944293
6242,2025-01-05 14:00:00,ENG-Premier League,2425,Fulham,Ipswich,1,2,2,2.65469,1.4434,1.0861188,1.6146982,-0.5285794000000001,1.2070616,1.4222372,-0.2151756,1.325531915246152,Ipswich,Fulham,0,2,2,1.4434,2.65469,1.18876454,2.34669,-1.1579254600000002,1.23855317,2.0512120000000005,-0.8126588300000006,0.7266537239949707,0,4,1,-0.3134038000000001,-0.3452666299999996,-0.10264574000000004,-0.031491570000000024,0.274892,0.51164305,0.21346498
6241,2025-01-05 14:00:00,FRA-Ligue 1,2425,Lens,Toulouse,1,0,1,1.32887,2.19226,2.033526,1.0991221999999998,0.9344038000000005,1.6686634000000002,1.2796778,0.3889856000000002,0.8389943478149351,Toulouse,Lens,0,1,0,2.19226,1.32887,1.5816932,1.0534372,0.5282560000000001,1.6296573,0.9908599,0.6387973999999998,0.7977132384132306,2,1,0,0.5454182000000003,-0.11054139999999979,0.45183280000000026,0.039006100000000155,0.2398841,0.44573516,0.31438076
6239,2025-01-05 14:00:00,ITA-Serie A,2425,Lecce,Genoa,1,0,0,0.545634,1.06752,1.0073228,1.6841496,-0.6768268,0.9775374,1.6717928999999998,-0.6942554999999999,0.8183821730174489,Genoa,Lecce,0,0,0,1.06752,0.545634,0.9946864,0.9991012,-0.0044147999999999,1.0472986,1.3953999,-0.3481013000000001,0.8593529492420315,0,0,0,0.017428699999999964,0.34368650000000023,0.012636400000000103,-0.06976119999999997,0.26397902,0.34176812,0.39425287
6243,2025-01-05 14:00:00,FRA-Ligue 1,2425,Angers,Brest,1,2,0,1.90119,0.608874,1.0714428000000005,1.6081764,-0.5367335999999998,1.2875204,1.8361939,-0.5486735,0.8543547315019385,Brest,Angers,0,0,2,0.608874,1.90119,1.8238224000000005,2.1870570000000003,-0.3632345999999999,1.4822531,2.0519225000000003,-0.5696694000000004,1.079437054685833,1,2,0,0.011939900000000225,0.20643480000000053,-0.7523796,-0.1947327000000001,0.29176262,0.40120217,0.30703518
6240,2025-01-05 14:00:00,FRA-Ligue 1,2425,Strasbourg,Auxerre,1,3,1,2.89722,1.7605,0.9424584,2.247202,-1.3047436,1.2366536,2.1707711,-0.9341175000000002,1.13208651793314,Auxerre,Strasbourg,0,1,3,1.7605,2.89722,0.7518465999999998,2.14781,-1.3959634000000003,1.3752993,1.8058659,-0.4305665999999999,1.3088050660644803,1,4,1,-0.37062609999999974,-0.9653968000000004,0.19061180000000022,-0.1386457000000001,0.30710563,0.40990406,0.28299028
6244,2025-01-05 16:30:00,ENG-Premier League,2425,Liverpool,Manchester United,1,2,2,2.862,1.67469,2.9449620000000003,0.9496938,1.9952682000000004,2.7459490000000004,1.0800684,1.6658806000000004,1.0925180720697754,Manchester United,Liverpool,0,2,2,1.67469,2.862,1.4322512,1.2373038,0.1949474,1.3845469,1.3535253,0.0310216,0.9389346515205432,0,4,1,0.3293876,0.16392579999999998,1.5127108000000002,1.3614021000000005,0.11643911,0.7928395,0.09072131
6245,2025-01-05 17:00:00,ITA-Serie A,2425,Torino,Parma Calcio 1913,1,0,0,1.0858,0.321586,0.6768172000000001,1.19212,-0.5153028,0.7452064999999999,1.1005597,-0.3553532000000001,0.6709540631300679,Parma Calcio 1913,Torino,0,0,0,0.321586,1.0858,1.1383702,3.396926,-2.2585558,1.1034453999999998,2.5902730000000003,-1.4868276000000005,1.2687521568786668,0,0,0,-0.15994959999999986,-0.7717281999999994,-0.4615529999999999,-0.3582388999999999,0.27295664,0.450789,0.2762544
6246,2025-01-05 19:45:00,ITA-Serie A,2425,Roma,Lazio,1,2,0,1.23422,1.31957,2.1738418,1.3176724,0.8561694,1.6009354999999998,1.7055198,-0.1045843000000001,0.9994150298903174,Lazio,Roma,0,0,2,1.31957,1.23422,1.1621288,1.7653279999999998,-0.6031991999999997,1.8926994,1.13663534,0.7560640600000001,1.003856711817676,1,2,0,0.9607537,-1.3592632599999999,1.0117129999999999,-0.2917639000000001,0.19292584,0.41444647,0.39262766
6247,2025-01-05 19:45:00,FRA-Ligue 1,2425,Marseille,Le Havre,1,5,1,3.17491,0.885341,1.852766,1.326484,0.5262820000000001,1.5978294,1.655938,-0.0581086000000001,1.063942706309756,Le Havre,Marseille,0,1,5,0.885341,3.17491,1.1644434,1.8635648,-0.6991214000000001,1.0862697,1.9109848000000005,-0.8247151000000001,0.3682323384033096,1,6,1,0.5843906000000002,0.12559370000000003,0.6883226,0.5115597000000001,0.20530634,0.570611,0.22408271
6248,2025-01-06 20:00:00,ENG-Premier League,2425,Wolverhampton Wanderers,Nottingham Forest,1,0,3,1.90463,2.57227,1.0631292,1.2726912,-0.209562,1.0931395,1.5099809,-0.4168414,1.7381114321535067,Nottingham Forest,Wolverhampton Wanderers,0,3,0,2.57227,1.90463,1.4459847999999995,0.8601796,0.5858051999999997,1.3729714999999998,1.1626876,0.2102838999999998,1.0925200613996275,2,3,1,0.20727939999999997,0.3755212999999999,-0.3828555999999994,-0.27983199999999986,0.25681165,0.33454368,0.40864468
6249,2025-01-10 18:00:00,FRA-Ligue 1,2425,Nantes,Monaco,1,2,2,1.41184,3.48791,1.1542572,1.6913235999999998,-0.5370663999999998,1.0889406,1.8286802,-0.7397395999999998,0.8264906033528338,Monaco,Nantes,0,2,2,3.48791,1.41184,2.1503436,1.4405952,0.7097484000000003,1.8139526,1.1072595,0.7066930999999999,0.7717948242998057,0,4,1,0.2026732,0.003055300000000427,-0.9960863999999998,-0.725012,0.2526763,0.23061685,0.5167068
6250,2025-01-10 19:30:00,GER-Bundesliga,2425,Borussia Dortmund,Bayer Leverkusen,1,2,3,1.48663,1.8834,1.2986114,1.479308,-0.1806966000000001,1.6136496,1.3980849,0.2155647,1.053511832115329,Bayer Leverkusen,Borussia Dortmund,0,3,2,1.8834,1.48663,1.5885294,1.2213920000000005,0.3671373999999998,2.0094937,1.2432332,0.7662605000000002,1.1445663429716932,2,5,1,-0.3962613000000001,-0.39912310000000045,-0.2899180000000001,-0.39584410000000014,0.2569617,0.32246974,0.42056862
6251,2025-01-10 19:45:00,ITA-Serie A,2425,Lazio,Como,1,1,1,1.03936,1.9019,0.9425228,1.757274,-0.8147511999999999,1.7266664000000005,1.23388344,0.4927829600000002,0.9266405330870322,Como,Lazio,0,1,1,1.9019,1.03936,1.1816136,1.0090542,0.1725593999999999,1.1727138,1.2282294,-0.0555156000000001,0.7674500228017931,0,2,0,-1.3075341600000001,0.228075,-0.23909079999999994,0.5539526000000006,0.2521286,0.5783874,0.16948403
6253,2025-01-10 20:00:00,FRA-Ligue 1,2425,Auxerre,Lille,1,0,0,0.601359,1.51829,0.6850145999999999,2.321592,-1.6365774,1.2563093,2.0229753,-0.7666659999999996,1.2735707094019686,Lille,Auxerre,0,0,0,1.51829,0.601359,1.6182132,0.8977522,0.720461,1.4976775,1.1491934,0.3484840999999998,1.0015500656516068,0,0,0,-0.8699114000000003,0.3719769000000002,-0.9331986000000001,-0.24136819999999992,0.35341135,0.28005314,0.36653557
6252,2025-01-10 20:00:00,ESP-La Liga,2425,Rayo Vallecano,Celta Vigo,1,2,1,1.00439,3.25801,1.19124,1.4341598000000002,-0.2429198000000001,1.4460786999999995,1.5244158,-0.0783371000000001,0.7606772987685259,Celta Vigo,Rayo Vallecano,0,1,2,3.25801,1.00439,1.533955,1.0663028000000003,0.4676521999999996,1.4108742,1.1118774,0.2989967999999998,0.850535894315812,1,3,1,-0.1645827,0.1686553999999998,-0.3427149999999999,0.03520449999999942,0.26506233,0.36257493,0.3723627
6254,2025-01-11 13:00:00,ESP-La Liga,2425,Alaves,Girona,1,0,1,1.72201,0.625652,1.1844256000000002,1.5853511999999998,-0.4009255999999996,1.0065822,1.7798192999999998,-0.7732370999999998,0.993459855082024,Girona,Alaves,0,1,0,0.625652,1.72201,1.4513946,1.0559881,0.3954065,1.325797,1.20863515,0.11716185,1.2822466167545885,2,1,0,0.3723115000000002,0.27824465,-0.2669689999999998,-0.3192147999999999,0.26569992,0.2592525,0.47504765
6255,2025-01-11 14:00:00,ITA-Serie A,2425,Empoli,Lecce,1,1,3,2.31529,1.57649,1.2823362,1.3625082,-0.0801719999999999,0.8633194,1.3452441,-0.4819247,1.2741503617892038,Lecce,Empoli,0,3,1,1.57649,2.31529,0.8956116000000002,1.6896576,-0.7940459999999997,0.9750628,1.5253089,-0.5502461000000001,0.8204591330331411,2,4,1,0.4017527000000001,-0.24379989999999963,0.38672459999999986,-0.11174340000000005,0.29173967,0.4491509,0.2591094
6256,2025-01-11 14:00:00,ITA-Serie A,2425,Udinese,Atalanta,1,0,0,2.05217,0.233045,1.1289501999999998,1.3585016,-0.2295514,0.9683212999999998,1.4390387,-0.4707174000000002,1.1359854048595186,Atalanta,Udinese,0,0,0,0.233045,2.05217,2.3673240000000004,1.0519072,1.3154168000000004,2.398838,0.77070281,1.62813519,1.0421708167992934,0,0,0,0.24116600000000019,-0.3127183899999997,-1.2383738000000006,-1.4305167,0.17152567,0.14279659,0.68567777
6260,2025-01-11 14:30:00,GER-Bundesliga,2425,Hoffenheim,Wolfsburg,1,0,1,1.18042,1.49127,1.9895558,1.3625822,0.6269736000000001,1.5158748000000002,1.454798,0.0610768000000001,0.7256531174915517,Wolfsburg,Hoffenheim,0,1,0,1.49127,1.18042,1.7466168,2.096742,-0.3501251999999999,1.6886573000000002,1.877157,-0.1884996999999995,1.30280945529359,2,1,0,0.5658968,-0.16162550000000042,0.24293900000000002,-0.17278250000000006,0.24860312,0.45496824,0.2964286
6257,2025-01-11 14:30:00,GER-Bundesliga,2425,Mainz 05,Bochum,1,2,0,1.7238,0.697735,2.036417,1.2457393999999995,0.7906776,1.7636209,1.1437988,0.6198220999999999,1.134029918771138,Bochum,Mainz 05,0,0,2,0.697735,1.7238,0.997289,1.7891906,-0.7919016,1.2687445,2.2167793,-0.9480347999999998,0.6305441083337833,1,2,0,0.17085550000000005,0.15613319999999986,1.0391280000000003,0.4948764000000001,0.1876617,0.68954533,0.12279295
6259,2025-01-11 14:30:00,GER-Bundesliga,2425,St. Pauli,Eintracht Frankfurt,1,0,1,2.5542,2.23689,1.6782654,1.6546868000000003,0.0235785999999997,1.2187680799999998,1.6901412,-0.4713731200000002,0.6563999802161047,Eintracht Frankfurt,St. Pauli,0,1,0,2.23689,2.5542,1.9247878,1.1827776,0.7420102,1.9980469,1.9585348,0.0395120999999998,1.2011724043252416,2,1,0,0.4949517199999999,0.7024981000000001,-0.24652240000000014,-0.7792788200000003,0.23981707,0.2563544,0.5038286
6258,2025-01-11 14:30:00,GER-Bundesliga,2425,Freiburg,Holstein Kiel,1,3,2,0.750017,1.66855,1.838144,1.87665,-0.0385060000000003,1.6736207999999997,1.5527517,0.1208690999999997,0.7767585245364277,Holstein Kiel,Freiburg,0,2,3,1.66855,0.750017,1.0912308,1.858006,-0.7667752000000001,1.2039075,1.860196,-0.6562884999999996,0.996753490817616,1,5,1,-0.1593751,-0.11048670000000049,0.7469132,0.4697132999999998,0.20588434,0.6191696,0.17494605
6261,2025-01-11 14:30:00,GER-Bundesliga,2425,FC Heidenheim,Union Berlin,1,2,0,1.75563,1.03435,0.8763843999999998,2.689356,-1.8129716,1.2839672,2.3790673,-1.0951001,0.6230683906345967,Union Berlin,FC Heidenheim,0,0,2,1.03435,1.75563,1.6527660000000002,1.4867436,0.1660224000000001,1.4202774,1.6052114,-0.1849339999999999,0.704087311332764,1,2,0,-0.7178715,0.3509564,-0.7763816000000003,-0.13631020000000005,0.35199302,0.29392788,0.35407916
6262,2025-01-11 15:15:00,ESP-La Liga,2425,Real Valladolid,Real Betis,1,1,0,1.62446,1.03813,0.6037258999999998,1.6322478,-1.0285219000000003,0.90832955,1.7630034,-0.8546738500000001,0.8807366437251285,Real Betis,Real Valladolid,0,0,1,1.03813,1.62446,1.5569874,1.3041254,0.2528620000000001,1.6412842,1.6259469,0.0153373000000001,0.7920622205086599,1,1,0,-0.17384805000000025,0.23752469999999998,-0.9532615000000001,-0.73295465,0.28589514,0.26409066,0.45001423
6263,2025-01-11 16:00:00,FRA-Ligue 1,2425,Brest,Lyon,1,2,1,1.28964,1.40093,1.5682592000000002,1.959779,-0.3915197999999997,1.4705279,1.9470015,-0.4764736,1.0880439003952933,Lyon,Brest,0,1,2,1.40093,1.28964,1.831042,1.5733196,0.2577224,2.043362,1.2429225000000002,0.8004394999999995,0.9787786115340252,1,3,1,0.0849538000000003,-0.5427170999999995,-0.26278279999999987,-0.5728341000000001,0.23188744,0.2511639,0.51694864
6264,2025-01-11 17:00:00,ITA-Serie A,2425,Torino,Juventus,1,1,1,0.411274,0.94701,0.8053794,0.9280452,-0.1226658,0.6977795,0.9731643,-0.2753848,0.5732461712529943,Juventus,Torino,0,1,1,0.94701,0.411274,1.6838544,0.8976596000000001,0.7861947999999999,1.7497439,0.9922527,0.7574911999999998,1.085872574910777,0,2,0,0.152719,0.02870360000000005,-0.878475,-1.0519644,0.27467972,0.2507241,0.4745961
6265,2025-01-11 17:30:00,GER-Bundesliga,2425,Borussia M.Gladbach,Bayern Munich,1,0,1,0.326195,4.47736,1.6392148,1.7884015999999998,-0.1491867999999998,1.8358778,1.6202390999999998,0.2156387000000001,1.0349267064906462,Bayern Munich,Borussia M.Gladbach,0,1,0,4.47736,0.326195,2.8584584,0.8144899999999999,2.0439684,2.8327042,0.66008558,2.17261862,1.059058316410758,2,1,0,-0.3648254999999999,-0.12865022000000037,-1.2192436,-0.9968263999999998,0.24825335,0.11682389,0.63492274
6266,2025-01-11 17:30:00,ESP-La Liga,2425,Espanyol,Leganes,1,1,1,1.05544,1.92496,1.1461254,1.0083214000000005,0.1378039999999998,0.948482,1.4347663,-0.4862843,0.9488836383994232,Leganes,Espanyol,0,1,1,1.92496,1.05544,0.8376800000000001,2.387936,-1.5502559999999996,0.8336014,2.0977304,-1.2641289999999996,1.439535202873696,0,2,0,0.6240882999999998,-0.286127,0.3084454,0.1148806,0.25690246,0.48231873,0.26077875
6267,2025-01-11 18:00:00,FRA-Ligue 1,2425,Reims,Nice,1,2,4,0.950928,3.22004,1.1687322,1.78902,-0.6202878000000001,1.5754812,1.6744395,-0.0989583,0.6981989387122242,Nice,Reims,0,4,2,3.22004,0.950928,1.884366,1.7586768000000004,0.1256891999999996,1.6170209,1.4460574999999998,0.1709634000000002,1.0513153841639375,2,6,1,-0.5213295,-0.0452742000000006,-0.7156338,-0.04153969999999996,0.2875827,0.35795197,0.35446537
6268,2025-01-11 19:45:00,ITA-Serie A,2425,AC Milan,Cagliari,1,1,1,2.43026,0.308787,1.5686812,1.098803,0.4698781999999999,1.5608454,1.0921579,0.4686875000000001,0.70474583533652,Cagliari,AC Milan,0,1,1,0.308787,2.43026,1.3238731999999998,1.814097,-0.4902238000000001,1.5443289999999998,1.8922438,-0.3479148000000001,0.6475299968271031,0,2,0,0.0011906999999998225,-0.14230900000000002,0.24480800000000036,0.01651640000000021,0.30592123,0.51341015,0.18066862
6270,2025-01-11 20:00:00,FRA-Ligue 1,2425,Rennes,Marseille,1,1,2,1.76569,2.49254,1.1227572,0.8861799999999999,0.2365772000000002,1.0254736,1.0342249,-0.0087512999999999,1.170189880861018,Marseille,Rennes,0,2,1,2.49254,1.76569,2.082086,1.0846202,0.9974657999999998,1.8370809,1.5770171000000002,0.2600637999999999,1.1975513993143148,2,3,1,0.24532850000000012,0.7374019999999999,-0.9593288,-0.8116072999999999,0.27531245,0.2659582,0.4587294
6269,2025-01-11 20:00:00,ESP-La Liga,2425,Sevilla,Valencia,1,1,1,0.734356,1.08107,1.0393018,1.6124614000000002,-0.5731596000000001,0.9607296,1.5924942000000002,-0.6317646000000002,1.2490494213466294,Valencia,Sevilla,0,1,1,1.08107,0.734356,1.2278943999999998,1.5335581999999996,-0.3056637999999998,1.2433513,1.4901674,-0.2468160999999999,0.9651327302808704,0,2,0,0.05860500000000013,-0.05884769999999992,-0.18859259999999978,-0.2826217000000001,0.25812903,0.40856376,0.33330718
6271,2025-01-12 11:30:00,ITA-Serie A,2425,Genoa,Parma Calcio 1913,1,1,0,1.51628,0.513393,0.8647703999999999,1.0769508,-0.2121803999999999,1.1278767,1.1519733,-0.0240966,0.7979588567093755,Parma Calcio 1913,Genoa,0,0,1,0.513393,1.51628,0.9477894,3.1305659999999995,-2.1827765999999995,0.9919809999999998,2.68394,-1.691959,1.3105076503404298,1,1,0,-0.1880837999999999,-0.4908175999999995,-0.08301900000000006,0.13589570000000029,0.25711173,0.549216,0.19367227
6272,2025-01-12 13:00:00,ESP-La Liga,2425,Las Palmas,Getafe,1,1,2,1.62636,1.39575,0.966458,1.4149306,-0.4484725999999999,0.98953184,1.5254645999999998,-0.5359327599999998,1.4148090325127562,Getafe,Las Palmas,0,2,1,1.39575,1.62636,0.5018476,1.8109918,-1.3091442,0.950773,1.37336,-0.4225869999999998,0.6310647956296659,2,3,1,0.0874601599999999,-0.8865572000000002,0.4646104000000001,0.03875884000000007,0.2592954,0.47987914,0.2608254
6273,2025-01-12 14:00:00,FRA-Ligue 1,2425,Le Havre,Lens,1,1,2,1.84216,3.10793,1.0394416,1.9586428,-0.9192012000000004,1.125905,1.8714158,-0.7455108000000001,0.4440868065362472,Lens,Le Havre,0,2,1,3.10793,1.84216,1.54989,1.2377922,0.3120978000000001,1.5951264,1.4027638,0.1923626,0.8776728429340503,2,3,1,-0.17369040000000024,0.1197352000000001,-0.5104484,-0.4692214000000001,0.27714348,0.26116657,0.46168998
6274,2025-01-12 14:00:00,ITA-Serie A,2425,Venezia,Inter,1,0,1,0.668042,2.35271,0.6722168000000002,1.9343824,-1.2621655999999997,1.1591046,2.0063706,-0.8472659999999999,0.9490075796372652,Inter,Venezia,0,1,0,2.35271,0.668042,2.6564120000000004,0.4266399999999999,2.2297720000000005,2.3411837,0.7748404,1.5663433000000002,1.2386891132510818,2,1,0,-0.4148995999999998,0.6634287000000003,-1.9841952000000003,-1.1820791000000002,0.24153921,0.112144426,0.64631635
6275,2025-01-12 14:30:00,GER-Bundesliga,2425,RasenBallsport Leipzig,Werder Bremen,1,4,2,2.65039,1.32687,1.5907528000000002,2.3292798,-0.7385269999999995,1.5710007,1.9714377,-0.4004369999999999,1.0184584777979553,Werder Bremen,RasenBallsport Leipzig,0,2,4,1.32687,2.65039,1.541902,1.2909474000000003,0.2509545999999996,1.6088543999999998,1.5358328,0.0730215999999996,1.118807818278759,1,6,1,-0.3380899999999996,0.17793299999999998,0.04885080000000008,-0.03785369999999988,0.3057788,0.33562785,0.35859334
6276,2025-01-12 15:15:00,ESP-La Liga,2425,Atletico Madrid,Osasuna,1,1,0,2.28719,0.391974,2.0688712,1.0943762,0.974495,1.9348611,0.98008434,0.9547767599999996,1.0853486664501828,Osasuna,Atletico Madrid,0,0,1,0.391974,2.28719,1.0641228,1.3506167999999998,-0.2864939999999998,1.21282826,1.6047156,-0.39188734,0.9069702028791752,1,1,0,0.019718240000000442,0.10539334000000017,1.0047483999999998,0.72203284,0.17420214,0.71561474,0.110183135
6278,2025-01-12 16:15:00,FRA-Ligue 1,2425,Toulouse,Strasbourg,1,1,2,1.19281,1.82783,1.7570172,1.2566532,0.500364,1.7772207000000002,1.0506666,0.7265541000000002,0.7314788019975222,Strasbourg,Toulouse,0,2,1,1.82783,1.19281,1.3676678,1.914154,-0.5464861999999999,1.3589206,2.2685816,-0.909661,1.1774042005072256,2,3,1,-0.22619010000000017,0.36317480000000013,0.38934939999999996,0.4183001000000002,0.19844675,0.6920029,0.10955032
6277,2025-01-12 16:15:00,FRA-Ligue 1,2425,Montpellier,Angers,1,1,3,1.44663,3.46863,1.5340908000000002,1.4139419999999998,0.1201488000000003,1.4303078,2.123951,-0.6936431999999999,0.6292347498666022,Angers,Montpellier,0,3,1,3.46863,1.44663,1.2087148,0.8537612000000001,0.3549536,1.3693554,1.4789593,-0.1096038999999999,0.8763240891852552,2,4,1,0.8137920000000002,0.46455749999999985,0.3253760000000001,0.06095240000000013,0.2561914,0.38215074,0.3616578
6279,2025-01-12 16:30:00,GER-Bundesliga,2425,Augsburg,VfB Stuttgart,1,0,1,0.339144,2.61617,1.0085252,1.8637692,-0.8552440000000001,0.96969,1.350758,-0.3810679999999999,1.0312563486718966,VfB Stuttgart,Augsburg,0,1,0,2.61617,0.339144,2.28278,1.6101688000000005,0.6726111999999995,1.8378614,1.7965104,0.0413510000000001,0.8161655627755374,2,1,0,-0.4741760000000002,0.6312601999999994,-1.2742547999999998,-0.8681713999999999,0.33929935,0.2853086,0.37539202
6280,2025-01-12 17:00:00,ITA-Serie A,2425,Bologna,Roma,1,2,2,2.28949,1.58872,2.3879958,0.6853488000000002,1.7026469999999998,1.82905994,0.9503457,0.8787142399999999,0.984111551799909,Roma,Bologna,0,2,2,1.58872,2.28949,2.2871096,1.2281944,1.0589152,1.6586222,1.3805838,0.2780384,1.0249464736776863,0,4,1,0.8239327599999999,0.7808767999999999,0.10088620000000015,0.17043774000000012,0.21626413,0.56424105,0.21949483
6281,2025-01-12 19:45:00,FRA-Ligue 1,2425,Paris Saint Germain,Saint-Etienne,1,2,1,5.07062,0.410024,2.707716,1.4534464,1.2542696,3.0223192,1.211028,1.8112912,0.7940919032999878,Saint-Etienne,Paris Saint Germain,0,1,2,0.410024,5.07062,1.0365658,1.9749248,-0.9383590000000002,1.3277176999999998,1.7955618000000002,-0.4678441000000004,0.9038059040668782,1,3,1,-0.5570216000000001,-0.4705148999999998,1.6711502,1.6946015000000003,0.08910169,0.844195,0.066703334
6282,2025-01-12 19:45:00,ITA-Serie A,2425,Napoli,Verona,1,2,0,1.59033,0.23211,1.7369999999999997,0.75524,0.9817599999999996,1.4924984,0.8363577,0.6561407000000001,0.9380238276812708,Verona,Napoli,0,0,2,0.23211,1.59033,1.3585756000000002,1.698293,-0.3397173999999998,1.0217591,2.0444565,-1.0226973999999998,1.0765736497246272,1,2,0,0.3256192999999995,0.6829799999999999,0.37842439999999944,0.47073929999999997,0.21756504,0.6568929,0.12554204
6283,2025-01-13 19:45:00,ITA-Serie A,2425,Monza,Fiorentina,1,2,1,0.988429,1.60714,1.4957738,1.5144446,-0.0186707999999999,1.22119841,1.6146503,-0.3934518899999999,0.5732069588864279,Fiorentina,Monza,0,1,2,1.60714,0.988429,1.0038703999999998,1.5053872,-0.5015168000000001,1.4738238,1.1428796,0.3309442,1.0856107184517454,1,3,1,0.37478109000000004,-0.8324610000000001,0.4919034000000002,-0.25262538999999995,0.21357484,0.37728077,0.40914443
6284,2025-01-13 20:00:00,ESP-La Liga,2425,Real Sociedad,Villarreal,1,1,0,0.805968,1.22527,0.9843786000000004,0.9086464,0.0757322000000003,1.2648113,0.7759609,0.4888504000000001,0.7906311474042433,Villarreal,Real Sociedad,0,0,1,1.22527,0.805968,2.1827278,1.3672662,0.8154615999999999,2.0331479000000003,1.2236184,0.8095295000000005,0.8361414159090856,1,1,0,-0.41311819999999977,0.005932099999999441,-1.1983491999999996,-0.7683366000000003,0.27001795,0.30666512,0.42331696
6285,2025-01-14 17:30:00,GER-Bundesliga,2425,Holstein Kiel,Borussia Dortmund,1,4,2,1.95929,1.16391,1.3557355999999998,1.5807474,-0.2250118000000001,1.1723245,1.6768077,-0.5044831999999999,1.0236064983658548,Borussia Dortmund,Holstein Kiel,0,2,4,1.16391,1.95929,1.2959893999999998,1.6168480000000005,-0.3208586000000004,1.6874368,1.4337339,0.2537028999999999,1.0667059846591087,1,6,1,0.2794713999999998,-0.5745615000000003,0.05974619999999997,-0.5151123,0.2415669,0.3557105,0.40272257
6286,2025-01-14 17:30:00,ITA-Serie A,2425,Como,AC Milan,1,1,2,1.63578,1.44061,1.2846976,0.8657962000000001,0.4189013999999997,1.2033497999999998,1.1761584,0.0271913999999997,0.83101286840047,AC Milan,Como,0,2,1,1.44061,1.63578,1.6501472,1.0804492,0.569698,1.6834734,1.0707581,0.6127153000000001,0.6534105894333766,2,3,1,0.39171,-0.043017300000000036,-0.3654495999999998,-0.4801236000000002,0.30082235,0.2977999,0.4013777
6289,2025-01-14 19:30:00,GER-Bundesliga,2425,Eintracht Frankfurt,Freiburg,1,4,1,2.82238,0.587762,2.0780518,1.5670538,0.5109979999999998,2.0722209,1.9308358,0.1413851000000001,1.061662363475649,Freiburg,Eintracht Frankfurt,0,1,4,0.587762,2.82238,1.7490074,1.910412,-0.1614046000000002,1.5905574999999998,1.6316393000000002,-0.0410818000000003,0.9430649674312516,1,5,1,0.36961289999999974,-0.1203227999999999,0.3290443999999999,0.4816634000000002,0.2117641,0.58544827,0.20278762
6287,2025-01-14 19:30:00,GER-Bundesliga,2425,Wolfsburg,Borussia M.Gladbach,1,5,1,3.72762,0.856948,1.89632,2.2061520000000003,-0.3098320000000003,1.6004403,1.766613,-0.1661726999999999,1.249655329439449,Borussia M.Gladbach,Wolfsburg,0,1,5,0.856948,3.72762,1.1061978,2.4534056,-1.3472078,1.7877952,1.8924511,-0.1046558999999998,1.006826169560043,1,6,1,-0.14365930000000038,-1.2425519000000003,0.7901222000000001,-0.18735489999999988,0.2305233,0.46264425,0.3068324
6290,2025-01-14 19:30:00,ENG-Premier League,2425,Brentford,Manchester City,1,2,2,2.39088,2.65315,1.8420382,1.4279661999999995,0.414072,1.7215581,1.7308005999999998,-0.0092424999999998,1.1036507547141423,Manchester City,Brentford,0,2,2,2.65315,2.39088,1.5627806,1.6269458,-0.0641652000000001,1.8107538,2.0027834,-0.1920296000000003,0.8283838319799015,0,4,1,0.4233144999999998,0.1278644000000002,0.2792576,-0.0891957000000001,0.23498338,0.41801676,0.34699985
6291,2025-01-14 19:30:00,ENG-Premier League,2425,Chelsea,Bournemouth,1,2,2,2.53808,1.14845,1.7570519999999998,1.457248,0.2998039999999997,2.319826,1.6255190000000002,0.6943069999999998,0.8190265912070167,Bournemouth,Chelsea,0,2,2,1.14845,2.53808,1.880812,1.2252494000000005,0.6555625999999997,2.365541,1.1978345,1.1677065,0.7186513703836162,0,4,1,-0.3945030000000001,-0.5121439000000003,-0.12376000000000009,-0.04571499999999995,0.23205237,0.39840323,0.3695444
6292,2025-01-14 19:30:00,ENG-Premier League,2425,West Ham,Fulham,1,3,2,0.937322,2.83581,1.3999777999999998,2.173816,-0.7738382000000001,1.4377043,2.1488503,-0.7111459999999998,0.7651081205585039,Fulham,West Ham,0,2,3,2.83581,0.937322,1.5868592,1.4167182,0.1701410000000001,1.3295136,1.4926541,-0.1631405000000001,1.2034467316116726,1,5,1,-0.06269220000000031,0.33328150000000023,-0.1868814000000001,0.10819069999999997,0.28529432,0.34141195,0.3732937
6288,2025-01-14 19:30:00,GER-Bundesliga,2425,Bayer Leverkusen,Mainz 05,1,1,0,1.99412,0.603471,1.5600474000000002,1.3124360000000004,0.2476113999999998,1.9394437000000004,1.1934581999999998,0.7459855000000006,1.2374676112188192,Mainz 05,Bayer Leverkusen,0,0,1,0.603471,1.99412,1.953915,1.3160811999999995,0.6378337999999999,1.8063949,1.133031,0.6733638999999996,1.051818153484516,1,1,0,-0.4983741000000008,-0.035530099999999676,-0.3938675999999999,0.13304880000000052,0.25281882,0.5197402,0.22744092
6293,2025-01-14 19:45:00,ITA-Serie A,2425,Atalanta,Juventus,1,1,1,1.5823,2.27956,2.060541,1.328765,0.7317759999999998,2.0380205,0.95347381,1.08454669,0.9322767203388188,Juventus,Atalanta,0,1,1,2.27956,1.5823,1.6652604,0.7590764,0.906184,1.6082659,0.7508381,0.8574278,0.9948597462274452,0,2,0,-0.3527706900000003,0.04875620000000003,0.3952806000000002,0.4297546000000001,0.27900493,0.50030535,0.22068971
6294,2025-01-14 20:00:00,ENG-Premier League,2425,Nottingham Forest,Liverpool,1,1,1,0.5292,2.72291,1.8301954,0.9471656,0.8830297999999999,1.3951875,1.3399189,0.0552686,1.075123540654184,Liverpool,Nottingham Forest,0,1,1,2.72291,0.5292,3.07183,0.9805178,2.0913122,2.896803,1.1387074,1.7580956,1.0356240877877827,0,2,0,0.8277611999999999,0.33321659999999986,-1.2416345999999998,-1.5016154999999998,0.17036027,0.24827883,0.5813609
6295,2025-01-15 17:30:00,GER-Bundesliga,2425,Bochum,St. Pauli,1,1,0,1.8213,1.15308,1.0063842,1.7224166,-0.7160324,1.109932,2.1518153,-1.0418832999999998,0.6306686980205112,St. Pauli,Bochum,0,0,1,1.15308,1.8213,1.9586374,1.5038088,0.4548285999999999,1.39364678,1.7842242,-0.3905774200000003,0.5740331319582055,1,1,0,0.32585089999999983,0.8454060200000002,-0.9522531999999999,-0.28371478000000017,0.28689662,0.31069404,0.40240934
6297,2025-01-15 19:30:00,GER-Bundesliga,2425,Union Berlin,Augsburg,1,0,2,0.549286,1.41902,1.732962,1.6893188,0.0436431999999999,1.3710214,1.7058986,-0.3348772,0.5835061484042857,Augsburg,Union Berlin,0,2,0,1.41902,0.549286,1.0465348,1.5816852,-0.5351504,0.8280803999999999,1.5316729,-0.7035925000000001,0.966088599502416,2,2,0,0.37852039999999987,0.16844210000000004,0.6864271999999998,0.5429410000000001,0.19790608,0.5284372,0.27365673
6298,2025-01-15 19:30:00,GER-Bundesliga,2425,VfB Stuttgart,RasenBallsport Leipzig,1,2,1,2.42754,0.710278,2.39448,1.5475458000000002,0.8469342,1.9269114000000005,1.7410780000000003,0.1858333999999999,0.7784474270859433,RasenBallsport Leipzig,VfB Stuttgart,0,1,2,0.710278,2.42754,1.7748788000000002,2.0743678,-0.2994889999999999,1.6544547,1.9959657,-0.3415109999999999,1.1484139466532708,1,3,1,0.6611008,0.042022000000000004,0.6196012,0.27245670000000044,0.19187392,0.5932478,0.2148783
6301,2025-01-15 19:30:00,ENG-Premier League,2425,Newcastle United,Wolverhampton Wanderers,1,3,0,2.13327,1.47433,2.937834,0.6961221999999999,2.2417118,2.1554029,1.1871565,0.9682464,1.1134804015154651,Wolverhampton Wanderers,Newcastle United,0,0,3,1.47433,2.13327,1.1489212,1.5475292000000005,-0.3986080000000003,1.1185845,1.5023589000000002,-0.3837744,1.519776539209564,1,3,1,1.2734654,-0.01483360000000028,1.7889128,1.0368183999999998,0.124745436,0.7931887,0.082065865
6296,2025-01-15 19:30:00,GER-Bundesliga,2425,Bayern Munich,Hoffenheim,1,5,0,3.80458,0.222965,2.9486124,0.8499098,2.0987026,2.9973212,0.54319008,2.45413112,0.9341671709501236,Hoffenheim,Bayern Munich,0,0,5,0.222965,3.80458,1.7053538,1.3148842000000005,0.3904695999999996,1.54457,1.431358,0.1132119999999998,0.6474289624756647,1,5,1,-0.3554285199999998,0.27725759999999977,1.2432586,1.4527512,0.1259721,0.7789523,0.09507557
6302,2025-01-15 19:30:00,ENG-Premier League,2425,Leicester,Crystal Palace,1,0,2,2.09904,2.2647,0.7707938,2.182978,-1.4121842,1.0351796,2.118622,-1.0834424000000002,0.8694135110337269,Crystal Palace,Leicester,0,2,0,2.2647,2.09904,1.8884432,1.6626799999999995,0.2257632000000005,1.8181886,1.5688557,0.2493328999999999,0.7149969398130976,2,2,0,-0.32874179999999975,-0.023569699999999416,-1.1176494,-0.7830090000000001,0.3418881,0.219492,0.43861994
6300,2025-01-15 19:30:00,ENG-Premier League,2425,Everton,Aston Villa,1,0,1,1.23126,1.28522,0.6064942,1.998052,-1.3915578000000002,0.9545153,1.5606779,-0.6061626,0.5238255229376387,Aston Villa,Everton,0,1,0,1.28522,1.23126,1.380079,1.5929124,-0.2128333999999998,1.8213868,1.5728774,0.2485094000000003,0.7137414668089903,2,1,0,-0.7853952000000002,-0.4613428000000001,-0.7735848000000001,-0.8668715,0.26078627,0.31045118,0.42876258
6299,2025-01-15 19:30:00,GER-Bundesliga,2425,Werder Bremen,FC Heidenheim,1,3,3,1.87497,1.91878,1.6807122,1.5269114,0.1538007999999997,1.653574,1.6428068,0.0107672,1.2095006274284503,FC Heidenheim,Werder Bremen,0,3,3,1.91878,1.87497,1.0212284,2.491064,-1.4698356,1.3513712,2.3009173,-0.9495460999999996,0.7399885834561345,0,6,1,0.1430335999999997,-0.5202895000000003,0.6594838000000001,0.3022028000000001,0.19853593,0.55554676,0.24591729
6303,2025-01-15 19:45:00,ITA-Serie A,2425,Inter,Bologna,1,2,2,1.79382,0.914393,2.567406,0.4493217999999999,2.1180842,2.496763,0.7629026,1.7338604000000002,1.161503450065765,Bologna,Inter,0,2,2,0.914393,1.79382,2.0119638,0.9316324,1.0803314,1.94232694,1.0641892,0.8781377399999999,0.926723012592817,0,4,1,0.3842238,0.20219366000000005,0.5554421999999999,0.55443606,0.22479138,0.58170617,0.19350247
6304,2025-01-15 20:00:00,ENG-Premier League,2425,Arsenal,Tottenham,1,2,1,2.25501,0.777071,2.067502,0.77068654,1.29681546,2.335766,0.7139699700000001,1.62179603,0.9418747674746668,Tottenham,Arsenal,0,1,2,0.777071,2.25501,1.888182,2.1692414,-0.2810593999999997,1.9385954,2.2612277,-0.3226323000000002,1.0316742566941732,1,3,1,-0.32498057000000014,0.04157290000000052,0.17932000000000015,0.39717059999999993,0.1519041,0.7414922,0.1066037
6305,2025-01-16 19:30:00,ENG-Premier League,2425,Ipswich,Brighton,1,0,2,0.268127,1.06343,1.16408454,2.179374,-1.0152894600000002,1.24927617,2.0828230000000003,-0.8335468300000002,0.8004628788661846,Brighton,Ipswich,0,2,0,1.06343,0.268127,1.3411144,1.7776346000000005,-0.4365202000000003,1.4898412,1.6429076000000002,-0.1530664000000001,0.8725756325065835,2,2,0,-0.18174263000000002,-0.2834538000000002,-0.17702985999999998,-0.24056503000000018,0.32466087,0.34831703,0.32702214
6306,2025-01-16 20:00:00,ENG-Premier League,2425,Manchester United,Southampton,1,3,1,3.10847,1.36705,1.4732491999999997,1.6794604,-0.2062112000000002,1.3359659000000002,1.5186543,-0.1826883999999999,1.0479301545569728,Southampton,Manchester United,0,1,3,1.36705,3.10847,1.044013,3.129958,-2.085945,1.0783511,2.9967261,-1.918375,0.4636704467863511,1,4,1,-0.023522800000000316,-0.16757000000000022,0.4292361999999996,0.25761480000000025,0.25128737,0.53278935,0.2159233
6307,2025-01-17 18:00:00,FRA-Ligue 1,2425,Montpellier,Monaco,1,2,1,2.60645,1.74957,1.6508580000000002,1.853074,-0.2022159999999999,1.4875614,2.0993000000000004,-0.6117386000000005,0.5377925658782449,Monaco,Montpellier,0,1,2,1.74957,2.60645,2.3363636,1.4455952,0.8907683999999998,2.1128721,1.1844138,0.9284582999999996,0.662604867277642,1,3,1,0.40952260000000057,-0.03768989999999983,-0.6855055999999997,-0.6253107000000002,0.23135997,0.2561334,0.5125066
6308,2025-01-17 19:30:00,GER-Bundesliga,2425,Eintracht Frankfurt,Borussia Dortmund,1,2,0,2.05106,0.57641,2.0044898,1.5123874,0.4921024,2.1993009,1.5824660000000002,0.6168348999999997,1.1367243396643272,Borussia Dortmund,Eintracht Frankfurt,0,0,2,0.57641,2.05106,1.4168094,1.6424720000000002,-0.2256626000000001,1.4066668,1.5226509,-0.1159840999999999,1.2796198221072523,1,2,0,-0.12473249999999975,-0.1096785000000002,0.5876804,0.7926340999999999,0.18280064,0.64077896,0.1764204
6309,2025-01-17 19:45:00,ITA-Serie A,2425,Roma,Genoa,1,3,1,1.79725,0.494153,2.1286996,1.5207068,0.6079928000000001,1.7738601000000005,1.5906042,0.1832559000000002,1.0147355957013768,Genoa,Roma,0,1,3,0.494153,1.79725,1.1025766,1.0384274,0.0641492000000001,1.1946392,1.1124078,0.0822314000000001,0.8370721159391756,1,4,1,0.4247368999999999,-0.018082199999999993,1.0261230000000001,0.5792209000000006,0.20614628,0.5272936,0.26656014
6310,2025-01-17 20:00:00,ESP-La Liga,2425,Espanyol,Real Valladolid,1,2,1,1.28839,1.72021,1.0569414,1.0813174,-0.0243760000000001,0.9591706,1.4474233,-0.4882527000000002,0.834053051612454,Real Valladolid,Espanyol,0,1,2,1.72021,1.28839,0.7827840999999999,1.7081764,-0.9253923,0.90493355,1.7020703999999998,-0.7971368499999998,0.8840418348487192,1,3,1,0.4638767000000001,-0.12825545000000016,0.27415730000000005,0.05423705000000001,0.32173595,0.4714773,0.20678681
6311,2025-01-17 20:05:00,FRA-Ligue 1,2425,Lille,Nice,1,2,1,1.29219,2.90437,1.7935679999999998,0.9824122,0.8111557999999999,1.5117525,1.0656753,0.4460772000000002,0.8599285531669019,Nice,Lille,0,1,2,2.90437,1.29219,2.12072,1.8440316000000003,0.2766883999999996,1.9063783,1.4589181,0.4474602000000001,1.049109167309989,1,3,1,0.3650785999999997,-0.17077180000000047,-0.3271520000000001,-0.3946258,0.26350322,0.36151344,0.37498334
6312,2025-01-18 12:30:00,ENG-Premier League,2425,Newcastle United,Bournemouth,1,1,4,0.837801,2.70174,2.573566,0.9536364,1.6199295999999996,2.1818259,1.2167375,0.9650883999999996,1.0999956046008967,Bournemouth,Newcastle United,0,4,1,2.70174,0.837801,1.700818,1.3692114000000002,0.3316065999999997,2.231152,1.2951685000000002,0.9359835,0.7619378859271416,2,5,1,0.6548412,-0.6043769000000003,0.8727480000000001,-0.049326099999999595,0.21638608,0.5069569,0.27665707
6313,2025-01-18 13:00:00,ESP-La Liga,2425,Girona,Sevilla,1,1,2,1.14329,3.09224,0.919483,1.3027331,-0.3832501,1.1709692,1.06486215,0.10610705,1.3663883162867851,Sevilla,Girona,0,2,1,3.09224,1.14329,0.872047,1.656223,-0.784176,0.8513252,1.6569397,-0.8056144999999999,1.409565452114595,2,3,1,-0.48935714999999996,0.021438499999999916,0.047436000000000034,0.31964400000000004,0.31033573,0.57278717,0.116877064
6314,2025-01-18 14:00:00,ITA-Serie A,2425,Bologna,Monza,1,3,1,2.33675,0.410907,2.0379046,1.119036,0.9188686,1.94653554,1.1250022000000002,0.8215333399999998,0.9247193479347684,Monza,Bologna,0,1,3,0.410907,2.33675,1.3090156,1.5548806,-0.245865,1.3119819,1.6101433,-0.2981614000000001,0.6859845505608343,1,4,1,0.09733526000000026,0.052296400000000076,0.7288890000000001,0.63455364,0.18622646,0.68481266,0.12896088
6316,2025-01-18 14:30:00,GER-Bundesliga,2425,FC Heidenheim,St. Pauli,1,0,2,0.923964,2.23242,1.2327656,2.22802,-0.9952544,1.3534832,2.0734383,-0.7199551,0.8127172818123773,St. Pauli,FC Heidenheim,0,2,0,2.23242,0.923964,1.7968954,1.6379488000000002,0.1589465999999997,1.40194278,1.5691932,-0.16725042,0.4993067553678936,2,2,0,-0.2752993,0.3261970199999997,-0.5641297999999999,-0.048459579999999836,0.30876222,0.29581884,0.3954189
6318,2025-01-18 14:30:00,GER-Bundesliga,2425,VfB Stuttgart,Freiburg,1,4,0,2.26605,0.187694,2.546968,1.2597034,1.2872646,2.1409998,1.4502168000000002,0.6907829999999997,0.7940211885955392,Freiburg,VfB Stuttgart,0,0,4,0.187694,2.26605,1.4357078,2.219266,-0.7835582000000001,1.5417457,1.827005,-0.2852593000000003,0.8431994697961734,1,4,1,0.5964816000000004,-0.49829889999999977,1.1112602,0.5992540999999998,0.16405612,0.6986393,0.13730456
6317,2025-01-18 14:30:00,GER-Bundesliga,2425,Holstein Kiel,Hoffenheim,1,1,3,0.908525,0.905544,1.5174736,1.4211714,0.0963022,1.2781477,1.6651087,-0.3869610000000001,1.2518105287749384,Hoffenheim,Holstein Kiel,0,3,1,0.905544,0.908525,1.587027,1.5502142000000003,0.0368127999999996,1.3205985,1.577276,-0.2566774999999999,0.5300622936779849,2,4,1,0.4832632000000001,0.2934902999999995,-0.06955339999999999,-0.0424507999999999,0.25268227,0.4145537,0.332764
6315,2025-01-18 14:30:00,GER-Bundesliga,2425,Bochum,RasenBallsport Leipzig,1,3,3,2.75969,2.38567,1.320503,1.5219746,-0.2014716,1.057522,2.0208553,-0.9633333,0.6619241378201703,RasenBallsport Leipzig,Bochum,0,3,3,2.38567,2.75969,1.6272144000000002,2.0201138,-0.3928993999999997,1.5093985,2.1775909,-0.6681923999999997,1.1925272268872489,0,6,1,0.7618617,0.275293,-0.3067114000000002,-0.4518765,0.28172734,0.3319678,0.38630483
6319,2025-01-18 14:30:00,GER-Bundesliga,2425,Bayern Munich,Wolfsburg,1,3,2,3.23282,0.702414,3.3432944,0.7825407999999999,2.5607536,3.0158902000000003,0.5368209800000001,2.4790692200000004,0.96157314958842,Wolfsburg,Bayern Munich,0,2,3,0.702414,3.23282,2.102082,2.0878216,0.0142604000000003,1.7558512999999998,1.6375198000000002,0.1183314999999995,1.309905166852588,1,5,1,0.08168437999999956,-0.10407109999999921,1.2412124000000002,1.2600389000000005,0.10611706,0.78481936,0.10906352
6321,2025-01-18 15:00:00,ENG-Premier League,2425,Leicester,Fulham,1,0,2,0.676934,2.36823,1.15325,1.844996,-0.6917460000000002,1.2033541,2.2214020000000003,-1.0180479000000004,0.7479089090161334,Fulham,Leicester,0,2,0,2.36823,0.676934,1.8967812,1.1847866,0.7119946000000001,1.3877636,1.3903493,-0.0025857,1.152933285659542,2,2,0,0.32630190000000026,0.7145803000000002,-0.7435311999999998,-0.1844094999999999,0.26712424,0.269361,0.46351472
6322,2025-01-18 15:00:00,ENG-Premier League,2425,West Ham,Crystal Palace,1,0,2,0.221062,1.62561,1.2237882,2.331294,-1.1075057999999998,1.4190665,2.345833,-0.9267664999999998,0.9865633593891764,Crystal Palace,West Ham,0,2,0,1.62561,0.221062,1.7401471999999998,1.8178419999999995,-0.0776947999999997,1.8486216,1.5534287,0.2951929,0.8114149421304273,2,2,0,-0.18073929999999994,-0.3728876999999997,-0.5163589999999998,-0.42955509999999997,0.29393446,0.26329526,0.44277033
6320,2025-01-18 15:00:00,ENG-Premier League,2425,Brentford,Liverpool,1,0,2,1.20021,4.16249,1.9884922,1.4403042,0.5481880000000001,1.8041721,1.7468816,0.0572904999999999,0.9976869736058032,Liverpool,Brentford,0,2,0,4.16249,1.20021,3.197016,0.8291178,2.3678982,2.9880570000000004,1.0900594,1.8979976000000005,0.9705300231789342,2,2,0,0.4908975000000002,0.46990059999999945,-1.2085238,-1.1838849000000005,0.20262931,0.21942899,0.5779417
6323,2025-01-18 15:15:00,ESP-La Liga,2425,Leganes,Atletico Madrid,1,1,0,0.770342,3.0563,1.2008824,2.052996,-0.8521135999999998,0.9347806,2.1328993,-1.1981186999999995,1.3906991750800402,Atletico Madrid,Leganes,0,0,1,3.0563,0.770342,2.1156732000000003,1.0155906,1.1000826000000004,2.1074052999999995,0.91076474,1.1966405599999994,0.9964855851479616,1,1,0,0.34600509999999973,-0.09655795999999905,-0.9147908000000002,-1.1726246999999996,0.22084044,0.19122885,0.5879307
6324,2025-01-18 16:00:00,FRA-Ligue 1,2425,Lens,Paris Saint Germain,1,1,2,1.34901,1.57299,1.737016,1.3304342,0.4065817999999999,1.7629074,1.4558448,0.3070626000000001,0.7941422254270274,Paris Saint Germain,Lens,0,2,1,1.57299,1.34901,3.395408,1.1671371999999998,2.2282708,3.4471490000000005,1.2193838,2.2277652000000003,0.7252367898118735,2,3,1,0.09951919999999981,0.0005055999999998839,-1.6583920000000003,-1.6842416000000004,0.15810528,0.2417327,0.60016197
6325,2025-01-18 17:00:00,ITA-Serie A,2425,Juventus,AC Milan,1,2,0,1.56881,1.17816,1.949812,0.9185986,1.0312134000000002,1.5585729,0.7635221,0.7950508000000002,0.9624182722423364,AC Milan,Juventus,0,0,2,1.17816,1.56881,1.758366,0.8819592,0.8764068,1.7707088,1.1386449,0.6320638999999999,0.7341688626786841,1,2,0,0.2361626,0.24434290000000014,0.191446,-0.21213590000000004,0.26681492,0.40411368,0.32907137
6326,2025-01-18 17:30:00,GER-Bundesliga,2425,Bayer Leverkusen,Borussia M.Gladbach,1,3,1,2.08382,0.473935,1.7775346000000003,1.2104742000000002,0.5670604000000001,1.7317097,1.0986473,0.6330624,1.328166419483347,Borussia M.Gladbach,Bayer Leverkusen,0,1,3,0.473935,2.08382,1.0219654,2.7680776,-1.7461121999999998,1.458514,2.0754471000000003,-0.6169331000000002,1.097006201513183,1,4,1,-0.0660019999999999,-1.1291790999999995,0.7555692000000003,0.2731956999999998,0.18130052,0.6437117,0.17498778
6328,2025-01-18 17:30:00,ENG-Premier League,2425,Arsenal,Aston Villa,1,2,2,1.64458,1.20602,2.256774,0.8996675399999999,1.3571064600000002,2.3652170000000003,0.66761007,1.6976069300000003,0.9724262203314874,Aston Villa,Arsenal,0,2,2,1.20602,1.64458,1.5592384,1.3819444,0.1772939999999998,1.7835718,1.4278074,0.3557644,0.7849413267571697,0,4,1,-0.34050047000000006,-0.17847040000000017,0.6975356000000001,0.5816452000000003,0.15972579,0.7031657,0.13710846
6327,2025-01-18 17:30:00,ESP-La Liga,2425,Real Betis,Alaves,1,1,3,0.501492,1.6539,1.5541294,1.2943414,0.2597880000000001,1.7014357,1.6055529,0.0958828,0.7640601616269357,Alaves,Real Betis,0,3,1,1.6539,0.501492,1.3716472000000002,1.2998455999999998,0.0718016000000003,1.0993003,1.5930175,-0.4937172000000001,0.909668714118686,2,4,1,0.16390520000000008,0.5655188000000004,0.18248219999999993,0.6021354000000001,0.25272003,0.5578369,0.18944304
6329,2025-01-18 18:00:00,FRA-Ligue 1,2425,Rennes,Brest,1,1,2,1.92675,1.87321,1.4402834,1.2563848,0.1838986,1.1380129,1.2336074,-0.0955944999999998,1.05446866685899,Brest,Rennes,0,2,1,1.87321,1.92675,1.5488192,1.728403,-0.1795838,1.5104486,1.8751815,-0.3647329000000001,1.0592872479823228,2,3,1,0.27949309999999983,0.1851491000000001,-0.10853580000000007,-0.3724356999999998,0.32032776,0.4218527,0.2578195
6330,2025-01-18 19:45:00,ITA-Serie A,2425,Atalanta,Napoli,1,2,3,0.709505,1.2536,1.851355,1.6047738000000005,0.2465811999999996,2.0310295,1.1733704,0.8576590999999998,0.8862496156507743,Napoli,Atalanta,0,3,2,1.2536,0.709505,1.826136,0.7529272,1.0732088,1.5558402,0.8027431,0.7530971,0.8998347646276498,2,5,1,-0.6110779000000002,0.3201117,0.025219000000000102,0.4751892999999998,0.24939288,0.54869676,0.2019103
6331,2025-01-18 20:00:00,ESP-La Liga,2425,Getafe,Barcelona,1,1,1,1.16921,3.50383,0.6493002000000001,1.99043,-1.3411297999999998,0.955516,1.5112254,-0.5557094,0.7325876985966759,Barcelona,Getafe,0,1,1,3.50383,1.16921,2.929132,1.1533118000000002,1.7758201999999998,2.5642502,1.320215,1.2440351999999997,0.8969480057180047,0,2,0,-0.7854203999999998,0.5317850000000002,-2.2798318,-1.6087342,0.14354315,0.26138413,0.5950727
6332,2025-01-18 20:05:00,FRA-Ligue 1,2425,Lyon,Toulouse,1,0,0,0.619056,1.36611,1.725862,1.5966576,0.1292044000000001,1.940131,1.2952927,0.6448383,0.9793148095078068,Toulouse,Lyon,0,0,0,1.36611,0.619056,1.6272652,1.2957872,0.3314780000000001,1.7528476999999998,1.0956956,0.6571520999999998,0.7416498640184975,0,0,0,-0.5156338999999999,-0.3256740999999997,0.09859679999999993,0.18728330000000026,0.21867993,0.5654698,0.2158502
6333,2025-01-19 11:30:00,ITA-Serie A,2425,Fiorentina,Torino,1,1,1,1.81758,0.540016,1.2428894,1.502927,-0.2600376000000002,1.1776448,1.1759872,0.0016575999999999,1.0189821082026531,Torino,Fiorentina,0,1,1,0.540016,1.81758,0.7464322,1.0519974,-0.3055651999999998,0.7199783,1.0242312,-0.3042529,0.6944644102962405,0,2,0,-0.2616952000000001,-0.001312299999999822,0.49645719999999993,0.4576665,0.4099158,0.4512744,0.13880976
6334,2025-01-19 13:00:00,ESP-La Liga,2425,Celta Vigo,Athletic Club,1,1,2,0.40033,2.49675,1.633595,0.8796168000000002,0.7539781999999999,1.6552589000000002,1.115827,0.5394319000000003,0.7249616812441357,Athletic Club,Celta Vigo,0,2,1,2.49675,0.40033,1.195547,0.9170272,0.2785198000000002,1.5539421,0.8860034999999999,0.6679386,1.0296387300152754,2,3,1,0.21454629999999963,-0.38941879999999984,0.438048,0.1013168000000002,0.22312512,0.49761516,0.2792597
6336,2025-01-19 14:00:00,ENG-Premier League,2425,Nottingham Forest,Southampton,1,3,2,2.36419,1.25922,1.4788153999999998,1.413863,0.0649523999999996,1.3302555,1.4253059,-0.0950504,1.1276020827562203,Southampton,Nottingham Forest,0,2,3,1.25922,2.36419,1.062711,2.973008,-1.910297,1.1357906,3.216295,-2.0805044,0.5282659248404373,1,5,1,0.1600027999999996,0.17020740000000023,0.4161043999999998,0.19446490000000005,0.26004884,0.53106034,0.20889084
6335,2025-01-19 14:00:00,FRA-Ligue 1,2425,Saint-Etienne,Nantes,1,1,1,0.836137,1.36031,0.8639766,2.81649,-1.9525134,1.1236141,2.2306598,-1.1070457000000002,0.889984479560661,Nantes,Saint-Etienne,0,1,1,1.36031,0.836137,1.2672404,2.1934814,-0.9262409999999996,1.1535308,1.9341472,-0.7806164,0.9535931302457376,0,2,0,-0.8454676999999997,-0.14562459999999966,-0.40326379999999995,-0.02991670000000002,0.3456349,0.40815163,0.24621347
6338,2025-01-19 14:00:00,ITA-Serie A,2425,Parma Calcio 1913,Venezia,1,1,1,1.59615,1.1784,0.9956485999999998,2.817882,-1.8222334,0.8977743,2.557919,-1.6601447,1.2252509063236647,Venezia,Parma Calcio 1913,0,1,1,1.1784,1.59615,0.7451338000000002,2.249046,-1.5039121999999998,0.9705408,2.1109406,-1.1403998000000002,0.8242818598848602,0,2,0,-0.16208869999999997,-0.3635123999999996,0.2505147999999996,-0.07276649999999996,0.39310694,0.34353343,0.2633596
6337,2025-01-19 14:00:00,ITA-Serie A,2425,Cagliari,Lecce,1,4,1,3.36227,0.388374,1.1854845999999997,2.21774,-1.0322554000000004,1.4566386999999998,2.0480391,-0.5914004000000002,0.7551627214334472,Lecce,Cagliari,0,1,4,0.388374,3.36227,1.045524,1.6765616,-0.6310376000000002,0.9974388,1.7356915000000002,-0.7382527000000002,1.002566771448262,1,5,1,-0.4408550000000002,0.10721510000000001,0.13996059999999977,0.4591998999999999,0.30099332,0.5058312,0.19317545
6339,2025-01-19 14:00:00,ENG-Premier League,2425,Manchester United,Brighton,1,1,3,1.31823,2.17172,1.6856192,1.8252498,-0.1396305999999998,1.5231229,1.6136298,-0.0905069,0.919163569030727,Brighton,Manchester United,0,3,1,2.17172,1.31823,1.2891544,1.230024,0.0591303999999999,1.3090682,1.4093863,-0.1003180999999999,0.9930720239999536,2,4,1,-0.0491236999999998,0.1594484999999998,0.3964648000000002,0.21405469999999993,0.22791134,0.4655242,0.30656448
6340,2025-01-19 14:00:00,ENG-Premier League,2425,Everton,Tottenham,1,3,2,2.56089,1.35719,0.8263130000000001,1.993366,-1.167053,0.8990603,1.6351654,-0.7361051,0.5561356049915618,Tottenham,Everton,0,2,3,1.35719,2.56089,1.2649522,2.3655314,-1.1005791999999996,1.8412145,2.2683367,-0.4271221999999997,1.0862389546470794,1,5,1,-0.43094789999999994,-0.673457,-0.4386391999999999,-0.9421541999999999,0.2824261,0.3736701,0.3439038
6341,2025-01-19 14:30:00,GER-Bundesliga,2425,Union Berlin,Mainz 05,1,2,1,2.44953,1.40424,1.6201632,1.791786,-0.1716228000000002,1.29786,1.7576948,-0.4598348000000001,0.4622991214005197,Mainz 05,Union Berlin,0,1,2,1.40424,2.44953,1.5490232,1.5519854,-0.0029622,1.8056132000000005,1.116359,0.6892542000000004,1.0522735144639423,1,3,1,0.2882119999999999,-0.6922164000000004,0.07113999999999998,-0.5077532000000005,0.21108599,0.31953672,0.4693773
6342,2025-01-19 15:15:00,ESP-La Liga,2425,Real Madrid,Las Palmas,1,4,1,6.40549,1.06201,1.9769,1.3610654,0.6158346000000001,2.17258,1.16355176,1.00902824,1.1046768797112745,Las Palmas,Real Madrid,0,1,4,1.06201,6.40549,1.059786,1.4024486,-0.3426625999999999,1.05567844,1.5836232999999995,-0.5279448599999998,1.4208858704305165,1,5,1,-0.3931936399999998,0.18528225999999998,0.9171140000000002,1.1169015599999998,0.13236059,0.7969275,0.07071187
6343,2025-01-19 16:15:00,FRA-Ligue 1,2425,Angers,Auxerre,1,2,0,1.21759,0.462137,1.6741448,1.0064620000000002,0.6676827999999997,1.5967834,1.5339416,0.0628418000000001,0.8767620725753583,Auxerre,Angers,0,0,2,0.462137,1.21759,0.6686611999999998,2.396954,-1.7282928000000002,1.2444812,1.9296983,-0.6852171,1.205320574291862,1,2,0,0.6048409999999996,-1.0430757000000002,1.0054836000000003,0.3523022,0.19137275,0.56487477,0.24375251
6344,2025-01-19 16:15:00,FRA-Ligue 1,2425,Reims,Le Havre,1,1,1,1.49091,1.29453,1.1243278,2.047662,-0.9233341999999998,1.29906,1.9090341,-0.6099741000000001,0.6928081129369599,Le Havre,Reims,0,1,1,1.29453,1.49091,1.2124494,2.410844,-1.1983946,1.098208,2.0931655000000005,-0.9949575000000004,0.5463440929731955,0,2,0,-0.3133600999999997,-0.2034370999999997,-0.0881215999999998,0.20085200000000003,0.26459244,0.50147396,0.23393363
6345,2025-01-19 16:30:00,ENG-Premier League,2425,Ipswich,Manchester City,1,0,6,0.795637,3.20228,0.87101194,2.144564,-1.27355206,1.05769687,2.014078,-0.95638113,0.7563596587369511,Manchester City,Ipswich,0,6,0,3.20228,0.795637,1.96579,1.6957978,0.2699921999999997,1.8157348,1.9547554000000005,-0.1390206000000002,0.8811854676214459,2,6,1,-0.3171709300000001,0.40901279999999984,-1.0947780599999999,-0.75803793,0.32432833,0.25878182,0.4168898
6346,2025-01-19 16:30:00,GER-Bundesliga,2425,Werder Bremen,Augsburg,1,0,2,1.15183,1.31644,1.6258082000000005,1.5776474,0.0481608000000002,1.626283,1.6173338000000002,0.0089491999999999,1.168307626466226,Augsburg,Werder Bremen,0,2,0,1.31644,1.15183,0.8992808,1.6414012,-0.7421204,0.8831101,1.4790135000000002,-0.5959034000000002,1.0191243208244127,2,2,0,0.0392116000000003,-0.14621699999999982,0.7265274000000005,0.7431728999999999,0.21470408,0.57850504,0.20679092
6347,2025-01-19 17:00:00,ITA-Serie A,2425,Verona,Lazio,1,0,3,1.48598,1.99415,1.2259806000000002,1.7582989999999998,-0.5323183999999996,1.0238237,2.0682165,-1.0443927999999996,1.074402678505412,Lazio,Verona,0,3,0,1.99415,1.48598,1.10166,1.908724,-0.807064,1.5339164,1.30776144,0.2261549600000001,0.7823107033012339,2,3,1,0.5120743999999999,-1.0332189600000001,0.12432060000000011,-0.5100927000000002,0.2573798,0.3337679,0.40885225
6348,2025-01-19 17:30:00,ESP-La Liga,2425,Osasuna,Rayo Vallecano,1,1,1,0.660386,0.797534,0.8770576,1.2716688,-0.3946112,1.22725506,1.6986026,-0.4713475399999998,0.8148258807538502,Rayo Vallecano,Osasuna,0,1,1,0.797534,0.660386,1.2741132,1.974378,-0.7002648000000002,1.3817716999999998,1.6843748,-0.3026031000000002,0.7960788340947829,0,2,0,0.07673633999999979,-0.39766170000000006,-0.39705559999999995,-0.15451663999999976,0.27598652,0.4252161,0.2987974
6350,2025-01-19 19:45:00,ITA-Serie A,2425,Inter,Empoli,1,3,1,1.6401,0.412045,2.31023,0.5773809999999999,1.732849,2.393603,0.6181629,1.7754400999999995,1.1280061363533818,Empoli,Inter,0,1,3,0.412045,1.6401,1.4873342,1.4987891999999998,-0.0114549999999997,1.0628810000000002,1.3340611,-0.2711800999999998,1.1290058538953522,1,4,1,-0.04259109999999944,0.2597251000000001,0.8228957999999997,1.330722,0.104072295,0.8100242,0.085903525
6349,2025-01-19 19:45:00,FRA-Ligue 1,2425,Marseille,Strasbourg,1,1,1,3.29082,0.854933,2.304804,1.0032982,1.3015057999999995,1.9966542,1.6341511,0.3625031000000001,1.151926481848243,Strasbourg,Marseille,0,1,1,0.854933,3.29082,1.628403,1.745062,-0.116659,1.4105686,2.2448506,-0.834282,1.13429355063373,0,2,0,0.9390026999999994,0.717623,0.6764009999999998,0.5860856000000001,0.16564088,0.6780482,0.15631093
6351,2025-01-19 20:00:00,ESP-La Liga,2425,Valencia,Real Sociedad,1,1,0,1.77248,0.758224,1.2440684000000002,1.4758413999999995,-0.2317729999999995,1.2810832,1.4722862,-0.1912029999999998,1.014765461942314,Real Sociedad,Valencia,0,0,1,0.758224,1.77248,0.9857554000000002,0.8235503999999999,0.1622050000000002,1.2368911,0.8423130999999999,0.3945780000000001,0.8084779585866867,1,1,0,-0.04056999999999972,-0.23237299999999989,0.258313,0.04419210000000007,0.26842812,0.3938922,0.33767968
6352,2025-01-20 19:45:00,ITA-Serie A,2425,Como,Udinese,1,4,1,1.81904,0.847427,1.4559751999999997,1.0932268,0.3627483999999996,1.2506157999999998,1.0235334,0.2270823999999998,0.7996054426903589,Udinese,Como,0,1,4,0.847427,1.81904,1.2583922,1.0206666,0.2377256000000001,1.0428373,1.2069752,-0.1641379,0.8630292922689932,1,5,1,0.1356659999999998,0.4018635000000001,0.19758299999999962,0.20777849999999987,0.28428245,0.47816303,0.23755452
6353,2025-01-20 20:00:00,ENG-Premier League,2425,Chelsea,Wolverhampton Wanderers,1,3,1,3.14882,1.06726,1.7463759999999997,1.3552160000000002,0.3911599999999995,2.449567,1.544314,0.905253,0.8164704960221557,Wolverhampton Wanderers,Chelsea,0,1,3,1.06726,3.14882,1.1962912,1.6274852000000002,-0.4311940000000001,1.1747394,1.6364204,-0.461681,1.276877853183563,1,4,1,-0.5140930000000005,0.03048699999999993,0.5500847999999996,1.2748276,0.13540505,0.76665676,0.09793818
6354,2025-01-20 20:00:00,ESP-La Liga,2425,Villarreal,Mallorca,1,4,0,2.35437,0.390989,2.0340978,1.4251996,0.6088982000000001,2.0094949,1.258257,0.7512379,0.8459833135265417,Mallorca,Villarreal,0,0,4,0.390989,2.35437,1.2894386,1.9179272,-0.6284886000000001,1.2611903,1.4344227,-0.1732324,0.7929011245161619,1,4,1,-0.14233969999999996,-0.45525620000000006,0.7446592000000001,0.7483046,0.1863152,0.6868753,0.12680952
6355,2025-01-24 19:30:00,GER-Bundesliga,2425,Wolfsburg,Holstein Kiel,1,2,2,2.52045,0.265769,1.9451808,2.1299116,-0.1847308,1.7319958,1.8877851,-0.1557892999999999,1.4434206806848604,Holstein Kiel,Wolfsburg,0,2,2,0.265769,2.52045,1.4692526,1.2568722,0.2123804,1.3009910000000002,1.5646641,-0.2636730999999996,1.2298307752853206,0,4,1,-0.028941500000000092,0.4760534999999996,0.4759282,0.43100479999999974,0.2377779,0.50476426,0.25745782
6356,2025-01-24 19:45:00,FRA-Ligue 1,2425,Auxerre,Saint-Etienne,1,1,1,0.582829,1.1913,0.7351591999999998,2.083226,-1.3480668,1.0043099,1.9285853,-0.9242754,1.2944198853163895,Saint-Etienne,Auxerre,0,1,1,1.1913,0.582829,0.9975184,2.484928,-1.4874096,1.1289551,2.2310978,-1.1021426999999997,0.9743514384660308,0,2,0,-0.42379140000000004,-0.3852669000000004,-0.26235920000000024,-0.12464520000000001,0.26588416,0.45624742,0.27786845
6357,2025-01-24 19:45:00,ITA-Serie A,2425,Torino,Cagliari,1,2,0,2.23206,0.270772,0.5822573999999999,1.2247752,-0.6425178000000001,0.7149437,1.153659,-0.4387153,0.8392257471102311,Cagliari,Torino,0,0,2,0.270772,2.23206,1.4760645999999995,1.8205168,-0.3444522000000003,1.7654443,1.7469125,0.0185318,0.793001063244497,1,2,0,-0.20380250000000016,-0.3629840000000003,-0.8938071999999996,-1.0505006,0.33202028,0.34230047,0.3256792
6358,2025-01-24 20:00:00,ESP-La Liga,2425,Las Palmas,Osasuna,1,1,1,0.833212,2.53692,1.152351,2.2468386,-1.0944876,1.00501844,2.0297553,-1.0247368600000002,1.2935073176295977,Osasuna,Las Palmas,0,1,1,2.53692,0.833212,0.7994568000000001,1.2130136,-0.4135567999999999,1.07226866,1.499175,-0.4269063399999999,0.9326012264489514,0,2,0,-0.0697507399999997,0.013349539999999993,0.3528941999999998,-0.06725022000000003,0.3301538,0.3529518,0.31689438
6359,2025-01-25 13:00:00,ESP-La Liga,2425,Mallorca,Real Betis,1,0,1,0.789384,0.59491,1.2233494,2.1219152,-0.8985657999999996,1.0282132,1.6233642,-0.595151,0.8753039979412851,Real Betis,Mallorca,0,1,0,0.59491,0.789384,1.5812004,1.4615052,0.1196952,1.4724039000000002,1.5499179,-0.0775139999999998,0.8149932128044398,2,1,0,-0.30341479999999965,0.1972091999999998,-0.3578509999999999,-0.44419070000000027,0.28954026,0.28419584,0.42626387
6360,2025-01-25 14:00:00,ITA-Serie A,2425,Como,Atalanta,1,1,2,0.704371,1.04831,1.5967232,1.1325645999999998,0.4641586000000002,1.3908448,1.0358864,0.3549584000000001,1.0065817504715475,Atalanta,Como,0,2,1,1.04831,0.704371,1.518358,1.4736197999999998,0.0447382000000002,1.950998,1.2376192,0.7133787999999999,0.8713484732693354,2,3,1,0.10920020000000008,-0.6686405999999997,0.07836519999999991,-0.5601532,0.19324352,0.342579,0.46417743
6363,2025-01-25 14:30:00,GER-Bundesliga,2425,Augsburg,FC Heidenheim,1,2,1,1.63821,0.94738,0.9283908,1.5648372,-0.6364463999999999,0.9587032,1.5165021,-0.5577988999999998,0.938767140062597,FC Heidenheim,Augsburg,0,1,2,0.94738,1.63821,1.1838004,2.0574280000000003,-0.8736276000000003,1.2880626,2.227401,-0.9393384,0.8539950977575953,1,3,1,-0.07864750000000009,0.06571079999999974,-0.2554096,-0.32935939999999997,0.2931962,0.4241025,0.28270128
6364,2025-01-25 14:30:00,GER-Bundesliga,2425,RasenBallsport Leipzig,Bayer Leverkusen,1,2,2,0.708246,2.57674,1.7589404000000002,2.3421258000000003,-0.5831854000000001,1.4789185,2.2776729,-0.7987544000000002,1.2171047849460366,Bayer Leverkusen,RasenBallsport Leipzig,0,2,2,2.57674,0.708246,2.048394,0.8684712000000001,1.1799228,1.8092397,0.9672328,0.8420068999999998,1.3265233310305258,0,4,1,0.21556900000000012,0.33791590000000016,-0.28945359999999987,-0.3303212,0.29839033,0.22910567,0.472504
6365,2025-01-25 14:30:00,GER-Bundesliga,2425,Mainz 05,VfB Stuttgart,1,2,0,2.22883,0.917385,1.2253971999999995,1.7445073999999998,-0.5191102000000001,1.8004801999999998,1.2679087,0.5325714999999998,1.055273445787715,VfB Stuttgart,Mainz 05,0,0,2,0.917385,2.22883,2.63748,0.9246402,1.7128397999999998,2.1766058,1.400977,0.7756287999999998,0.872918342440169,1,2,0,-1.0516816999999998,0.937211,-1.4120828000000005,-0.37612560000000017,0.2817672,0.36105207,0.35718077
6361,2025-01-25 14:30:00,GER-Bundesliga,2425,Freiburg,Bayern Munich,1,1,2,0.271308,0.787581,1.1669706,2.373578,-1.2066073999999998,1.3846281,1.784563,-0.3999348999999998,0.8666580819368884,Bayern Munich,Freiburg,0,2,1,0.787581,0.271308,3.3727824,0.6892655999999999,2.6835168,3.0241822,0.58655778,2.43762442,0.892803055053014,2,3,1,-0.8066724999999999,0.2458923799999999,-2.2058118,-1.6395540999999998,0.19446652,0.13155738,0.6739761
6362,2025-01-25 14:30:00,GER-Bundesliga,2425,Borussia Dortmund,Werder Bremen,1,2,2,1.49423,1.11662,1.2143794,1.832296,-0.6179166000000003,1.3866134,1.671706,-0.2850926,1.2260077495228667,Werder Bremen,Borussia Dortmund,0,2,2,1.11662,1.49423,1.6146661999999998,1.6084234000000002,0.0062427999999996,1.562658,1.6181258,-0.0554677999999999,1.0878892963851998,0,4,1,-0.3328240000000003,0.0617105999999995,-0.4002867999999997,-0.1760446,0.26905185,0.35693687,0.37401128
6366,2025-01-25 15:00:00,ENG-Premier League,2425,Bournemouth,Nottingham Forest,1,5,0,2.8254,0.996166,1.875504,1.0797056,0.7957984,2.310169,1.2558896,1.0542793999999998,0.865737153542813,Nottingham Forest,Bournemouth,0,0,5,0.996166,2.8254,1.7586739999999998,1.5119062,0.2467677999999997,1.5263608999999998,1.3852119,0.1411489999999997,1.179274718531693,1,5,1,-0.25848099999999974,0.10561880000000001,0.11683000000000021,0.7838081000000003,0.190361,0.6761307,0.13350827
6369,2025-01-25 15:00:00,ENG-Premier League,2425,Wolverhampton Wanderers,Arsenal,1,0,1,0.514724,0.887358,1.1826812,2.0995132000000005,-0.9168320000000004,1.1475624,1.8795866,-0.7320242000000001,1.0456938588316778,Arsenal,Wolverhampton Wanderers,0,1,0,0.887358,0.514724,1.974822,0.8198315399999998,1.1549904600000005,2.363659,0.74789847,1.6157605299999998,0.9307599231699992,2,1,0,-0.1848078000000003,-0.46077006999999925,-0.7921408000000001,-1.2160966000000002,0.24454287,0.11035186,0.64510524
6370,2025-01-25 15:00:00,ENG-Premier League,2425,Southampton,Newcastle United,1,1,3,0.825621,3.08319,1.2585488,3.195336,-1.9367872,1.1077276,3.133879,-2.0261514,0.5416489201416304,Newcastle United,Southampton,0,3,1,3.08319,0.825621,2.0943542,1.2811304,0.8132237999999998,2.115825,1.3926291000000002,0.7231958999999999,1.1815716415243978,2,4,1,0.0893641999999999,0.09002789999999994,-0.8358054000000001,-1.0080974,0.2853319,0.17620462,0.5384635
6367,2025-01-25 15:00:00,ENG-Premier League,2425,Brighton,Everton,1,0,1,0.64378,0.870883,1.4547404,1.2477960000000003,0.2069443999999995,1.4031812,1.3500523,0.0531288999999999,0.9977321548121122,Everton,Brighton,0,1,0,0.870883,0.64378,1.124329,1.961622,-0.8372930000000001,1.068551,1.6585144,-0.5899634,0.7486767139081673,2,1,0,0.1538154999999996,-0.24732960000000004,0.3304114,0.3346301999999999,0.29068163,0.56211466,0.1472037
6368,2025-01-25 15:00:00,ENG-Premier League,2425,Liverpool,Ipswich,1,4,1,2.16809,0.804707,2.989086,0.8286698000000001,2.1604162,3.13611,1.0437434,2.0923666,0.9247121673945852,Ipswich,Liverpool,0,1,4,0.804707,2.16809,0.8172853400000001,2.138248,-1.3209626599999995,0.93854657,2.207394,-1.26884743,0.745833266607893,1,5,1,0.06804959999999971,-0.0521152299999994,2.1718006599999997,2.1975634299999998,0.11006277,0.80953044,0.08040679
6371,2025-01-25 15:15:00,ESP-La Liga,2425,Atletico Madrid,Villarreal,1,1,1,1.72274,1.78456,2.0459592,1.0822002000000002,0.9637589999999998,1.8916383,0.96060884,0.9310294599999998,0.9515556163376392,Villarreal,Atletico Madrid,0,1,1,1.78456,1.72274,2.34568,1.2404294,1.1052505999999995,2.1302489,1.0947179,1.0355309999999998,0.9388569857461324,0,2,0,0.03272954000000006,0.06971959999999977,-0.29972080000000023,-0.23861059999999967,0.26494738,0.42962316,0.3054295
6372,2025-01-25 16:00:00,FRA-Ligue 1,2425,Monaco,Rennes,1,3,2,3.47384,1.85205,2.494562,1.6356212,0.8589408000000003,2.1686891,1.4286819,0.7400072,0.6916617547154387,Rennes,Monaco,0,2,3,1.85205,3.47384,1.2220094,1.5973412,-0.3753318000000001,1.2162429,1.2783554,-0.0621125000000002,0.9866442084519396,1,5,1,0.1189336000000003,-0.3132192999999999,1.2725526000000003,0.9524462,0.18125667,0.6790442,0.13969915
6373,2025-01-25 17:00:00,ITA-Serie A,2425,Napoli,Juventus,1,2,1,2.33562,1.02538,1.684006,0.5977401999999999,1.0862658,1.620089,0.7227116,0.8973774000000001,1.0493244202482577,Juventus,Napoli,0,1,2,1.02538,2.33562,1.825672,1.0368730000000002,0.788799,1.5599209,0.8240304999999999,0.7358904000000002,0.9615866025087538,1,3,1,0.18888839999999996,0.05290859999999986,-0.14166600000000007,0.060168099999999836,0.26831087,0.44149038,0.29019877
6375,2025-01-25 17:30:00,ESP-La Liga,2425,Sevilla,Espanyol,1,1,1,1.15013,1.27943,1.272333,1.6752029999999998,-0.4028699999999998,1.100584,1.3627407,-0.2621567,1.1811900034981395,Espanyol,Sevilla,0,1,1,1.27943,1.15013,1.0800134,1.3193058,-0.2392924,1.0379301,1.4729272999999998,-0.4349971999999997,0.8671095798170033,0,2,0,-0.14071329999999976,0.1957047999999997,0.19231960000000003,0.06265389999999993,0.28693452,0.47421375,0.23885173
6374,2025-01-25 17:30:00,GER-Bundesliga,2425,Borussia M.Gladbach,Bochum,1,3,0,2.93153,0.759449,0.8963644000000001,2.8671296,-1.9707652,1.4125042,2.1382721,-0.7257679000000001,1.1327391927477508,Bochum,Borussia M.Gladbach,0,0,3,0.759449,2.93153,1.639929,1.7576006,-0.1176715999999999,1.3129864,1.9444323,-0.6314458999999997,0.7616219317870073,1,3,1,-1.2449972999999999,0.5137742999999998,-0.7435645999999999,0.0995178000000001,0.37253454,0.3986225,0.22884294
6376,2025-01-25 17:30:00,ENG-Premier League,2425,Manchester City,Chelsea,1,3,1,2.23213,1.49843,2.386992,1.4429492000000002,0.9440428,1.9200638,1.7038701,0.2161937,1.145794662763465,Chelsea,Manchester City,0,1,3,1.49843,2.23213,2.072958,1.3545060000000002,0.7184519999999996,2.482791,1.5542413,0.9285497000000004,0.8458219617269589,1,4,1,0.7278491,-0.21009770000000072,0.3140339999999999,-0.5627272000000001,0.2299823,0.33883727,0.43118045
6377,2025-01-25 18:00:00,FRA-Ligue 1,2425,Strasbourg,Lille,1,2,1,1.19703,1.95469,1.6133205999999998,1.822392,-0.2090714000000002,1.2740239,2.1069516,-0.8329276999999999,1.1773710231252152,Lille,Strasbourg,0,1,2,1.95469,1.19703,1.6390359999999995,1.3068042,0.3322317999999997,1.6245946,1.2369723,0.3876222999999998,0.9233066986024092,1,3,1,0.6238562999999997,-0.05539050000000012,-0.025715399999999722,-0.3505707,0.24741173,0.32836315,0.42422512
6378,2025-01-25 19:45:00,ITA-Serie A,2425,Empoli,Bologna,1,1,1,0.83399,0.898773,1.379005,1.5546312,-0.1756261999999999,1.0316958,1.4563961,-0.4247002999999998,1.163132424177336,Bologna,Empoli,0,1,1,0.898773,0.83399,2.0407226,0.9726034000000002,1.0681192,1.97415954,1.0889051,0.88525444,1.0130888342039297,0,2,0,0.2490740999999999,0.18286475999999996,-0.6617176,-0.94246374,0.22964896,0.2567522,0.51359886
6379,2025-01-25 20:00:00,ESP-La Liga,2425,Real Valladolid,Real Madrid,1,0,3,0.234653,2.45677,1.0393673,1.2848804,-0.2455131000000001,0.8433085499999999,1.7876058999999995,-0.9442973499999998,0.7114825155246969,Real Madrid,Real Valladolid,0,3,0,2.45677,0.234653,2.862534,1.1571994,1.7053346000000005,2.693313,1.09064076,1.60267224,0.9653534641709064,2,3,1,0.6987842499999997,0.10266236000000051,-1.8231667,-1.85000445,0.12166426,0.2272089,0.65112686
6380,2025-01-25 20:05:00,FRA-Ligue 1,2425,Paris Saint Germain,Reims,1,1,1,1.79628,0.613384,2.93833,1.2883907999999995,1.6499392,3.137467,1.1322468,2.0052202,0.7330752058666414,Reims,Paris Saint Germain,0,1,1,0.613384,1.79628,1.3046496,2.024992,-0.7203423999999996,1.325279,1.7521021,-0.4268231,0.6791017747193046,0,2,0,-0.3552810000000002,-0.2935192999999996,1.6336804,1.812188,0.10718312,0.81921834,0.07359859
6381,2025-01-26 11:30:00,ITA-Serie A,2425,AC Milan,Parma Calcio 1913,1,3,2,2.7112,1.85515,1.7375120000000002,1.1548218,0.5826902,1.5974818000000002,1.1722329,0.4252489000000001,0.7511817967617554,Parma Calcio 1913,AC Milan,0,2,3,1.85515,2.7112,0.8538126,2.312748,-1.4589354,0.9690188,2.560516,-1.5914972000000005,1.2383647888309404,1,5,1,0.15744129999999995,0.1325618000000004,0.8836994000000001,0.6284630000000002,0.19125217,0.67654884,0.132199
6382,2025-01-26 13:00:00,ESP-La Liga,2425,Rayo Vallecano,Girona,1,2,1,3.01055,1.56182,1.229032,1.9064152,-0.6773832000000002,1.4150296,1.4783374,-0.0633078,0.8480381979018687,Girona,Rayo Vallecano,0,1,2,1.56182,3.01055,1.0448808,1.5274971000000002,-0.4826163000000001,1.240683,1.18800415,0.0526788499999999,1.370211915362816,1,3,1,-0.6140754000000002,-0.53529515,0.18415119999999985,0.17434660000000002,0.23611987,0.46407107,0.29980907
6385,2025-01-26 14:00:00,ITA-Serie A,2425,Udinese,Roma,1,1,2,0.805147,2.6168,1.1307896,0.9916246,0.1391649999999998,1.0702724,1.2333462000000002,-0.1630738000000002,0.9343407021047146,Roma,Udinese,0,2,1,2.6168,0.805147,2.358002,1.3964774,0.9615246,1.7151721000000002,1.4883185,0.2268536000000001,1.1077599106469194,2,3,1,0.30223880000000003,0.7346709999999999,-1.2272124,-0.6448997000000003,0.29110605,0.27673176,0.4321622
6386,2025-01-26 14:00:00,FRA-Ligue 1,2425,Le Havre,Brest,1,0,1,0.696232,2.38282,1.4068302,2.288292,-0.8814617999999999,1.1916342,1.9655805,-0.7739463000000002,0.5874280988007068,Brest,Le Havre,0,1,0,2.38282,0.696232,1.3426272,1.927684,-0.5850568,1.5551966,1.9534115,-0.3982149000000001,1.0931086827808891,2,1,0,-0.10751549999999965,-0.18684189999999995,0.06420300000000001,-0.36356239999999995,0.32781145,0.352471,0.31971756
6384,2025-01-26 14:00:00,ENG-Premier League,2425,Crystal Palace,Brentford,1,1,2,1.23177,1.92037,1.7442292,1.2511863999999997,0.4930428000000004,1.8497456,1.2710798999999997,0.5786657000000002,0.8109218851922745,Brentford,Crystal Palace,0,2,1,1.92037,1.23177,2.0747334,2.0798228,-0.0050894000000001,1.7898790999999998,2.0036206,-0.2137415000000002,1.0056539541391627,2,3,1,-0.08562289999999978,0.2086521000000001,-0.3305042,0.05986650000000027,0.23478058,0.52036995,0.24484947
6383,2025-01-26 14:00:00,ENG-Premier League,2425,Tottenham,Leicester,1,1,2,1.27483,1.40469,1.2959002,1.8372814,-0.5413811999999998,1.6464845,2.3085267,-0.6620421999999997,1.0932376871827902,Leicester,Tottenham,0,2,1,1.40469,1.27483,1.1309007999999998,2.09158,-0.9606791999999996,1.1742488,2.176567,-1.0023182,0.681286043225215,2,3,1,0.12066099999999991,0.041639000000000315,0.16499940000000013,0.4722356999999999,0.27962053,0.49609852,0.22428101
6387,2025-01-26 14:30:00,GER-Bundesliga,2425,Hoffenheim,Eintracht Frankfurt,1,2,2,2.32141,2.30325,1.4692378,1.4256432,0.0435945999999998,1.3418736,1.5103114999999998,-0.1684378999999998,0.745226118744628,Eintracht Frankfurt,Hoffenheim,0,2,2,2.30325,2.32141,2.1077718,1.3934913999999998,0.7142803999999998,2.2503489,1.453802,0.7965469000000001,1.1553758817684308,0,4,1,0.21203249999999962,-0.08226650000000024,-0.6385340000000002,-0.9084753000000001,0.23663506,0.2383759,0.52498907
6388,2025-01-26 15:15:00,ESP-La Liga,2425,Real Sociedad,Getafe,1,0,3,1.26074,2.01027,0.973784,1.104819,-0.131035,1.1266315000000002,0.9749459,0.1516856000000002,0.7988407932489076,Getafe,Real Sociedad,0,3,0,2.01027,1.26074,0.8138282,2.043944,-1.2301157999999996,0.8697990000000001,1.7469254,-0.8771263999999998,0.8047827086686594,2,3,1,-0.2827206000000002,-0.3529893999999999,0.15995579999999998,0.25683250000000013,0.30748487,0.55637187,0.13614333
6390,2025-01-26 16:15:00,FRA-Ligue 1,2425,Lens,Angers,1,1,0,2.01118,0.0813578,1.7252420000000002,1.5271720000000002,0.1980699999999999,1.7622154,1.5348711000000002,0.2273442999999997,0.7377073553509094,Angers,Lens,0,0,1,0.0813578,2.01118,1.4969287999999998,1.0343642000000002,0.4625645999999996,1.5712434,1.3363773,0.2348660999999998,0.9546573403857478,1,1,0,-0.02927429999999978,0.2276984999999998,0.22831320000000033,0.19097200000000014,0.21004814,0.5039936,0.28595832
6391,2025-01-26 16:15:00,FRA-Ligue 1,2425,Toulouse,Montpellier,1,1,2,1.34257,0.939857,1.3432412,1.3936689999999998,-0.0504277999999998,1.6456807000000002,1.0103022,0.6353785000000003,0.7291811047057277,Montpellier,Toulouse,0,2,1,0.939857,1.34257,1.9156660000000003,1.7900180000000003,0.1256479999999999,1.5725224,1.886148,-0.3136255999999999,0.6359205847111719,2,3,1,-0.6858063000000001,0.4392735999999998,-0.5724248000000003,0.07315830000000023,0.2740554,0.53303707,0.1929076
6389,2025-01-26 16:15:00,FRA-Ligue 1,2425,Nantes,Lyon,1,1,1,1.62983,1.61762,1.3907539999999998,1.5890327999999998,-0.1982787999999999,1.2063282,1.9400726,-0.7337444,0.911857227695392,Lyon,Nantes,0,1,1,1.61762,1.62983,1.2727392,1.4626376,-0.1898983999999999,1.7253605999999997,1.3958769,0.3294836999999997,0.8693829745602314,0,2,0,0.5354656000000001,-0.5193820999999996,0.11801479999999986,-0.5190323999999997,0.24076283,0.3105147,0.4487225
6393,2025-01-26 16:30:00,GER-Bundesliga,2425,St. Pauli,Union Berlin,1,3,0,1.40358,0.986402,1.8065894,1.676837,0.1297523999999998,1.55216808,1.5674927,-0.0153246200000001,0.5798337382162,Union Berlin,St. Pauli,0,0,3,0.986402,1.40358,1.7374672,1.709936,0.0275311999999998,1.3565080000000005,1.7440608000000002,-0.3875527999999999,0.5160304870811767,1,3,1,0.1450770199999999,0.41508399999999973,0.06912220000000002,0.19566007999999946,0.2768262,0.44706452,0.2761093
6392,2025-01-26 16:30:00,ENG-Premier League,2425,Aston Villa,West Ham,1,1,1,0.907851,1.67886,1.3884664,1.4916063999999998,-0.1031399999999997,1.5997188000000002,1.4308283999999998,0.1688904000000004,0.8751532612148702,West Ham,Aston Villa,0,1,1,1.67886,0.907851,1.0221266,2.387658,-1.3655313999999996,1.3468903,2.358613,-1.0117227,0.8909404938616798,0,2,0,-0.2720304000000001,-0.35380869999999964,0.3663398,0.2528285000000001,0.24794509,0.58271337,0.16934147
6394,2025-01-26 17:00:00,ITA-Serie A,2425,Lecce,Inter,1,0,4,0.719003,2.58246,0.8076108000000002,2.190934,-1.3833231999999998,0.9590884,1.8658675,-0.9067790999999996,1.1469212359139824,Inter,Lecce,0,4,0,2.58246,0.719003,2.171638,0.5328617999999998,1.6387762000000003,2.388781,0.6274,1.761381,1.1302831317382669,2,4,1,-0.47654410000000014,-0.12260479999999974,-1.3640272,-1.4296925999999999,0.21461387,0.12092915,0.66445696
6395,2025-01-26 17:30:00,ESP-La Liga,2425,Athletic Club,Leganes,1,0,0,2.27277,1.57401,1.5835132,0.8790884,0.7044248000000001,1.6571001,0.875957,0.7811430999999999,0.8448488749419092,Leganes,Athletic Club,0,0,0,1.57401,2.27277,1.0811908,2.4064880000000004,-1.3252972000000005,0.9846247,1.9171323,-0.9325076,1.3202986678084878,0,0,0,-0.0767182999999998,-0.3927896000000005,0.5023224000000002,0.6724754000000001,0.2330972,0.6556498,0.111253045
6396,2025-01-26 19:00:00,ENG-Premier League,2425,Fulham,Manchester United,1,0,1,0.560571,0.201988,2.1199172,1.2641672,0.8557499999999998,1.5528708,1.3241397,0.2287310999999998,1.0947458766396556,Manchester United,Fulham,0,1,0,0.201988,0.560571,1.4921991999999995,1.8939318,-0.4017326000000003,1.5280339,1.6320878,-0.1040539,0.9162094399807228,2,1,0,0.6270188999999999,-0.2976787000000003,0.6277180000000007,0.02483689999999994,0.25553298,0.5078293,0.2366377
6398,2025-01-26 19:45:00,ITA-Serie A,2425,Lazio,Fiorentina,1,1,2,2.01121,1.20023,1.3735618,1.739308,-0.3657461999999998,1.3933674,1.4289380399999998,-0.0355706399999997,0.9329908730526688,Fiorentina,Lazio,0,2,1,1.20023,2.01121,1.3777914,1.1463982,0.2313932,1.268498,1.1451233,0.1233746999999998,0.945999957430002,2,3,1,-0.3301755600000001,0.1080185000000002,-0.0042295999999999445,0.12486940000000013,0.26816782,0.43562073,0.29621142
6397,2025-01-26 19:45:00,FRA-Ligue 1,2425,Nice,Marseille,1,2,0,2.10992,1.11157,2.294352,1.5255356000000002,0.7688163999999997,2.119127,1.5049035,0.6142234999999998,0.943784424536885,Marseille,Nice,0,0,2,1.11157,2.10992,2.631704,0.9825692,1.6491348,1.9376272,1.5439604,0.3936668000000001,0.9805802785075072,1,2,0,0.15459289999999992,1.2554679999999998,-0.3373520000000001,0.1814998000000001,0.22872265,0.51636803,0.25490937
6399,2025-01-26 20:00:00,ESP-La Liga,2425,Barcelona,Valencia,1,7,1,4.35875,1.30328,3.19319,1.2673168,1.9258732,2.5061052,1.3771708,1.1289344,0.7581482380914265,Valencia,Barcelona,0,1,7,1.30328,4.35875,1.467116,1.5211199999999998,-0.0540039999999997,1.2639142,1.3912475999999998,-0.1273333999999997,0.9494307845969412,1,8,1,0.7969388000000002,0.07332940000000002,1.7260739999999999,1.2421909999999998,0.12192006,0.7763403,0.10173958
6400,2025-01-27 17:30:00,ITA-Serie A,2425,Venezia,Verona,1,1,1,0.709709,2.17206,0.8634562000000002,2.130374,-1.2669178,0.9743598,1.9360166,-0.9616568,0.9236824798370378,Verona,Venezia,0,1,1,2.17206,0.709709,0.7823626000000002,1.696063,-0.9137003999999996,1.0207207,2.0292185,-1.0084977999999998,0.7837591774525808,0,2,0,-0.3052610000000001,0.09479740000000014,0.08109359999999999,-0.04636090000000004,0.35773084,0.40024278,0.24202637
6401,2025-01-27 19:45:00,ITA-Serie A,2425,Genoa,Monza,1,2,0,3.31745,0.311849,1.1605078,1.1413914,0.0191163999999999,1.1288115,1.2037623,-0.0749508000000001,0.8858867172360335,Monza,Genoa,0,0,2,0.311849,3.31745,1.2331154000000002,1.7066426,-0.4735271999999997,1.2297796,1.5527753,-0.3229956999999999,0.813153175452597,1,2,0,0.09406719999999999,-0.15053149999999982,-0.07260760000000022,-0.1009681,0.31670955,0.4552917,0.22799876
6402,2025-01-27 20:00:00,ESP-La Liga,2425,Alaves,Celta Vigo,1,1,1,0.891741,0.155093,1.4446591999999998,1.126384,0.3182751999999997,1.2213868,1.4095207,-0.1881339000000002,0.900614857950931,Celta Vigo,Alaves,0,1,1,0.155093,0.891741,1.401665,1.0786948,0.3229701999999999,1.5161798999999998,1.245686,0.2704938999999997,0.7914622852721599,0,2,0,0.5064091,0.0524763000000002,0.04299419999999987,-0.2947930999999997,0.2655336,0.36466315,0.36980325
6403,2025-01-31 19:30:00,GER-Bundesliga,2425,Werder Bremen,Mainz 05,1,1,0,2.58542,1.01597,1.6407699999999998,1.804182,-0.1634120000000003,1.5441090000000002,1.4718808,0.0722282000000003,1.1657200588041008,Mainz 05,Werder Bremen,0,0,1,1.01597,2.58542,1.3427251999999998,1.7295839999999998,-0.3868587999999999,1.9329916,1.3132574,0.6197342000000001,1.0863983648980342,1,1,0,-0.2356402000000006,-1.006593,0.2980448,-0.38888259999999986,0.23310994,0.39859322,0.3682968
6404,2025-01-31 19:45:00,FRA-Ligue 1,2425,Montpellier,Lens,1,0,2,1.11121,3.21001,1.7999994,1.837988,-0.0379885999999998,1.6423662,1.7316969999999998,-0.0893307999999997,0.730652682299062,Lens,Montpellier,0,2,0,3.21001,1.11121,1.906934,1.23980556,0.6671284400000002,1.8768041000000004,1.39536988,0.4814342200000003,0.7459485271006562,2,2,0,0.051342199999999893,0.18569421999999985,-0.10693459999999999,-0.2344379000000003,0.24212831,0.34044772,0.41742402
6405,2025-01-31 19:45:00,ITA-Serie A,2425,Parma Calcio 1913,Lecce,1,1,3,2.00006,0.756887,1.1017038,1.7432760000000005,-0.6415722000000004,1.0600316,2.701994,-1.6419624000000002,1.1320406561081235,Lecce,Parma Calcio 1913,0,3,1,0.756887,2.00006,0.7331534000000002,2.3173800000000004,-1.5842266000000005,0.8890836999999999,2.0630638,-1.1739801,1.124752231142882,2,4,1,1.0003901999999998,-0.4102465000000004,0.3685503999999997,0.17094790000000015,0.30325776,0.41440168,0.28234056
6406,2025-01-31 20:00:00,ESP-La Liga,2425,Leganes,Rayo Vallecano,1,0,1,1.00009,2.39088,1.3032484,2.512118,-1.2088696,0.9871447,2.0676854,-1.0805406999999998,1.0130216846408793,Rayo Vallecano,Leganes,0,1,0,2.39088,1.00009,1.509604,1.9879212,-0.4783172000000002,1.4270755999999998,1.5473755,-0.1202999000000002,0.910953203212778,2,1,0,-0.1283289000000003,-0.35801730000000004,-0.20635559999999997,-0.4399308999999998,0.3225534,0.31346652,0.36398008
6407,2025-02-01 12:30:00,ENG-Premier League,2425,Nottingham Forest,Brighton,1,7,0,4.0677,0.756296,1.6978711999999998,1.8654702,-0.1675990000000002,1.4493905,1.6214748,-0.1720843,1.1729060091769548,Brighton,Nottingham Forest,0,0,7,0.756296,4.0677,1.3164203999999995,1.229726,0.0866943999999996,1.2805732,1.3436437,-0.0630704999999998,1.015169601261684,1,7,1,0.004485299999999803,0.1497648999999994,0.3814508000000003,0.16881729999999995,0.23298907,0.45904627,0.3079646
6408,2025-02-01 13:00:00,ESP-La Liga,2425,Getafe,Sevilla,1,0,0,0.922731,0.871043,1.1098286,2.0614859999999995,-0.9516573999999997,0.773001,1.8091684,-1.0361673999999996,1.1642919423235645,Sevilla,Getafe,0,0,0,0.871043,0.922731,1.3752044,1.466723,-0.0915186000000001,1.1342664,1.3877637,-0.2534973,1.0579515906037678,0,0,0,0.08450999999999997,0.16197869999999986,-0.26537580000000016,-0.36126539999999996,0.29534537,0.2981598,0.4064948
6409,2025-02-01 14:00:00,ITA-Serie A,2425,Udinese,Venezia,1,3,2,0.940092,1.36255,1.1200498,1.2035526,-0.0835028000000002,1.0598731,1.3345382,-0.2746651,0.9435082902771188,Venezia,Udinese,0,2,3,1.36255,0.940092,0.6947620000000001,2.039696,-1.344934,0.9156887,2.0587204,-1.1430317,0.9828657022133152,1,5,1,0.19116229999999979,-0.20190229999999998,0.4252878,0.14418439999999988,0.34455702,0.48659322,0.16884978
6410,2025-02-01 14:00:00,ITA-Serie A,2425,Monza,Verona,1,0,1,0.279515,0.854806,1.0988510000000002,1.8530206,-0.7541695999999998,1.1862268,1.7674373,-0.5812104999999999,0.843008400241505,Verona,Monza,0,1,0,0.854806,0.279515,1.0868802000000002,1.5629948,-0.4761145999999998,1.1843827,1.8231554,-0.6387726999999999,0.6754567797581138,2,1,0,-0.17295909999999992,0.16265810000000008,0.01197080000000006,0.0018441000000000152,0.26447925,0.45906347,0.27645728
6411,2025-02-01 14:30:00,GER-Bundesliga,2425,VfB Stuttgart,Borussia M.Gladbach,1,1,2,0.950734,1.96971,2.1286150000000004,1.2087512,0.9198638000000005,2.2459665,1.345573,0.9003935000000003,0.8459605938198126,Borussia M.Gladbach,VfB Stuttgart,0,2,1,1.96971,0.950734,1.0158204,2.9542298,-1.9384094,1.4099891999999998,2.084006,-0.6740168000000002,1.0638371812796998,2,3,1,0.019470300000000162,-1.2643925999999999,1.1127946000000004,0.8359773000000004,0.15770997,0.7078456,0.13444437
6414,2025-02-01 14:30:00,GER-Bundesliga,2425,Bochum,Freiburg,1,0,1,0.843049,3.33243,1.5443728,1.7412866,-0.1969137999999999,1.1802173,1.8545573,-0.6743400000000002,0.6778407011651997,Freiburg,Bochum,0,1,0,3.33243,0.843049,0.6276782,2.1608482,-1.5331699999999997,1.3653691,1.7729495,-0.4075804,0.952122798060394,2,1,0,0.47742620000000024,-1.1255895999999996,0.9166946000000001,-0.18515179999999987,0.25255707,0.42941657,0.31802636
6415,2025-02-01 14:30:00,GER-Bundesliga,2425,Bayern Munich,Holstein Kiel,1,4,3,4.93236,2.05752,3.3318982,0.4150891999999999,2.916809,2.8267593,0.56704858,2.25971072,0.919780853013961,Holstein Kiel,Bayern Munich,0,3,4,2.05752,4.93236,1.4576167999999998,1.2941122,0.1635045999999997,1.1142519,1.6891240999999997,-0.5748721999999997,1.5256859551363968,1,7,1,0.65709828,0.7383767999999994,1.8742814,1.7125074,0.10178267,0.8146556,0.08356173
6412,2025-02-01 14:30:00,GER-Bundesliga,2425,St. Pauli,Augsburg,1,1,1,0.849878,0.194891,1.984218,1.6768972000000002,0.3073207999999996,1.58097608,1.591495,-0.0105189199999999,0.6325202386868253,Augsburg,St. Pauli,0,1,1,0.194891,0.849878,1.1686908,1.5501232,-0.3814324,1.0725769,1.4999161,-0.4273391999999998,0.9323332132798932,0,2,0,0.3178397199999995,0.0459067999999998,0.8155272,0.5083991799999998,0.19616616,0.54539,0.25844377
6413,2025-02-01 14:30:00,GER-Bundesliga,2425,FC Heidenheim,Borussia Dortmund,1,1,2,0.525888,2.68284,1.2116213999999998,1.692728,-0.4811066000000001,1.2552156,2.177906,-0.9226904,0.9560103013296668,Borussia Dortmund,FC Heidenheim,0,2,1,2.68284,0.525888,1.426556,1.792748,-0.3661920000000001,1.2059344,1.75944,-0.5535056000000003,1.4096940847743586,2,3,1,0.4415837999999999,0.1873136000000002,-0.2149346000000001,0.049281200000000025,0.29342225,0.39200532,0.31457236
6418,2025-02-01 15:00:00,ENG-Premier League,2425,Newcastle United,Fulham,1,1,2,1.22716,1.60881,2.1452582,1.4011502,0.7441079999999998,2.4220451,1.2455962,1.1764489,1.114759954403841,Fulham,Newcastle United,0,2,1,1.60881,1.22716,1.8761734,0.9933128,0.8828606000000001,1.4516539,1.2432525,0.2084013999999998,1.1021903346311854,2,3,1,-0.43234090000000025,0.6744592000000003,0.2690847999999997,0.9703912000000001,0.21552463,0.64651966,0.13795575
6417,2025-02-01 15:00:00,ENG-Premier League,2425,Bournemouth,Liverpool,1,0,2,1.65273,2.7219,2.200206,1.1789256,1.0212804,2.2848080000000004,1.2689028,1.0159052000000004,0.91911402659916,Liverpool,Bournemouth,0,2,0,2.7219,1.65273,3.042834,0.9454172,2.0974168,3.034084,0.9702291,2.0638549,0.9887659706303548,2,2,0,0.00537519999999958,0.03356190000000003,-0.8426279999999999,-0.7492759999999996,0.24872716,0.2919736,0.45929924
6416,2025-02-01 15:00:00,ENG-Premier League,2425,Everton,Leicester,1,4,0,3.11261,0.447136,1.1678478,1.586448,-0.4186002,0.9961293,1.5885784,-0.5924491000000001,0.9034962594752916,Leicester,Everton,0,0,4,0.447136,3.11261,1.3676448,1.966676,-0.5990312,1.2239623,2.082165,-0.8582026999999999,0.7353161651170423,1,4,1,0.17384890000000008,0.2591714999999999,-0.199797,-0.22783299999999995,0.2830126,0.43729544,0.27969193
6419,2025-02-01 15:00:00,ENG-Premier League,2425,Ipswich,Southampton,1,1,2,1.94845,1.17566,0.9625602,2.138942000000001,-1.1763818000000006,0.97274017,2.247616,-1.2748758299999998,0.8224181567230264,Southampton,Ipswich,0,2,1,1.17566,1.94845,0.984007,3.4317520000000004,-2.4477450000000003,1.0967928,3.255212,-2.1584192,0.5470490442232624,2,3,1,0.09849402999999923,-0.2893258000000003,-0.021446799999999988,-0.12405263,0.28991836,0.37925866,0.33082294
6420,2025-02-01 15:15:00,ESP-La Liga,2425,Villarreal,Real Valladolid,1,5,1,3.89354,0.747261,2.380678,1.2502774,1.1304005999999995,2.0402699,1.1691899,0.8710800000000003,0.9312488846456616,Real Valladolid,Villarreal,0,1,5,0.747261,3.89354,0.8246278999999997,1.5209844,-0.6963565000000004,0.76897185,1.7648479,-0.99587605,0.650218014849289,1,6,1,0.25932059999999924,0.29951954999999963,1.5560501000000002,1.2712980500000002,0.15113905,0.76517373,0.08368723
6421,2025-02-01 16:00:00,FRA-Ligue 1,2425,Brest,Paris Saint Germain,1,2,5,0.63646,3.94899,1.6711168,1.4648464,0.2062704000000002,1.6293866,1.8781237,-0.2487371,0.9819640213292404,Paris Saint Germain,Brest,0,5,2,3.94899,0.63646,2.688516,1.3427595999999995,1.3457564000000002,2.912874,1.1657901000000002,1.7470838999999998,0.720937218383899,2,7,1,0.4550075000000002,-0.4013274999999996,-1.0173991999999998,-1.2834874,0.18410024,0.23327024,0.58262956
6422,2025-02-01 17:00:00,ITA-Serie A,2425,Atalanta,Torino,1,1,1,3.35128,0.629596,1.311262,1.3708399999999998,-0.0595779999999996,1.895341,1.2171423,0.6781987000000003,0.8969357509093345,Torino,Atalanta,0,1,1,0.629596,3.35128,0.9745482,0.9192976,0.0552506000000001,0.9107566,1.0234112,-0.1126545999999999,0.8783895956509175,0,2,0,-0.7377766999999998,0.1679052,0.33671379999999995,0.9845843999999999,0.22066964,0.6349827,0.14434762
6423,2025-02-01 17:30:00,ESP-La Liga,2425,Atletico Madrid,Mallorca,1,2,0,1.59869,0.421783,1.9261412,1.3119576,0.6141836,2.0083906,0.91868084,1.08970976,0.946030644621298,Mallorca,Atletico Madrid,0,0,2,0.421783,1.59869,1.1968806,1.1647492,0.0321314000000001,1.052916,1.6073086,-0.5543926000000001,0.8547682295945456,1,2,0,-0.47552616000000003,0.5865240000000003,0.7292605999999999,0.9554745999999998,0.16008708,0.7612566,0.078656375
6424,2025-02-01 17:30:00,ENG-Premier League,2425,Wolverhampton Wanderers,Aston Villa,1,2,0,2.00146,0.742809,1.1203282,2.2052096000000003,-1.0848814000000002,1.1124314000000002,1.6604214000000002,-0.54799,0.8989310271797188,Aston Villa,Wolverhampton Wanderers,0,0,2,0.742809,2.00146,1.5249322,1.2616444000000002,0.2632877999999998,1.6029596000000002,1.4037754,0.1991842000000001,0.9357684774036242,1,2,0,-0.5368914000000002,0.0641035999999997,-0.40460399999999996,-0.49052819999999997,0.2812562,0.27124324,0.44750056
6425,2025-02-01 17:30:00,GER-Bundesliga,2425,Union Berlin,RasenBallsport Leipzig,1,0,0,1.74847,0.237923,1.3321276000000002,1.743206,-0.4110783999999998,1.4085082,1.6082378,-0.1997295999999999,0.4969793594532432,RasenBallsport Leipzig,Union Berlin,0,0,0,0.237923,1.74847,1.4014296,2.689598,-1.2881684000000002,1.5258151,2.2052449,-0.6794297999999999,1.2452352547597316,0,0,0,-0.2113487999999999,-0.6087386000000004,-0.06930199999999975,-0.11730689999999999,0.25573578,0.47836742,0.2658968
6426,2025-02-01 18:00:00,FRA-Ligue 1,2425,Monaco,Auxerre,1,4,2,2.07751,1.6376,2.62847,1.959524,0.668946,2.4364028,1.4344519,1.0019509000000002,0.6977496915741143,Auxerre,Monaco,0,2,4,1.6376,2.07751,0.7834169999999998,1.7124159999999995,-0.928999,0.9565028,1.8265323,-0.8700294999999998,1.25456898341648,1,6,1,-0.33300490000000016,-0.05896950000000023,1.8450530000000003,1.4799000000000002,0.14730394,0.7657913,0.08690478
6427,2025-02-01 19:45:00,ITA-Serie A,2425,Bologna,Como,1,2,0,1.681,0.640061,1.8608452,1.0852802,0.7755649999999998,1.84726484,1.0653301000000002,0.7819347399999999,0.9744130817684584,Como,Bologna,0,0,2,0.640061,1.681,1.6640901999999995,0.9623946,0.7016955999999998,1.3239209,1.0368244,0.2870965000000001,1.057464190297026,1,2,0,-0.006369740000000013,0.41459909999999967,0.19675500000000046,0.52334394,0.22872977,0.5767161,0.1945541
6428,2025-02-01 20:00:00,ESP-La Liga,2425,Espanyol,Real Madrid,1,1,0,0.52719,1.52796,1.2761505999999998,1.5065484000000002,-0.2303978000000004,1.0629531,1.5066097,-0.4436565999999999,0.9407743946798832,Real Madrid,Espanyol,0,0,1,1.52796,0.52719,3.1218200000000005,1.1338625999999998,1.9879574000000009,2.798631,0.8625400599999999,1.93609094,1.03622055347041,1,1,0,0.2132587999999995,0.05186646000000095,-1.8456694000000007,-1.7356778999999998,0.13570781,0.20403738,0.66025484
6429,2025-02-01 20:05:00,FRA-Ligue 1,2425,Lille,Saint-Etienne,1,4,1,2.74822,2.10343,1.42789,1.3981358,0.0297541999999999,1.6724266,1.270146,0.4022806000000001,0.8371064911868233,Saint-Etienne,Lille,0,1,4,2.10343,2.74822,1.2024279999999998,2.0044738000000004,-0.8020458000000006,1.1150851,1.9626027,-0.8475176000000002,0.8967917365304796,1,5,1,-0.3725264000000002,0.04547179999999962,0.22546200000000027,0.5573415000000002,0.23555681,0.65996957,0.1044736
6430,2025-02-02 11:30:00,ITA-Serie A,2425,Juventus,Empoli,1,4,1,2.00759,0.94947,1.513636,1.3073628,0.2062732,1.5051339,1.0301994,0.4749345,0.9301491846345468,Empoli,Juventus,0,1,4,0.94947,2.00759,1.302149,1.3176278,-0.0154787999999999,1.0540451,1.4043684,-0.3503232999999999,1.1384701295322852,1,5,1,-0.2686613,0.3348445,0.21148699999999998,0.45108879999999996,0.24919055,0.61966705,0.13114242
6431,2025-02-02 13:00:00,ESP-La Liga,2425,Barcelona,Alaves,1,1,0,1.18526,0.126278,2.988792,1.3436272,1.6451647999999996,2.6904142,1.3671398,1.3232744000000003,0.8177176519074082,Alaves,Barcelona,0,0,1,0.126278,1.18526,1.3228734000000002,0.6947126,0.6281608000000002,1.223417,1.136021,0.087396,0.9808585454848632,1,1,0,0.32189039999999935,0.5407648000000002,1.6659186,1.4669972000000002,0.16645783,0.6658555,0.16768658
6433,2025-02-02 14:00:00,ENG-Premier League,2425,Brentford,Tottenham,1,0,2,1.66475,0.945355,2.2665608,2.0591008,0.2074599999999997,1.7600310999999995,2.0360421000000004,-0.2760110000000007,0.9090743288147984,Tottenham,Brentford,0,2,0,0.945355,1.66475,1.3393502,1.8581834,-0.5188331999999998,1.6728815,2.2917217,-0.6188402,1.0759871060878454,2,2,0,0.4834710000000004,0.10000700000000018,0.9272106000000002,0.0871495999999996,0.19332276,0.55560243,0.2510748
6434,2025-02-02 14:00:00,ITA-Serie A,2425,Fiorentina,Genoa,1,2,1,0.695448,1.96523,1.3064054,1.376871,-0.0704655999999999,1.3361908,1.2872081,0.0489827,0.9729142178540536,Genoa,Fiorentina,0,1,2,1.96523,0.695448,1.6825305999999998,0.9190072,0.7635233999999999,1.3566635,1.0975861999999998,0.2590773000000002,0.8108121057195792,1,3,1,-0.1194482999999999,0.5044460999999997,-0.3761251999999997,-0.02047270000000001,0.30294648,0.36262095,0.3344326
6435,2025-02-02 14:00:00,FRA-Ligue 1,2425,Toulouse,Nice,1,1,1,0.854551,1.51342,1.565248,1.0207804,0.5444675999999999,1.4912297,1.080146,0.4110836999999998,0.6705870526941271,Nice,Toulouse,0,1,1,1.51342,0.854551,2.261138,1.4620816,0.7990563999999998,2.150684,1.5363902,0.6142938,0.9299362761166792,0,2,0,0.13338390000000017,0.18476259999999978,-0.6958899999999999,-0.6594542999999999,0.26635665,0.27826798,0.45537537
6432,2025-02-02 14:00:00,ENG-Premier League,2425,Manchester United,Crystal Palace,1,0,2,1.50706,2.44633,1.4608215999999998,1.8407482,-0.3799265999999999,1.3720717,1.61147,-0.2393982999999999,0.8017067900265051,Crystal Palace,Manchester United,0,2,0,2.44633,1.50706,1.89057,1.3948823999999995,0.4956876000000001,1.7433276,1.461018,0.2823096,0.8604229862344942,2,2,0,-0.1405283,0.21337800000000012,-0.42974840000000025,-0.37125589999999997,0.2734482,0.29365358,0.43289825
6436,2025-02-02 14:30:00,GER-Bundesliga,2425,Eintracht Frankfurt,Wolfsburg,1,1,1,1.69604,1.46292,2.400546,1.3586134,1.0419326,2.0976459,1.477229,0.6204168999999999,1.00112178079161,Wolfsburg,Eintracht Frankfurt,0,1,1,1.46292,1.69604,2.0790248,1.5895114,0.4895134000000001,1.8727168,1.8644147,0.0083020999999998,1.388356537220931,0,2,0,0.42151570000000005,0.4812113000000003,0.32152119999999984,0.22492909999999977,0.20750012,0.5816203,0.21087965
6437,2025-02-02 15:15:00,ESP-La Liga,2425,Valencia,Celta Vigo,1,2,1,1.93065,0.51501,1.371516,2.0171679999999994,-0.6456519999999994,1.3304112,1.5292976,-0.1988864000000001,0.9019760943262548,Celta Vigo,Valencia,0,1,2,0.51501,1.93065,1.1927856,1.038967,0.1538186000000001,1.4549653,1.1799791,0.2749862,0.893491484991783,1,3,1,-0.4467655999999993,-0.1211675999999999,0.17873040000000007,-0.12455410000000011,0.27514583,0.33451003,0.39034414
6439,2025-02-02 16:15:00,FRA-Ligue 1,2425,Rennes,Strasbourg,1,1,0,0.763344,0.994427,1.5352340000000002,1.9501652,-0.4149311999999998,1.2172939,1.59851,-0.3812160999999998,1.0679417123985322,Strasbourg,Rennes,0,0,1,0.994427,0.763344,1.6337465999999998,1.95642,-0.3226734000000002,1.1940479,2.226228,-1.0321801,1.1724812945265477,1,1,0,-0.0337151,0.7095066999999997,-0.09851259999999962,0.0232460000000001,0.2889282,0.4492228,0.261849
6440,2025-02-02 16:15:00,FRA-Ligue 1,2425,Reims,Nantes,1,1,2,0.960868,1.41652,1.1704164,2.165268,-0.9948516,1.2417064,1.7676381,-0.5259316999999999,0.724808437156773,Nantes,Reims,0,2,1,1.41652,0.960868,1.3747759999999998,1.8553714,-0.4805954000000001,1.2931186,1.9021556,-0.6090369999999998,0.8506560414056056,2,3,1,-0.46891990000000006,0.1284415999999997,-0.20435959999999986,-0.05141219999999991,0.30728915,0.43183792,0.26087293
6438,2025-02-02 16:15:00,FRA-Ligue 1,2425,Angers,Le Havre,1,1,1,1.77333,2.19254,1.41211276,1.0311982,0.3809145599999999,1.25260118,1.4044953,-0.1518941199999999,0.8781718709766256,Le Havre,Angers,0,1,1,2.19254,1.77333,1.2603086,2.309658,-1.0493494,1.234028,2.0197085,-0.7856805,0.5672476092539154,0,2,0,0.5328086799999998,-0.2636689000000001,0.1518041600000002,0.01857318000000019,0.27069986,0.4934329,0.23586723
6442,2025-02-02 16:30:00,GER-Bundesliga,2425,Bayer Leverkusen,Hoffenheim,1,3,1,1.35418,1.94944,2.359552,0.9227784,1.4367735999999998,1.7886267,1.0156796,0.7729471000000001,1.4536283878416956,Hoffenheim,Bayer Leverkusen,0,1,3,1.94944,1.35418,1.6706478,1.7996238000000002,-0.1289760000000002,1.4993767000000002,1.6290865,-0.1297097999999998,0.8003320310819615,1,4,1,0.6638264999999997,0.0007337999999995903,0.6889041999999999,0.2892499999999998,0.21618122,0.6212962,0.16252258
6441,2025-02-02 16:30:00,ENG-Premier League,2425,Arsenal,Manchester City,1,5,1,1.53202,0.743191,1.7193695999999996,0.9071098,0.8122597999999996,2.0524598000000003,0.67583187,1.3766279300000002,0.876996042993854,Manchester City,Arsenal,0,1,5,0.743191,1.53202,2.3294880000000004,1.6119774,0.7175106000000004,2.0687753,1.4836591,0.5851161999999999,1.2084438515657785,1,6,1,-0.5643681300000005,0.13239440000000058,-0.6101184000000008,-0.016315499999999705,0.24481215,0.47649923,0.27868858
6443,2025-02-02 17:00:00,ITA-Serie A,2425,AC Milan,Inter,1,1,1,1.04439,1.98309,2.004742,1.3959574,0.6087845999999999,1.5909978,1.1673848999999998,0.4236129000000002,0.7542431835900819,Inter,AC Milan,0,1,1,1.98309,1.04439,2.308298,0.6031551999999999,1.7051428,2.312488,0.5852793000000001,1.7272087,1.2973034682543354,0,2,0,0.18517169999999972,-0.022065900000000083,-0.3035560000000004,-0.7214902000000001,0.25682694,0.100581184,0.6425919
6444,2025-02-02 17:30:00,ESP-La Liga,2425,Osasuna,Real Sociedad,1,2,1,1.11088,2.35115,0.8441507999999999,1.079522,-0.2353712,1.21947366,1.4148262,-0.19535254,0.7380227154535544,Real Sociedad,Osasuna,0,1,2,2.35115,1.11088,0.8770080000000002,1.4141286,-0.5371205999999997,1.0850355,1.0694858999999997,0.0155496000000003,0.8294651838901272,1,3,1,-0.04001866000000001,-0.5526702,-0.032857200000000364,0.13443815999999997,0.24533013,0.48431686,0.27035305
6445,2025-02-02 19:45:00,FRA-Ligue 1,2425,Marseille,Lyon,1,3,2,3.61972,1.83806,2.2569980000000003,1.3712028,0.8857952000000002,2.0209891,1.3507314,0.6702576999999998,0.9401332544874912,Lyon,Marseille,0,2,3,1.83806,3.61972,1.1908612,1.6875159999999998,-0.4966547999999997,1.6659396000000002,1.4527699,0.2131697000000001,0.8403660970865348,1,5,1,0.21553750000000038,-0.7098244999999997,1.0661368000000002,0.3550494999999998,0.17384073,0.6598145,0.16634482
6446,2025-02-02 19:45:00,ITA-Serie A,2425,Roma,Napoli,1,1,1,0.364702,0.384749,1.76965,1.434368,0.3352820000000001,1.8698781,1.3520612,0.5178168999999999,1.0161084746067273,Napoli,Roma,0,1,1,0.384749,0.364702,1.866376,0.6613490000000001,1.2050269999999998,1.75304,0.6778766,1.0751634,1.0267871658449517,0,2,0,-0.18253489999999983,0.12986359999999975,-0.09672600000000009,0.11683810000000006,0.30457345,0.35326755,0.34215897
6447,2025-02-02 20:00:00,ESP-La Liga,2425,Real Betis,Athletic Club,1,2,2,1.31717,1.75905,1.1476684,1.311148,-0.1634795999999998,1.3115109,1.5733346,-0.2618237000000001,0.9149745419770876,Athletic Club,Real Betis,0,2,2,1.75905,1.31717,1.6217992,0.7984264,0.8233727999999999,1.8088305,0.9791224,0.8297080999999998,0.7739803292899312,0,4,1,0.0983441000000003,-0.006335299999999933,-0.4741308000000002,-0.4973196,0.2577473,0.25722095,0.48503178
6448,2025-02-03 19:45:00,ITA-Serie A,2425,Cagliari,Lazio,1,1,2,1.82889,1.9337,1.0051289999999995,1.9562928,-0.9511638000000002,1.6021584999999998,1.6925145,-0.0903560000000003,0.686573340544434,Lazio,Cagliari,0,2,1,1.9337,1.82889,1.3857578,1.7610959999999998,-0.3753381999999998,1.4774054,1.47422334,0.0031820599999998,0.8799203793891782,2,3,1,-0.8608077999999999,-0.3785202599999996,-0.38062880000000043,0.12475309999999973,0.26197934,0.4642166,0.27380407
6450,2025-02-03 20:00:00,ENG-Premier League,2425,Chelsea,West Ham,1,2,1,1.39066,1.1868,2.061392,1.4450740000000002,0.6163179999999999,2.437695,1.68991,0.7477850000000001,0.7794245057628186,West Ham,Chelsea,0,1,2,1.1868,1.39066,0.9776766,2.1295622,-1.1518856,1.3912373,2.0494631,-0.6582257999999996,0.7906625342329923,1,3,1,-0.13146700000000022,-0.4936598000000003,1.0837154,1.0464577000000002,0.13948889,0.7445747,0.11593641
6449,2025-02-03 20:00:00,ESP-La Liga,2425,Girona,Las Palmas,1,2,1,2.19186,1.31791,1.2869774,1.8975391,-0.6105617000000001,1.29215,1.36460815,-0.0724581499999998,1.3930260472653735,Las Palmas,Girona,0,1,2,1.31791,2.19186,1.0637434,2.4925526,-1.4288092,0.96388864,2.1787323,-1.21484366,1.3487021190517208,1,3,1,-0.5381035500000003,-0.2139655399999998,0.22323400000000015,0.32826135999999995,0.28003302,0.5543756,0.16559136
6451,2025-02-06 19:30:00,ITA-Serie A,2425,Fiorentina,Inter,1,3,0,1.05274,0.589261,1.239603,1.420433,-0.18083,1.1287016,1.4301871,-0.3014855000000001,1.063167569561725,Inter,Fiorentina,0,0,3,0.589261,1.05274,2.070436,0.7515745999999999,1.3188614,2.363424,0.5891073,1.7743167000000002,1.2693442779017738,1,3,1,0.12065550000000008,-0.4554553000000001,-0.8308329999999999,-1.2347224,0.22404203,0.096607305,0.6793507
6452,2025-02-07 16:00:00,FRA-Ligue 1,2425,Nantes,Brest,1,0,2,1.45114,2.49765,1.3782539999999996,1.6073369999999998,-0.2290830000000001,1.3088696,1.9106203,-0.6017507000000002,0.9168209599940592,Brest,Nantes,0,2,0,2.49765,1.45114,1.3582008,1.9748184,-0.6166175999999997,1.5910116,2.0809377,-0.4899260999999997,1.1313549622422852,2,2,0,0.3726677000000001,-0.12669149999999996,0.02005319999999955,-0.2821420000000001,0.2694822,0.4388207,0.29169714
6453,2025-02-07 17:00:00,ITA-Serie A,2425,Como,Juventus,1,1,2,0.935692,1.32392,1.3402303999999998,1.2113414,0.1288889999999998,1.260922,1.1101978,0.1507241999999999,1.1102977739322704,Juventus,Como,0,2,1,1.32392,0.935692,1.56567,1.2913647999999998,0.2743052000000003,1.6247622,1.0945122,0.5302499999999999,1.1078537475491814,2,3,1,-0.021835200000000082,-0.2559447999999996,-0.22543960000000007,-0.36384019999999984,0.2918279,0.32264555,0.38552657
6454,2025-02-07 19:30:00,GER-Bundesliga,2425,Bayern Munich,Werder Bremen,1,3,0,4.47713,0.151051,3.4469402,0.7160803999999998,2.7308598,3.1526993,0.7652851999999999,2.3874141,0.9198463932648469,Werder Bremen,Bayern Munich,0,0,3,0.151051,4.47713,1.611142,1.6791620000000005,-0.0680200000000004,1.576522,1.4850547,0.0914672999999999,1.078322358760386,1,3,1,0.3434457000000002,-0.1594873000000003,1.8357981999999997,1.5761773000000001,0.10697622,0.78301704,0.11000671
6455,2025-02-07 20:00:00,ESP-La Liga,2425,Rayo Vallecano,Real Valladolid,1,1,0,2.87261,0.610157,1.616356,1.6821232000000002,-0.0657672,1.4021815999999998,1.5221734999999998,-0.1199919,0.9271260390765084,Real Valladolid,Rayo Vallecano,0,0,1,0.610157,2.87261,0.8677138999999998,2.168244,-1.3005301000000002,0.82328875,1.8325069,-1.0092181499999997,0.7287835175890384,1,1,0,0.0542247,-0.29131195000000054,0.7486421000000001,0.5788928499999998,0.24422546,0.5465485,0.209226
6456,2025-02-07 20:05:00,FRA-Ligue 1,2425,Paris Saint Germain,Monaco,1,4,1,3.13964,0.924683,2.959084,1.2221616,1.7369224,3.030841,1.149094,1.881747,0.8248532915935571,Monaco,Paris Saint Germain,0,1,4,0.924683,3.13964,2.778152,1.982896,0.7952560000000002,2.4966288000000003,1.5482089,0.9484199000000004,0.841133915809224,1,5,1,-0.14482459999999997,-0.15316390000000024,0.18093199999999987,0.5342121999999998,0.22632135,0.61861736,0.15506129
6457,2025-02-08 13:00:00,ESP-La Liga,2425,Celta Vigo,Real Betis,1,3,2,1.75134,1.51159,1.1100186,1.3276038,-0.2175852,1.2939893000000002,1.3305695,-0.0365801999999997,1.004644316112725,Real Betis,Celta Vigo,0,2,3,1.51159,1.75134,1.0764024,1.341044,-0.2646415999999998,1.2887289000000002,1.3289096,-0.0401806999999998,1.0087451218443833,1,5,1,-0.1810050000000003,-0.22446090000000002,0.033616199999999985,0.005260400000000054,0.28927395,0.45143273,0.25929332
6458,2025-02-08 14:30:00,GER-Bundesliga,2425,Wolfsburg,Bayer Leverkusen,1,0,0,0.895017,1.66317,1.9809348,1.4463994,0.5345354,1.8637758,1.7715706999999998,0.0922051000000003,1.287707841411053,Bayer Leverkusen,Wolfsburg,0,0,0,1.66317,0.895017,1.9784520000000003,1.0443444000000002,0.9341076,1.7834907000000002,1.1328682,0.6506225000000003,1.5699540401561722,0,0,0,0.4423302999999997,0.2834850999999997,0.002482799999999674,0.08028509999999978,0.24441561,0.3939758,0.36160862
6459,2025-02-08 14:30:00,GER-Bundesliga,2425,Mainz 05,Augsburg,1,0,0,1.99994,0.260742,1.3952622,1.728838,-0.3335758000000002,1.7158396,1.4872887,0.2285509000000001,1.0490484955304125,Augsburg,Mainz 05,0,0,0,0.260742,1.99994,0.981541,1.2229088,-0.2413677999999999,0.9950331,1.543339,-0.5483059,1.105489751557258,0,0,0,-0.5621267000000003,0.3069381000000001,0.4137211999999999,0.7208065,0.21452208,0.63821495,0.14726298
6460,2025-02-08 14:30:00,GER-Bundesliga,2425,Hoffenheim,Union Berlin,1,0,4,0.881646,3.86589,1.3159558,1.972361,-0.6564052,1.6527558,1.6674716,-0.0147158,0.7865646052704186,Union Berlin,Hoffenheim,0,4,0,3.86589,0.881646,1.3536076,1.2440786,0.1095289999999999,1.5031868000000002,1.3654111,0.1377757000000001,0.4656770098852585,2,4,1,-0.6416894000000001,-0.028246700000000208,-0.0376517999999999,0.14956899999999984,0.25542128,0.42506588,0.31951284
6461,2025-02-08 14:30:00,GER-Bundesliga,2425,Freiburg,FC Heidenheim,1,1,0,1.33195,0.434356,1.0258422,1.6775219999999995,-0.6516797999999997,1.4319931,1.7770860000000002,-0.3450929000000002,0.9776576593437084,FC Heidenheim,Freiburg,0,0,1,0.434356,1.33195,1.2143284,1.892558,-0.6782295999999999,1.0453564,2.290957,-1.2456005999999995,1.1479327548645086,1,1,0,-0.3065868999999995,0.5673709999999996,-0.18848620000000005,0.38663669999999994,0.26416075,0.53954214,0.19629711
6462,2025-02-08 14:30:00,GER-Bundesliga,2425,Borussia Dortmund,VfB Stuttgart,1,1,2,1.07063,0.452825,1.4808040000000002,1.5072516000000002,-0.0264476,1.3897077000000002,1.4932797999999998,-0.1035720999999996,1.2952354691310488,VfB Stuttgart,Borussia Dortmund,0,2,1,0.452825,1.07063,1.8355758,1.0871312,0.7484445999999998,2.0591779,1.34865,0.7105278999999998,0.8741348311212785,2,3,1,0.0771244999999996,0.037916700000000025,-0.35477179999999975,-0.6694701999999997,0.24632183,0.26154485,0.49213335
6463,2025-02-08 15:15:00,ESP-La Liga,2425,Athletic Club,Girona,1,3,0,3.81937,0.0558089,1.7106412,0.9025686,0.8080725999999999,1.5644055,0.9563404,0.6080650999999999,0.9588300738970338,Girona,Athletic Club,0,0,3,0.0558089,3.81937,1.5374024,1.8309391,-0.2935367000000002,1.330062,1.46434465,-0.1342826499999998,1.2029505369294538,1,3,1,0.2000075,-0.1592540500000004,0.17323880000000003,0.23434349999999982,0.2255985,0.5569346,0.2174669
6465,2025-02-08 16:00:00,FRA-Ligue 1,2425,Lille,Le Havre,1,1,2,1.76979,1.65349,1.7295079999999998,1.5757918,0.1537161999999998,1.7800076,1.322478,0.4575296,0.9550515654812004,Le Havre,Lille,0,2,1,1.65349,1.76979,1.3821606000000002,2.38598,-1.0038193999999998,1.273302,2.1247724000000003,-0.8514704000000004,0.5497513160653827,2,3,1,-0.3038134000000002,-0.1523489999999994,0.34734739999999964,0.5067056000000001,0.21712722,0.6589605,0.12391232
6464,2025-02-08 16:00:00,FRA-Ligue 1,2425,Nice,Lens,1,2,0,3.37347,1.02488,2.253438,1.1427498000000005,1.1106881999999998,2.109941,1.5198243,0.5901167,0.9478933544144816,Lens,Nice,0,0,2,1.02488,3.37347,2.2014000000000005,1.3599955600000002,0.8414044400000003,2.117463,1.22955888,0.8879041199999997,0.7556208747822867,1,2,0,0.5205714999999997,-0.04649967999999949,0.052037999999999585,-0.007521999999999807,0.2689709,0.4544634,0.27656567
6466,2025-02-08 17:00:00,ITA-Serie A,2425,Verona,Atalanta,1,0,5,1.78844,2.14751,1.0980486000000005,1.0459338,0.0521148000000002,1.2144,1.5713328999999998,-0.3569328999999999,0.7411061091023476,Atalanta,Verona,0,5,0,2.14751,1.78844,1.384888,1.3838594,0.0010286000000001,1.876106,1.2178833,0.6582227,0.7995279586931875,2,5,1,0.40904770000000007,-0.6571941,-0.2868393999999994,-0.6617060000000001,0.19077677,0.30195448,0.5072688
6467,2025-02-08 17:00:00,ITA-Serie A,2425,Torino,Genoa,1,1,1,0.647236,0.308682,0.9797492000000002,1.3416456,-0.3618963999999999,0.8282832000000001,1.2668828,-0.4385995999999997,0.9658520589913462,Genoa,Torino,0,1,1,0.308682,0.647236,1.6721266,0.7727147999999999,0.8994118,1.3334065000000002,0.885908,0.4474985000000001,0.7499582835704763,0,2,0,0.0767031999999998,0.4519132999999999,-0.6923773999999997,-0.5051233,0.29321578,0.26537392,0.44141033
6468,2025-02-08 17:00:00,ITA-Serie A,2425,Empoli,AC Milan,1,0,2,0.668788,1.90573,1.206661,1.3156958,-0.1090347999999998,1.1323032,1.4958424,-0.3635392000000002,1.059785877328725,AC Milan,Empoli,0,2,0,1.90573,0.668788,1.760924,1.4703234,0.2906005999999999,1.6648026000000002,1.2845632,0.3802394000000002,0.7808728909524222,2,2,0,0.25450440000000035,-0.08963880000000035,-0.554263,-0.5324994000000003,0.26197347,0.2909815,0.44704503
6470,2025-02-08 17:30:00,ESP-La Liga,2425,Las Palmas,Villarreal,1,1,2,1.90619,1.26021,1.1591307999999998,2.6818006,-1.5226698,1.0923892,2.2244493,-1.1320601,1.2815933354217202,Villarreal,Las Palmas,0,2,1,1.26021,1.90619,2.6535699999999998,1.0283056,1.6252643999999994,2.2853309,1.1830589,1.102272,0.9189037268503538,2,3,1,-0.39060970000000017,0.5229923999999995,-1.4944392,-1.1929417,0.31763056,0.20495239,0.47741705
6469,2025-02-08 17:30:00,GER-Bundesliga,2425,Borussia M.Gladbach,Eintracht Frankfurt,1,1,1,0.656491,2.5487,1.3116636,2.3997966,-1.0881329999999998,1.4754391999999998,2.0940991,-0.6186599000000004,1.152198509976887,Eintracht Frankfurt,Borussia M.Gladbach,0,1,1,2.5487,0.656491,2.221924,1.5005403999999998,0.7213836000000002,2.0733559,1.341659,0.7316969000000002,0.9163882976442695,0,2,0,-0.4694730999999994,-0.01031329999999997,-0.9102604000000001,-0.5979167000000003,0.28699666,0.27039823,0.4426051
6471,2025-02-08 20:00:00,ESP-La Liga,2425,Real Madrid,Atletico Madrid,1,1,1,2.55575,1.62463,3.1965540000000003,0.9177626,2.2787914,2.624112,0.9084698,1.7156421999999998,0.9527028752191694,Atletico Madrid,Real Madrid,0,1,1,1.62463,2.55575,1.8751272,1.3485798,0.5265474000000001,1.9947906,0.9575687,1.0372219,0.952480449586814,0,2,0,0.5631492,-0.5106744999999999,1.3214268000000002,0.6293213999999998,0.19914266,0.602057,0.19880038
6472,2025-02-08 20:05:00,FRA-Ligue 1,2425,Saint-Etienne,Rennes,1,0,2,0.462142,4.06991,1.5454561999999998,2.2076198,-0.6621636000000004,1.0426831,2.1923073,-1.1496242,0.8631569235591106,Rennes,Saint-Etienne,0,2,0,4.06991,0.462142,1.5624688,2.0706914,-0.5082225999999999,1.223441,1.4580556999999998,-0.2346146999999998,1.1443125215580303,2,2,0,0.4874605999999997,-0.27360790000000007,-0.017012600000000155,-0.18075789999999992,0.2771415,0.34145188,0.38140658
6473,2025-02-09 13:00:00,ESP-La Liga,2425,Alaves,Getafe,1,0,1,1.25855,0.825065,1.1873738,0.7630234,0.4243504,1.0924628,1.1837183,-0.0912554999999999,1.0068983521467714,Getafe,Alaves,0,1,0,0.825065,1.25855,1.2466404,1.8649426,-0.6183021999999998,0.8227995,1.6837957,-0.8609961999999999,1.093825295439174,2,1,0,0.5156059,0.24269400000000008,-0.05926659999999995,0.26966330000000005,0.28781056,0.5475236,0.16466586
6474,2025-02-09 13:30:00,GER-Bundesliga,2425,Holstein Kiel,Bochum,1,2,2,2.0,2.0,1.3719308,2.0544562,-0.6825253999999998,1.2315808,1.9562311,-0.7246503000000002,1.5427314693997591,Bochum,Holstein Kiel,0,2,2,2.0,2.0,1.3762446000000002,2.305302,-0.9290574,1.1867668,2.0472463,-0.8604794999999998,0.5898373717251176,0,4,1,0.042124900000000354,-0.06857790000000019,-0.004313800000000256,0.04481399999999991,0.29437804,0.43722516,0.26839682
6475,2025-02-09 14:00:00,FRA-Ligue 1,2425,Lyon,Reims,1,4,0,3.24979,0.307882,1.3105832,1.89223,-0.5816468000000001,1.6917346000000002,1.6475009,0.0442337000000001,0.8866633769485018,Reims,Lyon,0,0,4,0.307882,3.24979,1.058442,2.182752,-1.12431,1.2559271,1.818282,-0.5623549000000001,0.7962239239650742,1,4,1,-0.6258805000000003,-0.5619550999999998,0.25214119999999984,0.4358075000000001,0.2585178,0.56214505,0.17933716
6476,2025-02-09 15:15:00,ESP-La Liga,2425,Valencia,Leganes,1,2,0,2.03187,0.417562,1.488122,1.811582,-0.3234599999999996,1.3561382,1.4755566,-0.1194184,0.7373874304348699,Leganes,Valencia,0,0,2,0.417562,2.03187,1.3487943999999998,2.5571,-1.2083056,1.0550992,2.1254994,-1.0704001999999997,0.6634440975368974,1,2,0,-0.2040415999999996,-0.1379054000000004,0.1393276000000001,0.30103900000000006,0.27846926,0.5289985,0.19253224
6478,2025-02-09 16:15:00,FRA-Ligue 1,2425,Strasbourg,Montpellier,1,2,0,3.17215,1.9822,1.554288,1.7924327999999998,-0.2381447999999997,1.2483732,2.0198174,-0.7714441999999999,1.121458613931624,Montpellier,Strasbourg,0,0,2,1.9822,3.17215,1.5319994,2.169606,-0.6376065999999998,1.6812181,1.872718,-0.1914999000000001,0.7137677653079245,1,2,0,0.5332994000000002,-0.4461066999999997,0.022288599999999992,-0.43284489999999987,0.295995,0.36645833,0.33754665
6477,2025-02-09 16:15:00,FRA-Ligue 1,2425,Auxerre,Toulouse,1,2,2,0.716768,1.16269,1.0088849999999998,1.780382,-0.7714970000000003,0.8803658000000001,1.964096,-1.0837302,1.1358901766854452,Toulouse,Auxerre,0,2,2,1.16269,0.716768,1.3896602,1.2458066,0.1438536000000001,1.4856767,1.1496219,0.3360547999999999,0.6730934980043115,0,4,1,0.31223319999999966,-0.19220119999999977,-0.3807752000000002,-0.6053108999999999,0.24424535,0.2446829,0.5110718
6479,2025-02-09 16:30:00,GER-Bundesliga,2425,RasenBallsport Leipzig,St. Pauli,1,2,0,1.89601,0.72321,1.3385014,2.167862,-0.8293606,1.4646271,2.2485709,-0.7839437999999999,1.2972576451318938,St. Pauli,RasenBallsport Leipzig,0,0,2,0.72321,1.89601,1.6386316,1.2326894,0.4059422000000001,1.6584485,1.4436881,0.2147604,0.6632701206759687,1,2,0,-0.045416800000000146,0.1911818000000001,-0.3001302000000001,-0.19382140000000003,0.30156577,0.27392966,0.42450458
6481,2025-02-09 17:00:00,ITA-Serie A,2425,Cagliari,Parma Calcio 1913,1,2,1,1.49632,1.15072,1.3104483999999998,1.7085528,-0.3981044000000002,1.5038245,1.6661045,-0.1622800000000002,0.6649707695473976,Parma Calcio 1913,Cagliari,0,1,2,1.15072,1.49632,1.2572678,1.4497133999999998,-0.1924455999999998,1.1978190000000002,2.4233197,-1.2255006999999998,1.0018199729508606,1,3,1,-0.2358244,1.0330551,0.05318059999999991,0.3060054999999997,0.27127302,0.5135036,0.2152234
6480,2025-02-09 17:00:00,ITA-Serie A,2425,Venezia,Roma,1,0,1,0.905188,2.14236,0.8748454000000002,1.7167044,-0.8418589999999998,0.7637086999999999,2.0902574,-1.3265487,1.440337866600359,Roma,Venezia,0,1,0,2.14236,0.905188,1.5203384,1.0586218,0.4617165999999999,1.8470901,1.1881471,0.6589430000000003,1.0827836266440782,2,1,0,0.4846897000000002,-0.19722640000000036,-0.6454929999999998,-1.0833814,0.21984616,0.2439866,0.53616726
6482,2025-02-09 17:00:00,ITA-Serie A,2425,Lazio,Monza,1,5,1,4.42993,0.87219,1.659598,1.5302439999999995,0.1293540000000004,1.4108634000000002,1.647786,-0.2369225999999997,0.8505424050674182,Monza,Lazio,0,1,5,0.87219,4.42993,0.7098140000000001,1.7795338,-1.0697198,1.1225219000000002,1.7074849,-0.5849629999999999,0.8017653804657348,1,6,1,0.3662766000000001,-0.4847568000000002,0.9497839999999999,0.28834150000000003,0.23788211,0.53677934,0.2253385
6483,2025-02-09 17:00:00,ITA-Serie A,2425,Lecce,Bologna,1,0,0,0.844895,0.8506,0.7972776,2.26552,-1.4682423999999998,0.9023002,1.9748348,-1.0725346,1.329932842824547,Bologna,Lecce,0,0,0,0.8506,0.844895,1.6240811999999998,1.0534996,0.5705815999999997,2.0060385,0.8694242000000001,1.1366142999999995,0.996989341436198,0,0,0,-0.39570779999999983,-0.5660326999999998,-0.8268035999999997,-1.1037382999999998,0.24508841,0.18665352,0.56825805
6484,2025-02-09 17:30:00,ESP-La Liga,2425,Real Sociedad,Espanyol,1,2,1,1.67839,0.872507,1.0981140000000005,1.4681099999999998,-0.3699959999999995,1.1983155,1.1176234,0.0806921,0.6676032584046034,Espanyol,Real Sociedad,0,1,2,0.872507,1.67839,1.0058866,1.4558844000000002,-0.4499978000000002,1.0369362,1.4650077,-0.4280714999999999,0.9643785563870214,1,3,1,-0.4506880999999995,-0.021926300000000343,0.09222740000000051,0.16137930000000011,0.26611686,0.53996295,0.1939202
6486,2025-02-09 19:45:00,FRA-Ligue 1,2425,Angers,Marseille,1,0,2,0.367397,2.87581,1.6884195599999998,1.3442722000000005,0.3441473599999995,1.37993118,1.4762243000000002,-0.0962931200000001,0.7971406246935991,Marseille,Angers,0,2,0,2.87581,0.367397,2.737912,1.4907888,1.2471232,2.295339,1.4086364,0.8867025999999998,0.8713306089729627,2,2,0,0.4404404799999996,0.3604206000000003,-1.0494924400000003,-0.9154078199999998,0.23454538,0.2607251,0.5047295
6485,2025-02-09 19:45:00,ITA-Serie A,2425,Napoli,Udinese,1,1,1,2.07882,1.28733,1.4323158,0.6418628,0.7904530000000001,1.5891259,0.6550886,0.9340373,1.1326974579563156,Udinese,Napoli,0,1,1,1.28733,2.07882,1.0601602,1.3553444,-0.2951842,1.0445973,1.4541043,-0.409507,1.1487669470647233,0,2,0,-0.1435842999999999,0.1143228,0.3721555999999999,0.5445286,0.22620775,0.647742,0.12605023
6487,2025-02-09 20:00:00,ESP-La Liga,2425,Sevilla,Barcelona,1,1,4,0.921429,1.93199,1.4519198,1.4655002,-0.0135803999999999,1.1584202,1.3582018,-0.1997816000000001,1.0358926442299228,Barcelona,Sevilla,0,4,1,1.93199,0.921429,2.91761,0.8163688,2.1012412,2.6145422,1.3010317,1.3135104999999998,0.7649519809043507,2,5,1,0.18620120000000018,0.7877307000000002,-1.4656901999999998,-1.456122,0.2065609,0.22632088,0.5671183
6488,2025-02-10 19:45:00,ITA-Serie A,2425,Inter,Fiorentina,1,2,1,1.87526,1.03291,1.7177462,0.8285141999999999,0.889232,2.1425761000000003,0.638918,1.5036581000000004,1.1668191543725543,Fiorentina,Inter,0,1,2,1.03291,1.87526,1.2746276,1.2188292,0.0557984,1.139249,1.3621082000000002,-0.2228592000000002,1.141101601931095,1,3,1,-0.6144261000000004,0.27865760000000017,0.4431185999999998,1.0033271000000004,0.13751404,0.7778904,0.084595546
6489,2025-02-10 20:00:00,ESP-La Liga,2425,Mallorca,Osasuna,1,1,1,1.17321,1.81967,1.0631612,1.2445892,-0.1814279999999999,1.0242656,1.6235956000000002,-0.5993300000000001,0.8786774849438613,Osasuna,Mallorca,0,1,1,1.81967,1.17321,1.0235434,1.4900032,-0.4664598,1.00886666,1.629532,-0.62066534,0.9912102842111126,0,2,0,0.4179020000000002,0.15420553999999997,0.039617799999999814,0.015398940000000083,0.2497398,0.47194037,0.27831987
6490,2025-02-12 19:30:00,ENG-Premier League,2425,Everton,Liverpool,1,2,2,0.910523,0.929103,1.6673316,1.2703692,0.3969624,1.2307154,1.457131,-0.2264155999999999,1.056295341477533,Liverpool,Everton,0,2,2,0.929103,0.910523,2.927478,1.1723074,1.7551705999999998,2.93622,1.0610006,1.8752194,1.0217214576150773,0,4,1,0.6233779999999999,-0.12004880000000018,-1.2601463999999998,-1.7055046,0.1487209,0.23811916,0.61315995
6491,2025-02-14 19:30:00,GER-Bundesliga,2425,Augsburg,RasenBallsport Leipzig,1,0,0,1.05445,1.6452,0.9658605999999998,1.0996628,-0.1338022000000001,1.0061977,1.340674,-0.3344762999999999,1.0932234358879611,RasenBallsport Leipzig,Augsburg,0,0,0,1.6452,1.05445,1.1876254,2.04713,-0.8595046000000002,1.4812521,2.0607489,-0.5794967999999996,1.2151873302408616,0,0,0,0.2006740999999998,-0.2800078000000006,-0.2217648000000001,-0.4750544000000001,0.32146975,0.3947361,0.28379413
6493,2025-02-14 19:45:00,FRA-Ligue 1,2425,Brest,Auxerre,1,2,2,1.97492,1.48646,1.7359560000000005,1.8848084,-0.1488523999999997,1.6521076,1.9222937,-0.2701861000000001,1.150045463113018,Auxerre,Brest,0,2,2,1.48646,1.97492,0.8001385999999998,1.433476,-0.6333374000000002,0.7425766,1.877534,-1.1349574,1.2119945444085574,0,4,1,0.1213337000000004,0.5016199999999998,0.9358174000000007,0.9095309999999999,0.26300785,0.57374364,0.16324855
6492,2025-02-14 19:45:00,ITA-Serie A,2425,Bologna,Torino,1,3,2,3.46262,1.64846,1.3363032,0.9047346,0.4315686000000001,1.6741335,0.9181835000000002,0.7559499999999998,1.0154500728585427,Torino,Bologna,0,2,3,1.64846,3.46262,0.8920364000000001,1.3390648,-0.4470284,0.8487079000000002,1.133555,-0.2848470999999997,1.0604342666843718,1,5,1,-0.3243813999999997,-0.1621813000000003,0.44426679999999985,0.8254255999999998,0.22666888,0.6380859,0.13524522
6494,2025-02-14 20:00:00,ENG-Premier League,2425,Brighton,Chelsea,1,3,0,2.06892,0.649788,1.2800712,1.667272,-0.3872008000000002,1.2462638,1.6837493,-0.4374854999999999,0.962877231227264,Chelsea,Brighton,0,0,3,0.649788,2.06892,2.01828,1.382248,0.6360319999999997,1.993451,1.617576,0.3758749999999997,0.8026278034284247,1,3,1,0.05028469999999974,0.260157,-0.7382087999999998,-0.7471872000000002,0.25486812,0.24824896,0.49688292
6495,2025-02-14 20:00:00,ESP-La Liga,2425,Girona,Getafe,1,1,2,1.287,0.95535,1.11568618,2.592416,-1.47672982,1.28354039,1.82420205,-0.5406616599999998,1.168641706209412,Getafe,Girona,0,2,1,0.95535,1.287,1.2646052,1.7041046000000002,-0.4394994000000001,0.8832264000000001,1.7575482,-0.8743217999999999,1.1322112515983993,2,3,1,-0.9360681600000003,0.43482239999999983,-0.14891902000000012,0.4003139899999999,0.36023387,0.46762562,0.17214045
6496,2025-02-15 12:30:00,ENG-Premier League,2425,Leicester,Arsenal,1,0,2,0.233209,1.75,1.0886559999999998,2.273194,-1.1845380000000003,0.9906149,2.10571,-1.1150950999999998,0.6056837973224537,Arsenal,Leicester,0,2,0,1.75,0.233209,1.6260775999999997,1.0012272,0.6248503999999997,1.9089778,0.7245426699999999,1.18443513,1.1000645999840335,2,2,0,-0.06944290000000053,-0.5595847300000003,-0.5374215999999998,-0.9183629,0.22964504,0.11506686,0.6552881
6497,2025-02-15 13:00:00,ESP-La Liga,2425,Leganes,Alaves,1,3,3,1.76328,1.4212,1.1373928,2.161452,-1.0240591999999995,0.9875364,2.274694,-1.2871576,0.6075719258835158,Alaves,Leganes,0,3,3,1.4212,1.76328,1.1304957999999998,0.6585124,0.4719833999999998,1.1574607,1.1219318,0.0355289,0.9503554199676758,0,6,1,0.2630984000000005,0.43645449999999975,0.006897000000000153,-0.16992429999999992,0.28641352,0.27994373,0.43364275
6498,2025-02-15 14:00:00,ITA-Serie A,2425,Atalanta,Cagliari,1,0,0,0.473748,0.123294,1.767781,1.3311134,0.4366676,1.914161,1.3299392,0.5842218000000001,0.940359279935554,Cagliari,Atalanta,0,0,0,0.123294,0.473748,1.4534077999999997,1.6270228,-0.1736150000000003,1.3886404999999995,1.7205599000000005,-0.3319194000000005,0.7921410961720503,0,0,0,-0.14755420000000014,0.15830440000000018,0.31437320000000035,0.5255205000000005,0.19272369,0.68691033,0.120365985
6499,2025-02-15 14:30:00,GER-Bundesliga,2425,Bochum,Borussia Dortmund,1,2,0,3.3688,2.70519,1.6366976000000002,2.360542,-0.7238443999999999,1.3215409,2.0414793,-0.7199383999999998,0.6810226751039827,Borussia Dortmund,Bochum,0,0,2,2.70519,3.3688,1.397604,1.2211366,0.1764674000000001,1.3467967,1.4189923,-0.0721955999999999,1.1137530157647284,1,2,0,-0.003906000000000187,0.24866300000000002,0.23909360000000013,-0.02525580000000005,0.31833845,0.3173807,0.36428082
6502,2025-02-15 14:30:00,GER-Bundesliga,2425,St. Pauli,Freiburg,1,0,1,0.19059,1.25072,1.2724336,1.1645134,0.1079202000000001,1.6155355,1.3341611,0.2813744,0.6808883612347972,Freiburg,St. Pauli,0,1,0,1.25072,0.19059,1.1422288000000005,1.4306832,-0.2884543999999998,1.4456181,1.6705475999999997,-0.2249294999999995,1.0376177237835331,2,1,0,-0.17345419999999992,-0.06352490000000027,0.13020479999999957,0.1699174000000001,0.23964572,0.56631887,0.19403541
6501,2025-02-15 14:30:00,GER-Bundesliga,2425,VfB Stuttgart,Wolfsburg,1,1,2,1.22466,1.75731,1.4029068,1.2334284,0.1694784,1.8986934,1.3904871,0.5082062999999997,0.948019860384062,Wolfsburg,VfB Stuttgart,0,2,1,1.75731,1.22466,1.8616842,1.5429494,0.3187347999999999,1.8790021,1.8745507,0.0044513999999999,1.224053329129686,2,3,1,-0.33872789999999964,0.3142834,-0.4587774,0.019691300000000078,0.26624933,0.4418047,0.2919459
6500,2025-02-15 14:30:00,GER-Bundesliga,2425,Union Berlin,Borussia M.Gladbach,1,1,2,1.66824,2.22036,1.9199156,1.0692818,0.8506338000000002,1.8264388,1.3793003,0.4471384999999999,0.6022645805243622,Borussia M.Gladbach,Union Berlin,0,2,1,2.22036,1.66824,1.3777228,2.0140646,-0.6363418000000003,1.2419603,2.2337351,-0.9917748,1.2882849087165598,2,3,1,0.40349530000000033,0.35543299999999967,0.5421928,0.5844785000000001,0.19902137,0.66424036,0.1367383
6506,2025-02-15 15:00:00,ENG-Premier League,2425,Southampton,Bournemouth,1,1,3,0.974418,2.08722,0.975433,3.210608,-2.235175,1.0233448,2.866747,-1.8434022,0.6840307548044854,Bournemouth,Southampton,0,3,1,2.08722,0.974418,2.1893680000000004,1.5309924,0.6583756000000003,2.122365,1.4786994,0.6436655999999998,0.9423445343545837,2,4,1,-0.3917727999999998,0.014710000000000445,-1.2139350000000004,-1.0990201999999998,0.2898784,0.21941255,0.49070904
6504,2025-02-15 15:00:00,ENG-Premier League,2425,Fulham,Nottingham Forest,1,2,1,2.20993,0.331301,2.0056222000000004,0.8973608000000001,1.1082614000000004,1.5458705,1.2560295,0.289841,0.9703264469265396,Nottingham Forest,Fulham,0,1,2,0.331301,2.20993,2.1059052,1.8936912000000004,0.2122139999999992,1.775945,1.3769354000000005,0.3990095999999998,1.3513924409863811,1,3,1,0.8184204000000004,-0.1867956000000006,-0.10028299999999968,-0.23007450000000018,0.25519955,0.39967892,0.34512153
6507,2025-02-15 15:00:00,ENG-Premier League,2425,West Ham,Brentford,1,0,1,0.673466,1.96499,1.1113807999999998,1.7479582,-0.6365774000000002,1.2222013,1.9104681,-0.6882667999999998,0.9000146702391248,Brentford,West Ham,0,1,0,1.96499,0.673466,2.54499,1.8484758,0.6965142,1.8132401,1.8089046,0.0043355000000002,0.8272479594688207,2,1,0,0.05168939999999966,0.6921786999999998,-1.4336092,-0.5910388,0.3574298,0.2495826,0.39298755
6503,2025-02-15 15:00:00,ENG-Premier League,2425,Aston Villa,Ipswich,1,1,1,2.89841,0.332864,1.2975,1.474328,-0.1768279999999999,1.3555675,1.4906554,-0.1350879,0.885237448347317,Ipswich,Aston Villa,0,1,1,0.332864,2.89841,1.0520642,2.05283,-1.0007658,1.12041437,2.19976,-1.07934563,0.803273521676162,0,2,0,-0.04174009999999989,0.07857983000000002,0.2454358000000001,0.23515313000000004,0.24707092,0.539877,0.2130521
6505,2025-02-15 15:00:00,ENG-Premier League,2425,Manchester City,Newcastle United,1,4,0,2.12004,0.157211,2.1621222,1.5499654,0.6121567999999997,1.8229254,1.5566456,0.2662798000000002,1.2617075489169505,Newcastle United,Manchester City,0,0,4,0.157211,2.12004,1.9422102,1.5227662,0.4194439999999999,2.3927041,1.1837112,1.2089929,1.0448425090079008,1,4,1,0.34587699999999955,-0.7895489,0.2199120000000001,-0.5697787000000001,0.182964,0.2954019,0.52163404
6508,2025-02-15 15:15:00,ESP-La Liga,2425,Osasuna,Real Madrid,1,1,1,1.64382,2.73344,1.303966,1.4884592,-0.1844931999999999,1.1840444,1.419538,-0.2354936,0.929018431218938,Real Madrid,Osasuna,0,1,1,2.73344,1.64382,3.127508,0.9603226,2.1671854,2.606673,1.060038,1.5466349999999998,0.8823504588606017,0,2,0,0.051000400000000085,0.6205504000000004,-1.8235420000000002,-1.4226285999999997,0.17309102,0.22733088,0.5995781
6509,2025-02-15 16:00:00,FRA-Ligue 1,2425,Marseille,Saint-Etienne,1,5,1,5.94236,1.0312,2.6780920000000004,1.3872,1.2908920000000004,2.3800890000000003,1.2359101,1.1441789000000004,0.8823195761504816,Saint-Etienne,Marseille,0,1,5,1.0312,5.94236,1.0006065999999998,2.7663778,-1.7657712,1.0185862,2.3706513,-1.3520651,0.8835767816442225,1,6,1,0.14671309999999993,-0.4137061000000002,1.6774854000000006,1.3615028000000002,0.11205787,0.823372,0.064570114
6510,2025-02-15 17:00:00,ITA-Serie A,2425,Lazio,Napoli,1,2,2,0.883377,0.558588,2.28167,1.4578379999999995,0.8238319999999999,1.6120964,1.607556,0.0045404,0.9924958628430268,Napoli,Lazio,0,2,2,0.558588,0.883377,1.5286238,0.7238054,0.8048183999999998,1.6328119,0.7395227,0.8932892000000001,1.1023920744379223,0,4,1,0.8192915999999999,-0.0884708000000003,0.7530462,-0.02071550000000011,0.2823459,0.2937652,0.4238889
6511,2025-02-15 17:30:00,ENG-Premier League,2425,Crystal Palace,Everton,1,1,2,2.30646,1.01565,1.769002,1.4525883999999998,0.3164136000000002,1.8225386,1.5645532,0.2579854000000001,0.8778958767205937,Everton,Crystal Palace,0,2,1,1.01565,2.30646,1.7372332,0.9324858,0.8047474,1.1718637,1.4652689000000003,-0.2934052000000002,0.9386749169934036,2,3,1,0.0584282000000001,1.0981526000000001,0.03176880000000004,0.6506748999999998,0.21962267,0.56439716,0.2159802
6512,2025-02-15 17:30:00,ESP-La Liga,2425,Atletico Madrid,Celta Vigo,1,1,1,0.689105,1.45388,2.05791,1.1848818,0.8730282,2.0633906,1.139629,0.9237616,0.9208140616643008,Celta Vigo,Atletico Madrid,0,1,1,1.45388,0.689105,1.2159566,1.5670242,-0.3510676000000001,1.3749558,1.3166635,0.0582922999999999,1.0182138086083867,0,2,0,-0.05073339999999993,-0.4093599,0.8419534000000002,0.6884348,0.17589591,0.68485105,0.13925298
6513,2025-02-15 17:30:00,GER-Bundesliga,2425,Bayer Leverkusen,Bayern Munich,1,0,0,2.55729,0.0720406,1.9344060000000003,0.9260218000000002,1.0083842,1.7472267,1.1192289,0.6279978000000002,1.316371071726942,Bayern Munich,Bayer Leverkusen,0,0,0,0.0720406,2.55729,3.4468942,0.6810515999999998,2.7658426,3.1977533,0.7654807,2.4322726,0.9068864358965916,0,0,0,0.3803863999999999,0.3335699999999999,-1.5124881999999997,-1.4505266,0.24972704,0.14891839,0.60135454
6514,2025-02-15 18:00:00,FRA-Ligue 1,2425,Monaco,Nantes,1,7,1,5.14782,1.36606,2.3427026,2.129516,0.2131865999999997,2.2465231,1.7850556000000002,0.4614674999999999,0.845750998175359,Nantes,Monaco,0,1,7,1.36606,5.14782,1.453928,1.880037,-0.4261090000000003,1.3040926,1.7856803,-0.4815876999999999,0.7668161242413889,1,8,1,-0.24828090000000022,0.0554786999999996,0.8887745999999999,0.9424305000000002,0.1906933,0.6591309,0.15017581
6515,2025-02-15 19:45:00,ITA-Serie A,2425,AC Milan,Verona,1,1,0,1.8755,0.372202,1.656018,1.5423236,0.1136943999999999,1.6530825999999998,1.3113864,0.3416961999999999,0.7259161000689863,Verona,AC Milan,0,0,1,0.372202,1.8755,1.3066792000000005,1.3442428,-0.0375635999999997,1.3326274,1.5212679,-0.1886405,0.6753570612782979,1,1,0,-0.22800179999999998,0.1510769000000003,0.3493387999999995,0.32045519999999983,0.22249392,0.60697734,0.17052874
6516,2025-02-15 20:00:00,ESP-La Liga,2425,Villarreal,Valencia,1,1,1,1.04228,0.740954,2.10359,1.1146296,0.9889603999999996,2.1431589,1.2409479,0.902211,0.9798615586265867,Valencia,Villarreal,0,1,1,0.740954,1.04228,1.62387,1.3567804,0.2670896000000002,1.4258821999999998,1.4451693,-0.0192871000000003,0.7714516869263907,0,2,0,0.08674939999999964,0.2863767000000005,0.47972000000000015,0.7172767000000002,0.20252141,0.6560705,0.1414081
6517,2025-02-15 20:05:00,FRA-Ligue 1,2425,Toulouse,Paris Saint Germain,1,0,1,1.19618,2.93281,1.1837462,1.1233862,0.0603599999999999,1.4703817,1.1900197,0.2803619999999998,0.6800950528049603,Paris Saint Germain,Toulouse,0,1,0,2.93281,1.19618,3.105704,0.7867122,2.3189918,2.9067100000000003,1.1200793,1.7866307000000003,0.8600786249475781,2,1,0,-0.22000199999999986,0.5323610999999997,-1.9219577999999997,-1.4363283000000004,0.17643225,0.23735015,0.5862176
6518,2025-02-16 11:30:00,ITA-Serie A,2425,Fiorentina,Como,1,0,2,0.431215,0.875449,1.1597816,1.3961954000000003,-0.2364138000000002,1.2013355,1.4495612,-0.2482257000000001,1.0821281131473155,Como,Fiorentina,0,2,0,0.875449,0.431215,1.1469888,1.2682534,-0.1212646000000001,1.2158432,1.0670248,0.1488183999999999,1.1514633207116505,2,2,0,0.011811899999999903,-0.270083,0.01279280000000016,-0.014507700000000012,0.2608473,0.4008641,0.3382886
6519,2025-02-16 13:00:00,ESP-La Liga,2425,Espanyol,Athletic Club,1,1,1,1.19577,0.896815,1.0045914,1.6003300000000005,-0.5957386000000002,1.0753584,1.3043257,-0.2289673000000001,0.9299216615393886,Athletic Club,Espanyol,0,1,1,0.896815,1.19577,2.305774,0.75297518,1.55279882,1.7976424999999998,0.87315389,0.9244886099999998,0.9456825004512852,0,2,0,-0.36677130000000013,0.6283102100000002,-1.3011826,-0.7222840999999998,0.27169716,0.2203271,0.50797576
6521,2025-02-16 14:00:00,ITA-Serie A,2425,Udinese,Empoli,1,3,0,2.90516,2.47474,1.1864332000000002,1.6220509999999997,-0.4356177999999995,1.1576917,1.4902763,-0.3325846000000001,1.122923207514395,Empoli,Udinese,0,0,3,2.47474,2.90516,1.0359166,1.6057365999999995,-0.5698199999999998,1.1591264,1.4841224,-0.3249959999999998,1.0352615251783368,1,3,1,-0.10303319999999938,-0.24482399999999999,0.15051660000000022,-0.0014346999999999,0.26561975,0.47305804,0.2613221
6520,2025-02-16 14:00:00,ITA-Serie A,2425,Monza,Lecce,1,0,0,0.278072,1.10949,0.5725780000000001,2.5092152,-1.9366372,1.0341759,2.0118299,-0.977654,0.8702573031751145,Lecce,Monza,0,0,0,1.10949,0.278072,0.8571298,2.222136,-1.3650061999999998,0.8763707000000001,1.9558968,-1.0795261,1.2551751728176526,0,0,0,-0.9589832,-0.2854800999999998,-0.2845517999999999,0.15780519999999987,0.32316947,0.42708427,0.24974628
6522,2025-02-16 14:00:00,ENG-Premier League,2425,Liverpool,Wolverhampton Wanderers,1,2,1,1.86758,1.05329,2.5408986,1.019474,1.5214246000000002,2.8063643,0.9999959,1.8063684,1.033365114655601,Wolverhampton Wanderers,Liverpool,0,1,2,1.05329,1.86758,1.3924808,1.8969054,-0.5044246000000001,1.227805,1.5847983,-0.3569932999999998,0.977353099756802,1,3,1,-0.28494379999999975,-0.14743130000000032,1.1484177999999998,1.5785592999999998,0.09907351,0.83113706,0.069789395
6523,2025-02-16 14:00:00,FRA-Ligue 1,2425,Montpellier,Lyon,1,1,4,1.33893,1.59077,1.6172694,2.5885860000000003,-0.9713166000000002,1.5756801,2.001264,-0.4255838999999999,0.5711815671330956,Lyon,Montpellier,0,4,1,1.59077,1.33893,1.7450912000000005,1.6426364,0.1024548000000002,1.7880665999999998,1.607978,0.1800885999999999,1.0066733494863396,2,5,1,-0.5457327000000003,-0.0776337999999997,-0.12782180000000043,-0.2123864999999998,0.31303132,0.32079443,0.36617425
6524,2025-02-16 14:30:00,GER-Bundesliga,2425,Werder Bremen,Hoffenheim,1,1,3,0.85665,1.91874,1.3759782,2.0445100000000003,-0.6685318000000002,1.5283452,1.7857107,-0.2573654999999999,1.1123134274158564,Hoffenheim,Werder Bremen,0,3,1,1.91874,0.85665,1.256201,2.447285,-1.1910839999999998,1.4807774,1.8810846,-0.4003071999999998,0.6077884442398673,2,4,1,-0.4111663000000003,-0.7907768,0.11977720000000014,0.04756779999999994,0.27212146,0.4786282,0.24925035
6525,2025-02-16 15:15:00,ESP-La Liga,2425,Real Valladolid,Sevilla,1,0,4,0.532481,1.4827,0.9873482,2.309888,-1.3225398,0.79553705,1.9710679,-1.17553085,0.6285054498650317,Sevilla,Real Valladolid,0,4,0,1.4827,0.532481,1.3538396,1.2717022,0.0821373999999999,1.1965707,1.4420818,-0.2455110999999998,1.086437193859758,2,4,1,-0.14700895000000003,0.3276484999999997,-0.3664913999999999,-0.40103365000000013,0.29739192,0.26129863,0.44130942
6528,2025-02-16 16:15:00,FRA-Ligue 1,2425,Reims,Angers,1,0,1,2.06733,2.43148,0.8647944000000001,2.195432,-1.3306375999999998,1.0167632999999998,1.992226,-0.9754627,0.68845847557787,Angers,Reims,0,1,0,2.43148,2.06733,1.38166096,1.7976594,-0.4159984400000001,1.29518788,1.3257103,-0.0305224199999998,0.6948793445478005,2,1,0,-0.35517489999999974,-0.38547602000000025,-0.51686656,-0.27842458000000025,0.3138061,0.32221004,0.3639839
6526,2025-02-16 16:15:00,FRA-Ligue 1,2425,Le Havre,Nice,1,1,3,0.555829,1.22276,1.5357904,2.104956,-0.5691656,1.287616,2.0317994,-0.7441834,0.6989656085621734,Nice,Le Havre,0,3,1,1.22276,0.555829,2.624244,1.0468238,1.5774202,2.254305,1.4027503,0.8515547000000001,0.8871910024637294,2,4,1,0.1750178,0.7258654999999998,-1.0884536,-0.9666889999999999,0.26483688,0.2062668,0.52889633
6527,2025-02-16 16:15:00,FRA-Ligue 1,2425,Lens,Strasbourg,1,0,2,0.265561,1.97845,2.1406020000000003,1.59623756,0.5443644400000003,1.845246,1.41701488,0.4282311200000002,0.7045127291901843,Strasbourg,Lens,0,2,0,1.97845,0.265561,1.609274,1.8367728,-0.2274988,1.4884709,1.8754634000000003,-0.3869925000000003,1.0077449228299171,2,2,0,0.1161333200000001,0.1594937000000003,0.5313280000000002,0.3567750999999999,0.20208386,0.6411163,0.15679984
6530,2025-02-16 16:30:00,ENG-Premier League,2425,Tottenham,Manchester United,1,1,0,1.97109,1.42652,1.0715552000000002,2.062994,-0.9914387999999996,1.7050236,2.1304807,-0.4254571,1.1730036035843705,Manchester United,Tottenham,0,0,1,1.42652,1.97109,1.5620875999999997,1.8815342,-0.3194466000000004,1.4971694,1.559419,-0.0622496000000001,0.7347193078356345,1,1,0,-0.5659816999999996,-0.25719700000000034,-0.49053239999999954,0.2078542000000001,0.291782,0.46155983,0.24665822
6529,2025-02-16 16:30:00,GER-Bundesliga,2425,Eintracht Frankfurt,Holstein Kiel,1,3,1,3.02527,1.26559,2.2842860000000003,1.1209986,1.1632874000000002,2.1811689000000003,1.3440261999999998,0.8371427000000005,0.8710921602209897,Holstein Kiel,Eintracht Frankfurt,0,1,3,1.26559,3.02527,1.4382208,2.3044528,-0.8662319999999999,1.3969782,1.9426001,-0.5456219,1.5032435701261695,1,4,1,0.32614469999999973,-0.3206100999999999,0.8460652000000002,0.7841907000000004,0.18002401,0.70268214,0.11729384
6531,2025-02-16 17:00:00,ITA-Serie A,2425,Parma Calcio 1913,Roma,1,0,1,0.293477,1.41178,1.4230946,1.5318174,-0.1087228,1.185442,2.3311917,-1.1457497,0.8435664979252482,Roma,Parma Calcio 1913,0,1,0,1.41178,0.293477,1.7019664,0.9757454,0.726221,1.994538,1.1019699,0.8925680999999999,1.0528748748457664,2,1,0,1.0370269,-0.16634709999999986,-0.2788718000000001,-0.8090959999999998,0.22295287,0.23136279,0.54568434
6532,2025-02-16 17:30:00,ESP-La Liga,2425,Mallorca,Las Palmas,1,3,1,2.33414,1.04401,0.9676212,1.4205762,-0.452955,1.0680719,1.7116996,-0.6436276999999999,0.9362656799924424,Las Palmas,Mallorca,0,1,3,1.04401,2.33414,1.3491364,2.758046,-1.4089095999999997,1.1577972,2.0864883,-0.9286911000000002,1.0364500480308227,1,4,1,0.19067269999999992,-0.48021849999999944,-0.38151519999999994,-0.08972530000000001,0.25039122,0.42133385,0.32827494
6533,2025-02-16 18:30:00,GER-Bundesliga,2425,FC Heidenheim,Mainz 05,1,0,2,0.545205,1.94932,0.9500736000000002,1.952078,-1.0020043999999997,0.985651,2.221571,-1.23592,1.0145568618538794,Mainz 05,FC Heidenheim,0,2,0,1.94932,0.545205,1.4504901999999995,1.6414394,-0.1909492000000001,1.7022026,1.4787602999999998,0.2234423000000003,0.8812106847852983,2,2,0,0.23391560000000022,-0.41439150000000036,-0.5004165999999993,-0.7165515999999998,0.2392049,0.2583232,0.5024719
6535,2025-02-16 19:45:00,FRA-Ligue 1,2425,Rennes,Lille,1,0,2,0.417057,3.01977,2.0755488,1.8592318,0.2163170000000001,1.5991529999999998,1.3727059,0.2264470999999999,1.000529029724467,Lille,Rennes,0,2,0,3.01977,0.417057,1.856636,1.6919358,0.1647001999999999,1.7374246,1.294844,0.4425806000000001,0.9209027425404576,2,2,0,-0.010130099999999809,-0.2778804000000002,0.21891280000000002,-0.13827160000000016,0.25586823,0.39977106,0.34436074
6534,2025-02-16 19:45:00,ITA-Serie A,2425,Juventus,Inter,1,1,0,1.3662,2.08504,1.6410520000000002,1.3962484,0.2448036000000002,1.6531562000000002,1.0776624,0.5754938000000003,1.149315987614487,Inter,Juventus,0,0,1,2.08504,1.3662,1.7340342,0.8522175999999998,0.8818166000000002,2.0221321,0.7147992999999999,1.3073328,1.186865493671015,1,1,0,-0.33069020000000005,-0.4255161999999998,-0.09298219999999979,-0.3689758999999997,0.3144187,0.20937678,0.4762045
6536,2025-02-16 20:00:00,ESP-La Liga,2425,Real Betis,Real Sociedad,1,3,0,2.49445,0.20529,0.9926584,1.5156268,-0.5229683999999999,1.2748229,1.4098761,-0.1350531999999999,1.0197486884266918,Real Sociedad,Real Betis,0,0,3,0.20529,2.49445,1.3708944000000003,1.3982814,-0.0273869999999998,1.1776365,1.1534638999999998,0.0241726000000002,0.7642419674984875,1,3,1,-0.3879152,-0.0515596,-0.37823600000000024,0.0971864,0.27352992,0.43440863,0.29206142
6537,2025-02-17 19:45:00,ITA-Serie A,2425,Genoa,Venezia,1,2,0,1.60036,0.341183,1.5203589999999998,0.7930352,0.7273237999999997,1.1925647,0.934993,0.2575716999999998,0.7546754027891294,Venezia,Genoa,0,0,2,0.341183,1.60036,0.9647778000000002,1.8406744,-0.8758965999999997,0.8184973,1.8875284,-1.0690311,1.3439245994768714,1,2,0,0.46975209999999995,0.1931345000000002,0.5555811999999996,0.37406739999999994,0.27283984,0.594549,0.1326112
6538,2025-02-17 20:00:00,ESP-La Liga,2425,Barcelona,Rayo Vallecano,1,1,0,2.82775,1.30941,2.870814,0.8461826,2.0246314,2.756331,1.2046566,1.5516743999999998,0.8707223948348748,Rayo Vallecano,Barcelona,0,0,1,1.30941,2.82775,2.0151928,1.4180926,0.5971001999999999,1.6032163999999998,1.4261262,0.1770901999999996,0.8732440154404513,1,1,0,0.4729570000000003,0.42001000000000027,0.8556212000000003,1.1531146,0.14475791,0.7556859,0.09955614
6539,2025-02-19 15:00:00,ENG-Premier League,2425,Aston Villa,Liverpool,1,2,2,1.02269,2.04279,1.408062,1.3778048,0.0302571999999998,1.3940705000000002,1.4853586,-0.0912880999999998,0.8607879868428556,Liverpool,Aston Villa,0,2,2,2.04279,1.02269,2.3698326,1.124292,1.2455406,2.7834243,0.9767049,1.8067193999999995,1.0418817418954984,0,4,1,0.1215452999999996,-0.5611787999999995,-0.9617706000000001,-1.3893537999999999,0.18156774,0.20912823,0.609304
6540,2025-02-21 19:30:00,GER-Bundesliga,2425,Freiburg,Werder Bremen,1,5,0,2.66243,1.25462,1.2748204,0.9043252,0.3704951999999998,1.3552641,1.5617956,-0.2065315000000001,0.9592219263965404,Werder Bremen,Freiburg,0,0,5,1.25462,2.66243,1.1723142,2.0445020000000005,-0.8721878000000005,1.3990612,1.8110747,-0.4120135,1.14362320703111,1,5,1,0.5770266999999999,-0.46017430000000054,0.1025062000000001,-0.04379709999999992,0.24533376,0.47533977,0.27932644
6541,2025-02-21 19:45:00,ITA-Serie A,2425,Lecce,Udinese,1,0,1,0.484479,1.52436,0.7637298000000001,1.8146924,-1.0509626,0.9046269,1.745627,-0.8410001000000001,1.1054268832522192,Udinese,Lecce,0,1,0,1.52436,0.484479,1.3570312000000002,2.07039,-0.7133588,1.3077117,1.5455283,-0.2378165999999999,1.070571540675563,2,1,0,-0.20996249999999994,-0.4755422,-0.5933014000000001,-0.4030848,0.28630716,0.35516044,0.35853237
6542,2025-02-21 19:45:00,FRA-Ligue 1,2425,Rennes,Reims,1,1,0,3.0636,0.160269,1.8058222,1.9646778,-0.1588555999999996,1.6230528,1.6105313,0.0125215,0.985796034610806,Reims,Rennes,0,0,1,0.160269,3.0636,1.0880748,2.03772,-0.9496452000000002,1.1062013,2.042691,-0.9364897,0.5423962687475881,1,1,0,-0.1713770999999996,-0.013155500000000209,0.7177473999999999,0.5168515,0.20920064,0.5862842,0.20451514
6544,2025-02-21 20:00:00,ESP-La Liga,2425,Celta Vigo,Osasuna,1,1,0,2.31891,0.838476,0.8551306000000001,1.5039672000000002,-0.6488366000000001,1.2443627999999998,1.191792,0.0525707999999998,1.0447105581181324,Osasuna,Celta Vigo,0,0,1,0.838476,2.31891,1.5543352,1.5777092,-0.023374,1.2156964,1.424689,-0.2089925999999999,0.8225731172905363,1,1,0,-0.7014073999999999,0.18561859999999988,-0.6992045999999998,0.02866639999999987,0.29590973,0.45032302,0.25376728
6543,2025-02-21 20:00:00,ENG-Premier League,2425,Leicester,Brentford,1,0,4,0.727901,2.03465,0.9722018,2.154074,-1.1818722,0.8714978,2.168526,-1.2970282,0.4589794042171946,Brentford,Leicester,0,4,0,2.03465,0.727901,1.82824,1.9332462,-0.1050062,1.8351391,1.6806062000000002,0.1545328999999997,0.6539010291366856,2,4,1,0.11515600000000004,-0.2595390999999997,-0.8560382000000001,-0.9636412999999999,0.30642152,0.23612547,0.45745307
6545,2025-02-22 12:30:00,ENG-Premier League,2425,Everton,Manchester United,1,2,2,2.10444,0.645685,1.6941112,1.1367338,0.5573774,1.2602121,1.5650499000000002,-0.3048378000000002,1.0315715651583053,Manchester United,Everton,0,2,2,0.645685,2.10444,1.5124536,1.7033522,-0.1908985999999999,1.4928514,1.6914063,-0.1985548999999999,0.6028727287439803,0,4,1,0.8622152000000003,0.007656300000000005,0.18165760000000009,-0.2326393,0.24320725,0.43197432,0.32481846
6546,2025-02-22 13:00:00,ESP-La Liga,2425,Alaves,Espanyol,1,0,1,1.54627,0.495881,1.0703337999999998,0.8860379999999999,0.1842957999999999,1.2209905,1.0929418000000002,0.1280486999999996,1.0647084766765371,Espanyol,Alaves,0,1,0,0.495881,1.54627,1.0326574000000002,1.3947010000000002,-0.3620436,1.0447994,1.2380092,-0.1932098,0.7656964909278366,2,1,0,0.0562471000000003,-0.16883380000000003,0.03767639999999961,0.17619110000000004,0.286669,0.4809659,0.23236507
6548,2025-02-22 14:00:00,ITA-Serie A,2425,Venezia,Lazio,1,0,0,0.995737,0.790887,0.8994060000000003,1.6902044,-0.7907983999999998,0.8222699,1.9696252,-1.1473553,1.094529795472514,Lazio,Venezia,0,0,0,0.790887,0.995737,2.2504734,1.1891755999999998,1.0612978,1.6760667000000002,1.5489498000000002,0.1271169000000001,1.0142788384979915,0,0,0,0.3565569000000003,0.9341808999999999,-1.3510673999999998,-0.8537968000000002,0.26330137,0.23891178,0.49778688
6547,2025-02-22 14:00:00,ITA-Serie A,2425,Parma Calcio 1913,Bologna,1,2,0,1.4111,0.698426,1.3791114,1.5109174,-0.1318059999999998,1.18738,2.1643997,-0.9770196999999998,0.7579706934842313,Bologna,Parma Calcio 1913,0,0,2,0.698426,1.4111,1.8459486,0.8756626000000001,0.9702859999999998,1.9419266,0.9973493,0.9445772999999998,0.9269140620896474,1,2,0,0.8452137,0.025708699999999918,-0.46683720000000006,-0.7545465999999998,0.23009385,0.23166317,0.53824294
6552,2025-02-22 14:30:00,GER-Bundesliga,2425,Mainz 05,St. Pauli,1,2,0,1.35603,0.90068,1.7196599999999995,1.3516564,0.3680035999999997,1.6343416000000002,1.4518209,0.1825207000000002,0.917800221324464,St. Pauli,Mainz 05,0,0,2,0.90068,1.35603,1.0799356,1.0503974,0.0295381999999999,1.4384155,1.3441731,0.0942424000000001,0.5561671463028963,1,2,0,0.1854828999999995,-0.0647042000000002,0.6397243999999995,0.1959261000000001,0.22349814,0.4997863,0.27671555
6549,2025-02-22 14:30:00,GER-Bundesliga,2425,Borussia M.Gladbach,Augsburg,1,0,3,0.800003,1.73915,1.6504051999999998,1.6021886000000003,0.0482165999999995,1.3361853,2.1851331000000003,-0.8489478000000004,1.272277675650469,Augsburg,Borussia M.Gladbach,0,3,0,1.73915,0.800003,0.8929465999999999,1.3188456,-0.425899,0.8961137000000001,1.4801234,-0.5840097,1.1159285747683862,2,3,1,0.8971643999999999,0.15811069999999994,0.7574585999999999,0.4400715999999998,0.22824831,0.5101277,0.26162392
6551,2025-02-22 14:30:00,GER-Bundesliga,2425,Holstein Kiel,Bayer Leverkusen,1,0,2,0.494995,2.55557,1.2994808,2.6767248,-1.3772439999999997,1.4084772,2.0489481,-0.6404709,1.4909708932662216,Bayer Leverkusen,Holstein Kiel,0,2,0,2.55557,0.494995,2.04704,0.8197357200000003,1.2273042799999998,1.9122873,1.01510496,0.8971823399999999,1.0981607741887038,2,2,0,-0.7367730999999997,0.33012193999999995,-0.7475592,-0.5038100999999999,0.32551143,0.24665941,0.4278292
6550,2025-02-22 14:30:00,GER-Bundesliga,2425,Wolfsburg,Bochum,1,1,1,2.16138,1.46609,1.4676221999999997,1.6164918,-0.1488696000000002,1.7848520999999995,1.8521567,-0.0673046000000003,1.1205403962936784,Bochum,Wolfsburg,0,1,1,1.46609,2.16138,1.9461976,2.670964,-0.7247664,1.6333503,2.0964693,-0.4631189999999998,0.6734619796733257,0,2,0,-0.08156499999999992,-0.26164740000000025,-0.47857540000000043,0.15150179999999946,0.2667294,0.47875074,0.25451988
6556,2025-02-22 15:00:00,ENG-Premier League,2425,Ipswich,Tottenham,1,1,4,1.15389,1.58741,0.829957,2.1015740000000003,-1.2716170000000004,0.99702077,2.140474,-1.1434532300000002,0.9026884137143768,Tottenham,Ipswich,0,4,1,1.58741,1.15389,1.2651072,1.862372,-0.5972648,1.5766446,2.0158067,-0.4391620999999996,1.1416643029987208,2,5,1,-0.12816377000000023,-0.15810270000000043,-0.43515020000000015,-0.5796238300000001,0.3212749,0.3071712,0.37155387
6554,2025-02-22 15:00:00,ENG-Premier League,2425,Southampton,Brighton,1,0,4,0.154147,5.12018,1.1203938,2.518304,-1.3979101999999997,1.0822034,2.8241310000000004,-1.7419276000000004,0.7392318863238775,Brighton,Southampton,0,4,0,5.12018,0.154147,1.3408291999999995,1.4349456000000005,-0.0941164000000005,1.3409718,1.6062901,-0.2653183000000001,0.9694454652622336,2,4,1,0.3440174000000007,0.17120189999999963,-0.2204353999999995,-0.2587683999999999,0.32985863,0.2943348,0.37580663
6553,2025-02-22 15:00:00,ENG-Premier League,2425,Fulham,Crystal Palace,1,0,2,0.23426,1.46203,1.9166702,0.674941,1.2417292,1.7517647,1.0458296,0.7059351,0.913364155948481,Crystal Palace,Fulham,0,2,0,1.46203,0.23426,1.974974,1.3526363999999995,0.6223376000000005,1.9317086000000003,1.5076581999999998,0.4240504000000005,0.7765142338165114,2,2,0,0.5357940999999999,0.1982872,-0.05830380000000002,-0.17994390000000027,0.24595354,0.45010623,0.30394024
6555,2025-02-22 15:00:00,ENG-Premier League,2425,Arsenal,West Ham,1,0,1,1.37264,1.02684,1.6137935999999995,0.694843,0.9189505999999996,1.8406478,0.73276477,1.10788303,1.1952307251660392,West Ham,Arsenal,0,1,0,1.02684,1.37264,0.939502,1.7449842,-0.8054821999999999,1.1697399,1.9594001000000003,-0.7896602000000004,0.769401155418264,2,1,0,-0.18893243000000037,-0.01582199999999956,0.6742915999999995,0.6709079,0.17045546,0.73516065,0.09438393
6557,2025-02-22 15:00:00,ENG-Premier League,2425,Bournemouth,Wolverhampton Wanderers,1,0,1,0.629691,2.10124,2.083108,1.613673,0.4694350000000002,1.98196,1.4194612,0.5624988000000002,1.0595566713976712,Wolverhampton Wanderers,Bournemouth,0,1,0,2.10124,0.629691,1.2222128,1.7559674,-0.5337546000000002,1.185567,1.6517483000000002,-0.4661813000000001,1.012173068099004,2,1,0,-0.09306379999999997,-0.06757330000000011,0.8608952000000001,0.7963929999999999,0.17780767,0.7118246,0.110367686
6558,2025-02-22 15:15:00,ESP-La Liga,2425,Rayo Vallecano,Villarreal,1,0,1,0.514336,0.79404,2.0761968,1.3320405999999998,0.7441562000000002,1.6751549999999995,1.6532093,0.0219456999999998,0.7760471263571871,Villarreal,Rayo Vallecano,0,1,0,0.79404,0.514336,2.066992,1.1016268,0.9653652,2.0505449,1.2634132,0.7871316999999998,0.9753500275219394,2,1,0,0.7222105000000003,0.17823350000000027,0.009204800000000013,-0.3753899000000003,0.23510335,0.3118135,0.45308316
6559,2025-02-22 16:00:00,FRA-Ligue 1,2425,Lille,Monaco,1,2,1,1.04956,2.78007,2.156932,1.6550754,0.5018565999999998,1.97525,1.3187438,0.6565062000000002,0.8606501148461638,Monaco,Lille,0,1,2,2.78007,1.04956,2.6746846,2.12036,0.5543245999999997,2.5055241,1.7829776000000002,0.7225465,0.9179712468256652,1,3,1,-0.1546496000000004,-0.16822190000000026,-0.5177526000000001,-0.5302741000000002,0.26693982,0.36912397,0.36393625
6560,2025-02-22 17:00:00,ITA-Serie A,2425,Torino,AC Milan,1,2,1,0.556583,2.18445,1.1394736,1.8421868,-0.7027131999999998,0.9429529,1.4470921,-0.5041392,1.16654695420423,AC Milan,Torino,0,1,2,2.18445,0.556583,1.7429960000000002,1.289608,0.4533880000000003,1.7506809999999997,1.0857835999999998,0.6648973999999999,0.6854471571650363,1,3,1,-0.1985739999999998,-0.21150939999999957,-0.6035224000000001,-0.8077280999999997,0.26013088,0.26689395,0.47297516
6562,2025-02-22 17:30:00,ESP-La Liga,2425,Valencia,Atletico Madrid,1,0,3,1.35435,2.31785,1.5558468,1.4183651999999998,0.1374816000000001,1.3999576,1.4471033,-0.0471456999999999,0.8571682048312,Atletico Madrid,Valencia,0,3,0,2.31785,1.35435,1.738293,1.397263,0.3410299999999997,1.9269831,1.2064268,0.7205562999999999,0.9341021547609032,2,3,1,0.1846273,-0.3795263000000002,-0.1824462,-0.5270254999999999,0.25843787,0.28892657,0.45263556
6561,2025-02-22 17:30:00,GER-Bundesliga,2425,Borussia Dortmund,Union Berlin,1,6,0,5.44112,0.365382,1.70586,1.5030386,0.2028213999999999,1.5613347,1.5727553,-0.0114206000000001,0.8966681540683404,Union Berlin,Borussia Dortmund,0,0,6,0.365382,5.44112,2.1437064,1.2295498,0.9141566,1.8819348,1.5106679,0.3712668999999997,0.5845045298569697,1,6,1,0.214242,0.5428897000000004,-0.4378464000000002,-0.32060010000000005,0.24406148,0.29590887,0.46002966
6563,2025-02-22 17:30:00,ENG-Premier League,2425,Aston Villa,Chelsea,1,2,1,2.69413,2.17418,1.3555560000000002,1.5401108,-0.1845547999999999,1.4573972,1.4610276,-0.0036304,0.8920005527658811,Chelsea,Aston Villa,0,1,2,2.17418,2.69413,1.8451556,1.5407120000000003,0.3044435999999997,1.8011038,1.49898,0.3021237999999999,0.6662577324762002,1,3,1,-0.1809243999999999,0.0023197999999998165,-0.4895995999999998,-0.3437066,0.26767573,0.31172144,0.42060283
6564,2025-02-22 18:00:00,FRA-Ligue 1,2425,Saint-Etienne,Angers,1,3,3,1.70031,3.1805,1.1248418,2.9407258,-1.815884,0.9944092,2.8786079,-1.8841987,0.9050590993535668,Angers,Saint-Etienne,0,3,3,3.1805,1.70031,1.17423096,1.9217994,-0.74756844,1.4241878800000003,1.4641307,-0.0399428199999996,0.702154056981543,0,6,1,0.06831469999999995,-0.7076256200000004,-0.04938916000000004,-0.4297786800000003,0.29149553,0.29277033,0.4157342
6565,2025-02-22 19:45:00,ITA-Serie A,2425,Inter,Genoa,1,1,0,1.3989,1.51356,1.8230222,1.0430486,0.7799735999999999,1.9973301,0.7879552000000001,1.2093748999999998,0.901202609822678,Genoa,Inter,0,0,1,1.51356,1.3989,1.537175,0.7585932,0.7785818,1.3198758,0.8985102999999999,0.4213655,0.833411118371048,1,1,0,-0.4294012999999999,0.3572163,0.2858472000000001,0.6774543000000002,0.22728153,0.5847565,0.18796201
6566,2025-02-22 20:00:00,ESP-La Liga,2425,Las Palmas,Barcelona,1,0,2,0.431009,1.66486,1.2326664,2.945724,-1.7130575999999995,1.1462262,2.1740863,-1.0278601,0.959670124736178,Barcelona,Las Palmas,0,2,0,1.66486,0.431009,2.761516,0.9659214,1.7955945999999998,2.845324,1.0596166,1.7857074000000002,0.8083435108467398,2,2,0,-0.6851974999999995,0.009887199999999652,-1.5288495999999998,-1.6990978,0.18170945,0.22374482,0.59454566
6567,2025-02-22 20:05:00,FRA-Ligue 1,2425,Auxerre,Marseille,1,3,0,1.96607,1.22185,0.9771587999999998,1.524802,-0.5476432000000002,0.82291,1.960878,-1.137968,1.215198241365105,Marseille,Auxerre,0,0,3,1.22185,1.96607,3.368056,1.240302,2.1277540000000004,2.83643,1.1218001,1.7146299,0.8108781775407193,1,3,1,0.5903247999999999,0.4131241000000003,-2.3908972000000004,-2.0135199999999998,0.12909816,0.22648092,0.644421
6568,2025-02-23 11:30:00,ITA-Serie A,2425,Como,Napoli,1,2,1,0.466603,1.10277,0.9949226,1.0663744000000002,-0.0714518000000001,1.2254488999999995,1.0798006,0.1456482999999997,1.1424375651750434,Napoli,Como,0,1,2,1.10277,0.466603,1.3222754,0.8540588000000001,0.4682166,1.5742056999999998,0.8034930000000001,0.7707126999999997,1.270481189033181,1,3,1,-0.2171000999999998,-0.3024960999999997,-0.3273528000000001,-0.3487568000000003,0.3023565,0.30218625,0.39545718
6569,2025-02-23 13:00:00,ESP-La Liga,2425,Athletic Club,Real Valladolid,1,7,1,5.3162,0.598765,2.248951,0.90861778,1.34033322,1.722249,0.91282249,0.8094265100000002,0.9870808535346204,Real Valladolid,Athletic Club,0,1,7,0.598765,5.3162,0.7689523999999998,2.398802,-1.6298496,0.77586825,2.0534892,-1.27762095,0.6444384798082925,1,8,1,0.5309067099999998,-0.35222865000000003,1.4799986,0.9463807499999999,0.21106514,0.6821369,0.10679791
6570,2025-02-23 14:00:00,ITA-Serie A,2425,Verona,Fiorentina,1,1,0,0.450798,1.15567,1.3346976000000004,1.4012768,-0.0665791999999996,1.2803391,1.5797879,-0.2994487999999999,0.6248339796589985,Fiorentina,Verona,0,0,1,1.15567,0.450798,0.8825085999999999,1.463282,-0.5807734000000001,1.13015,1.3048400999999998,-0.1746900999999998,1.1502887667223232,1,1,0,0.2328696000000003,-0.4060833000000003,0.4521890000000005,0.15018909999999996,0.2284059,0.4571726,0.31442147
6571,2025-02-23 14:00:00,FRA-Ligue 1,2425,Nantes,Lens,1,3,1,4.25273,2.06191,1.4447719999999995,2.212019,-0.7672470000000005,1.3560062,2.2027502,-0.8467439999999997,0.8112051322441357,Lens,Nantes,0,1,3,2.06191,4.25273,1.5721282,1.6234955599999998,-0.0513673599999997,1.6545721,1.47696488,0.1776072199999998,0.7252626070132532,1,4,1,0.07949699999999926,-0.22897457999999948,-0.12735620000000059,-0.29856590000000005,0.29046473,0.3029664,0.40656888
6572,2025-02-23 14:00:00,ENG-Premier League,2425,Newcastle United,Nottingham Forest,1,4,3,3.45858,2.38603,1.4877264,1.7461082,-0.2583818000000002,2.2127802,1.2211151999999998,0.9916650000000002,1.0394159169465107,Nottingham Forest,Newcastle United,0,3,4,2.38603,3.45858,1.6577113999999995,1.9547512,-0.2970398000000001,1.7439534,1.4509584,0.2929950000000001,1.2615008741054237,1,7,1,-1.2500468000000005,-0.5900348000000002,-0.1699849999999996,0.4688268,0.22021961,0.6263713,0.15340902
6573,2025-02-23 14:30:00,GER-Bundesliga,2425,RasenBallsport Leipzig,FC Heidenheim,1,2,2,1.6451,0.834882,1.3746098,1.772512,-0.3979022000000001,1.5009121,1.8963129000000003,-0.3954008000000002,1.1326438552638391,FC Heidenheim,RasenBallsport Leipzig,0,2,2,0.834882,1.6451,0.6753586,1.966948,-1.2915894,0.9540621,2.097484,-1.1434219,1.0481487021141471,0,4,1,-0.002501399999999876,-0.1481675,0.6992512,0.5468500000000001,0.3034692,0.5241497,0.17238104
6574,2025-02-23 15:15:00,ESP-La Liga,2425,Real Madrid,Girona,1,2,0,2.36313,0.325619,3.135882,1.0184605999999998,2.1174214000000005,2.556391,1.189763,1.3666280000000002,0.8605878910589613,Girona,Real Madrid,0,0,2,0.325619,2.36313,1.24795578,2.4390840000000003,-1.1911282200000002,1.0837193900000002,1.87090855,-0.7871891599999996,1.1072966893240792,1,2,0,0.7507934000000003,-0.40393906000000057,1.88792622,1.47267161,0.10295556,0.81843656,0.078607865
6577,2025-02-23 16:15:00,FRA-Ligue 1,2425,Le Havre,Toulouse,1,1,4,1.04249,2.60783,1.2785242,1.7279220000000002,-0.4493978000000003,1.2454868,2.069383,-0.8238962000000001,0.6423186160474634,Toulouse,Le Havre,0,4,1,2.60783,1.04249,1.1844202,1.3443822,-0.1599620000000001,1.4058427,1.3200847,0.085758,0.7113166278726434,2,5,1,0.3744983999999998,-0.2457200000000001,0.09410400000000019,-0.1603559000000001,0.26291716,0.34054753,0.39653528
6576,2025-02-23 16:15:00,FRA-Ligue 1,2425,Strasbourg,Brest,1,0,0,0.785346,0.498988,1.639398,1.651323,-0.0119250000000001,1.6339005,1.6981925,-0.064292,0.9792511972110924,Brest,Strasbourg,0,0,0,0.498988,0.785346,1.873012,1.9019144,-0.0289023999999997,1.7109156000000003,1.8151587,-0.1042430999999997,1.1105158486392614,0,0,0,0.0523669999999999,0.0753407,-0.233614,-0.07701510000000034,0.26072162,0.36648962,0.3727888
6575,2025-02-23 16:15:00,FRA-Ligue 1,2425,Nice,Montpellier,1,2,0,2.14122,0.916772,2.224788,0.967804,1.256984,2.1727540000000003,1.4059178,0.7668362000000004,0.9665148624672364,Montpellier,Nice,0,0,2,0.916772,2.14122,1.5957294,2.213014,-0.6172845999999999,1.6232937,2.0330440000000003,-0.4097503000000002,0.616031087885644,1,2,0,0.4901477999999997,-0.20753429999999967,0.6290586000000002,0.5494603000000002,0.1788588,0.68452173,0.13661948
6578,2025-02-23 16:30:00,GER-Bundesliga,2425,Bayern Munich,Eintracht Frankfurt,1,4,0,4.48699,0.49278,2.70038632,1.1479165999999998,1.5524697200000004,3.02184036,0.9652287,2.05661166,0.9265873573191148,Eintracht Frankfurt,Bayern Munich,0,0,4,0.49278,4.48699,2.3248640000000003,1.2565642,1.0682998,2.1646769,1.3844758,0.7802011,0.8315324880436022,1,4,1,-0.5041419399999998,0.28809869999999993,0.3755223199999995,0.8571634600000002,0.19903156,0.65877694,0.14219153
6579,2025-02-23 16:30:00,ENG-Premier League,2425,Manchester City,Liverpool,1,0,2,0.58248,0.807058,2.1901582,1.2748356,0.9153226,1.8764694,1.4508907,0.4255787000000002,1.3322885349004172,Liverpool,Manchester City,0,2,0,0.807058,0.58248,1.9458926,1.088788,0.8571045999999998,2.4674893,0.9587289,1.5087604,1.0131752088346608,2,2,0,0.4897438999999998,-0.6516558000000001,0.24426559999999986,-0.5910199,0.19635652,0.27953023,0.52411324
6580,2025-02-23 17:00:00,ITA-Serie A,2425,Empoli,Atalanta,1,0,5,0.775943,2.50618,1.0678066000000002,1.8714706,-0.8036639999999997,1.2775704,1.6851299000000002,-0.4075595000000003,0.6261880940666017,Atalanta,Empoli,0,5,0,2.50618,0.775943,1.5460706,0.8998602,0.6462104,1.6987128000000002,1.252317,0.4463958000000003,0.9418890927947956,2,5,1,-0.3961044999999994,0.19981459999999968,-0.4782639999999998,-0.42114240000000014,0.25769782,0.28930146,0.4530007
6581,2025-02-23 17:30:00,ESP-La Liga,2425,Getafe,Real Betis,1,1,2,0.86267,2.34571,1.1765252,1.6362326,-0.4597074000000001,0.9129127,1.8133313,-0.9004186000000003,1.0953937924252863,Real Betis,Getafe,0,2,1,2.34571,0.86267,1.2839224,1.2317927999999998,0.0521296000000002,1.4190259,1.2630671,0.1559588,0.9865915861073528,2,3,1,0.4407112000000002,-0.10382919999999982,-0.10739720000000008,-0.5061132,0.27416265,0.28979546,0.43604195
6582,2025-02-23 18:30:00,GER-Bundesliga,2425,Hoffenheim,VfB Stuttgart,1,1,1,0.705815,3.67099,1.595356,1.857699,-0.2623430000000002,1.5911915,1.7039566000000002,-0.1127651,0.7541513676063707,VfB Stuttgart,Hoffenheim,0,1,1,3.67099,0.705815,1.1623308,1.4428348,-0.2805039999999998,1.8546494,1.3512691,0.5033802999999999,0.916614797052857,0,2,0,-0.1495779000000002,-0.7838842999999998,0.4330251999999999,-0.2634578999999999,0.19225664,0.4038816,0.4038618
6584,2025-02-23 19:45:00,FRA-Ligue 1,2425,Lyon,Paris Saint Germain,1,2,3,1.76184,2.74583,1.7830591999999998,1.6524943999999997,0.1305648000000001,1.7544606000000005,1.624576,0.1298846000000002,1.1969483971607016,Paris Saint Germain,Lyon,0,3,2,2.74583,1.76184,2.678142,0.9439434,1.7341985999999998,3.036775,1.0555403,1.9812347,0.7573821710919738,2,5,1,0.0006801999999998809,-0.2470361000000001,-0.8950828,-1.2823143999999995,0.17851649,0.2138946,0.6075889
6583,2025-02-23 19:45:00,ITA-Serie A,2425,Cagliari,Juventus,1,0,1,0.225637,2.20526,1.4163091999999995,1.2357204,0.1805887999999997,1.3008969,1.7267301999999998,-0.4258332999999996,0.8455698175852232,Juventus,Cagliari,0,1,0,2.20526,0.225637,1.4583800000000002,1.4967963999999998,-0.0384163999999995,1.7040960000000005,1.2076975,0.4963985000000002,1.0562778996735511,2,1,0,0.6064220999999993,-0.5348148999999996,-0.04207080000000074,-0.4031991000000006,0.22535823,0.34875757,0.42588425
6585,2025-02-23 20:00:00,ESP-La Liga,2425,Real Sociedad,Leganes,1,3,0,1.0679,0.256673,1.2507588000000005,1.6521174000000003,-0.4013586,1.1182571,1.2378339,-0.1195767999999999,0.8048231441381913,Leganes,Real Sociedad,0,0,3,0.256673,1.0679,1.1050568,2.234604,-1.1295472,1.1529696,2.1438,-0.9908303999999996,0.7805923238632451,1,3,1,-0.2817818000000001,-0.13871680000000042,0.14570200000000044,-0.034712500000000146,0.30659863,0.5027572,0.19064417
6586,2025-02-24 19:45:00,ITA-Serie A,2425,Roma,Monza,1,4,0,2.16209,0.332233,1.6665784,0.5765428,1.0900355999999998,1.8976390000000003,1.0486248,0.8490142000000003,0.9485466157964628,Monza,Roma,0,0,4,0.332233,2.16209,0.4305066000000001,2.4096852,-1.9791786,0.8697611000000001,1.9822829,-1.1125218,0.9197917453519762,1,4,1,0.2410213999999995,-0.8666568000000001,1.2360718,1.0278779000000002,0.15499064,0.72571445,0.11929492
6587,2025-02-24 20:00:00,ESP-La Liga,2425,Sevilla,Mallorca,1,1,1,1.5822,1.64957,1.5035084,1.1619844,0.3415239999999999,1.1877777,1.4091037,-0.2213259999999999,1.3470522749734442,Mallorca,Sevilla,0,1,1,1.64957,1.5822,1.0219011999999998,1.48233,-0.4604288000000001,1.1556699,1.7001286,-0.5444587000000001,0.865298243643584,0,2,0,0.5628499999999999,0.08402989999999999,0.48160720000000024,0.03210780000000013,0.25210258,0.49148995,0.2564074
6590,2025-02-25 19:30:00,ENG-Premier League,2425,Brighton,Bournemouth,1,2,1,2.57927,1.70169,2.1521792,1.4121496000000002,0.7400295999999997,1.7206668,1.3210868,0.39958,0.9298715301117392,Bournemouth,Brighton,0,1,2,1.70169,2.57927,1.9793562,1.5263050000000002,0.4530512,1.8400871,1.4477582,0.3923288999999998,1.0869044802800476,1,3,1,0.34044959999999974,0.06072230000000017,0.17282299999999995,-0.11942030000000003,0.24272121,0.40703982,0.35023898
6588,2025-02-25 19:30:00,ENG-Premier League,2425,Crystal Palace,Aston Villa,1,4,1,4.02522,0.667217,1.81444,0.9796803999999998,0.8347596000000003,1.7772936,1.3987612,0.3785324000000001,0.7877140908434651,Aston Villa,Crystal Palace,0,1,4,0.667217,4.02522,1.6531779999999998,1.6460307999999997,0.0071472000000001,1.5208222,1.5688185999999995,-0.0479963999999997,0.8548002160934947,1,5,1,0.45622720000000017,0.05514359999999981,0.16126200000000024,0.2564713999999999,0.2056673,0.6066979,0.1876348
6589,2025-02-25 19:30:00,ENG-Premier League,2425,Wolverhampton Wanderers,Fulham,1,1,2,0.928973,1.43473,1.3475948,1.4552516000000002,-0.1076568000000002,1.271943,1.5413684,-0.2694254,0.9434377614108796,Fulham,Wolverhampton Wanderers,0,2,1,1.43473,0.928973,1.3963602,0.7798826,0.6164776,1.6465706999999998,0.9823346,0.6642360999999998,0.8502514649073588,2,3,1,0.16176859999999976,-0.047758499999999815,-0.04876539999999996,-0.3746276999999998,0.26382288,0.3086133,0.42756388
6591,2025-02-25 20:15:00,ENG-Premier League,2425,Chelsea,Southampton,1,4,0,2.98234,0.845039,1.7723755999999995,1.849848,-0.0774724000000004,1.7593757999999995,1.602532,0.1568437999999996,0.6252213852086718,Southampton,Chelsea,0,0,4,0.845039,2.98234,0.8778132,2.920646,-2.0428328,0.9702621,2.946827,-1.9765649,0.8245186279886352,1,4,1,-0.23431619999999997,-0.06626789999999971,0.8945623999999995,0.7891136999999995,0.18804865,0.6486895,0.16326183
6595,2025-02-26 19:30:00,ENG-Premier League,2425,Tottenham,Manchester City,1,0,1,1.28426,2.38641,1.427175,1.642148,-0.2149729999999998,1.3460636,2.0038397,-0.6577760999999998,1.262940872228569,Manchester City,Tottenham,0,1,0,2.38641,1.28426,1.7760241999999995,0.9580712,0.8179529999999997,1.8709071,1.3269345,0.5439726,1.2827995132417247,2,1,0,0.44280309999999995,0.2739803999999997,-0.3488491999999994,-0.5248435,0.25262997,0.24792077,0.4994493
6593,2025-02-26 19:30:00,ENG-Premier League,2425,Manchester United,Ipswich,1,3,2,1.40202,1.04498,1.0198965999999998,1.8508302,-0.8309336000000003,1.3527578999999998,1.83804,-0.4852821,0.6653070255165204,Ipswich,Manchester United,0,2,3,1.04498,1.40202,1.0071096000000002,2.20637,-1.1992604,0.93906077,2.175467,-1.2364062299999998,0.8519141397908255,1,5,1,-0.3456515000000003,0.037145829999999824,0.01278699999999966,0.41369712999999986,0.2659077,0.54566145,0.18843088
6594,2025-02-26 19:30:00,ENG-Premier League,2425,Nottingham Forest,Arsenal,1,0,0,0.508611,1.31766,2.0290774,2.1018852,-0.0728078,1.7539463999999998,1.7578741,-0.0039277000000002,1.3113278083481863,Arsenal,Nottingham Forest,0,0,0,1.31766,0.508611,1.4373196,0.7447968,0.6925227999999999,1.8470468,0.82223217,1.0248146299999998,1.191089911154438,0,0,0,-0.0688800999999998,-0.33229182999999995,0.5917577999999999,-0.0931004000000002,0.26479465,0.25136513,0.4838403
6592,2025-02-26 19:30:00,ENG-Premier League,2425,Brentford,Everton,1,1,1,1.34009,1.44955,1.756994,1.5481963999999997,0.2087976000000002,1.8727431,1.4942503000000005,0.3784927999999996,0.8009636767778364,Everton,Brentford,0,1,1,1.44955,1.34009,1.6028212,0.9944328,0.6083883999999999,1.3635751,1.4780274,-0.1144522999999999,1.1000486148151174,0,2,0,-0.16969519999999938,0.7228406999999999,0.1541728,0.5091680000000001,0.2222333,0.57613146,0.20163524
6596,2025-02-26 20:15:00,ENG-Premier League,2425,Liverpool,Newcastle United,1,2,0,1.40027,0.45882,1.6736862,1.0443426,0.6293436000000001,2.3582601,0.9948799,1.3633802,1.0176990156009442,Newcastle United,Liverpool,0,0,2,0.45882,1.40027,1.7527884,1.9284482,-0.1756598,2.1631772,1.4410423,0.7221348999999999,1.0632503600489318,1,2,0,-0.7340365999999998,-0.8977947,-0.07910220000000012,0.19508290000000006,0.18820336,0.5712619,0.2405348
6597,2025-02-27 19:45:00,ITA-Serie A,2425,Bologna,AC Milan,1,2,1,2.31992,1.55538,1.5182838,1.0757012,0.4425825999999999,1.7795032,1.0241523,0.7553508999999998,0.95532227459761,AC Milan,Bologna,0,1,2,1.55538,2.31992,1.944254,1.0871626,0.8570914000000003,1.8408830000000005,1.1209922,0.7198908000000004,0.706182464511615,1,3,1,-0.31276829999999994,0.1372005999999999,-0.42597019999999985,-0.06137980000000054,0.26433992,0.39487538,0.34078464
6598,2025-02-27 20:00:00,ENG-Premier League,2425,West Ham,Leicester,1,2,0,1.70437,0.289578,0.9574056,1.4523502,-0.4949446,1.0905969,1.8918221,-0.8012252000000002,0.8252354052763169,Leicester,West Ham,0,0,2,0.289578,1.70437,0.6979740000000001,2.108064,-1.4100899999999996,0.925612,1.97653,-1.0509179999999998,0.4321460480784085,1,2,0,0.3062806000000002,-0.3591719999999998,0.2594315999999999,0.1649849,0.28055924,0.45678708,0.26265368
6599,2025-02-28 19:30:00,GER-Bundesliga,2425,VfB Stuttgart,Bayern Munich,1,1,3,0.653703,2.29942,1.4433188,1.546459,-0.1031401999999999,2.0403994,1.2355496,0.8048498,0.735149826475235,Bayern Munich,VfB Stuttgart,0,3,1,2.29942,0.653703,2.95122032,1.1059897999999997,1.8452305200000003,3.16200136,0.8976276999999999,2.2643736600000004,0.8855148356056256,2,4,1,-0.9079899999999999,-0.4191431400000001,-1.50790152,-1.12160196,0.2696155,0.28743508,0.4429494
6600,2025-02-28 19:45:00,FRA-Ligue 1,2425,Monaco,Reims,1,3,0,4.01066,0.722972,2.8807846,1.808982,1.0718026000000005,2.6876733,1.7223016000000002,0.9653717,0.8557584525773826,Reims,Monaco,0,0,3,0.722972,4.01066,0.8219466000000001,2.391534,-1.5695874,1.0632981,2.208263,-1.1449648999999995,0.564281489563943,1,3,1,0.10643090000000044,-0.42462250000000057,2.058838,1.6243752000000002,0.13537946,0.7565272,0.10809337
6601,2025-02-28 19:45:00,ITA-Serie A,2425,Fiorentina,Lecce,1,1,0,1.43821,1.11638,0.8735966,1.1511996,-0.277603,1.090001,1.2640353,-0.1740342999999999,1.1009154111643833,Lecce,Fiorentina,0,0,1,1.11638,1.43821,0.7829508000000002,1.4471104,-0.6641596,0.7952807999999999,1.8190222000000005,-1.0237414000000005,1.0059327398162514,1,1,0,-0.1035687000000001,0.3595818000000005,0.09064579999999978,0.2947202000000001,0.3646481,0.5119026,0.12344932
6602,2025-02-28 20:00:00,ESP-La Liga,2425,Real Valladolid,Las Palmas,1,1,1,2.17386,0.163235,0.5446633999999998,3.2043639999999995,-2.6597006,0.79201535,2.2446222,-1.4526068499999998,0.7575601185505829,Las Palmas,Real Valladolid,0,1,1,0.163235,2.17386,1.1064661999999998,1.997598,-0.8911318000000001,1.1294086,2.1222183,-0.9928097,0.7968765273466775,0,2,0,-1.20709375,0.10167789999999988,-0.5618028,-0.3373932500000001,0.36552057,0.33672988,0.2977495
6603,2025-03-01 13:00:00,ESP-La Liga,2425,Girona,Celta Vigo,1,2,2,0.89503,1.64758,1.08442158,2.2932620000000004,-1.2088404200000002,1.06465119,1.91037955,-0.8457283600000001,0.9392738862444832,Celta Vigo,Girona,0,2,2,1.64758,0.89503,1.2388466,1.1723124000000005,0.0665341999999997,1.3202558,1.1255035999999998,0.1947522000000001,0.984656924319572,0,4,1,-0.3631120600000002,-0.1282180000000004,-0.1544250199999999,-0.25560461,0.28784096,0.2851119,0.42704716
6604,2025-03-01 14:00:00,ITA-Serie A,2425,Atalanta,Venezia,1,0,0,3.34552,0.359199,1.9054056000000004,0.8043288000000001,1.1010768000000004,1.7118818,1.1389743,0.5729075000000001,1.1683042787742244,Venezia,Atalanta,0,0,0,0.359199,3.34552,0.8628734000000001,1.5291518,-0.6662783999999998,0.8631648000000001,1.8297629,-0.9665981,0.8109681824743288,0,0,0,0.5281693000000003,0.3003197000000002,1.0425322000000001,0.8487169999999999,0.18664746,0.70294785,0.11040466
6609,2025-03-01 14:30:00,GER-Bundesliga,2425,Bochum,Hoffenheim,1,0,1,1.4452,0.525952,1.6874776,2.626106,-0.9386284,1.6637033000000003,2.1918533,-0.5281499999999997,0.7212820210899256,Hoffenheim,Bochum,0,1,0,0.525952,1.4452,1.5554102,2.410192,-0.8547817999999998,1.512324,1.9179176,-0.4055936000000002,0.7934802373828377,2,1,0,-0.41047840000000035,-0.4491881999999996,0.13206739999999995,0.15137930000000033,0.26049134,0.48870605,0.25080267
6606,2025-03-01 14:30:00,GER-Bundesliga,2425,RasenBallsport Leipzig,Mainz 05,1,1,2,1.78404,1.64735,1.2264958,1.3875504,-0.1610546000000001,1.4927181,1.8648381,-0.37212,1.1388612901114483,Mainz 05,RasenBallsport Leipzig,0,2,1,1.64735,1.78404,1.7100179999999998,1.0418863999999997,0.6681316000000002,1.4677076,1.3931969,0.0745107,0.9538678181758968,2,3,1,0.2110653999999999,0.5936209000000001,-0.4835221999999999,0.025010500000000047,0.26802233,0.36561468,0.36636302
6608,2025-03-01 14:30:00,GER-Bundesliga,2425,Werder Bremen,Wolfsburg,1,1,2,2.10317,1.11674,1.1928722,2.3137,-1.1208277999999998,1.4037692,1.9610617,-0.5572924999999997,1.068550963683372,Wolfsburg,Werder Bremen,0,2,1,1.11674,2.10317,1.7594153999999995,1.2631458,0.4962695999999995,1.8522981,1.6965287,0.1557694,0.917778343681104,2,3,1,-0.5635353000000001,0.3405001999999995,-0.5665431999999995,-0.4485289000000001,0.29796663,0.28109875,0.42093462
6605,2025-03-01 14:30:00,GER-Bundesliga,2425,FC Heidenheim,Borussia M.Gladbach,1,0,3,1.87707,1.7158,0.6575422000000001,1.849484,-1.1919418,0.9206713,1.953456,-1.0327846999999997,1.0861627964694929,Borussia M.Gladbach,FC Heidenheim,0,3,0,1.7158,1.87707,1.7156188,1.5332546,0.1823642000000001,1.3059916,2.2001921,-0.8942004999999997,1.2251217962490752,2,3,1,-0.15915710000000027,1.0765646999999998,-1.0580766000000001,-0.38532030000000006,0.28809494,0.30861703,0.40328798
6607,2025-03-01 14:30:00,GER-Bundesliga,2425,St. Pauli,Borussia Dortmund,1,0,2,0.293506,2.23846,0.8135876,1.1368106,-0.323223,1.3100885,1.4068238000000002,-0.0967353000000001,0.5343146403356412,Borussia Dortmund,St. Pauli,0,2,0,2.23846,0.293506,2.678802,1.165903,1.5128990000000002,1.9465907,1.4990995,0.4474912000000002,0.9760649857902918,2,2,0,-0.2264876999999999,1.0654078,-1.8652144000000002,-0.6365022,0.27408394,0.251635,0.4742811
6610,2025-03-01 15:15:00,ESP-La Liga,2425,Rayo Vallecano,Sevilla,1,1,1,2.59009,0.807803,2.0195572000000004,1.3587714,0.6607858000000004,1.6242946,1.6325933,-0.0082986999999998,0.7387817833157955,Sevilla,Rayo Vallecano,0,1,1,0.807803,2.59009,1.2015004,1.2632404000000002,-0.0617400000000001,1.2369167,1.4692217,-0.2323049999999999,1.2935379613372824,0,2,0,0.6690845000000002,0.1705649999999998,0.8180568000000004,0.38737789999999994,0.18860282,0.5423669,0.26903024
6611,2025-03-01 16:00:00,FRA-Ligue 1,2425,Saint-Etienne,Nice,1,1,3,1.01895,2.41374,1.2976763999999998,3.3047638,-2.0070874,1.1475974,2.8948459,-1.7472485,1.0456619667646805,Nice,Saint-Etienne,0,3,1,2.41374,1.01895,2.0721580000000004,0.8927204000000002,1.1794376000000002,2.183255,1.209128,0.974127,1.007669279278289,2,4,1,-0.2598389000000001,0.20531060000000023,-0.7744816000000005,-1.0356576,0.29404488,0.18402834,0.52192676
6612,2025-03-01 17:00:00,ITA-Serie A,2425,Napoli,Inter,1,1,1,1.72874,0.452597,1.2921093999999995,0.8054784000000001,0.4866309999999996,1.4880577,0.7016093,0.7864483999999999,1.2096297007638208,Inter,Napoli,0,1,1,0.452597,1.72874,1.5863102,1.20196,0.3843502000000001,1.9473041,0.9025576,1.0447464999999998,0.8730013596739412,0,2,0,-0.29981740000000034,-0.6603962999999997,-0.2942008000000005,-0.45924640000000005,0.23148538,0.31972986,0.4487848
6614,2025-03-01 17:30:00,ESP-La Liga,2425,Real Betis,Real Madrid,1,2,1,2.23957,1.05072,1.6527660000000002,1.0735468,0.5792192,1.6169832,1.267526,0.3494572,0.9894963723207686,Real Madrid,Real Betis,0,1,2,1.05072,2.23957,2.32741,0.8711824,1.4562276,2.594972,1.0141908999999998,1.5807811,0.8863290677783545,1,3,1,0.22976200000000002,-0.12455349999999998,-0.6746439999999998,-0.9779887999999999,0.22338837,0.231041,0.5455707
6613,2025-03-01 17:30:00,GER-Bundesliga,2425,Eintracht Frankfurt,Bayer Leverkusen,1,1,4,1.00046,2.37018,2.013208,2.0386802,-0.0254721999999998,2.0604899,1.7160857999999997,0.3444041000000002,0.7765139850896697,Bayer Leverkusen,Eintracht Frankfurt,0,4,1,2.37018,1.00046,2.14139,0.8239477200000002,1.31744228,2.094892,0.8462094600000001,1.2486825399999997,1.0024378333404145,2,5,1,-0.3698763,0.0687597400000004,-0.1281819999999998,-0.034402100000000324,0.2889305,0.28014913,0.43092036
6615,2025-03-01 18:00:00,FRA-Ligue 1,2425,Lens,Le Havre,1,3,4,2.02687,1.73131,1.7147082,2.15944356,-0.4447353599999997,1.7199751,1.84330778,-0.12333268,0.6395437704047168,Le Havre,Lens,0,4,3,1.73131,2.02687,1.2281162,1.951306,-0.7231897999999999,1.3174732,2.119799,-0.8023258,0.6831253317901785,2,7,1,-0.3214026799999997,0.0791360000000001,0.4865919999999999,0.4025019000000001,0.25327927,0.5360828,0.21063794
6616,2025-03-01 19:45:00,ITA-Serie A,2425,Udinese,Parma Calcio 1913,1,1,0,2.0589,0.617812,1.4924178,1.8034778,-0.3110600000000001,1.3116037,1.3975512,-0.0859475,1.067394772220624,Parma Calcio 1913,Udinese,0,0,1,0.617812,2.0589,1.3421014000000002,1.4149226,-0.0728211999999999,1.0979569999999998,1.8638353000000003,-0.7658783000000005,0.8197034859256912,1,1,0,-0.2251125000000001,0.6930571000000005,0.15031639999999968,0.2136467000000002,0.28562117,0.4828569,0.23152196
6617,2025-03-01 20:00:00,ESP-La Liga,2425,Atletico Madrid,Athletic Club,1,1,0,2.01612,1.54329,1.590603,1.5140646000000002,0.0765383999999997,1.8182811,1.2981324,0.5201487,0.8799514662768775,Athletic Club,Atletico Madrid,0,0,1,1.54329,2.01612,2.812841,0.94830478,1.86453622,2.1981771,0.91369659,1.28448051,1.0008288227418878,1,1,0,-0.44361030000000035,0.5800557099999999,-1.2222380000000002,-0.379896,0.24972947,0.33152726,0.4187433
6618,2025-03-01 20:05:00,FRA-Ligue 1,2425,Paris Saint Germain,Lille,1,4,1,3.59846,0.872733,2.91271,1.0265094,1.8862006,2.92552,1.1574501,1.7680698999999998,0.8545486427887546,Lille,Paris Saint Germain,0,1,4,0.872733,3.59846,2.108406,1.6302154000000002,0.4781905999999993,1.873721,1.4685098,0.4052112000000001,0.9072850721718588,1,5,1,0.11813070000000025,0.0729793999999992,0.8043040000000001,1.0517990000000002,0.13720009,0.7504506,0.1123493
6619,2025-03-02 11:30:00,ITA-Serie A,2425,Monza,Torino,1,0,2,0.582104,1.43219,0.4147718000000001,2.3747532,-1.9599814,0.8239436,2.0406979,-1.2167543,0.8495716823679651,Torino,Monza,0,2,0,1.43219,0.582104,1.142787,1.9155608,-0.7727738000000002,0.8625222000000001,1.5701680000000002,-0.7076458000000001,1.3912669247621396,2,2,0,-0.7432270999999999,-0.06512800000000007,-0.7280152,-0.03857860000000013,0.4190794,0.32063153,0.26028913
6620,2025-03-02 13:00:00,ESP-La Liga,2425,Leganes,Getafe,1,1,0,0.554524,0.585024,1.002323,1.836924,-0.8346009999999997,1.0417569,2.1217060000000005,-1.0799491000000006,0.7679327413787791,Getafe,Leganes,0,0,1,0.585024,0.554524,1.1152172,1.4046086,-0.2893913999999999,0.9645227,1.7242763,-0.7597536,1.140459275391574,1,1,0,0.24534810000000085,0.4703622000000001,-0.11289419999999994,0.07723420000000003,0.25884277,0.44103354,0.30012366
6623,2025-03-02 14:00:00,ITA-Serie A,2425,Bologna,Cagliari,1,2,1,2.25801,0.68032,1.8025132,1.2199792000000005,0.5825339999999997,1.8316792,1.1526297,0.6790494999999999,0.9281096121473608,Cagliari,Bologna,0,1,2,0.68032,2.25801,0.7889825999999998,1.5990976,-0.8101150000000001,1.1325236,1.7098072000000002,-0.5772836000000001,0.9712813302245268,1,3,1,-0.0965155000000002,-0.23283140000000002,1.0135306000000002,0.6991555999999999,0.19856304,0.69315755,0.10827944
6621,2025-03-02 14:00:00,FRA-Ligue 1,2425,Lyon,Brest,1,2,1,1.54474,1.89282,2.011616,1.9284384,0.0831775999999997,1.6421776,1.6955380000000002,-0.0533604,1.156999610152026,Brest,Lyon,0,1,2,1.89282,1.54474,1.5981676000000002,1.6736336,-0.0754659999999998,1.4703974,1.8006587999999997,-0.3302613999999997,1.088140465876459,1,3,1,0.13653799999999972,0.2547953999999999,0.4134483999999998,0.17178019999999994,0.2390758,0.488725,0.27219915
6622,2025-03-02 14:00:00,ITA-Serie A,2425,Genoa,Empoli,1,1,1,0.229571,1.00977,1.7410564000000002,0.6789232000000001,1.0621332,1.4507821,0.9101573,0.5406248,0.7582112033149545,Empoli,Genoa,0,1,1,1.00977,0.229571,1.1405862,2.0446866,-0.9041004,1.2597956,1.7996589,-0.5398633000000002,0.6350231457998855,0,2,0,0.5215084000000001,-0.36423709999999987,0.6004702000000002,0.19098650000000017,0.20998685,0.6346415,0.15537164
6624,2025-03-02 14:30:00,GER-Bundesliga,2425,Union Berlin,Holstein Kiel,1,0,1,0.886081,0.692509,1.7268768,2.0369258,-0.3100489999999996,1.7321719999999998,1.8734309,-0.1412589000000002,0.5195785871272673,Holstein Kiel,Union Berlin,0,1,0,0.692509,0.886081,1.2167748,3.00673,-1.7899552,1.3430137,2.1318011,-0.7887873999999997,1.5636463249434276,2,1,0,-0.1687900999999994,-1.0011678000000004,0.510102,0.38915829999999985,0.20239973,0.5350741,0.26252618
6625,2025-03-02 15:15:00,ESP-La Liga,2425,Barcelona,Real Sociedad,1,4,0,3.63697,0.0,2.3937219999999995,0.8182812,1.5754407999999995,2.793456,1.042799,1.750657,0.859150507775849,Real Sociedad,Barcelona,0,0,4,0.0,3.63697,1.312694,1.3489559999999998,-0.0362619999999997,1.143239,1.2268875,-0.0836485,0.8747069731639902,1,4,1,-0.17521620000000038,0.0473865000000003,1.0810279999999994,1.650217,0.112537876,0.78560054,0.10186163
6628,2025-03-02 16:15:00,FRA-Ligue 1,2425,Angers,Toulouse,1,0,4,0.363765,4.43647,1.56681296,2.169434,-0.6026210399999998,1.53187088,1.6018991,-0.0700282199999999,0.7833553286453695,Toulouse,Angers,0,4,0,4.43647,0.363765,1.4327642,1.4290689999999997,0.0036952000000003,1.3880027,1.411369,-0.0233662999999999,0.8645510094821793,2,4,1,-0.53259282,0.0270615000000002,0.13404876,0.14386818000000012,0.27366602,0.42644408,0.29988992
6626,2025-03-02 16:15:00,FRA-Ligue 1,2425,Montpellier,Rennes,1,0,4,1.60296,2.49604,1.2577938,2.291344,-1.0335501999999996,1.5867299,2.040681,-0.4539511000000003,0.5041812698044766,Rennes,Montpellier,0,4,0,2.49604,1.60296,2.0331922,1.6220895999999996,0.4111026000000002,1.6276008000000002,1.6097154,0.0178854000000001,0.7372810720656613,2,4,1,-0.5795990999999994,0.3932172000000001,-0.7753983999999998,-0.040870900000000265,0.30900595,0.34341705,0.347577
6627,2025-03-02 16:15:00,FRA-Ligue 1,2425,Auxerre,Strasbourg,1,0,1,2.09273,1.52559,1.2779453999999997,1.525654,-0.2477086000000004,1.0065523,1.80444,-0.7978877,1.2915361759779636,Strasbourg,Auxerre,0,1,0,1.52559,2.09273,1.6254806,1.0929566,0.532524,1.6194006,1.4576743,0.1617263,0.9262680733426468,2,1,0,0.5501790999999996,0.3707977,-0.34753520000000027,-0.6128483,0.24472441,0.26461253,0.49066305
6629,2025-03-02 16:30:00,GER-Bundesliga,2425,Augsburg,Freiburg,1,0,0,2.222,0.799243,0.9774886,1.2484802,-0.2709915999999999,0.9529397,1.4066587,-0.453719,1.1543215648151035,Freiburg,Augsburg,0,0,0,0.799243,2.222,1.7697676000000002,0.7020392,1.0677284000000002,1.4683691,1.5378086,-0.0694395000000001,1.1577462657404969,0,0,0,0.1827274000000001,1.1371679000000003,-0.7922790000000002,-0.5154294000000001,0.28225017,0.28925878,0.42849112
6630,2025-03-02 17:00:00,ITA-Serie A,2425,Roma,Como,1,2,1,1.59518,1.29634,1.7395463999999996,0.5441588,1.1953875999999997,2.0487742,0.9703181,1.0784561,1.073812295267924,Como,Roma,0,1,2,1.29634,1.59518,0.7244352,1.1174430000000002,-0.3930078000000002,1.1605792,1.1250038,0.0355753999999999,1.2062931971439803,1,3,1,0.11693149999999974,-0.4285832000000001,1.0151111999999998,0.8881950000000001,0.19306694,0.674364,0.13256904
6631,2025-03-02 17:30:00,ESP-La Liga,2425,Mallorca,Alaves,1,1,1,1.83195,1.63763,1.2736174,1.3278960000000002,-0.0542786000000001,1.2484834,1.7249056,-0.4764222,0.7208740453625212,Alaves,Mallorca,0,1,1,1.63763,1.83195,1.0488078,0.8849158000000001,0.1638919999999999,1.2467335,1.0056499,0.2410835999999998,0.9625144728087656,0,2,0,0.4221435999999999,-0.07719159999999989,0.22480959999999994,0.001749900000000082,0.25742266,0.35672155,0.38585585
6632,2025-03-02 19:45:00,FRA-Ligue 1,2425,Marseille,Nantes,1,2,0,2.61727,0.838148,2.954262,1.4625294,1.4917326,2.792983,1.2225493,1.5704337,0.7518840064962778,Nantes,Marseille,0,0,2,0.838148,2.61727,2.0232559999999995,2.4571736,-0.4339176000000004,1.707005,2.0231032,-0.3160982000000001,0.7615673289959146,1,2,0,-0.07870109999999997,-0.1178194000000003,0.9310060000000004,1.0859779999999999,0.11420332,0.80040914,0.08538756
6633,2025-03-02 19:45:00,ITA-Serie A,2425,AC Milan,Lazio,1,1,2,1.28991,2.53115,1.71309,1.1801166,0.5329733999999999,1.858916,1.288037,0.5708789999999999,0.6993319228346397,Lazio,AC Milan,0,2,1,2.53115,1.28991,2.0098208,1.0911269999999995,0.9186938000000002,1.6916912999999998,1.4152175,0.2764737999999997,1.0049108812518686,2,3,1,-0.037905599999999984,0.6422200000000005,-0.29673079999999996,0.16722470000000023,0.22383882,0.51274556,0.2634156
6634,2025-03-02 20:00:00,ESP-La Liga,2425,Osasuna,Valencia,1,3,3,1.26777,1.54983,1.5899532,1.8819844,-0.2920311999999998,1.194705,1.5474989999999995,-0.3527939999999998,0.7533234117849915,Valencia,Osasuna,0,3,3,1.54983,1.26777,1.4722208,1.7302904,-0.2580695999999998,1.4696684,1.6257052,-0.1560368000000001,0.8165101620813497,0,6,1,0.06076279999999995,-0.1020327999999997,0.11773239999999996,-0.2749634000000001,0.2694473,0.41959405,0.31095862
6635,2025-03-03 19:45:00,ITA-Serie A,2425,Juventus,Verona,1,2,0,1.97535,0.269838,1.58567,1.3062918,0.2793782000000002,1.7056710000000002,1.1715824,0.5340886000000002,0.9966746244295502,Verona,Juventus,0,0,2,0.269838,1.97535,1.1276612,1.2335808,-0.1059195999999997,0.9550119,1.4648219,-0.50981,0.6282637648140669,1,2,0,-0.25471040000000006,0.4038904000000003,0.4580088,0.7506591000000001,0.21701287,0.66630405,0.11668304
6636,2025-03-07 19:30:00,GER-Bundesliga,2425,Borussia M.Gladbach,Mainz 05,1,1,3,1.25544,1.98889,1.4724727999999998,1.7567788,-0.2843060000000001,1.2441466,2.3555043,-1.1113577,1.2056447321845094,Mainz 05,Borussia M.Gladbach,0,3,1,1.98889,1.25544,1.593722,1.2152173999999998,0.3785046000000001,1.4682236,1.4724007,-0.0041771000000001,0.9535325862269302,2,4,1,0.8270516999999997,0.3826817000000002,-0.12124920000000028,-0.22407699999999986,0.25636253,0.33199877,0.41163865
6638,2025-03-07 19:45:00,FRA-Ligue 1,2425,Toulouse,Monaco,1,1,1,1.25392,2.8576,2.0515442,1.3138506,0.7376936000000001,1.8083961,1.1673155,0.6410806000000002,0.8847614276753706,Monaco,Toulouse,0,1,1,2.8576,1.25392,2.9881486,1.5831664,1.4049821999999996,2.8083093,1.7713452,1.0369640999999998,0.8546064158223542,0,2,0,0.09661299999999984,0.3680180999999998,-0.9366044000000002,-0.9999132,0.24888328,0.3006907,0.450426
6637,2025-03-07 19:45:00,ITA-Serie A,2425,Cagliari,Genoa,1,1,1,0.809829,1.43054,0.8708921999999998,1.6042876,-0.7333954000000001,0.9380106,1.7802902,-0.8422796000000001,1.1726933867342366,Genoa,Cagliari,0,1,1,1.43054,0.809829,1.1234806,0.8185074,0.3049731999999999,1.4030056,0.8687573000000001,0.5342482999999999,0.7840305241614687,0,2,0,0.10888419999999999,-0.2292751,-0.25258840000000016,-0.46499499999999994,0.27015164,0.2564698,0.4733785
6639,2025-03-08 12:30:00,ENG-Premier League,2425,Nottingham Forest,Manchester City,1,1,0,0.501476,0.721234,1.6579615999999997,2.1135732,-0.4556116000000001,1.7083177999999997,1.8127397,-0.1044219000000001,1.2292787505470293,Manchester City,Nottingham Forest,0,0,1,0.721234,0.501476,1.6128502,1.0557957999999998,0.5570544000000002,1.9999211,1.2493725000000002,0.7505485999999997,1.200046741820594,1,1,0,-0.35118970000000005,-0.1934941999999995,0.04511139999999969,-0.29160330000000023,0.2783694,0.29930943,0.4223212
6640,2025-03-08 13:00:00,ESP-La Liga,2425,Celta Vigo,Leganes,1,2,1,1.07104,0.99815,1.537344,1.1729702000000004,0.3643737999999996,1.3650648,1.1059686,0.2590962000000001,0.9523350449480164,Leganes,Celta Vigo,0,1,2,0.99815,1.07104,0.7984258,1.4993748,-0.700949,1.0508371,2.0057464,-0.9549093,0.8564592395346152,1,3,1,0.10527759999999947,0.2539602999999999,0.7389182000000001,0.3142277,0.27955884,0.60155314,0.11888801
6642,2025-03-08 14:00:00,ITA-Serie A,2425,Parma Calcio 1913,Torino,1,2,2,1.48743,0.72136,1.0946338,1.2844626,-0.1898287999999999,1.0981688,1.5138693,-0.4157005,0.8195453927070295,Torino,Parma Calcio 1913,0,2,2,0.72136,1.48743,0.9828130000000002,1.9778272,-0.9950142,0.9786806,1.4485624,-0.4698817999999999,1.4304958834415606,0,4,1,0.22587170000000006,-0.5251324,0.11182079999999983,0.11948820000000004,0.23981029,0.48822105,0.2719686
6641,2025-03-08 14:00:00,ITA-Serie A,2425,Como,Venezia,1,1,1,1.2727,1.80606,0.842829,1.226817,-0.383988,1.2534596,1.0946058,0.1588537999999999,1.1966869959853546,Venezia,Como,0,1,1,1.80606,1.2727,0.7927714000000001,1.7638438,-0.9710724,0.7437666999999999,1.9017699,-1.1580032000000002,0.6722529090736262,0,2,0,-0.5428417999999999,0.18693080000000029,0.050057599999999924,0.5096929000000001,0.36798787,0.53211683,0.099895276
6646,2025-03-08 14:30:00,GER-Bundesliga,2425,Holstein Kiel,VfB Stuttgart,1,2,2,1.97246,1.0726,1.3021228,2.6798562,-1.3777334,1.3798698,1.9869842,-0.6071144000000002,1.521881613843847,VfB Stuttgart,Holstein Kiel,0,2,2,1.0726,1.97246,1.3905824,1.560577,-0.1699945999999998,1.7595987000000002,1.3846641,0.3749346000000002,0.7388043996597635,0,4,1,-0.7706189999999999,-0.5449292,-0.08845959999999997,-0.37972890000000015,0.2839219,0.34317616,0.372902
6647,2025-03-08 14:30:00,GER-Bundesliga,2425,Wolfsburg,St. Pauli,1,1,1,1.96602,1.23696,1.4786733999999997,1.630626,-0.1519526000000004,1.7788491,1.6100687,0.1687803999999999,0.955673555630123,St. Pauli,Wolfsburg,0,1,1,1.23696,1.96602,0.5915728,1.3872222,-0.7956494000000001,1.2878954,1.5320597,-0.2441643,0.5435219789417844,0,2,0,-0.3207330000000003,-0.5514851000000001,0.8871005999999997,0.49095369999999994,0.22385311,0.57572937,0.20041752
6644,2025-03-08 14:30:00,GER-Bundesliga,2425,Bayern Munich,Bochum,1,2,3,2.72891,1.36274,3.25358812,1.1824688,2.07111932,3.29274316,0.7987789999999999,2.49396416,0.9110941677290834,Bochum,Bayern Munich,0,3,2,1.36274,2.72891,1.8246278,2.1449904,-0.3203626000000001,1.6845003000000005,1.9431385,-0.2586381999999996,0.653012259474065,2,5,1,-0.4228448399999998,-0.06172440000000051,1.4289603199999998,1.6082428599999996,0.104708396,0.8030327,0.092258945
6645,2025-03-08 14:30:00,GER-Bundesliga,2425,Borussia Dortmund,Augsburg,1,0,1,1.11055,0.250168,2.827648,1.0012801999999998,1.8263678,2.127102,1.3970141,0.7300878999999998,0.9402459589403992,Augsburg,Borussia Dortmund,0,1,0,0.250168,1.11055,1.0942466,1.2188528,-0.1246062000000001,1.1314687,1.3844879999999995,-0.2530192999999998,0.9721868822470456,2,1,0,1.0962799000000003,0.12841309999999967,1.7334014,0.9956332999999997,0.13312382,0.7685394,0.09833676
6643,2025-03-08 14:30:00,GER-Bundesliga,2425,Bayer Leverkusen,Werder Bremen,1,0,2,1.36325,1.67701,2.1000780000000003,0.8823905200000002,1.2176874800000002,2.229815,0.90258446,1.32723054,1.031475242800303,Werder Bremen,Bayer Leverkusen,0,2,0,1.67701,1.36325,1.3901822,2.238202,-0.8480198000000003,1.5154761,2.021192,-0.5057159000000002,0.9238014879934512,2,2,0,-0.1095430599999998,-0.3423039000000001,0.7098958000000004,0.7143388999999998,0.15218891,0.75735897,0.090452075
6648,2025-03-08 15:00:00,ENG-Premier League,2425,Crystal Palace,Ipswich,1,1,0,3.13879,1.63282,2.294362,1.0689113999999995,1.2254506000000005,2.0192956000000004,1.1600489,0.8592467000000004,0.8418773151007137,Ipswich,Crystal Palace,0,0,1,1.63282,3.13879,1.0569782,1.846318,-0.7893398,0.93713177,1.992283,-1.05515123,1.067084656531646,1,1,0,0.36620390000000014,0.26581143000000007,1.2373838,1.0821638300000003,0.1431675,0.7731075,0.08372501
6650,2025-03-08 15:00:00,ENG-Premier League,2425,Liverpool,Southampton,1,3,1,4.98996,0.511566,1.4093602,0.8055606000000001,0.6037996,2.1684191,0.988934,1.1794851,0.968447027400272,Southampton,Liverpool,0,1,3,0.511566,4.98996,0.794977,3.0442760000000004,-2.2492990000000006,1.0267629,3.119806,-2.0930431,0.779146987929747,1,4,1,-0.5756855,-0.15625590000000056,0.6143832,1.1416562,0.1564133,0.7832541,0.06033264
6649,2025-03-08 15:00:00,ENG-Premier League,2425,Brighton,Fulham,1,2,1,1.94417,0.708227,2.2336892,1.4888416000000002,0.7448475999999995,1.8442148000000005,1.3683188,0.4758960000000003,0.92180101699595,Fulham,Brighton,0,1,2,0.708227,1.94417,1.2096602,0.8302904,0.3793698000000001,1.6647887,1.0472287999999998,0.6175599000000003,0.9610823517228632,1,3,1,0.2689515999999992,-0.23819010000000018,1.024029,0.1794261000000006,0.21049207,0.5188095,0.27069846
6651,2025-03-08 15:15:00,ESP-La Liga,2425,Alaves,Villarreal,1,1,0,1.21479,2.63287,1.1979856000000002,1.2202872,-0.0223015999999998,1.2604295,0.9574999,0.3029296000000001,0.8727176944702624,Villarreal,Alaves,0,0,1,2.63287,1.21479,1.754926,1.1262962,0.6286297999999999,2.050303,1.1833628,0.8669401999999999,1.0242383568485454,1,1,0,-0.3252311999999999,-0.23831040000000003,-0.5569403999999998,-0.7898734999999999,0.26115453,0.26947588,0.4693696
6652,2025-03-08 16:00:00,FRA-Ligue 1,2425,Rennes,Paris Saint Germain,1,1,4,2.10922,3.39834,2.1619901999999995,1.2479135999999995,0.9140765999999998,1.8486121,1.5990394,0.2495726999999996,0.8655137194472983,Paris Saint Germain,Rennes,0,4,1,3.39834,2.10922,3.273146,1.0783792,2.1947668,2.980831,1.2105694,1.7702615999999998,0.9728827387789718,2,5,1,0.6645039000000001,0.42450520000000025,-1.1111558000000006,-1.1322188999999998,0.20683514,0.2240612,0.56910366
6653,2025-03-08 17:00:00,ITA-Serie A,2425,Lecce,AC Milan,1,2,3,1.1897,3.27991,0.8624262000000001,1.2182604,-0.3558341999999997,0.7977898,1.7678201999999998,-0.9700303999999998,0.8774230036245092,AC Milan,Lecce,0,3,2,3.27991,1.1897,1.7621939999999998,1.2897286,0.4724653999999997,1.7615589999999997,1.3800260000000002,0.3815329999999994,0.737982243011876,2,5,1,0.6141962000000001,0.0909324000000003,-0.8997677999999997,-0.9637691999999997,0.2315078,0.2599328,0.5085594
6654,2025-03-08 17:30:00,ENG-Premier League,2425,Brentford,Aston Villa,1,0,1,0.637743,1.29638,1.78497,1.0056083999999998,0.7793616000000001,1.9298517,1.5427156,0.3871361,0.8290788203680001,Aston Villa,Brentford,0,1,0,1.29638,0.637743,1.6050511999999997,2.1153028,-0.5102516000000001,1.5649917,1.6884736,-0.1234819,0.8945728628638332,2,1,0,0.3922255000000001,-0.3867697000000001,0.17991880000000027,0.36485999999999996,0.18520965,0.64394957,0.17084077
6656,2025-03-08 17:30:00,ESP-La Liga,2425,Valencia,Real Valladolid,1,2,1,2.37105,0.645621,1.5215308,1.1120943999999997,0.4094364000000003,1.4465233999999998,1.5646312,-0.1181078000000002,0.9678371135668364,Real Valladolid,Valencia,0,1,2,0.645621,2.37105,0.9325048,2.745657,-1.8131522,0.87856635,2.1333207,-1.25475435,0.6829299996181283,1,3,1,0.5275442000000005,-0.55839785,0.589026,0.5679570499999997,0.2260344,0.51059806,0.26336756
6655,2025-03-08 17:30:00,GER-Bundesliga,2425,Freiburg,RasenBallsport Leipzig,1,0,0,0.510953,2.02806,1.8753546000000003,0.988923,0.8864316000000002,1.2515164,1.5748856,-0.3233691999999999,1.1186420580329126,RasenBallsport Leipzig,Freiburg,0,0,0,2.02806,0.510953,1.4416546,1.2016724,0.2399822,1.4215421,1.9456352000000003,-0.5240931000000002,1.125537452927034,0,0,0,1.2098008,0.7640753000000002,0.4337000000000004,-0.17002569999999984,0.2394477,0.39692912,0.36362323
6657,2025-03-08 18:00:00,FRA-Ligue 1,2425,Lille,Montpellier,1,1,0,1.7771,0.305936,1.8920146,2.1105014,-0.2184867999999999,1.6599523,1.7543186,-0.0943662999999999,0.9036398795074536,Montpellier,Lille,0,0,1,0.305936,1.7771,1.3904144,2.522038,-1.1316235999999995,1.5952069000000002,2.180013,-0.5848060999999996,0.5015020299234977,1,1,0,-0.1241205,-0.5468175,0.5016001999999999,0.06474539999999984,0.22225487,0.53237164,0.24537344
6658,2025-03-08 19:45:00,ITA-Serie A,2425,Inter,Monza,1,3,2,3.0629,0.779109,1.2802116,1.33883,-0.0586184,1.6753238,1.0452023,0.6301215,0.8953487705786962,Monza,Inter,0,2,3,0.779109,3.0629,0.4688228,1.9977012,-1.5288783999999995,0.7838369,1.9253609,-1.141524,0.765464390022478,1,5,1,-0.6887399,-0.38735439999999954,0.8113887999999999,0.8914869,0.23322277,0.68087137,0.08590588
6659,2025-03-08 20:00:00,ENG-Premier League,2425,Wolverhampton Wanderers,Everton,1,1,1,0.812432,1.3672,1.3199374,1.1124336,0.2075037999999998,1.2513093000000002,1.6059734,-0.3546640999999997,0.799162286125192,Everton,Wolverhampton Wanderers,0,1,1,1.3672,0.812432,1.7185546000000005,1.1336948,0.5848598000000003,1.4432012,1.3600714,0.0831298,1.039355400095704,0,2,0,0.5621678999999995,0.5017300000000002,-0.39861720000000056,-0.1918918999999999,0.26271075,0.31979415,0.41749507
6660,2025-03-08 20:05:00,FRA-Ligue 1,2425,Marseille,Lens,1,0,1,1.18945,1.23993,3.255402,1.208175,2.0472270000000004,2.7562,1.2896889,1.4665111000000002,0.7619183071191107,Lens,Marseille,0,1,0,1.23993,1.18945,1.7178462,2.489434,-0.7715878000000003,1.8123901000000004,1.86461978,-0.0522296799999995,0.6621087468372582,2,1,0,0.5807159000000002,-0.7193581200000008,1.5375558,0.9438098999999998,0.15592703,0.7071111,0.13696186
6661,2025-03-09 11:30:00,ITA-Serie A,2425,Verona,Bologna,1,1,2,1.28101,1.38177,0.7472168000000001,1.4867089999999998,-0.7394921999999997,0.9170485000000002,1.5248519,-0.6078033999999999,0.6542722066802282,Bologna,Verona,0,2,1,1.38177,1.28101,1.9179152,1.228031,0.6898841999999998,1.7709982,1.1407653000000002,0.6302328999999998,0.959910089174518,2,3,1,-0.13168879999999983,0.059651300000000074,-1.1706983999999998,-0.8539496999999998,0.23377842,0.25437027,0.5118513
6662,2025-03-09 13:00:00,ESP-La Liga,2425,Getafe,Atletico Madrid,1,2,1,1.39814,1.02142,0.8301680000000001,1.2633654,-0.4331973999999999,0.9699983,1.6624256999999996,-0.6924273999999996,1.0309285790206242,Atletico Madrid,Getafe,0,1,2,1.02142,1.39814,1.649279,1.4658106000000002,0.1834683999999997,1.7877101,1.3888841,0.3988259999999999,0.7271868480315415,1,3,1,0.2592299999999997,-0.2153576000000002,-0.8191109999999998,-0.8177118,0.23762034,0.25172493,0.51065475
6663,2025-03-09 14:00:00,ENG-Premier League,2425,Chelsea,Leicester,1,1,0,1.76844,0.108487,1.7390795999999995,1.8054038,-0.0663242000000003,1.9060188,1.5799549000000002,0.3260638999999998,0.7869802821565652,Leicester,Chelsea,0,0,1,0.108487,1.76844,0.6205028,1.9752920000000005,-1.3547892000000004,0.8757017999999999,2.033436,-1.1577342000000002,0.4567759746799942,1,1,0,-0.39238810000000013,-0.1970550000000002,1.1185767999999996,1.0303170000000001,0.21162751,0.6727884,0.11558415
6664,2025-03-09 14:00:00,ITA-Serie A,2425,Napoli,Fiorentina,1,2,1,2.93764,1.05617,1.1707334,0.6909218,0.4798116,1.5185546999999997,0.6761354,0.8424192999999996,1.1194847841274445,Fiorentina,Napoli,0,1,2,1.05617,2.93764,1.022149,0.9814296,0.0407194,1.130876,1.2009313,-0.0700552999999999,0.9726964117229372,1,3,1,-0.36260769999999964,0.1107746999999999,0.14858440000000006,0.3876786999999997,0.22315285,0.6208183,0.15602876
6666,2025-03-09 14:00:00,ENG-Premier League,2425,Tottenham,Bournemouth,1,2,2,1.35053,2.22536,1.412589,1.6072519999999997,-0.1946629999999996,1.3542446,1.7222667,-0.3680221000000001,1.033785895261539,Bournemouth,Tottenham,0,2,2,2.22536,1.35053,1.7793461999999998,1.8745988000000005,-0.0952526000000006,1.8274251,1.4771522,0.3502729,0.984991951247714,0,4,1,0.1733591000000005,-0.4455255000000006,-0.3667571999999997,-0.4731805,0.2550181,0.28398654,0.46099532
6665,2025-03-09 14:00:00,FRA-Ligue 1,2425,Brest,Angers,1,2,0,4.53611,0.48923,1.5001676,1.8433352,-0.3431675999999999,1.5856422,1.6540908,-0.0684485999999999,1.0090542437289802,Angers,Brest,0,0,2,0.48923,4.53611,1.6232944,2.6544920000000003,-1.0311976000000005,1.51770358,1.8428451,-0.3251415199999998,0.7906677068866722,1,2,0,-0.274719,-0.7060560800000006,-0.12312680000000009,0.06793861999999984,0.25454062,0.48974472,0.25571468
6667,2025-03-09 14:30:00,GER-Bundesliga,2425,Eintracht Frankfurt,Union Berlin,1,1,2,2.00811,0.725817,1.7526499999999998,2.0484342,-0.2957842000000001,2.076598,1.7035238,0.3730741999999998,0.7704905954399478,Union Berlin,Eintracht Frankfurt,0,2,1,0.725817,2.00811,1.7068126,1.8947116,-0.1878989999999998,1.5194701,1.8189588,-0.2994886999999997,0.5264989903394676,2,3,1,-0.6688584,0.11158969999999993,0.04583739999999992,0.5571279000000002,0.20155965,0.6065511,0.19188921
6668,2025-03-09 15:15:00,ESP-La Liga,2425,Real Madrid,Rayo Vallecano,1,2,1,1.59439,1.21003,2.0462,1.2721658000000002,0.7740341999999996,2.58401,1.2030142,1.3809958000000002,0.8126900388581937,Rayo Vallecano,Real Madrid,0,1,2,1.21003,1.59439,1.9354652,1.207968,0.7274972000000002,1.7225346,1.5979446,0.1245899999999999,0.5805395255691669,1,3,1,-0.6069616000000007,0.6029072000000003,0.11073479999999969,0.8614754000000002,0.19143948,0.69519055,0.113369994
6670,2025-03-09 16:15:00,FRA-Ligue 1,2425,Reims,Auxerre,1,0,2,1.83707,1.87605,0.8438642000000002,2.83441,-1.9905458,1.0071403,2.499839,-1.4926987,0.5957456019329165,Auxerre,Reims,0,2,0,1.87605,1.83707,1.5799255999999997,1.592512,-0.0125864000000002,1.1816713,1.6524639999999997,-0.4707926999999996,1.1001357990705207,2,2,0,-0.4978471,0.4582062999999994,-0.7360613999999995,-0.174531,0.36996195,0.30783495,0.32220307
6671,2025-03-09 16:15:00,FRA-Ligue 1,2425,Nantes,Strasbourg,1,0,1,0.66134,1.17018,1.8649196,2.6571036,-0.7921840000000004,1.6198477999999998,2.2562375,-0.6363897000000003,0.7408098829964872,Strasbourg,Nantes,0,1,0,1.17018,0.66134,1.6911926000000002,1.1205646,0.5706280000000001,1.6624696,1.5384923,0.1239772999999999,0.9624230347291556,2,1,0,-0.15579430000000016,0.44665070000000023,0.17372699999999974,-0.042621800000000265,0.3079782,0.3065308,0.38549095
6669,2025-03-09 16:15:00,FRA-Ligue 1,2425,Le Havre,Saint-Etienne,1,1,1,2.15479,1.3916,1.4351318,1.880116,-0.4449841999999999,1.3477202,2.094887,-0.7471668,0.8903918703660668,Saint-Etienne,Le Havre,0,1,1,1.3916,2.15479,1.2632064,3.670946,-2.4077396,1.2328172,2.8377099,-1.6048927000000002,1.0544944907529756,0,2,0,0.30218260000000013,-0.8028469,0.1719253999999999,0.11490299999999998,0.2420983,0.49354026,0.2643615
6672,2025-03-09 16:30:00,ENG-Premier League,2425,Manchester United,Arsenal,1,1,1,1.31107,1.82996,1.0366546,1.6254822,-0.5888276000000001,1.2644269,1.759707,-0.4952801,0.9490458095712692,Arsenal,Manchester United,0,1,1,1.82996,1.31107,1.3719355999999998,0.605315,0.7666205999999998,1.6733788,0.71257327,0.96080553,1.0159080443064987,0,2,0,-0.09354750000000012,-0.19418493000000026,-0.3352809999999997,-0.40895190000000015,0.28636363,0.20185864,0.51177776
6673,2025-03-09 16:30:00,GER-Bundesliga,2425,Hoffenheim,FC Heidenheim,1,1,1,1.78028,2.31324,1.1963186,2.238582,-1.0422634,1.4334832,2.0191029,-0.5856197000000001,0.8371211904533026,FC Heidenheim,Hoffenheim,0,1,1,2.31324,1.78028,0.8434802000000001,1.865002,-1.0215218,1.0275508,1.778865,-0.7513142000000002,0.8758682530651982,0,2,0,-0.4566436999999999,-0.27020759999999977,0.3528383999999998,0.40593239999999997,0.30944607,0.49747503,0.19307892
6674,2025-03-09 17:00:00,ITA-Serie A,2425,Empoli,Roma,1,0,1,0.0771894,2.99912,1.1757422,1.9108462,-0.735104,1.2389456,1.614237,-0.3752913999999998,0.5649961023340312,Roma,Empoli,0,1,0,2.99912,0.0771894,1.5352224,0.6423973999999999,0.892825,1.6524362,1.0383827,0.6140535,1.1498167676205788,2,1,0,-0.3598126000000002,0.27877149999999995,-0.35948020000000014,-0.4134905999999998,0.25383136,0.270049,0.4761197
6675,2025-03-09 17:30:00,ESP-La Liga,2425,Real Betis,Las Palmas,1,1,0,2.31412,0.426529,1.981698,1.125814,0.8558840000000001,1.5646832,1.218481,0.3462022,1.0225705608837874,Las Palmas,Real Betis,0,0,1,0.426529,2.31412,0.9724708,1.924986,-0.9525152,1.0181071000000002,2.2087693,-1.1906621999999996,0.7857711769506597,1,1,0,0.5096818000000001,0.23814699999999955,1.0092272,0.5465760999999998,0.18536068,0.6819046,0.13273469
6676,2025-03-09 17:30:00,ESP-La Liga,2425,Athletic Club,Mallorca,1,1,1,0.938663,1.02509,2.666945,1.03672678,1.6302182200000002,2.1443721,0.9175765899999998,1.22679551,0.9326735165629526,Mallorca,Athletic Club,0,1,1,1.02509,0.938663,1.4821306,1.53644,-0.0543093999999999,1.3395056,1.3505946,-0.0110890000000001,0.6718891866602226,0,2,0,0.4034227100000001,-0.0432203999999998,1.1848144,0.8048664999999999,0.16234547,0.7121704,0.12548412
6677,2025-03-09 19:45:00,ITA-Serie A,2425,Juventus,Atalanta,1,0,4,0.940693,3.93513,1.775664,0.8931353999999999,0.8825286000000002,1.64465,1.1002491,0.5444009000000001,1.0336539484668783,Atalanta,Juventus,0,4,0,3.93513,0.940693,2.3648476,0.7352944,1.6295532,1.8380548,1.0530672,0.7849876000000002,0.9248903107294132,2,4,1,0.33812770000000014,0.8445655999999997,-0.5891836000000001,-0.19340480000000015,0.25499558,0.39189646,0.35310796
6678,2025-03-09 19:45:00,FRA-Ligue 1,2425,Nice,Lyon,1,0,2,1.50591,0.78019,2.132922,0.8741964000000003,1.2587255999999996,2.19703,1.168139,1.0288909999999998,1.0468673405154505,Lyon,Nice,0,2,0,0.78019,1.50591,1.99704,1.9810364,0.0160036000000001,1.5939506,1.8342762,-0.2403256000000002,1.1292689188304088,2,2,0,0.22983459999999978,0.2563292000000003,0.13588200000000028,0.6030793999999997,0.18432353,0.6915436,0.124132894
6679,2025-03-09 20:00:00,ESP-La Liga,2425,Real Sociedad,Sevilla,1,0,1,0.803868,1.01162,1.060546,1.674296,-0.61375,0.968777,1.5442123,-0.5754352999999999,0.7225597608533637,Sevilla,Real Sociedad,0,1,0,1.01162,0.803868,1.133035,1.5253724000000002,-0.3923374000000001,1.2541197,1.4960477,-0.2419280000000001,1.116319984192909,2,1,0,-0.038314700000000146,-0.15040940000000003,-0.07248900000000003,-0.28534269999999995,0.251313,0.4267643,0.32192266
6680,2025-03-10 19:45:00,ITA-Serie A,2425,Lazio,Udinese,1,1,1,1.01458,1.23859,2.1138088,1.1090629999999997,1.0047458000000005,1.7497833,1.4350795,0.3147038,0.9715483216988516,Udinese,Lazio,0,1,1,1.23859,1.01458,1.7431684,1.4036801999999995,0.3394882000000003,1.4316091,1.3036164,0.1279927,0.9080684747893298,0,2,0,0.6900420000000005,0.2114955000000003,0.3706404000000001,0.3181742000000001,0.2045679,0.6006585,0.19477366
6682,2025-03-10 20:00:00,ENG-Premier League,2425,West Ham,Newcastle United,1,0,1,0.823986,1.62976,1.2540672000000002,1.1851438,0.0689234,1.1380969,1.7864008999999998,-0.6483039999999998,0.8786590327598355,Newcastle United,West Ham,0,1,0,1.62976,0.823986,1.6769921999999997,1.6681542,0.0088379999999996,1.8856732,1.4746423,0.4110309000000001,1.0075971766490732,2,1,0,0.7172273999999997,-0.40219290000000046,-0.42292499999999955,-0.7475763,0.24249594,0.27326724,0.4842369
6681,2025-03-10 20:00:00,ESP-La Liga,2425,Espanyol,Girona,1,1,1,0.325296,1.58787,0.8741556000000001,1.359913,-0.4857574,0.9770845,1.3396094,-0.3625249000000001,0.9211066994648882,Girona,Espanyol,0,1,1,1.58787,0.325296,0.95106358,2.020668,-1.06960442,1.11902049,1.95910355,-0.8400830599999995,1.0723654645810243,0,2,0,-0.12323249999999991,-0.22952136000000034,-0.07690797999999988,-0.14193599,0.308135,0.48787832,0.20398666
6683,2025-03-14 19:30:00,GER-Bundesliga,2425,St. Pauli,Hoffenheim,1,1,0,1.43518,0.196271,0.6689892000000001,1.741448,-1.0724588000000002,1.1538104,1.4870687,-0.3332583,0.60668494001706,Hoffenheim,St. Pauli,0,0,1,0.196271,1.43518,1.1624866,2.430394,-1.2679074,1.2392212,2.2013775000000004,-0.9621563000000004,0.9683493404169164,1,1,0,-0.7392005000000001,-0.3057510999999995,-0.4934974,-0.08541080000000001,0.26932302,0.5108178,0.21985915
6684,2025-03-14 19:45:00,FRA-Ligue 1,2425,Nice,Auxerre,1,1,1,2.29143,0.606081,2.13142,0.8593242000000002,1.2720957999999998,2.192429,1.001037,1.1913919999999998,0.9578412993801398,Auxerre,Nice,0,1,1,0.606081,2.29143,1.6276155999999995,1.544424,0.0831915999999997,1.3182503,1.662403,-0.3441527000000002,0.9861549159860492,0,2,0,0.08070379999999999,0.4273442999999999,0.5038044000000004,0.8741787000000001,0.17195262,0.7371019,0.09094549
6685,2025-03-14 19:45:00,ITA-Serie A,2425,Genoa,Lecce,1,2,1,1.06034,1.20452,1.0165425999999995,0.8413836,0.1751589999999997,1.3443346,0.8070492,0.5372854,0.7438618749663403,Lecce,Genoa,0,1,2,1.20452,1.06034,0.9489888,1.4742304000000002,-0.5252416000000001,0.8731332,1.8698752,-0.9967419999999998,1.03076938230114,1,3,1,-0.3621264000000003,0.4715003999999997,0.06755379999999955,0.4712014,0.24539176,0.64631027,0.108297974
6686,2025-03-14 20:00:00,ESP-La Liga,2425,Las Palmas,Alaves,1,2,2,1.94387,1.49888,0.7941946,1.949438,-1.1552434,0.9766627,2.3156193,-1.3389566,0.8191151160834584,Alaves,Las Palmas,0,2,2,1.49888,1.94387,1.415688,1.5098092,-0.0941211999999998,1.3015309,1.1364163,0.1651145999999999,0.8451579250573882,0,4,1,0.1837131999999999,-0.2592357999999997,-0.6214934000000001,-0.32486819999999994,0.2612021,0.26150507,0.47729287
6687,2025-03-15 13:00:00,ESP-La Liga,2425,Real Valladolid,Celta Vigo,1,0,1,0.839415,1.81654,0.9121767999999998,2.441159,-1.5289822000000002,0.88994535,2.3047015,-1.41475615,0.6741979446289094,Celta Vigo,Real Valladolid,0,1,0,1.81654,0.839415,1.6485500000000002,0.9864702,0.6620798000000001,1.3792843,1.157037,0.2222472999999998,1.0875197466397997,2,1,0,-0.11422605000000008,0.4398325000000003,-0.7363732000000004,-0.48933894999999994,0.33105928,0.20220251,0.4667382
6688,2025-03-15 14:00:00,ITA-Serie A,2425,Monza,Parma Calcio 1913,1,1,1,0.9314,0.616308,0.5687416000000001,2.43932,-1.8705784,0.6392778,2.1094269,-1.4701491,1.094983909993574,Parma Calcio 1913,Monza,0,1,1,0.616308,0.9314,0.9921078,1.2773572,-0.2852494,1.1246878,1.3635353,-0.2388475000000001,0.8002213590105992,0,2,0,-0.4004293000000001,-0.046401899999999885,-0.4233661999999999,-0.48541,0.39107588,0.2570239,0.3519002
6689,2025-03-15 14:00:00,ITA-Serie A,2425,Udinese,Verona,1,0,1,0.318009,0.542985,1.802868,1.3340862,0.4687817999999997,1.4315140999999998,1.3447153,0.0867987999999997,0.8382726804628188,Verona,Udinese,0,1,0,0.542985,0.318009,0.8324576000000002,1.70716,-0.8747023999999998,0.9652531000000002,1.3765469,-0.4112937999999997,0.4143986541989305,2,1,0,0.38198299999999996,-0.46340860000000006,0.9704103999999997,0.4662609999999996,0.23422594,0.5878447,0.1779293
6692,2025-03-15 14:30:00,GER-Bundesliga,2425,Werder Bremen,Borussia M.Gladbach,1,2,4,2.98283,2.32056,1.2085002,2.307658,-1.0991578,1.4098211,1.99341,-0.5835889000000001,0.8511712222414445,Borussia M.Gladbach,Werder Bremen,0,4,2,2.32056,2.98283,1.3296188,1.96441,-0.6347912000000002,1.3206412,2.1821033000000005,-0.8614621000000005,1.0600903106079755,2,6,1,-0.5155688999999999,0.22667090000000023,-0.12111859999999997,0.08917989999999998,0.27571395,0.51283294,0.21145312
6691,2025-03-15 14:30:00,GER-Bundesliga,2425,Union Berlin,Bayern Munich,1,1,1,0.8044,1.83549,1.502282,2.248749,-0.7464669999999995,1.4279448,1.7464137999999998,-0.3184689999999996,0.6302760230815483,Bayern Munich,Union Berlin,0,1,1,1.83549,0.8044,2.81289812,1.0435127999999998,1.76938532,3.12991916,0.8797965999999999,2.2501225600000003,0.86264181256304,0,2,0,-0.42799799999999993,-0.4807372400000003,-1.31061612,-1.7019743600000001,0.15361835,0.20262294,0.6437587
6690,2025-03-15 14:30:00,GER-Bundesliga,2425,Mainz 05,Freiburg,1,2,2,1.33307,2.93264,1.788306,0.9492214,0.8390846000000001,1.5917841,1.3390296999999998,0.2527544000000004,0.8795157084960777,Freiburg,Mainz 05,0,2,2,2.93264,1.33307,1.3110592000000003,1.2259252,0.0851340000000002,1.1684507,1.4517236,-0.2832729,1.112583429849946,0,4,1,0.5863301999999997,0.3684069000000002,0.47724679999999964,0.42333339999999997,0.2176956,0.60279477,0.17950962
6693,2025-03-15 14:30:00,GER-Bundesliga,2425,Augsburg,Wolfsburg,1,1,0,0.598968,0.763636,1.105302,1.2709872,-0.1656851999999999,1.0434215,1.2469480000000002,-0.2035265000000001,1.0542230017083205,Wolfsburg,Augsburg,0,0,1,0.763636,0.598968,1.5792933999999998,1.53881,0.0404833999999998,1.7801141,1.4926047,0.2875094,0.9549944270457568,1,1,0,0.037841300000000216,-0.24702600000000022,-0.47399139999999984,-0.7366926,0.27626428,0.29782438,0.4259113
6697,2025-03-15 15:00:00,ENG-Premier League,2425,Southampton,Wolverhampton Wanderers,1,1,2,1.2821,0.540718,0.7321660000000001,3.4256300000000004,-2.6934640000000005,0.8580865000000001,3.428691,-2.5706044999999995,1.0488440864130988,Wolverhampton Wanderers,Southampton,0,2,1,0.540718,1.2821,1.379479,1.2084020000000002,0.1710769999999999,1.2499036,1.7068058000000002,-0.4569022,0.7200549545941346,2,3,1,-0.12285950000000101,0.6279791999999998,-0.6473129999999998,-0.3918170999999998,0.3764372,0.23678426,0.38677856
6695,2025-03-15 15:00:00,ENG-Premier League,2425,Everton,West Ham,1,1,1,1.189,0.516029,1.3694726,1.206754,0.1627186,1.5184021,1.2385616000000002,0.2798404999999999,1.0537386284314092,West Ham,Everton,0,1,1,0.516029,1.189,1.0830924,1.3295256,-0.2464332,1.0303845,1.7295439,-0.6991594000000001,0.8734594964700104,0,2,0,-0.11712189999999989,0.4527262000000001,0.2863802,0.48801760000000005,0.25171545,0.6306249,0.11765963
6696,2025-03-15 15:00:00,ENG-Premier League,2425,Ipswich,Nottingham Forest,1,2,4,0.520839,1.30722,1.2226008,2.040458,-0.8178572000000002,1.0925805,2.0897,-0.9971194999999996,0.9152635295399016,Nottingham Forest,Ipswich,0,4,2,1.30722,0.520839,1.5590236,1.69274,-0.1337163999999999,1.6284474,1.7791051,-0.1506577,1.2895711033889683,2,6,1,0.17926229999999943,0.016941300000000103,-0.3364228,-0.5358669,0.29648915,0.26833344,0.43517748
6694,2025-03-15 15:00:00,ENG-Premier League,2425,Manchester City,Brighton,1,2,2,2.02642,2.11119,1.310671,0.856405,0.4542660000000001,1.8200795,1.2341912000000002,0.5858882999999997,1.2636803701814288,Brighton,Manchester City,0,2,2,2.11119,2.02642,2.4937672,1.4563104000000002,1.0374567999999995,1.9050938,1.3430182,0.5620756000000002,0.9973256973878676,0,4,1,-0.13162229999999958,0.4753811999999993,-1.1830962000000003,-0.08501429999999988,0.2744641,0.39845315,0.32708275
6698,2025-03-15 15:15:00,ESP-La Liga,2425,Mallorca,Espanyol,1,2,1,2.57036,0.184342,1.6027920000000002,1.4044346,0.1983574000000001,1.3329765999999998,1.3245119,0.0084646999999997,0.7502001534009274,Espanyol,Mallorca,0,1,2,0.184342,2.57036,0.6833288,1.447461,-0.7641322000000002,0.9797397,1.4770047,-0.4972649999999999,1.0206782263919425,1,3,1,0.18989270000000041,-0.26686720000000025,0.9194632000000003,0.35323689999999985,0.24940331,0.5856803,0.16491634
6699,2025-03-15 16:00:00,FRA-Ligue 1,2425,Nantes,Lille,1,1,0,2.00991,2.45036,1.7138835999999995,2.698966,-0.9850824000000002,1.5460687999999998,2.1531515,-0.6070827000000001,0.7114814609275727,Lille,Nantes,0,0,1,2.45036,2.00991,1.6977905999999998,1.7510025999999996,-0.0532119999999998,1.7136493000000002,1.6633972,0.0502521000000002,0.8753244463003915,1,1,0,-0.37799970000000016,-0.1034641,0.01609299999999969,-0.16758050000000035,0.29465106,0.35462108,0.3507279
6700,2025-03-15 17:00:00,ITA-Serie A,2425,AC Milan,Como,1,2,1,1.72803,1.35523,2.03703,1.393911,0.6431190000000002,1.846524,1.4681172999999998,0.3784067,0.812336686478656,Como,AC Milan,0,1,2,1.35523,1.72803,0.9693568,1.251829,-0.2824722000000002,1.1547936,1.2315852,-0.0767916000000001,1.2123368086411213,1,3,1,0.26471230000000023,-0.20568060000000007,1.0676732000000002,0.6917304,0.17312261,0.6019635,0.22491387
6703,2025-03-15 17:30:00,GER-Bundesliga,2425,RasenBallsport Leipzig,Borussia Dortmund,1,2,0,2.55875,4.09542,1.799682,0.954169,0.845513,1.5690917,1.5610155,0.0080761999999998,0.955966463931672,Borussia Dortmund,RasenBallsport Leipzig,0,0,2,4.09542,2.55875,2.51319,0.9461362,1.5670537999999998,1.996997,1.2266939,0.7703030999999998,0.8512777679296626,1,2,0,0.8374368000000002,0.7967507,-0.7135079999999998,-0.42790529999999993,0.24782214,0.31539023,0.43678764
6701,2025-03-15 17:30:00,ENG-Premier League,2425,Bournemouth,Brentford,1,1,2,2.02714,1.60321,1.6593382,1.9454716,-0.2861334000000002,1.9297721,1.5621986,0.3675734999999998,1.036391273150196,Brentford,Bournemouth,0,2,1,1.60321,2.02714,1.5284445999999998,1.0185304,0.5099141999999999,1.8975027,1.5388156,0.3586871,0.8432131120482137,2,3,1,-0.6537069,0.1512270999999999,0.13089360000000028,0.032269400000000115,0.2281073,0.48306748,0.2888252
6702,2025-03-15 17:30:00,ESP-La Liga,2425,Villarreal,Real Madrid,1,1,2,2.00539,1.10001,1.9245879999999995,1.0247062,0.8998817999999995,2.152633,1.1374918,1.0151412000000002,0.929094309576082,Real Madrid,Villarreal,0,2,1,1.10001,2.00539,2.059486,1.4087338,0.6507522000000001,2.62802,1.1632482,1.4647718000000003,0.7610289263289753,2,3,1,-0.11525940000000068,-0.8140196000000002,-0.13489800000000063,-0.475387,0.22453259,0.37239912,0.40306827
6704,2025-03-15 18:00:00,FRA-Ligue 1,2425,Angers,Monaco,1,0,2,0.497795,2.03553,1.3664744,3.1232060000000006,-1.7567316000000006,1.52744698,2.2337391,-0.7062921200000001,0.7856241362799145,Monaco,Angers,0,2,0,2.03553,0.497795,3.1441666,1.5064304,1.6377362000000002,2.9611593,1.7446632000000002,1.2164960999999996,0.8442636489486909,2,2,0,-1.0504394800000005,0.42124010000000056,-1.7776922000000002,-1.43371232,0.23444931,0.24406321,0.5214875
6705,2025-03-15 19:45:00,ITA-Serie A,2425,Torino,Empoli,1,1,0,0.701071,1.73375,1.0011658,1.6050572,-0.6038913999999997,0.9904575,1.4733514,-0.4828938999999999,1.4134867841509766,Empoli,Torino,0,0,1,1.73375,0.701071,1.00128608,2.1091522,-1.1078661199999995,1.10397354,1.712424,-0.6084504599999998,0.5434907946337241,1,1,0,-0.12099749999999987,-0.4994156599999997,-0.00012027999999997263,-0.11351603999999993,0.26894942,0.4859531,0.24509755
6706,2025-03-15 20:00:00,ESP-La Liga,2425,Girona,Valencia,1,1,1,1.17978,1.21975,0.8302655800000001,1.8221452,-0.9918796200000002,1.18383399,1.82654215,-0.6427081599999998,1.0136547830876328,Valencia,Girona,0,1,1,1.21975,1.17978,1.6096108,1.1382165999999998,0.4713942000000002,1.5488664,1.4748993,0.0739670999999999,0.9038862849072812,0,2,0,-0.34917146000000043,0.3974271000000003,-0.77934522,-0.3650324100000002,0.2712605,0.29060996,0.43812954
6707,2025-03-15 20:05:00,FRA-Ligue 1,2425,Lens,Rennes,1,1,0,0.643819,0.653605,1.3238302,2.5050820000000003,-1.1812518000000003,1.7626151,1.93253878,-0.1699236800000001,0.6240723660699571,Rennes,Lens,0,0,1,0.653605,0.643819,2.4311654,1.7286962,0.7024691999999999,1.9968171,1.8996938,0.0971232999999998,0.7511951138664058,1,1,0,-1.0113281200000002,0.6053459000000001,-1.1073351999999999,-0.2342019999999998,0.33902633,0.3175614,0.34341225
6708,2025-03-16 11:30:00,ITA-Serie A,2425,Venezia,Napoli,1,0,0,1.04696,1.2665,0.8814734000000002,1.8303654000000005,-0.948892,0.8781594,1.7735349,-0.8953755,0.6832464775227851,Napoli,Venezia,0,0,0,1.2665,1.04696,1.6813116,0.8292154,0.8520962000000001,1.5568137,0.7355391,0.8212746,1.1562069654147022,0,0,0,-0.05351649999999997,0.030821600000000116,-0.7998381999999997,-0.6786542999999999,0.24760947,0.15195714,0.6004334
6709,2025-03-16 13:00:00,ESP-La Liga,2425,Leganes,Real Betis,1,2,3,1.57329,2.92809,0.7980378,1.2354068,-0.437369,1.0734161,1.8962534,-0.8228372999999998,0.8384438816933325,Real Betis,Leganes,0,3,2,2.92809,1.57329,2.181088,0.8593097999999999,1.3217782,1.6287451999999998,1.1001769,0.5285682999999999,0.9209537986949716,2,5,1,0.38546829999999976,0.7932099000000001,-1.3830502,-0.5553290999999998,0.2657189,0.22758348,0.5066976
6710,2025-03-16 13:30:00,ENG-Premier League,2425,Fulham,Tottenham,1,2,0,1.03966,1.40865,1.2391914,1.1787268,0.0604645999999999,1.5576824,1.0860198,0.4716626000000001,0.9629684697159898,Tottenham,Fulham,0,0,2,1.40865,1.03966,1.427729,1.7713859999999997,-0.3436569999999996,1.3835396,1.8147847,-0.4312451000000001,1.1564532331035318,1,2,0,-0.4111980000000002,0.0875881000000005,-0.18853760000000008,0.17414280000000004,0.2684957,0.55357987,0.17792442
6711,2025-03-16 13:30:00,ENG-Premier League,2425,Arsenal,Chelsea,1,1,0,0.695725,0.286036,1.5604559999999998,0.7645842,0.7958717999999998,1.6399128,0.835847,0.8040658,1.03663985265567,Chelsea,Arsenal,0,0,1,0.286036,0.695725,1.7930816,1.3806752000000002,0.4124063999999998,1.9272368,1.4128746,0.5143621999999999,0.7783159919341557,1,1,0,-0.008194000000000257,-0.1019558000000001,-0.2326256000000002,-0.2873239999999999,0.27415973,0.3997801,0.32606018
6712,2025-03-16 14:00:00,FRA-Ligue 1,2425,Lyon,Le Havre,1,4,2,3.58655,1.56105,1.785466,1.5582743999999995,0.2271916000000002,1.5480246,1.7252522000000003,-0.1772276000000003,1.227369883288752,Le Havre,Lyon,0,2,4,1.56105,3.58655,1.4275818,1.80377,-0.3761882000000001,1.4048712,2.094875,-0.6900038000000002,0.9253510746386756,1,6,1,0.4044192000000005,0.3138156000000001,0.3578842,0.14315339999999988,0.23428707,0.5099968,0.2557162
6713,2025-03-16 14:00:00,ITA-Serie A,2425,Bologna,Lazio,1,5,0,2.85431,0.600718,2.0241492,1.315254,0.7088952,1.6802262,1.1099943,0.5702319,1.01176793233677,Lazio,Bologna,0,0,5,0.600718,2.85431,1.9299848,0.991003,0.9389818,1.7947913999999998,1.2606235,0.5341678999999999,0.9471847551839424,1,5,1,0.13866329999999993,0.40481390000000006,0.09416440000000015,-0.11456519999999992,0.2719561,0.39918542,0.3288585
6714,2025-03-16 15:00:00,ITA-Serie A,2425,Roma,Cagliari,1,1,0,1.61105,1.10046,2.062106,0.58088548,1.4812205199999997,1.7912222,0.8197536399999998,0.97146856,1.0607276636434813,Cagliari,Roma,0,0,1,1.10046,1.61105,0.6670799999999998,1.5036556,-0.8365756000000001,0.9887642,1.6061042,-0.6173400000000001,1.213634945890086,1,1,0,0.5097519599999997,-0.21923559999999997,1.395026,0.802458,0.18759578,0.71174425,0.10065991
6715,2025-03-16 15:15:00,ESP-La Liga,2425,Sevilla,Athletic Club,1,0,1,0.459323,1.64488,1.1611504,1.5015998,-0.3404494,1.3065351,1.48355,-0.1770148999999998,1.0715356429875915,Athletic Club,Sevilla,0,1,0,1.64488,0.459323,2.5028676,0.97831078,1.52455682,2.1067544,0.94043969,1.1663147100000002,0.901860747574208,2,1,0,-0.1634345000000002,0.3582421099999997,-1.3417172000000002,-0.8002192999999997,0.23165777,0.21480653,0.5535357
6716,2025-03-16 15:30:00,GER-Bundesliga,2425,Bochum,Eintracht Frankfurt,1,1,3,1.88062,3.29403,1.928566,2.0242864,-0.0957203999999998,1.6524053,2.1647942,-0.5123889000000004,0.7262136437025205,Eintracht Frankfurt,Bochum,0,3,1,3.29403,1.88062,1.815064,1.9010136,-0.0859495999999999,2.018494,1.7007769999999998,0.3177169999999998,0.7926697861525543,2,4,1,0.41666850000000055,-0.4036665999999997,0.11350199999999999,-0.36608869999999993,0.24055645,0.34083754,0.41860598
6717,2025-03-16 16:15:00,FRA-Ligue 1,2425,Montpellier,Saint-Etienne,1,0,2,1.33869,1.13788,1.2293596,2.235456,-1.0060964,1.3806795,2.202531,-0.8218515,0.4345683161310672,Saint-Etienne,Montpellier,0,2,0,1.13788,1.33869,1.1208403999999998,3.5522599999999995,-2.4314196,1.3331483,2.8799399,-1.5467916000000002,0.9751345929521924,2,2,0,-0.18424489999999993,-0.8846279999999997,0.10851920000000015,0.04753120000000011,0.24418715,0.49743095,0.25838184
6718,2025-03-16 16:15:00,FRA-Ligue 1,2425,Brest,Reims,1,0,0,0.33799,0.985266,2.2800976,1.1513832,1.1287144,1.8191492,1.5631008,0.2560484,0.7695901086122521,Reims,Brest,0,0,0,0.985266,0.33799,1.0191046,2.926316,-1.9072114,1.0387733,2.554534,-1.5157606999999995,0.5776038163439353,0,0,0,0.8726659999999999,-0.3914507000000005,1.260993,0.7803759000000001,0.1721585,0.67892355,0.14891794
6719,2025-03-16 16:15:00,FRA-Ligue 1,2425,Strasbourg,Toulouse,1,2,1,1.98742,1.39687,1.7263432,1.1001638,0.6261793999999998,1.6403156,1.4462983,0.1940172999999998,0.8534937706537873,Toulouse,Strasbourg,0,1,2,1.39687,1.98742,2.131418,1.5826866,0.5487314000000001,1.7605390999999997,1.4142465999999998,0.3462924999999999,0.8520112663153769,1,3,1,0.4321621,0.2024389000000002,-0.40507479999999996,-0.1202234999999996,0.2449305,0.36030528,0.39476427
6720,2025-03-16 16:30:00,GER-Bundesliga,2425,FC Heidenheim,Holstein Kiel,1,3,1,1.6572,1.14988,1.2009506,1.6844899999999998,-0.4835393999999997,1.2076395000000002,1.7885240000000002,-0.5808845,0.8280609999416216,Holstein Kiel,FC Heidenheim,0,1,3,1.14988,1.6572,1.2851108,1.9079042,-0.6227933999999997,1.3285208,1.9811802,-0.6526593999999997,1.354889321349488,1,4,1,0.09734510000000035,0.029865999999999948,-0.08416019999999991,-0.12088129999999975,0.27330717,0.42677048,0.29992235
6721,2025-03-16 17:00:00,ITA-Serie A,2425,Fiorentina,Juventus,1,3,0,0.508254,0.597644,1.022835,1.4511054,-0.4282703999999999,1.1487313,1.3349673,-0.186236,1.044629806265568,Juventus,Fiorentina,0,0,3,0.597644,0.508254,1.5622846,1.4902674,0.0720172000000001,1.5639773,1.3908161,0.1731612000000002,0.9590925909905528,1,3,1,-0.24203439999999987,-0.10114400000000011,-0.5394496,-0.415246,0.29090524,0.32656458,0.38253015
6723,2025-03-16 17:30:00,ESP-La Liga,2425,Osasuna,Getafe,1,1,2,2.08486,0.900928,1.3361231999999998,2.025308,-0.6891848,1.090137,1.552415,-0.4622779999999999,0.9173150555250804,Getafe,Osasuna,0,2,1,0.900928,2.08486,0.9252498,1.2934408,-0.3681909999999998,1.0859451,1.5791917,-0.4932466,1.1050272200434257,2,3,1,-0.22690680000000013,0.12505560000000016,0.41087339999999983,0.004191899999999915,0.26976997,0.44454196,0.285688
6722,2025-03-16 17:30:00,ESP-La Liga,2425,Rayo Vallecano,Real Sociedad,1,2,2,0.536859,0.905535,1.6992952,1.326828,0.3724672,1.6578256,1.5044756,0.1533500000000001,0.6031993937122254,Real Sociedad,Rayo Vallecano,0,2,2,0.905535,0.536859,0.7510896000000002,1.6544440000000002,-0.9033544,0.9246018,1.561277,-0.6366751999999999,0.7570818517962523,0,4,1,0.2191171999999999,-0.2666792000000001,0.9482055999999996,0.7332238,0.25587592,0.5752245,0.16889957
6724,2025-03-16 18:30:00,GER-Bundesliga,2425,VfB Stuttgart,Bayer Leverkusen,1,3,4,2.85024,2.07439,1.4149556,1.5611270000000002,-0.1461714,1.6252657,1.3241291,0.3011366,0.9229254497123456,Bayer Leverkusen,VfB Stuttgart,0,4,3,2.07439,2.85024,2.1018920000000003,0.8279045200000003,1.2739874800000002,2.040172,0.93612446,1.1040475400000005,0.8822781205319352,2,7,1,-0.447308,0.16993993999999968,-0.6869364000000002,-0.41490630000000017,0.26739168,0.31240818,0.4202001
6725,2025-03-16 19:00:00,ENG-Premier League,2425,Leicester,Manchester United,1,0,3,1.30455,1.13892,0.3612622,2.074014,-1.7127517999999995,0.8644535,2.020345,-1.1558914999999998,0.3470396648984996,Manchester United,Leicester,0,3,0,1.13892,1.30455,1.2584709999999997,1.87936,-0.620889,1.3596463,1.8600541,-0.5004077999999998,0.9561303140895436,2,3,1,-0.5568602999999996,-0.12048120000000018,-0.8972087999999997,-0.4951928000000001,0.45988652,0.2897008,0.25041267
6726,2025-03-16 19:45:00,FRA-Ligue 1,2425,Paris Saint Germain,Marseille,1,3,1,2.60859,0.734284,3.1630160000000003,1.3729312,1.7900848000000005,3.06105,1.2975464,1.7635035999999995,0.9800555430144744,Marseille,Paris Saint Germain,0,1,3,0.734284,2.60859,2.769348,1.088549,1.680799,2.75363,1.2896689,1.4639611,0.7263137290363161,1,4,1,0.02658120000000097,0.21683790000000003,0.39366800000000035,0.30742,0.2629206,0.52896583,0.2081136
6727,2025-03-16 19:45:00,ITA-Serie A,2425,Atalanta,Inter,1,0,2,0.682065,2.28143,2.4816176000000003,0.7975138,1.6841038000000004,1.9332528,1.0906866000000002,0.8425661999999998,1.0345253168518278,Inter,Atalanta,0,2,0,2.28143,0.682065,1.7749393999999998,1.2841038,0.4908355999999998,1.7463428,1.056309,0.6900338000000001,0.973462384669044,2,2,0,0.8415376000000006,-0.19919820000000033,0.7066782000000005,0.1869099999999999,0.21472643,0.5574856,0.22778794
6728,2025-03-16 20:00:00,ESP-La Liga,2425,Atletico Madrid,Barcelona,1,2,4,1.09435,2.16215,1.533825,1.661082,-0.1272569999999999,1.7044760999999995,1.5048309,0.1996451999999997,0.7626972518433954,Barcelona,Atletico Madrid,0,4,2,2.16215,1.09435,2.249366,0.5576252,1.6917407999999998,2.619079,0.9506262,1.6684528000000003,0.8781709607953938,2,6,1,-0.3269021999999996,0.02328799999999953,-0.7155410000000002,-0.9146029000000007,0.20902927,0.20884,0.5821308
6729,2025-03-27 20:00:00,ESP-La Liga,2425,Barcelona,Osasuna,1,3,0,4.63707,0.53356,2.444744,0.7512396,1.6935044,2.681177,0.7838042,1.8973728,0.9324259709724606,Osasuna,Barcelona,0,0,3,0.53356,4.63707,1.5309192,1.7352635999999997,-0.2043443999999996,1.2772313,1.6126334,-0.3354021,0.8612372236436551,1,3,1,-0.20386840000000017,0.1310577000000004,0.9138248,1.4039457,0.092016175,0.83887815,0.06910562
6730,2025-03-28 19:30:00,GER-Bundesliga,2425,Bayer Leverkusen,Bochum,1,3,1,2.08076,0.702152,2.184136,1.21894912,0.96518688,2.0592710000000003,1.07248546,0.9867855400000004,0.922656161983458,Bochum,Bayer Leverkusen,0,1,3,0.702152,2.08076,1.90469,2.2830924,-0.3784024000000001,1.7706938,2.3218172000000004,-0.5511234000000003,0.7341750820073566,1,4,1,-0.021598660000000436,0.17272100000000018,0.2794460000000001,0.2885772000000002,0.18774045,0.69524777,0.117011756
6731,2025-03-28 19:45:00,FRA-Ligue 1,2425,Strasbourg,Lyon,1,4,2,1.77552,2.87161,1.4893971999999998,0.9830978,0.5062993999999997,1.5493355999999998,1.4099353,0.1394002999999997,0.8390687988652693,Lyon,Strasbourg,0,2,4,2.87161,1.77552,1.852818,1.808908,0.0439099999999998,1.7989546,1.7257722000000002,0.0731823999999998,1.22293179442561,1,6,1,0.36689910000000003,-0.029272399999999997,-0.3634208000000003,-0.24961900000000026,0.29414815,0.36737987,0.33847198
6732,2025-03-29 13:00:00,ESP-La Liga,2425,Real Sociedad,Real Valladolid,1,2,1,1.32811,1.29525,0.5965186000000001,1.5873144,-0.9907957999999998,0.9837065,1.4927978999999998,-0.5090913999999997,0.914906107760691,Real Valladolid,Real Sociedad,0,1,2,1.29525,1.32811,0.9580284,2.229945,-1.2719166,0.9726883,2.2699165,-1.2972281999999995,0.6168465099801139,1,3,1,-0.48170440000000003,0.025311599999999546,-0.3615097999999999,0.011018200000000089,0.2912329,0.48661974,0.22214742
6734,2025-03-29 14:00:00,ITA-Serie A,2425,Como,Empoli,1,1,1,1.93663,1.78514,1.0532644,1.3326509999999998,-0.2793865999999998,1.1001265999999998,1.3004522,-0.2003256000000002,1.2725796534874685,Empoli,Como,0,1,1,1.78514,1.93663,1.2142784800000002,1.8682204,-0.6539419199999996,1.12509754,1.7369785,-0.6118809599999999,0.4444055184712976,0,2,0,-0.07906099999999963,-0.0420609599999997,-0.16101408000000017,-0.02497094000000022,0.3097733,0.47951913,0.21070753
6733,2025-03-29 14:00:00,ITA-Serie A,2425,Venezia,Bologna,1,0,1,0.683347,1.29589,0.9098278000000002,1.6551934,-0.7453655999999997,0.9373028,1.7479339000000005,-0.8106311000000003,0.5334449726972195,Bologna,Venezia,0,1,0,1.29589,0.683347,1.9024872,1.1057056000000005,0.7967815999999999,1.8742179,0.9906841,0.8835338000000001,1.0671112109690069,2,1,0,0.06526550000000053,-0.08675220000000028,-0.9926593999999997,-0.9369151000000001,0.24217856,0.20286673,0.5549547
6739,2025-03-29 14:30:00,GER-Bundesliga,2425,Borussia M.Gladbach,RasenBallsport Leipzig,1,1,0,1.79539,0.929047,1.6624326,2.0512360000000003,-0.3888034000000002,1.5200777,2.0326503,-0.5125726000000002,1.1841492154320694,RasenBallsport Leipzig,Borussia M.Gladbach,0,0,1,0.929047,1.79539,1.93223,1.628611,0.3036189999999998,1.5599277,1.8378705,-0.2779427999999999,0.8333714226810495,1,1,0,0.12376919999999997,0.5815617999999997,-0.26979739999999985,-0.03984999999999994,0.28237987,0.36851975,0.3491004
6735,2025-03-29 14:30:00,GER-Bundesliga,2425,Bayern Munich,St. Pauli,1,3,2,4.00213,0.841269,2.28457012,1.1741825999999995,1.1103875200000004,2.8657321600000003,0.9276171,1.9381150600000003,0.9421672742203254,St. Pauli,Bayern Munich,0,2,3,0.841269,4.00213,0.8113832000000001,1.4015002,-0.5901169999999998,1.0419084,1.2830068,-0.2410984,0.7678210792608263,1,5,1,-0.8277275399999999,-0.3490185999999998,1.47318692,1.8238237600000002,0.12030995,0.7904033,0.08928677
6738,2025-03-29 14:30:00,GER-Bundesliga,2425,Wolfsburg,FC Heidenheim,1,0,1,1.23886,1.31407,1.5530171999999998,1.3259696,0.2270475999999996,1.7073507,1.4344594999999998,0.2728912000000001,0.937123850932412,FC Heidenheim,Wolfsburg,0,1,0,1.31407,1.23886,1.4455193999999998,1.648076,-0.2025566000000003,1.1977965000000002,1.8000770000000004,-0.6022805000000002,0.9183522256474904,2,1,0,-0.04584360000000051,0.3997238999999999,0.10749779999999998,0.5095542,0.2356573,0.6350491,0.12929359
6737,2025-03-29 14:30:00,GER-Bundesliga,2425,Holstein Kiel,Werder Bremen,1,0,3,0.56476,1.48157,1.1150868,1.8393442,-0.7242573999999999,1.2766538,2.0718985,-0.7952446999999996,1.331605066616285,Werder Bremen,Holstein Kiel,0,3,0,1.48157,0.56476,1.7748559999999998,1.876344,-0.1014880000000004,1.5754171,1.960427,-0.3850099,0.7617025601013471,2,3,1,0.07098729999999964,0.2835218999999996,-0.6597691999999997,-0.29876329999999984,0.30552325,0.33889836,0.3555784
6736,2025-03-29 14:30:00,GER-Bundesliga,2425,Hoffenheim,Augsburg,1,1,1,1.94509,0.688621,1.0254116,1.944252,-0.9188404,1.1408063,2.1957685,-1.0549622000000003,1.0518866770926167,Augsburg,Hoffenheim,0,1,1,0.688621,1.94509,1.1729472,1.0237264,0.1492207999999999,1.0694039,1.0616945999999998,0.0077093000000001,1.122119414264887,0,2,0,0.1361218000000003,0.1415114999999998,-0.1475356000000001,0.07140239999999998,0.27210304,0.3631367,0.36476028
6740,2025-03-29 15:15:00,ESP-La Liga,2425,Espanyol,Atletico Madrid,1,1,1,0.985043,0.994468,0.6147592,1.655941,-1.0411818,0.8103228999999998,1.5559127,-0.7455898000000001,1.2340744238199073,Atletico Madrid,Espanyol,0,1,1,0.994468,0.985043,1.427769,1.5823620000000005,-0.1545930000000002,1.7428395,1.3836219,0.3592175999999998,0.7459087621615405,0,2,0,-0.29559199999999985,-0.5138106,-0.8130098000000001,-0.9325166000000003,0.24409382,0.28630635,0.46959987
6741,2025-03-29 16:00:00,FRA-Ligue 1,2425,Reims,Marseille,1,3,1,1.05547,1.07885,1.1545814,2.343956,-1.1893745999999998,1.0096879,2.269694,-1.2600060999999998,0.4952020369838669,Marseille,Reims,0,1,3,1.07885,1.05547,2.3410428,1.5367875999999998,0.8042552000000001,2.5095674,1.4619938,1.0475736,0.6375598290128295,1,4,1,0.07063149999999996,-0.24331839999999993,-1.1864613999999998,-1.4998794999999998,0.17538553,0.22747084,0.59714365
6742,2025-03-29 17:00:00,ITA-Serie A,2425,Juventus,Genoa,1,1,0,1.50908,0.263169,1.4170294,1.4047797999999998,0.0122496000000003,1.5290407,1.4005141,0.1285265999999998,0.9156061603813684,Genoa,Juventus,0,0,1,0.263169,1.50908,1.1668742,0.9528404,0.2140337999999998,1.3436166,0.8729378000000001,0.4706787999999999,0.8931112542735373,1,1,0,-0.11627699999999949,-0.2566450000000001,0.2501552,0.18542409999999987,0.24952312,0.46703324,0.2834437
6743,2025-03-29 17:30:00,GER-Bundesliga,2425,Eintracht Frankfurt,VfB Stuttgart,1,1,0,3.69196,0.863163,1.96413,2.1458394,-0.1817094000000001,2.1242080000000003,1.633419,0.4907890000000003,0.8473742461311481,VfB Stuttgart,Eintracht Frankfurt,0,0,1,0.863163,3.69196,1.8944386,1.7618790000000004,0.1325595999999997,1.6486727,1.4976537,0.151019,1.0311318728502794,1,1,0,-0.6724984000000004,-0.018459400000000292,0.06969139999999996,0.4755353000000002,0.21126808,0.57576394,0.21296793
6744,2025-03-29 17:30:00,ESP-La Liga,2425,Alaves,Rayo Vallecano,1,0,2,1.60064,0.681703,1.463754,1.7335702000000002,-0.2698162000000002,1.2971249,1.1960413,0.1010835999999999,0.8480287071594207,Rayo Vallecano,Alaves,0,2,0,0.681703,1.60064,1.2321449999999998,1.3859036,-0.1537586000000002,1.6236688999999995,1.4019981,0.2216707999999996,0.6774776079793067,2,2,0,-0.37089980000000006,-0.3754293999999998,0.23160900000000018,-0.3265439999999995,0.27311406,0.40788022,0.31900576
6745,2025-03-29 18:00:00,FRA-Ligue 1,2425,Saint-Etienne,Paris Saint Germain,1,1,6,1.27635,3.96021,1.255988,3.006016,-1.750028,1.1282973,2.8861969000000003,-1.7578996000000002,1.0635485314477564,Paris Saint Germain,Saint-Etienne,0,6,1,3.96021,1.27635,3.0568060000000004,1.3348514,1.7219546000000003,3.081255,1.0607818,2.0204732,0.9411746378749446,2,7,1,0.007871600000000312,-0.29851859999999975,-1.8008180000000003,-1.9529577,0.18122005,0.21445428,0.6043257
6746,2025-03-29 19:45:00,ITA-Serie A,2425,Lecce,Roma,1,0,1,0.694403,1.90759,1.0209138000000002,1.5161784,-0.4952645999999998,0.9390218,1.8691572,-0.9301354,1.0649368684125666,Roma,Lecce,0,1,0,1.90759,0.694403,1.955844,0.6199398799999999,1.33590412,1.8289052,0.79784264,1.03106256,0.9841948154585513,2,1,0,0.43487080000000017,0.30484155999999984,-0.9349301999999997,-0.8898833999999999,0.21983267,0.1420478,0.6381195
6747,2025-03-29 20:00:00,ESP-La Liga,2425,Real Madrid,Leganes,1,3,2,3.59257,2.38359,1.768338,1.4848858,0.2834521999999999,2.4479230000000003,1.2226042,1.2253188000000004,0.7353169461143402,Leganes,Real Madrid,0,2,3,2.38359,3.59257,1.0291834,1.4146508,-0.3854674,1.0832881,1.7880513999999998,-0.7047632999999998,0.8308031531010512,1,5,1,-0.9418666000000004,0.31929589999999974,0.7391546,1.3646349000000002,0.11142145,0.8231899,0.06538869
6748,2025-03-29 20:05:00,FRA-Ligue 1,2425,Monaco,Nice,1,2,1,2.52612,0.60151,3.366336,0.9780614,2.3882745999999995,2.8545193,1.5537887,1.3007306,0.8758038960171346,Nice,Monaco,0,1,2,0.60151,2.52612,1.915012,0.7755644000000002,1.1394476,2.269628,0.9111941,1.3584339,0.8371412244027547,1,3,1,1.0875439999999994,-0.21898630000000008,1.451324,0.5848913000000002,0.2733761,0.45552492,0.271099
6749,2025-03-30 11:30:00,ITA-Serie A,2425,Cagliari,Monza,1,3,0,1.95839,0.962993,0.5879079999999998,1.5957216,-1.0078136000000004,1.0206579,1.6113722,-0.5907142999999999,0.9797592515971792,Monza,Cagliari,0,0,3,0.962993,1.95839,0.5805836000000001,1.6765956,-1.096012,0.5765808,2.0929054,-1.5163246,1.214051501452179,1,3,1,-0.4170993000000005,0.4203125999999999,0.007324399999999676,0.4440771,0.36522424,0.48309892,0.15167683
6750,2025-03-30 13:00:00,ESP-La Liga,2425,Getafe,Villarreal,1,1,2,0.940085,1.38471,0.9404224,1.4587028,-0.5182804000000001,1.1025138,1.5814037,-0.4788899,1.2698242236748205,Villarreal,Getafe,0,2,1,1.38471,0.940085,1.5469579999999996,1.095256,0.4517019999999996,2.100264,1.0617808,1.0384832000000002,0.952260786138892,2,3,1,-0.039390500000000106,-0.5867812000000006,-0.6065355999999996,-0.9977502,0.21592167,0.23587428,0.54820406
6751,2025-03-30 14:00:00,FRA-Ligue 1,2425,Toulouse,Brest,1,2,4,2.44172,1.99117,2.178254,1.836817,0.341437,1.6810001,1.4801016,0.2008984999999998,0.8923254125175766,Brest,Toulouse,0,4,2,1.99117,2.44172,1.8481656,1.0582084,0.7899572000000001,1.7920608000000002,1.4715083999999998,0.3205524000000004,0.7812230582672985,2,6,1,0.14053850000000018,0.46940479999999973,0.33008839999999995,-0.11106070000000012,0.2590512,0.35723546,0.3837133
6752,2025-03-30 14:00:00,ITA-Serie A,2425,Fiorentina,Atalanta,1,1,0,1.92673,0.918743,0.9179037999999998,1.1955822,-0.2776784000000002,1.0388427,1.2958888,-0.2570460999999999,1.3476522021551465,Atalanta,Fiorentina,0,0,1,0.918743,1.92673,2.1885286,0.8961117999999999,1.2924168000000005,1.9781548,1.1136126,0.8645422,1.011042709578285,1,1,0,-0.020632300000000325,0.42787460000000044,-1.2706248000000002,-0.9393121,0.28105888,0.25776935,0.46117175
6753,2025-03-30 14:30:00,GER-Bundesliga,2425,Freiburg,Union Berlin,1,1,2,1.01023,1.38632,1.6311972,1.405668,0.2255292000000002,1.386713,1.4181756,-0.0314626000000002,0.865355076821897,Union Berlin,Freiburg,0,2,1,1.38632,1.01023,0.8899839999999999,2.4395178,-1.5495338,1.4049498,1.7543997999999998,-0.3494499999999998,0.7117686968113047,2,3,1,0.25699180000000044,-1.2000838000000003,0.7412132,-0.018236799999999942,0.22549115,0.5140237,0.2604851
6754,2025-03-30 15:15:00,ESP-La Liga,2425,Barcelona,Girona,1,4,1,2.75333,0.490847,2.98576,0.6736658,2.3120942,2.928287,0.7599242,2.1683628,0.956190101520069,Girona,Barcelona,0,1,4,0.490847,2.75333,1.0550598,1.3022212000000002,-0.2471614000000002,1.08537299,1.9473186,-0.8619456100000003,0.921341407858871,1,5,1,0.14373140000000006,0.61478421,1.9307002,1.84291401,0.09497287,0.82754713,0.07747995
6757,2025-03-30 16:15:00,FRA-Ligue 1,2425,Angers,Rennes,1,0,3,1.04854,1.63382,1.392554,2.95515,-1.562596,1.3871074799999998,2.3764047,-0.98929722,0.7209241486289523,Rennes,Angers,0,3,0,1.63382,1.04854,1.7479044,1.7650315999999997,-0.0171271999999997,1.9117266,1.8121317,0.0995949,0.6800131985330964,2,3,1,-0.5732987800000001,-0.1167220999999997,-0.35535039999999984,-0.5246191200000001,0.35457593,0.24011062,0.4053134
6756,2025-03-30 16:15:00,FRA-Ligue 1,2425,Auxerre,Montpellier,1,1,0,2.11681,0.457017,1.6054782,1.770172,-0.1646938000000002,1.2028084,1.601824,-0.3990155999999998,1.0808029933919705,Montpellier,Auxerre,0,0,1,0.457017,2.11681,1.1006576,1.828602,-0.7279444000000002,1.3589635,2.208594,-0.8496305000000002,0.4415126370114893,1,1,0,0.2343217999999996,0.12168610000000002,0.5048206000000002,-0.15615509999999988,0.2543921,0.46420375,0.2814042
6755,2025-03-30 16:15:00,FRA-Ligue 1,2425,Le Havre,Nantes,1,3,2,4.01379,1.06585,1.4090938,2.167122,-0.7580282,1.4724421,2.136039,-0.6635968999999999,0.9508007474108848,Nantes,Le Havre,0,2,3,1.06585,4.01379,1.8256376,2.689508,-0.8638704000000004,1.6397827999999997,2.2847725,-0.6449897000000002,0.6708201410454233,1,5,1,-0.0944313000000001,-0.21888070000000015,-0.41654380000000013,-0.16734069999999956,0.29665112,0.40179652,0.30155233
6758,2025-03-30 16:30:00,GER-Bundesliga,2425,Borussia Dortmund,Mainz 05,1,3,1,2.69722,0.654443,3.118148,1.3673212,1.7508268000000002,2.257876,1.2942288999999998,0.9636471000000002,0.6643408830507597,Mainz 05,Borussia Dortmund,0,1,3,0.654443,2.69722,1.6549319999999998,1.483601,0.1713309999999999,1.5527111,1.5625202,-0.0098091,0.9016481548639956,1,4,1,0.7871797,0.1811400999999999,1.4632160000000003,0.7051649,0.17578553,0.68497926,0.13923523
6759,2025-03-30 17:00:00,ITA-Serie A,2425,Inter,Udinese,1,2,1,2.33787,1.3398,1.8561734,1.2139348,0.6422386,1.7951038,1.0330761999999998,0.7620276000000004,0.9470199177229096,Udinese,Inter,0,1,2,1.3398,2.33787,1.6090038,1.0269192,0.5820846,1.3977185,1.3244851,0.0732334000000001,0.8585413596934148,1,3,1,-0.11978900000000037,0.5088511999999998,0.2471696000000001,0.39738529999999983,0.21773492,0.6208252,0.1614399
6761,2025-03-30 17:30:00,ESP-La Liga,2425,Athletic Club,Osasuna,1,0,0,0.759463,0.564979,2.0679696,1.0590136,1.0089560000000002,2.1868718,0.90599439,1.2808774099999995,0.8688205367957388,Osasuna,Athletic Club,0,0,0,0.564979,0.759463,1.2736972000000002,2.4280356,-1.1543383999999997,1.2888316,1.9582474,-0.6694157999999999,0.7758959542146902,0,0,0,-0.27192140999999936,-0.48492259999999976,0.7942723999999999,0.8980402000000001,0.13789095,0.7819371,0.08017197
6760,2025-03-30 17:30:00,ESP-La Liga,2425,Valencia,Mallorca,1,1,0,0.731544,0.657805,1.4471868,1.2906601999999998,0.1565266000000003,1.5355284,1.3237203,0.2118081,0.9117376717111376,Mallorca,Valencia,0,0,1,0.657805,0.731544,1.882222,1.077369,0.804853,1.4249216,1.2489726,0.1759489999999999,0.7017925043788343,1,1,0,-0.055281499999999706,0.6289040000000001,-0.43503519999999996,0.1106068,0.2710126,0.42378402,0.30520338
6763,2025-03-30 19:45:00,ITA-Serie A,2425,Napoli,AC Milan,1,2,1,0.945094,2.25619,1.5188476,0.7811414,0.7377062,1.5237357,0.7524734000000001,0.7712623,0.9844220461448492,AC Milan,Napoli,0,1,2,2.25619,0.945094,2.0075360000000004,1.5905166000000002,0.4170194000000002,1.875266,1.4400623,0.4352036999999999,0.7998860962198984,1,3,1,-0.03355609999999998,-0.01818429999999971,-0.48868840000000047,-0.3515303000000001,0.28251103,0.3608529,0.35663608
6762,2025-03-30 19:45:00,FRA-Ligue 1,2425,Lille,Lens,1,1,0,1.95492,0.596446,1.8339046,1.8222866,0.0116179999999996,1.8452703,1.7571112,0.0881590999999999,0.7586960248067588,Lens,Lille,0,0,1,0.596446,1.95492,1.247618,1.961109,-0.7134909999999997,1.6941099999999998,1.77867328,-0.0845632800000002,0.708336112568775,1,1,0,-0.07654110000000029,-0.6289277199999994,0.5862866000000002,0.15116030000000014,0.21353327,0.5343544,0.25211233
6764,2025-03-30 20:00:00,ESP-La Liga,2425,Real Betis,Sevilla,1,2,1,0.894203,0.867589,2.4643880000000005,0.8236998,1.6406882000000005,1.7285232,1.1696633,0.5588599000000001,0.983497945819908,Sevilla,Real Betis,0,1,2,0.867589,0.894203,1.0687292000000002,1.4441777999999998,-0.3754485999999997,1.2112843999999998,1.35794,-0.1466556000000001,0.9906831205923888,1,3,1,1.0818283000000004,-0.22879299999999958,1.3956588000000003,0.5172388000000001,0.17295954,0.66573155,0.1613089
6765,2025-03-31 17:30:00,ITA-Serie A,2425,Verona,Parma Calcio 1913,1,0,0,0.765236,0.501452,0.5833666000000002,1.3412598,-0.7578931999999998,0.9450229,1.3427513,-0.3977284,0.5290871479546708,Parma Calcio 1913,Verona,0,0,0,0.501452,0.765236,0.8852254,1.1643732,-0.2791477999999999,1.15416,1.3480953000000002,-0.1939353000000001,0.8664302467333413,0,0,0,-0.36016479999999984,-0.0852124999999998,-0.30185879999999987,-0.20913710000000008,0.2756295,0.38907662,0.33529386
6766,2025-03-31 19:45:00,ITA-Serie A,2425,Lazio,Torino,1,1,1,1.93778,0.632735,1.1641423999999998,1.387427,-0.2232846000000001,1.7229062,1.4226325,0.3002737,0.9867043332339664,Torino,Lazio,0,1,1,0.632735,1.93778,1.0119328000000003,1.8900708,-0.8781379999999994,0.9519846,1.6145678,-0.6625832,1.575654085523983,0,2,0,-0.5235583000000001,-0.21555479999999938,0.1522095999999995,0.7709216,0.22498171,0.6695127,0.10550566
6767,2025-03-31 20:00:00,ESP-La Liga,2425,Celta Vigo,Las Palmas,1,1,1,1.07663,0.52734,1.66159,0.8520352000000002,0.8095547999999997,1.4387733,1.2095296999999998,0.2292436000000002,0.9730504638566312,Las Palmas,Celta Vigo,0,1,1,0.52734,1.07663,0.8017306,1.997172,-1.1954414000000002,1.0754335,2.377609,-1.3021755000000002,0.8368710507241492,0,2,0,0.5803111999999995,0.10673409999999994,0.8598593999999999,0.3633398000000001,0.219075,0.65073174,0.1301932
6769,2025-04-01 19:45:00,ENG-Premier League,2425,Wolverhampton Wanderers,West Ham,1,1,0,1.10359,1.73057,1.0873306,1.3162602,-0.2289296,1.2399057,1.6065828,-0.3666771,0.7258610668044619,West Ham,Wolverhampton Wanderers,0,0,1,1.73057,1.10359,0.9489382,1.2891936000000002,-0.3402554000000001,1.0301595,1.5185759,-0.4884164000000002,0.9707225233349562,1,1,0,0.13774749999999997,0.1481610000000001,0.13839240000000008,0.2097462000000001,0.24351512,0.48531383,0.27117103
6768,2025-04-01 19:45:00,ENG-Premier League,2425,Arsenal,Fulham,1,2,1,2.30189,1.44206,1.3931969999999998,0.6731532,0.7200437999999998,1.5096373,0.8371902,0.6724471000000001,0.9936154905449868,Fulham,Arsenal,0,1,2,1.44206,2.30189,1.1253613999999998,1.2150248,-0.0896634000000002,1.5654917999999998,1.0561928000000005,0.5092989999999995,0.9581647389243824,1,3,1,0.047596699999999714,-0.5989623999999997,0.26783559999999995,-0.055854499999999696,0.22749239,0.46282548,0.30968213
6770,2025-04-01 20:00:00,ENG-Premier League,2425,Nottingham Forest,Manchester United,1,1,0,0.512063,1.86688,1.0069275999999998,1.6456486,-0.6387210000000003,1.5564164,1.7696699000000002,-0.2132535000000002,1.4777526902487723,Manchester United,Nottingham Forest,0,0,1,1.86688,0.512063,1.184843,1.651004,-0.466161,1.3734653,1.7662691,-0.3928038000000002,1.1649357541572007,1,1,0,-0.4254675000000001,-0.07335719999999979,-0.17791540000000028,0.18295110000000014,0.24561714,0.49448466,0.25989828
6775,2025-04-02 19:45:00,ENG-Premier League,2425,Bournemouth,Ipswich,1,1,2,1.99637,1.41263,1.7342202,1.7217336000000003,0.0124865999999996,1.9617941,1.626363,0.3354310999999998,0.9685007369016264,Ipswich,Bournemouth,0,2,1,1.41263,1.99637,0.9370786,2.0667700000000004,-1.1296914000000005,0.9945714,2.0598,-1.0652286,1.0054572196051288,2,3,1,-0.3229445000000002,-0.06446280000000049,0.7971416,0.9672227000000001,0.17884219,0.70357877,0.11757905
6774,2025-04-02 19:45:00,ENG-Premier League,2425,Brighton,Aston Villa,1,0,3,0.558009,1.20715,2.764746,1.0480544000000005,1.7166916,2.0224086,1.3576632,0.6647453999999999,0.9394733885756872,Aston Villa,Brighton,0,3,0,1.20715,0.558009,1.7157654,1.8425594,-0.126794,1.5066327000000002,1.6584437,-0.1518109999999997,0.8628507380393787,2,3,1,1.0519462000000002,0.025016999999999706,1.0489806000000002,0.5157758999999997,0.17287242,0.69366777,0.13345985
6773,2025-04-02 19:45:00,ENG-Premier League,2425,Manchester City,Leicester,1,2,0,2.07165,0.104741,1.5673168,0.972239,0.5950777999999999,1.8647195,1.2611022,0.6036173,1.2334288168119565,Leicester,Manchester City,0,0,2,0.104741,2.07165,0.532745,1.6792760000000002,-1.1465310000000002,0.8107005,1.976235,-1.1655345,0.3700498888925208,1,2,0,-0.008539500000000144,0.01900349999999973,1.0345718,1.054019,0.24592434,0.6690431,0.08503252
6771,2025-04-02 19:45:00,ENG-Premier League,2425,Newcastle United,Brentford,1,2,1,2.26584,1.53201,1.3863062,1.6678272,-0.2815210000000001,1.7657822,1.5344887,0.2312934999999998,0.962745596401642,Brentford,Newcastle United,0,1,2,1.53201,2.26584,1.5161365999999998,1.2348874,0.2812492,2.0305633,1.5416816,0.4888816999999998,0.8372056969582298,1,3,1,-0.5128144999999998,-0.20763249999999983,-0.1298303999999999,-0.26478109999999977,0.25385237,0.3856807,0.36046693
6772,2025-04-02 19:45:00,ENG-Premier League,2425,Southampton,Crystal Palace,1,1,1,0.687304,0.93776,0.753454,3.1440836,-2.3906296,0.8644434999999999,3.1773458000000003,-2.3129023,1.0411310384877226,Crystal Palace,Southampton,0,1,1,0.93776,0.687304,2.6757660000000003,1.0114013999999998,1.6643646000000003,2.283168,1.2031419,1.0800261,0.78837790807426,0,2,0,-0.07772729999999983,0.5843385000000003,-1.9223120000000002,-1.4187245,0.19703588,0.21595822,0.58700585
6776,2025-04-02 20:00:00,ENG-Premier League,2425,Liverpool,Everton,1,1,0,1.29718,0.823136,2.2215316,0.7257692,1.4957624,2.3812151,0.8726215999999999,1.5085935,0.9238976672465804,Everton,Liverpool,0,0,1,0.823136,1.29718,1.425168,1.1241392,0.3010288000000001,1.5812006,1.0283125,0.5528881000000001,1.0751317226089323,1,1,0,-0.012831099999999873,-0.2518593,0.7963636000000001,0.8000144999999999,0.18495305,0.6605029,0.15454403
6777,2025-04-03 19:00:00,ENG-Premier League,2425,Chelsea,Tottenham,1,1,0,1.30443,1.40274,1.5721567999999997,1.2824602000000005,0.2896965999999994,1.7952184,1.3323541,0.4628642999999999,0.8355524678487767,Tottenham,Chelsea,0,0,1,1.40274,1.30443,1.520388,1.6463679999999996,-0.1259799999999995,1.2959716,1.854681,-0.5587093999999999,1.0802697526166831,1,1,0,-0.17316770000000048,0.4327294000000004,0.051768799999999615,0.4992468000000001,0.22881578,0.65438074,0.11680349
6778,2025-04-04 18:30:00,GER-Bundesliga,2425,Augsburg,Bayern Munich,1,1,3,0.567653,1.91653,1.0997814,1.0837044,0.0160769999999998,0.996364,1.201275,-0.2049109999999998,1.1040130875733292,Bayern Munich,Augsburg,0,3,1,1.91653,0.567653,3.070588,0.8309783999999999,2.2396096,2.8854871600000003,0.9894475,1.89603966,0.8664045254651123,2,4,1,0.22098799999999957,0.3435699400000001,-1.9708066,-1.8891231600000002,0.15281124,0.24232371,0.6048651
6780,2025-04-04 18:45:00,FRA-Ligue 1,2425,Nice,Nantes,1,1,2,2.17922,0.945149,1.7907620000000002,1.1696226000000003,0.6211393999999999,2.007775,1.0687133,0.9390617,0.7969016463988015,Nantes,Nice,0,2,1,0.945149,2.17922,1.7655955999999997,2.462702,-0.6971064000000005,1.6051837999999996,2.3373605,-0.7321767000000003,0.6852793522590048,2,3,1,-0.3179223000000001,0.03507029999999989,0.025166400000000477,0.4025912000000005,0.19049422,0.70789427,0.10161152
6779,2025-04-04 18:45:00,ITA-Serie A,2425,Genoa,Udinese,1,1,0,1.65486,1.11114,0.8994359999999999,1.1864198,-0.2869838,1.2183055,0.9725065,0.245799,0.9028926628890186,Udinese,Genoa,0,0,1,1.11114,1.65486,1.2959318,0.9995452,0.2963865999999999,1.3264815,1.5349676,-0.2084861,0.9800355451353484,1,1,0,-0.5327828,0.5048727,-0.39649580000000006,-0.10817600000000005,0.29470065,0.39556378,0.3097356
6781,2025-04-04 19:00:00,ESP-La Liga,2425,Rayo Vallecano,Espanyol,1,0,4,0.501253,3.48741,1.1066036,1.1404815999999998,-0.0338779999999996,1.5914001999999998,1.2362611,0.3551390999999999,0.6912147609289223,Espanyol,Rayo Vallecano,0,4,0,3.48741,0.501253,0.6372664,1.5191566,-0.8818902000000001,0.8209289,1.5597433,-0.7388144000000001,1.3399438855863333,2,4,1,-0.38901709999999945,-0.14307579999999998,0.4693371999999999,0.7704712999999999,0.26765445,0.63333446,0.09901106
6782,2025-04-05 11:30:00,ENG-Premier League,2425,Everton,Arsenal,1,1,1,1.22875,1.4031,1.3866652,0.9222832,0.4643819999999998,1.5403882000000002,1.0295085,0.5108797000000003,1.1036171897336076,Arsenal,Everton,0,1,1,1.4031,1.22875,1.503575,0.9149234,0.5886516000000002,1.5586843,0.8048832000000001,0.7538010999999998,1.026506120254037,0,2,0,-0.046497700000000475,-0.16514949999999962,-0.11690980000000017,-0.018296099999999704,0.28882855,0.40012062,0.31105083
6783,2025-04-05 12:00:00,ESP-La Liga,2425,Girona,Alaves,1,0,1,1.73306,0.805674,0.8958292,1.6618172000000002,-0.7659880000000002,1.0718924900000002,2.0504506,-0.9785581099999998,0.9329285132611448,Alaves,Girona,0,1,0,0.805674,1.73306,1.499642,1.5172548,-0.0176127999999999,1.2849879,1.2016464,0.0833414999999999,0.856038522978681,2,1,0,0.2125701099999996,-0.1009542999999998,-0.6038127999999999,-0.21309540999999976,0.26421437,0.3126526,0.423133
6784,2025-04-05 13:00:00,ITA-Serie A,2425,Monza,Como,1,1,3,1.05971,2.27029,0.7175678000000001,1.8463756,-1.1288078,0.5740372,2.1280304,-1.5539932,0.8710221723920116,Como,Monza,0,3,1,2.27029,1.05971,1.2655006,1.603436,-0.3379353999999999,1.1302116,1.3349052,-0.2046936000000001,1.2387050011652676,2,4,1,0.42518540000000016,-0.1332417999999998,-0.5479327999999999,-0.5561744,0.2633455,0.27451068,0.46214375
6785,2025-04-05 13:30:00,GER-Bundesliga,2425,FC Heidenheim,Bayer Leverkusen,1,0,1,1.30234,0.367393,1.5992924000000002,1.5059840000000002,0.0933083999999999,1.1373255,1.736466,-0.5991405000000001,0.7913294906959435,Bayer Leverkusen,FC Heidenheim,0,1,0,0.367393,1.30234,2.08883,1.3449714,0.7438586000000003,2.067935,1.08235356,0.9855814399999998,1.0155053154449654,2,1,0,0.6924489,-0.24172283999999955,-0.4895376,-0.9306094999999999,0.21990614,0.24427666,0.5358172
6787,2025-04-05 13:30:00,GER-Bundesliga,2425,Mainz 05,Holstein Kiel,1,1,1,1.65205,1.66267,1.3959565999999997,1.914004,-0.5180474000000002,1.5578083,1.6328302,-0.0750219,0.9628906439318342,Holstein Kiel,Mainz 05,0,1,1,1.66267,1.65205,0.9749208,1.5306042,-0.5556834,1.1372008,2.1036645,-0.9664636999999998,1.1431568258157874,0,2,0,-0.4430255000000002,0.41078029999999977,0.4210357999999996,0.4206075,0.24782518,0.5492164,0.20295848
6789,2025-04-05 13:30:00,GER-Bundesliga,2425,Bochum,VfB Stuttgart,1,0,4,0.815791,2.64663,1.3713604,2.1582064,-0.7868460000000002,1.6587789999999998,2.4145852,-0.7558062000000001,0.7837085086629934,VfB Stuttgart,Bochum,0,4,0,2.64663,0.815791,1.8221392,2.148809,-0.3266697999999999,1.492235,1.7958219,-0.3035869,1.005202930367583,2,4,1,-0.031039800000000062,-0.023082899999999906,-0.45077880000000015,0.1665439999999998,0.30092943,0.40486056,0.29421002
6788,2025-04-05 13:30:00,GER-Bundesliga,2425,RasenBallsport Leipzig,Hoffenheim,1,3,1,1.40121,1.18624,1.7889993999999998,1.776799,0.0122003999999997,1.5818046,1.7746555000000002,-0.1928509,0.7586267237895731,Hoffenheim,RasenBallsport Leipzig,0,1,3,1.18624,1.40121,1.0306816,1.9106462000000004,-0.8799646000000005,1.3130188,1.8841726,-0.5711537999999998,0.9900840794632344,1,4,1,0.2050512999999997,-0.3088108000000007,0.7583177999999997,0.26878579999999985,0.2098588,0.54721284,0.2429283
6786,2025-04-05 13:30:00,GER-Bundesliga,2425,Freiburg,Borussia Dortmund,1,1,4,2.02793,3.55487,1.5830992000000002,1.6448139999999998,-0.0617147999999996,1.4289598,1.2745696,0.1543901999999999,0.8397711119857172,Borussia Dortmund,Freiburg,0,4,1,3.55487,2.02793,3.116554,0.8244498,2.2921042,2.411207,1.1637442,1.2474628,0.6635678050172362,2,5,1,-0.2161049999999995,1.0446413999999997,-1.5334547999999997,-0.9822472000000002,0.2703295,0.21641393,0.51325655
6791,2025-04-05 14:00:00,ENG-Premier League,2425,Ipswich,Wolverhampton Wanderers,1,1,2,0.872356,2.8096,1.1530318000000002,1.886362,-0.7333301999999999,0.9914944,1.993968,-1.0024736,1.0085775486199935,Wolverhampton Wanderers,Ipswich,0,2,1,2.8096,0.872356,1.0973906000000002,1.2888582000000004,-0.1914676000000001,1.1598017,1.5224128,-0.3626111000000001,0.862215616500979,2,3,1,0.26914340000000014,0.17114349999999998,0.055641199999999946,-0.16830730000000005,0.26145762,0.35742027,0.38112208
6790,2025-04-05 14:00:00,ENG-Premier League,2425,Crystal Palace,Brighton,1,2,1,0.443965,1.27226,2.374052,0.8474501999999997,1.5266018,2.071527,1.1500193,0.9215077000000004,0.8206502639597437,Brighton,Crystal Palace,0,1,2,1.27226,0.443965,2.4625638,1.1595268,1.3030369999999998,1.9016965000000003,1.2972362,0.6044603000000004,0.94652277767626,1,3,1,0.6050940999999995,0.6985766999999994,-0.08851180000000003,0.16983049999999977,0.24050088,0.5546939,0.20480524
6792,2025-04-05 14:00:00,ENG-Premier League,2425,West Ham,Bournemouth,1,2,2,0.907832,1.94869,1.160359,1.1169136000000002,0.0434453999999999,1.0499305,1.4309489,-0.3810184000000001,0.8571987791584499,Bournemouth,West Ham,0,2,2,1.94869,0.907832,1.7160501999999995,1.8093760000000003,-0.0933258000000005,1.8995791,1.7115245,0.1880545999999996,1.0002210488517964,0,4,1,0.4244638,-0.2813804000000001,-0.5556911999999996,-0.8496485999999999,0.27972215,0.30202588,0.41825202
6793,2025-04-05 14:15:00,ESP-La Liga,2425,Real Madrid,Valencia,1,1,2,3.36121,1.08997,1.940164,1.6328398,0.3073242,2.538023,1.3256502,1.2123728,0.7486138822958333,Valencia,Real Madrid,0,2,1,1.08997,3.36121,1.4453048,1.2137652,0.2315396,1.5005758,1.3160652,0.1845106,0.932974573510666,2,3,1,-0.9050486,0.047029000000000015,0.49485920000000005,1.0374472,0.15236029,0.7437656,0.10387412
6794,2025-04-05 15:00:00,FRA-Ligue 1,2425,Paris Saint Germain,Angers,1,1,0,1.64379,0.280438,3.2622860000000005,1.3508854,1.9114006000000008,2.970214,1.1474144,1.8227996,1.111030682964028,Angers,Paris Saint Germain,0,0,1,0.280438,1.64379,1.1159659999999998,2.868448,-1.752482,1.14509848,2.3951237,-1.25002522,0.6113006007128743,1,1,0,0.08860100000000082,-0.5024567800000002,2.1463200000000007,1.82511552,0.10222897,0.8187674,0.079003595
6795,2025-04-05 16:00:00,ITA-Serie A,2425,Parma Calcio 1913,Inter,1,2,2,1.66115,2.17944,0.9268204,1.0350644,-0.1082439999999999,1.1529659,1.2729909,-0.120025,0.8673275876349963,Inter,Parma Calcio 1913,0,2,2,2.17944,1.66115,1.9067394,1.2086548,0.6980846,1.8648808,1.1258517,0.7390291,0.8579632231919472,0,4,1,0.01178100000000011,-0.04094449999999994,-0.979919,-0.7119148999999998,0.26898444,0.25578552,0.47523
6798,2025-04-05 16:30:00,GER-Bundesliga,2425,Werder Bremen,Eintracht Frankfurt,1,2,0,1.22711,0.515073,1.89984,1.6055480000000002,0.2942919999999998,1.5360771,1.825025,-0.2889479000000001,0.7812102783055107,Eintracht Frankfurt,Werder Bremen,0,0,2,0.515073,1.22711,2.097468,2.065354,0.0321139999999999,2.2111659999999995,1.6609591,0.5502068999999996,0.6783748129381454,1,2,0,0.5832398999999999,-0.5180928999999997,-0.19762800000000014,-0.6750888999999995,0.21510878,0.3001251,0.4847661
6796,2025-04-05 16:30:00,ESP-La Liga,2425,Mallorca,Celta Vigo,1,1,2,0.670008,1.12056,1.546955,1.0148758,0.5320792000000001,1.2844281,1.2486029,0.0358251999999998,0.7007004123466215,Celta Vigo,Mallorca,0,2,1,1.12056,0.670008,1.58614,0.8196822000000001,0.7664577999999997,1.2206353,1.1618247,0.0588106000000001,1.146942787134874,2,3,1,0.4962540000000003,0.7076471999999996,-0.039185000000000025,0.06379279999999987,0.3030841,0.3605969,0.33631897
6797,2025-04-05 16:30:00,ENG-Premier League,2425,Aston Villa,Nottingham Forest,1,2,1,2.63349,0.96769,1.3775134000000002,1.8875884,-0.5100749999999996,1.3927877,1.6326965999999998,-0.2399088999999998,1.0051775980089444,Nottingham Forest,Aston Villa,0,1,2,0.96769,2.63349,1.0430799999999998,1.5770386,-0.5339586000000003,1.3503957,1.7658949,-0.4154991999999999,1.5550985869559664,1,3,1,-0.27016609999999985,-0.11845940000000038,0.33443340000000044,0.042391999999999985,0.25047114,0.47106475,0.27846408
6799,2025-04-05 17:00:00,FRA-Ligue 1,2425,Brest,Monaco,1,2,1,0.90697,1.75483,1.8514156,1.2492604,0.6021551999999999,1.8622138000000004,1.5755874,0.2866264000000003,0.8591919686171541,Monaco,Brest,0,1,2,1.75483,0.90697,2.841996,0.8251514,2.0168446,2.7583403,1.4727557,1.2855846,0.9063417931638844,1,3,1,0.3155287999999996,0.7312600000000002,-0.9905804,-0.8961264999999996,0.20425601,0.21983705,0.57590693
6800,2025-04-05 18:45:00,ITA-Serie A,2425,AC Milan,Fiorentina,1,2,2,2.17819,3.04937,2.021884,1.6682188,0.3536652,1.983069,1.3776907,0.6053782999999999,0.8068298143787158,Fiorentina,AC Milan,0,2,2,3.04937,2.17819,1.2170068,1.204241,0.0127657999999999,1.0497577,1.3337615,-0.2840038,1.3336398164644885,0,4,1,-0.2517130999999999,0.29676959999999986,0.8048772,0.9333113,0.18264718,0.6846511,0.13270172
6801,2025-04-05 19:00:00,ESP-La Liga,2425,Barcelona,Real Betis,1,1,1,1.46844,0.249939,2.970876,0.5099532,2.4609228,2.866196,0.7379373,2.1282587,1.0815725506655682,Real Betis,Barcelona,0,1,1,0.249939,1.46844,2.1443386,0.9561596,1.1881790000000003,1.7141305,1.0939762,0.6201543,1.1084330461227745,0,2,0,0.33266410000000013,0.5680247000000003,0.8265373999999999,1.1520655,0.16270362,0.6931519,0.14414446
6802,2025-04-05 19:05:00,FRA-Ligue 1,2425,Lyon,Lille,1,2,1,1.75398,0.656931,2.108986,1.896226,0.2127600000000002,1.9460226000000005,1.7743602000000005,0.1716624,1.1818972801768692,Lille,Lyon,0,1,2,0.656931,1.75398,1.6209345999999996,1.8581644,-0.2372298000000006,1.8889333,1.7566199,0.1323134000000001,0.7940985559953038,1,3,1,0.041097600000000206,-0.36954320000000074,0.48805140000000025,0.057089300000000565,0.224664,0.5140314,0.2613046
6803,2025-04-06 10:30:00,ITA-Serie A,2425,Lecce,Venezia,1,1,1,1.50136,0.898847,0.9378964,1.842082,-0.9041856,0.8508131000000001,1.8283872000000003,-0.9775741000000002,0.8227414190714517,Venezia,Lecce,0,1,1,0.898847,1.50136,0.9782606,1.5942994,-0.6160387999999998,0.9388333,1.6422519000000002,-0.7034186000000002,0.532575343700161,0,2,0,0.07338850000000019,0.08737980000000045,-0.04036420000000007,-0.08802019999999988,0.28507134,0.3890909,0.3258378
6804,2025-04-06 12:00:00,ESP-La Liga,2425,Las Palmas,Real Sociedad,1,1,3,1.75387,2.81501,0.6983965999999999,1.7456699999999998,-1.0472734,0.9655315,2.345697,-1.3801655,0.9321281261894344,Real Sociedad,Las Palmas,0,3,1,2.81501,1.75387,0.8210826000000001,1.3474744,-0.5263917999999997,1.0359207,1.4997959,-0.4638751999999999,0.9653239236131456,2,4,1,0.3328921,-0.06251659999999987,-0.12268600000000018,-0.07038919999999993,0.27566272,0.35088372,0.37345353
6810,2025-04-06 13:00:00,ITA-Serie A,2425,Torino,Verona,1,1,1,0.963942,1.32441,0.8087878000000002,1.5851028,-0.7763149999999999,0.9741307,1.7136447999999995,-0.7395140999999996,1.539832858329115,Verona,Torino,0,1,1,1.32441,0.963942,0.6619734000000002,1.0664502,-0.4044767999999998,0.9983355,1.2338635,-0.235528,0.5008331359216056,0,2,0,-0.03680090000000025,-0.16894879999999982,0.1468144,-0.024204800000000026,0.31577766,0.37721938,0.307003
6805,2025-04-06 13:00:00,ENG-Premier League,2425,Brentford,Chelsea,1,0,0,1.36123,1.47829,1.4295406000000002,1.5533622,-0.1238215999999998,1.6288903,1.7433042,-0.1144138999999999,0.7980888595819745,Chelsea,Brentford,0,0,0,1.47829,1.36123,1.7030852,1.1492242,0.5538609999999997,1.7741204,1.3449681,0.4291522999999999,0.8454889276461014,0,0,0,-0.009407699999999894,0.12470869999999984,-0.2735445999999999,-0.14523010000000003,0.2585479,0.3160475,0.4254046
6808,2025-04-06 13:00:00,ITA-Serie A,2425,Empoli,Cagliari,1,0,0,0.386589,0.162801,1.07635848,1.6745144,-0.59815592,1.07208254,1.7729924999999995,-0.7009099599999997,0.4663815657499974,Cagliari,Empoli,0,0,0,0.162801,0.386589,0.9549272,1.6935706,-0.7386434000000001,1.1856182,1.4646455,-0.2790273000000001,1.0121293582290165,0,0,0,0.10275403999999977,-0.45961609999999997,0.12143127999999992,-0.11353565999999993,0.27754894,0.3869302,0.33552086
6806,2025-04-06 13:00:00,ENG-Premier League,2425,Fulham,Liverpool,1,3,2,1.72764,1.40638,0.9717874,1.6091426000000002,-0.6373552000000002,1.4442288,1.1420418,0.302187,0.9693748183287728,Liverpool,Fulham,0,2,3,1.40638,1.72764,2.1074516,0.6797384,1.4277132,2.2386421,0.9020152,1.3366269,0.982738159557457,1,5,1,-0.9395422000000002,0.09108629999999995,-1.1356642000000001,-0.7944132999999998,0.23735052,0.24010536,0.5225441
6807,2025-04-06 13:00:00,FRA-Ligue 1,2425,Lens,Saint-Etienne,1,1,0,2.50421,1.69228,1.313795,1.956403,-0.6426079999999998,1.4429615999999998,1.7899492799999996,-0.3469876799999998,0.6930186548147541,Saint-Etienne,Lens,0,0,1,1.69228,2.50421,1.3050179999999998,2.609586,-1.3045680000000004,1.2149299,2.7751559,-1.560226,0.9877104944816204,1,1,0,-0.29562032000000005,0.2556579999999995,0.008777000000000257,0.22803169999999984,0.25125661,0.533941,0.21480243
6809,2025-04-06 13:00:00,ENG-Premier League,2425,Tottenham,Southampton,1,3,1,2.648,0.780439,1.406718,1.6219499999999996,-0.2152319999999994,1.3359126,1.7421609999999998,-0.4062483999999999,0.973116824321573,Southampton,Tottenham,0,1,3,0.780439,2.648,0.6960312,2.9141916,-2.2181604000000004,0.9082125,2.7162478000000005,-1.8080353000000005,1.1010626906558865,1,4,1,0.1910164000000005,-0.4101250999999999,0.7106868,0.4277000999999999,0.24561806,0.5477221,0.20665982
6811,2025-04-06 13:30:00,GER-Bundesliga,2425,St. Pauli,Borussia M.Gladbach,1,1,1,2.19443,0.646648,0.941519,1.9517822,-1.0102632000000002,1.0107273,1.5010898,-0.4903625000000002,0.9893855747385328,Borussia M.Gladbach,St. Pauli,0,1,1,0.646648,2.19443,1.5774386000000002,1.9033974,-0.3259587999999995,1.6139219,1.7527929999999998,-0.1388710999999998,1.115294912786726,0,2,0,-0.5199007,-0.1870876999999997,-0.6359196000000003,-0.6031945999999999,0.2979056,0.37394994,0.32814443
6812,2025-04-06 14:15:00,ESP-La Liga,2425,Sevilla,Atletico Madrid,1,1,2,0.818692,1.23653,0.945707,1.5165222,-0.5708152000000001,1.2246077,1.3392533,-0.1146456,0.9799048463398964,Atletico Madrid,Sevilla,0,2,1,1.23653,0.818692,1.4888416,1.4885946000000003,0.0002469999999996,1.6135673,1.4429288,0.1706385000000001,0.8056677861110683,2,3,1,-0.45616960000000006,-0.1703915000000005,-0.5431346,-0.38895959999999996,0.29271185,0.35127664,0.35601148
6815,2025-04-06 15:15:00,FRA-Ligue 1,2425,Reims,Strasbourg,1,0,1,0.891063,2.80314,0.9522094,2.07343,-1.1212205999999998,1.0201421,2.055575,-1.0354329000000002,0.5881527797423715,Strasbourg,Reims,0,1,0,2.80314,0.891063,1.4488112,1.5043076000000002,-0.0554964000000002,1.5441046,1.5778153,-0.0337106999999998,0.9714361504808998,2,1,0,-0.08578769999999958,-0.0217857000000004,-0.4966018,-0.5239625000000001,0.28966615,0.26764292,0.44269097
6814,2025-04-06 15:15:00,FRA-Ligue 1,2425,Montpellier,Le Havre,1,0,2,0.956146,1.72977,0.924275,1.93381,-1.009535,1.2600022000000002,2.0734120000000003,-0.8134098000000001,0.3968243890174247,Le Havre,Montpellier,0,2,0,1.72977,0.956146,2.100686,2.13574,-0.0350540000000001,1.6896051,1.931831,-0.2422259,0.9469662781165386,2,2,0,-0.1961252,0.2071718999999999,-1.176411,-0.4296028999999999,0.31882724,0.29749718,0.38367555
6813,2025-04-06 15:15:00,FRA-Ligue 1,2425,Rennes,Auxerre,1,0,1,1.06426,1.10602,1.991257,1.3707856,0.6204713999999998,1.8985396,1.6677317000000005,0.2308078999999998,0.7900805492387152,Auxerre,Rennes,0,1,0,1.10602,1.06426,1.7315482,1.4665914,0.2649568,1.3543535,1.4956967,-0.1413432000000001,1.033702771320212,2,1,0,0.3896635,0.4063000000000001,0.2597088000000001,0.5441861000000001,0.19896351,0.5909196,0.21011686
6816,2025-04-06 15:30:00,GER-Bundesliga,2425,Union Berlin,Wolfsburg,1,1,0,1.55071,1.79618,0.8336,2.1974918,-1.3638917999999998,1.4886532,1.7135208,-0.2248676,0.806097211830659,Wolfsburg,Union Berlin,0,0,1,1.79618,1.55071,1.4493272,1.3438516,0.1054755999999998,1.4584747,1.4801717,-0.021697,0.7542120859469925,1,1,0,-1.1390241999999997,0.1271725999999998,-0.6157271999999999,0.030178499999999886,0.3152402,0.36089894,0.32386088
6817,2025-04-06 15:30:00,ENG-Premier League,2425,Manchester United,Manchester City,1,0,0,1.23317,0.687894,1.2729149999999998,1.3591985999999998,-0.0862836,1.3926843,1.5312754,-0.1385910999999999,1.0052522274773776,Manchester City,Manchester United,0,0,0,0.687894,1.23317,1.5576388,0.961745,0.5958938000000001,1.8738985,1.1182903,0.7556082,1.120657751389549,0,0,0,0.05230749999999991,-0.1597143999999998,-0.2847238000000003,-0.4812141999999999,0.2556401,0.28294224,0.46141776
6818,2025-04-06 16:00:00,ITA-Serie A,2425,Atalanta,Lazio,1,0,1,1.04022,0.523108,2.2775276,1.2567990000000002,1.0207285999999998,1.9117991,1.0783296,0.8334695000000001,0.993827754272008,Lazio,Atalanta,0,1,0,0.523108,1.04022,1.375023,1.4022563999999995,-0.0272333999999998,1.8127482,1.295716,0.5170321999999998,0.9378020963959054,2,1,0,0.18725909999999968,-0.5442655999999997,0.9025045999999999,0.09905090000000016,0.19522138,0.5887848,0.21599384
6819,2025-04-06 16:30:00,ESP-La Liga,2425,Real Valladolid,Getafe,1,0,4,0.300994,2.80288,1.1105822,2.199027,-1.0884448000000002,0.9397673,2.2989145,-1.3591472,0.6384552447661834,Getafe,Real Valladolid,0,4,0,2.80288,0.300994,0.9373694,1.4782448,-0.5408754000000002,1.0569472999999998,1.5572387,-0.5002914000000003,1.2299560915136531,2,4,1,0.2707023999999998,-0.04058399999999995,0.17321280000000006,-0.11717999999999984,0.2563267,0.34852728,0.39514607
6820,2025-04-06 18:45:00,FRA-Ligue 1,2425,Marseille,Toulouse,1,3,2,1.13222,1.30619,1.3683408,1.5416416,-0.1733008,2.3681984,1.3909717999999998,0.9772266,0.6333926104364354,Toulouse,Marseille,0,2,3,1.30619,1.13222,2.427362,1.648489,0.7788729999999999,1.8058911,1.4964356,0.3094554999999996,0.8859887033117871,1,5,1,-1.1505273999999999,0.4694175000000003,-1.0590212,0.5623072999999998,0.22335397,0.61454207,0.16210394
6821,2025-04-06 18:45:00,ITA-Serie A,2425,Roma,Juventus,1,1,1,1.37162,0.994645,2.055006,0.7001250800000001,1.3548809199999996,1.8607922,0.63833394,1.2224582600000002,0.9135888931666344,Juventus,Roma,0,1,1,0.994645,1.37162,1.4456054,1.0404056000000002,0.4051997999999999,1.4519927,1.268601,0.1833917000000002,0.964191511299257,0,2,0,0.13242265999999936,0.22180809999999967,0.6094006000000001,0.4087995,0.20558904,0.6303622,0.16404876
6822,2025-04-06 19:00:00,ESP-La Liga,2425,Villarreal,Athletic Club,1,0,0,1.59491,0.998653,1.5718579999999998,0.902035,0.6698229999999997,1.837724,1.0083323,0.8293917000000002,0.9250567957665048,Athletic Club,Villarreal,0,0,0,0.998653,1.59491,2.0404992,0.9328554,1.1076438000000002,2.1447251,0.92073659,1.2239885099999996,0.7926420068278184,0,0,0,-0.15956870000000045,-0.11634470999999946,-0.4686412000000004,-0.30700110000000014,0.26648018,0.3366544,0.39686543
6823,2025-04-07 18:45:00,ITA-Serie A,2425,Bologna,Napoli,1,1,1,1.11047,0.99857,2.02198,0.9601550000000004,1.0618249999999998,1.7701318999999998,1.0179281,0.7522037999999998,1.016872800906644,Napoli,Bologna,0,1,1,0.99857,1.11047,1.5961488,1.055704,0.5404448,1.4592121,0.9548814,0.5043307,1.02795129786047,0,2,0,0.30962120000000004,0.03611409999999993,0.4258312000000002,0.31091979999999975,0.2230442,0.5621867,0.21476912
6824,2025-04-07 19:00:00,ESP-La Liga,2425,Leganes,Osasuna,1,1,1,2.22334,2.07408,1.1532454,1.8489248,-0.6956794000000002,1.1291511,2.0417644,-0.9126132999999998,0.8856202809169819,Osasuna,Leganes,0,1,1,2.07408,2.22334,1.057929,2.0332402,-0.9753111999999996,1.3061321,1.8054747,-0.4993426000000001,0.7656187566182957,0,2,0,0.21693389999999968,-0.4759685999999995,0.09531640000000019,-0.17698099999999983,0.28113213,0.41639435,0.30247352
6825,2025-04-07 19:00:00,ENG-Premier League,2425,Leicester,Newcastle United,1,0,3,0.354575,3.44111,0.5070514,1.7436059999999998,-1.2365545999999998,0.7396266,1.94884,-1.2092134,0.2704063504390588,Newcastle United,Leicester,0,3,0,3.44111,0.354575,1.5940422,1.6524671999999998,-0.0584249999999997,1.7681262,1.5876167,0.1805095000000001,0.961469287956206,2,3,1,-0.027341199999999732,-0.2389344999999998,-1.0869908000000001,-1.0284996,0.29659423,0.25267395,0.45073178
6826,2025-04-11 18:30:00,GER-Bundesliga,2425,Wolfsburg,RasenBallsport Leipzig,1,2,3,1.84361,1.60065,1.3762871999999997,1.3607755999999998,0.0155115999999999,1.5678513,1.3119607,0.2558906000000001,0.5740336637577405,RasenBallsport Leipzig,Wolfsburg,0,3,2,1.60065,1.84361,1.7402214,1.8470706,-0.1068491999999998,1.4833586,1.6173105,-0.1339518999999998,0.8089744388346561,2,5,1,-0.24037900000000018,0.027102699999999993,-0.3639342000000003,0.08449269999999998,0.29224047,0.4689024,0.23885716
6828,2025-04-11 18:45:00,FRA-Ligue 1,2425,Lens,Reims,1,0,2,2.71917,1.44859,1.402255,1.444313,-0.0420579999999999,1.5584816,1.80187828,-0.2433966799999998,0.6416497688200048,Reims,Lens,0,2,0,1.44859,2.71917,1.0983682,2.021338,-0.9229698000000002,0.9601574,2.206436,-1.2462786,0.5207474100106816,2,2,0,0.2013386799999999,0.32330879999999973,0.3038868000000001,0.5983241999999999,0.24663673,0.5319067,0.22145656
6827,2025-04-11 18:45:00,ITA-Serie A,2425,Udinese,AC Milan,1,0,4,0.644579,2.49634,1.2132878,1.2336214,-0.0203336,1.3528528000000002,1.5185496,-0.1656967999999998,0.8870138074047617,AC Milan,Udinese,0,4,0,2.49634,0.644579,2.146446,1.8141088,0.3323372,1.929768,1.4971127000000002,0.4326552999999997,0.7772951063054697,2,4,1,0.1453631999999998,-0.10031809999999969,-0.9331582,-0.5769151999999997,0.2902106,0.27028018,0.43950924
6829,2025-04-11 19:00:00,ESP-La Liga,2425,Valencia,Sevilla,1,1,0,1.42634,0.910522,1.3924288,1.4224371999999998,-0.0300083999999998,1.4323248,1.5763638,-0.144039,1.0472477700255067,Sevilla,Valencia,0,0,1,0.910522,1.42634,0.7930054,1.4339141999999998,-0.6409087999999998,0.9972529,1.3485773,-0.3513244000000001,1.1030290280138288,1,1,0,0.1140306000000002,-0.28958439999999974,0.5994234,0.43507189999999996,0.26909953,0.52340794,0.20749249
6830,2025-04-12 11:30:00,ENG-Premier League,2425,Manchester City,Crystal Palace,1,5,2,4.59724,1.33808,1.5787216000000002,1.0469674000000002,0.5317542,1.6773729,1.0025193,0.6748536,1.132723002307357,Crystal Palace,Manchester City,0,2,5,1.33808,4.59724,2.001553,0.8987721999999998,1.1027808,1.9882635,1.1257043000000002,0.8625591999999997,0.9053121453408236,1,7,1,-0.1430994000000001,0.24022160000000015,-0.42283139999999975,-0.3108906,0.2754918,0.34871042,0.37579775
6831,2025-04-12 12:00:00,ESP-La Liga,2425,Real Sociedad,Mallorca,1,0,2,0.616782,0.801126,1.1705046000000003,1.6469138,-0.4764091999999997,1.2415993,1.4979349,-0.2563355999999999,1.0470358294855435,Mallorca,Real Sociedad,0,2,0,0.801126,0.616782,1.3510426,0.9225478,0.4284948,1.31233,1.1252219,0.1871080999999999,0.7620028788468762,2,2,0,-0.2200735999999998,0.24138670000000012,-0.18053799999999964,-0.07073069999999992,0.27183318,0.33343232,0.39473447
6832,2025-04-12 13:00:00,ITA-Serie A,2425,Venezia,Monza,1,1,0,1.62268,0.590462,0.9588826,1.736394,-0.7775113999999999,0.910878,1.6327729000000002,-0.7218949000000002,0.5489203286056655,Monza,Venezia,0,0,1,0.590462,1.62268,0.8630632,1.8680156,-1.0049524,0.6389175,2.1213844,-1.4824668999999997,0.782572425121514,1,1,0,-0.055616499999999625,0.4775144999999996,0.0958194,0.27196049999999994,0.35318506,0.4417311,0.20508386
6835,2025-04-12 13:30:00,GER-Bundesliga,2425,Bochum,Augsburg,1,1,2,1.86097,1.02536,1.2413006,2.2552564,-1.0139558,1.4643891,2.4406812,-0.9762921000000002,0.6828781483840952,Augsburg,Bochum,0,2,1,1.02536,1.86097,0.8654819999999999,1.3070098,-0.4415278,0.9214853,1.277745,-0.3562596999999999,1.0852033285790577,2,3,1,-0.037663699999999745,-0.08526810000000012,0.3758186000000001,0.5429038,0.3273132,0.42720842,0.24547842
6836,2025-04-12 13:30:00,GER-Bundesliga,2425,Borussia M.Gladbach,Freiburg,1,1,2,0.524784,2.31704,1.5467676,1.9944534,-0.4476857999999999,1.6311931999999998,1.7638539999999998,-0.1326608,1.1034860226942935,Freiburg,Borussia M.Gladbach,0,2,1,2.31704,0.524784,1.4561992,2.104864,-0.6486648000000002,1.6129833999999998,1.4034516,0.2095317999999999,0.8059594376734208,2,3,1,-0.3150249999999999,-0.8581966000000001,0.0905684,0.018209799999999943,0.27385604,0.42690524,0.29923865
6837,2025-04-12 13:30:00,GER-Bundesliga,2425,Bayer Leverkusen,Union Berlin,1,0,0,0.495489,0.513825,1.6511946000000002,1.5064404000000002,0.1447541999999999,1.8962923,1.16519406,0.7310982400000001,1.0019547081667166,Union Berlin,Bayer Leverkusen,0,0,0,0.513825,0.495489,1.0706656,1.4685038,-0.3978381999999998,1.3987712,1.7527148,-0.3539436,0.78640396198895,0,0,0,-0.5863440400000002,-0.043894599999999784,0.5805290000000001,0.49752109999999994,0.19273403,0.6944306,0.1128354
6833,2025-04-12 13:30:00,GER-Bundesliga,2425,Holstein Kiel,St. Pauli,1,1,2,0.692664,1.06614,1.2084558,1.3499002,-0.1414443999999999,1.2126153,2.1783151,-0.9656998,1.0720621189076875,St. Pauli,Holstein Kiel,0,2,1,1.06614,0.692664,1.200269,1.8099058,-0.6096367999999999,1.0069282999999998,1.4733582,-0.4664299000000003,0.8938065462987324,2,3,1,0.8242554000000001,-0.14320689999999958,0.00818680000000005,0.20568700000000018,0.25520858,0.46330538,0.28148606
6834,2025-04-12 13:30:00,GER-Bundesliga,2425,Hoffenheim,Mainz 05,1,2,0,1.42393,0.969601,1.1267665999999998,1.4566902000000002,-0.3299236000000003,1.3410884,1.9334411,-0.5923527,0.8202286887063606,Mainz 05,Hoffenheim,0,0,2,0.969601,1.42393,1.4551606,2.066402,-0.6112414000000002,1.5825893,1.5541442,0.0284450999999998,0.9478132148288788,1,2,0,0.26242909999999964,-0.6396864999999999,-0.3283940000000001,-0.2415008999999999,0.25547788,0.40259546,0.34192663
6840,2025-04-12 14:00:00,ENG-Premier League,2425,Southampton,Aston Villa,1,0,3,0.412256,2.99927,0.8212896000000001,2.4197556,-1.5984660000000002,0.8495514,2.6702008000000004,-1.8206494000000004,1.1770904302077188,Aston Villa,Southampton,0,3,0,2.99927,0.412256,1.6996734,1.6725684,0.0271049999999999,1.5276147,1.6063396,-0.0787249000000001,0.9819223512824592,2,3,1,0.22218340000000025,0.1058299,-0.8783837999999999,-0.6780633,0.35247347,0.2364399,0.41108665
6839,2025-04-12 14:00:00,ENG-Premier League,2425,Nottingham Forest,Everton,1,0,1,0.423949,1.26036,0.7594119999999999,1.4120206,-0.6526086000000001,1.3942447,1.7569529,-0.3627081999999999,1.50619076680674,Everton,Nottingham Forest,0,1,0,1.26036,0.423949,1.2115272,1.0737662,0.137761,1.4071742,1.0340995,0.3730747000000001,1.0659653467457355,2,1,0,-0.28990040000000017,-0.2353137000000001,-0.45211520000000005,-0.012929500000000038,0.25427476,0.3594224,0.38630286
6838,2025-04-12 14:00:00,ENG-Premier League,2425,Brighton,Leicester,1,2,2,3.6978,1.98444,1.6929797999999998,1.2174904000000002,0.4754893999999996,1.9225795,1.31482,0.6077595,0.8842282546816634,Leicester,Brighton,0,2,2,1.98444,3.6978,0.4323862,2.024898,-1.5925117999999998,0.5651801,2.066481,-1.5013009,0.3538688749499939,0,4,1,-0.1322701000000004,-0.09121089999999987,1.2605935999999998,1.3573994000000003,0.1900569,0.7156494,0.09429369
6841,2025-04-12 14:15:00,ESP-La Liga,2425,Getafe,Las Palmas,1,1,3,1.61783,1.54225,1.3254114,1.0693016000000002,0.2561097999999999,1.2203143,1.2369551,-0.0166408,1.3111365562654178,Las Palmas,Getafe,0,3,1,1.54225,1.61783,0.9629688,1.9757,-1.0127311999999995,1.0347175,1.986649,-0.9519315,0.8698017866695145,2,4,1,0.2727505999999999,-0.06079969999999946,0.36244259999999995,0.18559680000000012,0.29335475,0.5256682,0.18097702
6842,2025-04-12 15:00:00,FRA-Ligue 1,2425,Monaco,Marseille,1,3,0,2.91516,0.877673,2.636948,0.7966333999999999,1.8403146,2.7588663,1.3028077,1.4560586000000002,0.9061689918902586,Marseille,Monaco,0,0,3,0.877673,2.91516,1.3504148,1.4096656,-0.0592508,2.1523384,1.4360975,0.7162409000000001,0.7898382569217476,1,3,1,0.3842559999999997,-0.7754917000000001,1.2865331999999998,0.6065279000000001,0.16304322,0.64794916,0.18900765
6843,2025-04-12 16:00:00,ITA-Serie A,2425,Inter,Cagliari,1,3,1,1.71603,0.914283,2.0628474,1.2381728,0.8246746,1.8245788,1.2200664,0.6045124,0.7672999558583298,Cagliari,Inter,0,1,3,0.914283,1.71603,0.94236,1.3298364,-0.3874764000000001,0.8656713,1.464467,-0.5987956999999999,0.9241372283715212,1,4,1,0.22016220000000009,0.21131929999999982,1.1204874,0.9589075,0.1809899,0.6927023,0.1263078
6845,2025-04-12 16:30:00,GER-Bundesliga,2425,Bayern Munich,Borussia Dortmund,1,2,2,2.94706,1.71681,2.556496,0.845953,1.710543,2.75385816,0.9759714,1.77788676,0.9078169415170818,Borussia Dortmund,Bayern Munich,0,2,2,1.71681,2.94706,2.739304,1.1569594,1.5823445999999997,2.709053,1.1614312,1.5476218,0.7382650917995728,0,4,1,-0.06734375999999997,0.03472279999999972,-0.18280800000000008,0.04480516000000012,0.25921696,0.46767735,0.27310568
6846,2025-04-12 16:30:00,ENG-Premier League,2425,Arsenal,Brentford,1,1,1,0.767369,0.588583,1.509667,0.9553054,0.5543615999999999,1.4734933,0.8500511,0.6234422,1.0179883288316758,Brentford,Arsenal,0,1,1,0.588583,0.767369,1.2948566,1.7034399999999998,-0.4085833999999997,1.5259253000000002,1.6258182,-0.0998928999999999,0.720873609688751,0,2,0,-0.06908060000000005,-0.3086904999999998,0.21481040000000018,-0.052432000000000256,0.32290384,0.46768835,0.20940782
6844,2025-04-12 16:30:00,ESP-La Liga,2425,Celta Vigo,Espanyol,1,0,2,0.824366,0.780846,1.34647,0.7859886000000001,0.5604813999999999,1.2926582999999998,0.9791505,0.3135077999999998,1.1603985675111763,Espanyol,Celta Vigo,0,2,0,0.780846,0.824366,1.0955944,1.4400442,-0.3444498,1.0641259,1.4173726,-0.3532466999999999,1.315632562244221,2,2,0,0.24697360000000013,0.008796899999999941,0.2508756000000001,0.22853239999999975,0.24103987,0.56593853,0.19302164
6847,2025-04-12 17:00:00,FRA-Ligue 1,2425,Toulouse,Lille,1,1,2,0.982005,0.599675,2.167034,1.666435,0.5005990000000002,1.7998991,1.547752,0.2521470999999999,1.000055503080421,Lille,Toulouse,0,2,1,0.599675,0.982005,1.5424087999999998,1.6529464,-0.1105376000000002,1.8254074,1.6415809000000003,0.1838264999999996,0.7669516585987005,2,3,1,0.24845190000000034,-0.2943640999999998,0.6246252000000003,-0.02550830000000004,0.22429691,0.459932,0.31577104
6848,2025-04-12 18:45:00,ITA-Serie A,2425,Juventus,Lecce,1,2,1,1.95569,0.940466,1.2034824,1.2696022,-0.0661198,1.3945762,1.287947,0.1066291999999999,0.9321821696210147,Lecce,Juventus,0,1,2,0.940466,1.95569,1.1412726000000002,1.7169794000000005,-0.5757068000000001,0.9621117,1.5820449,-0.6199332000000001,0.7275654920676133,1,3,1,-0.1727489999999999,0.0442264,0.06220979999999976,0.4324644999999999,0.29448223,0.579764,0.12575378
6849,2025-04-12 19:00:00,ESP-La Liga,2425,Leganes,Barcelona,1,0,1,0.5988,1.10105,1.5465788,2.0501608,-0.5035819999999995,1.2744509,1.9435424,-0.6690914999999997,0.7846510331225526,Barcelona,Leganes,0,1,0,1.10105,0.5988,2.9315919999999998,0.4737391999999999,2.4578527999999995,2.6626570000000003,0.6460102,2.0166468,1.1642501590515943,2,1,0,0.1655095000000002,0.4412059999999993,-1.3850131999999997,-1.3882061000000003,0.21065885,0.08918208,0.7001591
6850,2025-04-12 19:05:00,FRA-Ligue 1,2425,Strasbourg,Nice,1,2,2,0.789035,1.83829,1.85237,1.5827226,0.2696473999999997,1.7389253,1.3378396,0.4010856999999999,0.8626012499782193,Nice,Strasbourg,0,2,2,1.83829,0.789035,1.7983620000000002,1.1752980000000002,0.6230640000000001,1.93526,1.0340092,0.9012508,0.826761868295801,0,4,1,-0.13143830000000017,-0.27818679999999996,0.054007999999999834,-0.19633469999999997,0.25616032,0.38108334,0.36275637
6851,2025-04-13 10:30:00,ITA-Serie A,2425,Atalanta,Bologna,1,2,0,1.15847,0.546815,1.9843356,1.206232,0.7781036000000001,1.9448706,1.0052804,0.9395901999999998,0.874093693383152,Bologna,Atalanta,0,0,2,0.546815,1.15847,1.78009,0.8487930000000002,0.9312969999999996,1.7913016,1.0343861,0.7569154999999999,1.0048553493976953,1,2,0,-0.1614865999999997,0.17438149999999975,0.20424560000000014,0.15356900000000007,0.23228396,0.51204437,0.25567165
6852,2025-04-13 12:00:00,ESP-La Liga,2425,Osasuna,Girona,1,2,1,1.68846,0.57428,1.3050498,2.0141262,-0.7090763999999996,1.4475015,1.9480553,-0.5005537999999996,0.6908450935317901,Girona,Osasuna,0,1,2,0.57428,1.68846,1.1773174,1.350326,-0.1730086000000001,1.13086949,1.821794,-0.6909245099999999,0.7958471000512181,1,3,1,-0.2085226,0.5179159099999998,0.12773239999999997,0.31663200999999996,0.27723283,0.4956129,0.22715427
6853,2025-04-13 13:00:00,ITA-Serie A,2425,Fiorentina,Parma Calcio 1913,1,0,0,0.670714,0.616318,1.5957468,1.5497194,0.0460274,1.2346716999999998,1.3504595,-0.1157878000000001,1.1339037463126869,Parma Calcio 1913,Fiorentina,0,0,0,0.616318,0.670714,0.9768304,1.3312672,-0.3544367999999998,1.1594659,1.3730949,-0.213629,0.9487118605973142,0,0,0,0.1618152000000001,-0.14080779999999976,0.6189163999999999,0.07520579999999977,0.2529085,0.49213412,0.2549574
6857,2025-04-13 13:00:00,ENG-Premier League,2425,Chelsea,Ipswich,1,2,2,2.90758,1.60301,1.5639071999999998,0.8826442000000002,0.6812629999999996,1.6681414,1.3662461,0.3018953,0.779309967782127,Ipswich,Chelsea,0,2,2,1.60301,2.90758,1.096725,2.1308,-1.034075,1.0519173,2.168585,-1.1166677000000005,1.045708587824739,0,4,1,0.37936769999999964,0.08259270000000041,0.4671821999999999,0.6162241000000002,0.2372201,0.63780606,0.12497387
6854,2025-04-13 13:00:00,FRA-Ligue 1,2425,Saint-Etienne,Brest,1,3,3,1.02329,2.01379,1.3034119999999998,2.4743280000000003,-1.1709160000000003,1.3005441999999998,2.8895459,-1.5890017,0.8457991310105948,Brest,Saint-Etienne,0,3,3,2.01379,1.02329,1.933012,1.4431572,0.4898548,1.7655898,1.5583954,0.2071944000000001,0.906212243516448,0,6,1,0.4180856999999998,0.28266039999999987,-0.6296000000000002,-0.4650456000000003,0.29662138,0.24256037,0.4608183
6858,2025-04-13 13:00:00,ITA-Serie A,2425,Verona,Genoa,1,0,0,1.00077,0.111761,0.8366958000000002,1.0281046,-0.1914087999999998,0.9821785,1.1308427,-0.1486642,0.6108862992966153,Genoa,Verona,0,0,0,0.111761,1.00077,0.927696,1.1288678,-0.2011718,1.3343762,0.9038955,0.4304806999999999,0.8243546127736595,0,0,0,-0.0427445999999998,-0.6316525,-0.09100019999999975,-0.35219769999999995,0.22379477,0.37886736,0.39733788
6855,2025-04-13 13:00:00,ENG-Premier League,2425,Wolverhampton Wanderers,Tottenham,1,4,2,2.22977,1.62887,1.2390626,1.3373912000000003,-0.0983286000000003,1.2933287,1.3963214,-0.1029926999999999,0.9278376581006376,Tottenham,Wolverhampton Wanderers,0,2,4,1.62887,2.22977,1.618836,1.5472598,0.0715761999999999,1.5230055,1.5947039,-0.0716984,0.9848940237615532,1,6,1,0.004664099999999602,0.1432745999999999,-0.3797733999999999,-0.22967680000000001,0.28788936,0.37513652,0.33697408
6856,2025-04-13 13:00:00,ENG-Premier League,2425,Liverpool,West Ham,1,2,1,1.42902,1.46598,1.9801696,0.8207283999999999,1.1594412,1.9630311,0.9547582,1.0082728999999997,1.1207152445443964,West Ham,Liverpool,0,1,2,1.46598,1.42902,1.1365573999999998,1.2321236,-0.0955662000000001,1.0469815,1.3422369,-0.2952554,0.7641006416057575,1,3,1,0.15116830000000037,0.1996891999999999,0.8436122000000001,0.9160496,0.18539558,0.70578456,0.10881989
6859,2025-04-13 13:30:00,GER-Bundesliga,2425,VfB Stuttgart,Werder Bremen,1,1,2,1.75437,1.65438,1.6172672,2.1708042,-0.553537,1.530293,1.8586316,-0.3283386000000001,0.9802038039749223,Werder Bremen,VfB Stuttgart,0,2,1,1.65438,1.75437,1.894338,1.1760766000000002,0.7182613999999996,1.5436051,1.7448883000000002,-0.2012832000000002,0.9069671336489278,2,3,1,-0.22519839999999985,0.9195445999999998,-0.2770708000000002,-0.013312100000000049,0.32558003,0.3388748,0.3355452
6860,2025-04-13 14:15:00,ESP-La Liga,2425,Alaves,Real Madrid,1,0,1,0.607781,1.26541,1.3515228,1.7646905999999998,-0.4131677999999996,1.2001653,1.3248032,-0.1246378999999999,0.7498960769020093,Real Madrid,Alaves,0,1,0,1.26541,0.607781,2.13978,1.78571,0.3540700000000001,2.233595,1.3284462,0.9051488,0.7163336610559833,2,1,0,-0.2885298999999997,-0.5510787999999999,-0.7882572000000001,-1.0334297000000001,0.29190427,0.2601229,0.44797286
6862,2025-04-13 15:15:00,FRA-Ligue 1,2425,Angers,Montpellier,1,2,0,1.771,0.452518,0.5359536,2.857144,-2.3211904,1.05138328,2.513289,-1.46190572,0.4755635113737861,Montpellier,Angers,0,0,2,0.452518,1.771,0.9321498,1.85152,-0.9193702,1.0949718000000002,2.071432,-0.9764601999999996,0.2739794084382735,1,2,0,-0.8592846799999998,0.05708999999999953,-0.3961962,-0.04358852000000013,0.3489853,0.38650045,0.26451427
6861,2025-04-13 15:15:00,FRA-Ligue 1,2425,Le Havre,Rennes,1,1,5,0.718016,3.72188,2.2381420000000003,1.8054032,0.4327388000000003,1.7331291,1.8783546,-0.1452255000000002,0.980884239446306,Rennes,Le Havre,0,5,1,3.72188,0.718016,1.591389,1.5599358,0.0314532,1.8122906,1.5910126999999998,0.2212778999999998,0.7725026149213516,2,6,1,0.5779643000000005,-0.1898246999999998,0.6467530000000004,-0.0791615000000001,0.21683137,0.3938309,0.38933772
6864,2025-04-13 15:30:00,ENG-Premier League,2425,Newcastle United,Manchester United,1,4,1,2.6383,0.786568,2.2508220000000003,1.2993742,0.9514478000000002,1.8692742,1.5227412,0.346533,0.9629400743132954,Manchester United,Newcastle United,0,1,4,0.786568,2.6383,1.390412,1.0758894,0.3145226000000001,1.2051543,1.4633598,-0.2582054999999998,0.9127454362105862,1,5,1,0.6049148000000002,0.5727281,0.8604100000000003,0.6641199,0.18782137,0.6114805,0.20069812
6863,2025-04-13 15:30:00,GER-Bundesliga,2425,Eintracht Frankfurt,FC Heidenheim,1,3,0,3.64515,1.28841,2.1019266,1.413378,0.6885485999999996,2.0575673,1.7260291,0.3315381999999998,0.631813777457594,FC Heidenheim,Eintracht Frankfurt,0,0,3,1.28841,3.64515,1.692784,1.2504426,0.4423414000000001,1.1751631000000002,1.5499633,-0.3748001999999997,0.7658504884551868,1,3,1,0.35701039999999984,0.8171415999999998,0.4091426,0.8824041999999999,0.20704271,0.6286883,0.16426903
6865,2025-04-13 16:00:00,ITA-Serie A,2425,Como,Torino,1,1,0,1.23079,1.04165,1.626238,1.594824,0.031414,1.1753366,1.3561335,-0.1807969,1.1060651850157777,Torino,Como,0,0,1,1.04165,1.23079,0.8902596,1.4130948,-0.5228352,1.0165233,1.6643278,-0.6478044999999999,1.475616470752347,1,1,0,0.2122109,0.12496929999999984,0.7359784,0.15881330000000005,0.23638083,0.52856976,0.23504941
6866,2025-04-13 16:30:00,ESP-La Liga,2425,Real Betis,Villarreal,1,1,2,2.04046,1.32607,1.7251843999999998,1.0773136,0.6478707999999997,1.6889751999999998,1.0754302,0.6135449999999998,1.1249418434670662,Villarreal,Real Betis,0,2,1,1.32607,2.04046,1.6823839999999997,0.9535748,0.7288091999999997,1.874688,1.0276008,0.8470872,0.90681707739257,2,3,1,0.03432579999999996,-0.11827800000000033,0.04280040000000018,-0.18571280000000012,0.25957504,0.38881984,0.35160512
6868,2025-04-13 18:45:00,FRA-Ligue 1,2425,Auxerre,Lyon,1,1,3,1.00397,3.11801,1.5595382,1.4350733999999998,0.1244648000000001,1.4187418,1.4803637000000005,-0.0616219000000002,1.057274088016517,Lyon,Auxerre,0,3,1,3.11801,1.00397,2.107414,1.4784461999999998,0.6289678000000001,2.059515,1.7034423000000003,0.3560726999999999,1.2138774352809107,2,4,1,0.1860867000000003,0.27289510000000017,-0.5478757999999999,-0.6407732000000002,0.24788241,0.25264397,0.49947366
6867,2025-04-13 18:45:00,ITA-Serie A,2425,Lazio,Roma,1,1,1,1.92122,0.221733,1.3214672,1.411153,-0.0896857999999998,1.665644,1.25114,0.414504,0.9005520383995389,Roma,Lazio,0,1,1,0.221733,1.92122,1.896912,0.8326074800000001,1.0643045199999996,1.8182292,0.68838314,1.1298460599999998,0.8249780473341606,0,2,0,-0.5041897999999998,-0.06554154000000012,-0.5754447999999999,-0.1525852000000001,0.32557192,0.23411916,0.44030887
6869,2025-04-13 19:00:00,ESP-La Liga,2425,Athletic Club,Rayo Vallecano,1,3,1,1.97654,1.81883,1.1769898,1.1320844,0.0449053999999997,1.9949154,1.04019459,0.95472081,0.7519112079082613,Rayo Vallecano,Athletic Club,0,1,3,1.81883,1.97654,1.103987,1.6791556,-0.5751686,1.5617720999999998,1.5189635,0.0428085999999998,0.6402978768170614,1,4,1,-0.9098154100000003,-0.6179771999999998,0.07300280000000003,0.43314330000000023,0.20202295,0.67122257,0.1267545
6870,2025-04-14 18:45:00,ITA-Serie A,2425,Napoli,Empoli,1,3,0,2.13717,1.37277,1.5753088,1.1844774,0.3908313999999999,1.4337091,0.9949779,0.4387311999999999,0.9067383985088756,Empoli,Napoli,0,0,3,1.37277,2.13717,0.99848768,1.2058386,-0.2073509199999998,1.06953694,1.6252626,-0.5557256599999998,0.3739932778822226,1,3,1,-0.04789979999999999,0.34837474,0.57682112,0.36417215999999986,0.24113809,0.6387694,0.12009249
6872,2025-04-14 19:00:00,ESP-La Liga,2425,Atletico Madrid,Real Valladolid,1,4,2,4.06291,1.38016,1.2725776,1.381463,-0.1088854000000001,1.4315903,1.4477638000000002,-0.0161735000000002,1.047785076648622,Real Valladolid,Atletico Madrid,0,2,4,1.38016,4.06291,1.051028,1.6963629999999998,-0.645335,0.7978457,2.4503635000000004,-1.6525178000000005,0.6266868058738603,1,6,1,-0.0927118999999999,1.0071828000000005,0.2215495999999999,0.6337446000000001,0.28756645,0.55718476,0.15524879
6871,2025-04-14 19:00:00,ENG-Premier League,2425,Bournemouth,Fulham,1,1,0,1.8577,1.07203,1.97985,1.5706944000000005,0.4091555999999998,1.9796031000000005,1.5484997,0.4311034000000002,0.9597878686955638,Fulham,Bournemouth,0,0,1,1.07203,1.8577,1.2704634,1.5980126,-0.3275492,1.3334118,1.1889476,0.1444641999999998,1.1249329539959418,1,1,0,-0.021947800000000406,-0.4720133999999998,0.7093866000000002,0.6461913000000006,0.18348123,0.6170661,0.19945268
6873,2025-04-16 18:30:00,ENG-Premier League,2425,Newcastle United,Crystal Palace,1,5,0,2.32947,2.37548,2.086766,0.9794818,1.1072841999999998,1.9197772,1.4539649999999995,0.4658122000000002,0.9896976640322304,Crystal Palace,Newcastle United,0,0,5,2.37548,2.32947,1.976763,1.7713682,0.2053947999999996,1.8956015,1.3755243,0.5200772000000002,0.9495661669574712,1,5,1,0.6414719999999996,-0.31468240000000064,0.11000299999999985,0.024175700000000022,0.2384118,0.5010535,0.2605347
6874,2025-04-18 18:45:00,FRA-Ligue 1,2425,Rennes,Nantes,1,2,1,2.52992,0.702331,1.836557,1.382947,0.4536099999999996,1.9992736,1.3154303,0.6838432999999999,0.8503084068591678,Nantes,Rennes,0,1,2,0.702331,2.52992,1.1040793999999998,2.486164,-1.3820845999999998,1.5636677,2.4716688,-0.9080011000000004,0.7674259899171737,1,3,1,-0.2302333000000003,-0.4740834999999993,0.7324776000000002,0.4356058999999999,0.17760263,0.71773386,0.10466347
6875,2025-04-18 19:00:00,ESP-La Liga,2425,Espanyol,Getafe,1,1,0,0.367268,0.736613,1.1525874,1.2956634,-0.1430759999999999,1.0133715,1.3277882,-0.3144167,1.381525549588133,Getafe,Espanyol,0,0,1,0.736613,0.367268,1.5319726,1.2668468000000002,0.2651257999999998,1.1810703,1.2651061,-0.0840358000000001,1.185364507629641,1,1,0,0.1713407000000001,0.3491615999999999,-0.3793852,-0.16769879999999993,0.29247493,0.34069628,0.3668288
6876,2025-04-19 12:00:00,ESP-La Liga,2425,Rayo Vallecano,Valencia,1,1,1,0.722317,2.06284,0.949735,1.912903,-0.963168,1.4426000999999995,1.5604355,-0.1178354000000003,0.623873085914048,Valencia,Rayo Vallecano,0,1,1,2.06284,0.722317,1.3677308,1.3509875999999996,0.0167432000000002,1.4446308,1.231541,0.2130898000000001,1.0383268594807342,0,2,0,-0.8453325999999998,-0.1963465999999999,-0.4179957999999999,-0.002030700000000607,0.25616184,0.3972725,0.3465657
6877,2025-04-19 13:00:00,ITA-Serie A,2425,Lecce,Como,1,0,3,0.666737,1.65387,1.1060898,1.8204754,-0.7143856,0.9842580000000002,1.5193679,-0.5351098999999998,0.8127941933982823,Como,Lecce,0,3,0,1.65387,0.666737,1.613128,1.484118,0.12901,1.2279785,1.3554675,-0.1274889999999999,1.058649594720433,2,3,1,-0.17927570000000015,0.2564989999999999,-0.5070382,-0.2437204999999999,0.28308532,0.3426665,0.37424818
6879,2025-04-19 13:30:00,GER-Bundesliga,2425,RasenBallsport Leipzig,Holstein Kiel,1,1,1,2.16761,1.017,1.7035433999999998,1.8863226,-0.1827792000000003,1.572599,1.5439975,0.0286014999999997,0.8266564924329137,Holstein Kiel,RasenBallsport Leipzig,0,1,1,1.017,2.16761,1.2084868,1.3859119999999998,-0.1774251999999998,1.2553048,2.0328841,-0.7775793,0.9559423687837656,0,2,0,-0.2113807,0.6001541000000001,0.49505659999999985,0.3172942000000001,0.2180279,0.5738104,0.20816171
6880,2025-04-19 13:30:00,GER-Bundesliga,2425,Mainz 05,Wolfsburg,1,2,2,2.68235,1.80796,1.3196108,1.99438,-0.6747692000000001,1.4566664,1.6047987,-0.1481322999999998,0.8924480632984578,Wolfsburg,Mainz 05,0,2,2,1.80796,2.68235,1.5216611999999998,1.2602716,0.2613895999999998,1.5001673,1.4454488,0.0547185000000001,0.5999326875524567,0,4,1,-0.5266369000000003,0.20667109999999966,-0.20205039999999985,-0.043500899999999953,0.28816897,0.35652244,0.35530856
6878,2025-04-19 13:30:00,GER-Bundesliga,2425,Werder Bremen,Bochum,1,1,0,2.70919,0.4947,1.80458,1.3036026000000005,0.5009773999999998,1.5973811,1.7709023000000002,-0.1735212000000001,0.8764340103723461,Bochum,Werder Bremen,0,0,1,0.4947,2.70919,1.3244546,2.355138,-1.0306834000000002,1.5745412,2.2500642,-0.6755229999999997,0.6986157627277313,1,1,0,0.6744986,-0.3551604000000006,0.48012540000000015,0.022839899999999913,0.23032127,0.4964161,0.2732626
6882,2025-04-19 13:30:00,GER-Bundesliga,2425,FC Heidenheim,Bayern Munich,1,0,4,0.529774,3.54191,1.575052,1.6363126,-0.0612606,1.2092661,1.7506573,-0.5413911999999999,0.6615577319518575,Bayern Munich,FC Heidenheim,0,4,0,3.54191,0.529774,2.686024,1.0585744,1.6274496000000005,2.96980606,1.1205215999999998,1.8492844600000005,0.8418055279321748,2,4,1,0.48013059999999985,-0.22183485999999997,-1.1109720000000003,-1.7605399599999998,0.14414762,0.22224575,0.6336066
6881,2025-04-19 13:30:00,GER-Bundesliga,2425,Freiburg,Hoffenheim,1,3,2,1.54968,1.94701,1.7597586,1.7654208,-0.0056621999999999,1.8175566,1.3771719,0.4403847000000001,0.7702644471900093,Hoffenheim,Freiburg,0,2,3,1.94701,1.54968,1.3063622,1.3615704000000002,-0.0552082,1.2513404,1.8000762,-0.5487358000000002,0.8790566667098204,1,5,1,-0.44604689999999997,0.49352760000000023,0.45339640000000014,0.5662162000000002,0.21163754,0.66670495,0.12165746
6886,2025-04-19 14:00:00,ENG-Premier League,2425,Everton,Manchester City,1,0,2,0.81683,1.87989,1.1736892,0.8905379999999999,0.2831512000000001,1.4461219,1.0121164,0.4340055,1.0372562387332362,Manchester City,Everton,0,2,0,1.87989,0.81683,2.0208876,1.0577314000000002,0.9631561999999998,1.8168689,1.0567636,0.7601053,0.9907148552573852,2,2,0,-0.15085429999999989,0.2030508999999998,-0.8471983999999999,-0.37074699999999994,0.28000638,0.34427947,0.37571415
6884,2025-04-19 14:00:00,ENG-Premier League,2425,Crystal Palace,Bournemouth,1,0,0,0.337818,0.664093,1.646815,2.1038188,-0.4570037999999998,1.9705885,1.5863651,0.3842233999999997,0.8119397774117847,Bournemouth,Crystal Palace,0,0,0,0.664093,0.337818,2.011052,1.2692464,0.7418055999999997,1.8951991,1.5719226000000002,0.3232764999999997,0.8442380305910706,0,0,0,-0.8412271999999995,0.41852910000000004,-0.3642369999999999,0.07538940000000016,0.2664341,0.46085015,0.27271578
6885,2025-04-19 14:00:00,ENG-Premier League,2425,Brentford,Brighton,1,4,2,2.95516,1.24107,1.1445552,1.5670037999999995,-0.4224485999999998,1.4647626,1.2863061,0.1784565,0.8192448255814112,Brighton,Brentford,0,2,4,1.24107,2.95516,1.9166858,1.2740404,0.6426453999999997,2.0751875,1.381441,0.6937465,0.7710142958097541,1,6,1,-0.6009050999999997,-0.051101100000000343,-0.7721305999999999,-0.6104249000000002,0.26712957,0.28981727,0.4430531
6883,2025-04-19 14:00:00,ENG-Premier League,2425,West Ham,Southampton,1,1,1,0.98423,0.922877,1.0888794000000002,1.460012,-0.3711325999999999,1.1714733,1.3225779000000002,-0.1511046000000002,0.7682626925746473,Southampton,West Ham,0,1,1,0.922877,0.98423,0.7347330000000001,2.4231416,-1.6884086,0.7648550000000001,2.7337088,-1.9688538,1.0459485184139237,0,2,0,-0.22002799999999972,0.28044519999999995,0.3541464000000001,0.4066182999999999,0.35327944,0.51461834,0.13210225
6887,2025-04-19 14:15:00,ESP-La Liga,2425,Barcelona,Celta Vigo,1,4,3,2.56587,2.50499,2.424408,0.5934991999999999,1.8309088,2.336887,0.5755622,1.7613248,1.069798809356717,Celta Vigo,Barcelona,0,3,4,2.50499,2.56587,1.1818272000000003,0.7631518000000003,0.4186754,1.3595856,0.968061,0.3915246,1.0297247707501678,1,7,1,0.06958400000000009,0.027150799999999975,1.2425807999999998,0.9773014,0.1602316,0.6849313,0.15483716
6888,2025-04-19 15:00:00,FRA-Ligue 1,2425,Paris Saint Germain,Le Havre,1,2,1,3.19233,0.709291,3.041878,1.054605,1.987273,2.977294,1.0405571999999998,1.9367368000000005,1.0748011198084166,Le Havre,Paris Saint Germain,0,1,2,0.709291,3.19233,2.0354832000000003,2.1444052,-0.1089219999999997,1.7353075,2.0122606000000003,-0.2769531000000003,1.0372795384797573,1,3,1,0.05053619999999959,0.1680311000000006,1.0063947999999998,1.2419865,0.09634951,0.81505555,0.0885949
6889,2025-04-19 16:00:00,ITA-Serie A,2425,Monza,Napoli,1,0,1,0.874819,1.66648,0.8647348000000001,1.9061136,-1.0413788,0.6667788,1.9519074000000003,-1.2851286000000002,0.7498727465949029,Napoli,Monza,0,1,0,1.66648,0.874819,1.6569948,1.3685120000000002,0.2884827999999999,1.4138640999999998,1.0297169,0.3841471999999999,0.9901934774399624,2,1,0,0.24374980000000024,-0.09566440000000004,-0.79226,-0.7470852999999998,0.23359604,0.23029499,0.53610903
6890,2025-04-19 16:30:00,ENG-Premier League,2425,Aston Villa,Newcastle United,1,4,1,3.05371,1.27176,1.7607014,1.3201836,0.4405177999999998,1.7069397,1.4831071999999998,0.2238325000000001,0.9373494931604832,Newcastle United,Aston Villa,0,1,4,1.27176,3.05371,2.460896,1.1745238,1.2863722,2.0689441000000004,1.421339,0.6476051000000003,1.1116776370721484,1,5,1,0.2166852999999997,0.6387670999999997,-0.7001945999999999,-0.36200440000000045,0.23970892,0.30677736,0.4535137
6892,2025-04-19 16:30:00,ESP-La Liga,2425,Mallorca,Leganes,1,0,0,1.06921,0.951824,1.1448778,0.7183782,0.4264996,1.3135042,1.1274091,0.1860951000000001,0.9135860291988186,Leganes,Mallorca,0,0,0,0.951824,1.06921,1.555434,2.153366,-0.5979319999999997,1.1769298999999998,1.8263704,-0.6494405000000003,0.8496675548241619,0,0,0,0.24040449999999988,0.05150850000000062,-0.41055620000000004,0.13657430000000015,0.28535867,0.5255991,0.18904223
6891,2025-04-19 16:30:00,GER-Bundesliga,2425,Union Berlin,VfB Stuttgart,1,4,4,2.16124,1.19,0.9962144,1.4290998,-0.4328853999999998,1.3515135,1.6619056999999997,-0.3103921999999997,0.8139017376432143,VfB Stuttgart,Union Berlin,0,4,4,1.19,2.16124,1.8374006,2.0417962000000003,-0.2043956000000002,1.6139915000000002,1.8011866,-0.1871950999999998,0.9913305049434864,0,8,1,-0.12249320000000014,-0.017200500000000396,-0.8411862,-0.2624780000000002,0.2786107,0.36991033,0.35147896
6893,2025-04-19 17:00:00,FRA-Ligue 1,2425,Monaco,Strasbourg,1,0,0,0.969947,0.340219,2.417848,0.8275736,1.5902744000000002,2.7029983,1.2053699999999998,1.4976283,0.9248985007136332,Strasbourg,Monaco,0,0,0,0.340219,0.969947,1.705059,1.5318346000000005,0.1732243999999996,1.6981257999999997,1.3261996000000005,0.3719261999999994,0.8833262627973366,0,0,0,0.09264610000000029,-0.19870179999999976,0.7127890000000001,1.0048725000000003,0.1506758,0.7441974,0.10512679
6894,2025-04-19 18:45:00,ITA-Serie A,2425,Roma,Verona,1,1,0,1.24696,0.330349,1.6222226,0.95758348,0.66463912,1.5787225,0.79999044,0.7787320600000001,0.8867923990489784,Verona,Roma,0,0,1,0.330349,1.24696,0.9828822000000004,0.6553867999999999,0.3274954000000003,0.8650494999999999,1.0710479,-0.2059984,0.5780009375175207,1,1,0,-0.11409294000000003,0.5334938000000004,0.6393403999999996,0.7136730000000001,0.2095037,0.60894585,0.18155043
6895,2025-04-19 19:00:00,ESP-La Liga,2425,Las Palmas,Atletico Madrid,1,1,0,0.768437,0.757145,1.2387718,1.864494,-0.6257222000000002,1.1056213,1.89474,-0.7891186999999997,0.9949148095149672,Atletico Madrid,Las Palmas,0,0,1,0.757145,0.768437,1.6819356,1.3488370000000005,0.3330985999999996,1.6656073,1.4073238,0.2582835000000001,1.080686257387166,1,1,0,0.1633964999999995,0.07481509999999947,-0.4431638,-0.5599860000000001,0.2610924,0.23735072,0.5015569
6896,2025-04-19 19:05:00,FRA-Ligue 1,2425,Marseille,Montpellier,1,5,1,3.82233,0.304052,1.0024954,1.8250680000000004,-0.8225726000000002,2.1289487,1.5166215,0.6123272,0.7985158127502965,Montpellier,Marseille,0,1,5,0.304052,3.82233,0.7020614000000001,1.706512,-1.0044506,1.0462379,2.114275,-1.0680371000000002,0.0955804644617974,1,6,1,-1.4348998000000002,0.06358650000000021,0.30043399999999987,1.0827108,0.23313299,0.67760104,0.089266
6897,2025-04-20 12:00:00,ESP-La Liga,2425,Real Valladolid,Osasuna,1,2,3,1.45455,2.36202,0.892288,2.476298,-1.58401,0.9123964,2.6109775,-1.6985810999999995,0.7672095514520317,Osasuna,Real Valladolid,0,3,2,2.36202,1.45455,1.3891878,1.8190162,-0.4298283999999996,1.3626555,1.9221621,-0.5595066,0.8072467272566491,2,5,1,0.11457109999999959,0.12967820000000035,-0.4968998,-0.4502591,0.38218686,0.24439429,0.37341887
6898,2025-04-20 13:00:00,ENG-Premier League,2425,Fulham,Chelsea,1,1,2,0.306122,0.75172,1.1979234,1.783758,-0.5858345999999999,1.2037918,1.3070242,-0.1032324000000002,1.0799200659781318,Chelsea,Fulham,0,2,1,0.75172,0.306122,1.5489551999999998,1.0342384000000002,0.5147167999999995,1.6440174,1.4198211,0.2241962999999998,0.7299188378913521,2,3,1,-0.48260219999999965,0.29052049999999974,-0.35103179999999967,-0.4402256,0.29574975,0.32155818,0.3826921
6902,2025-04-20 13:00:00,FRA-Ligue 1,2425,Lille,Auxerre,1,3,1,2.97047,0.280948,1.4877971999999997,1.1296554,0.3581417999999996,1.6899059,1.6200784,0.0698275000000001,0.8876228625375753,Auxerre,Lille,0,1,3,0.280948,2.97047,1.3417861999999998,1.7535574,-0.4117712000000002,1.4608559,1.6730347,-0.2121788,1.0267946162283246,1,4,1,0.2883142999999995,-0.19959240000000023,0.1460109999999999,0.22904999999999998,0.2689143,0.5008908,0.2301949
6900,2025-04-20 13:00:00,ENG-Premier League,2425,Ipswich,Arsenal,1,0,4,0.192879,2.81362,1.208331,2.431912,-1.223581,1.1326546,2.139115,-1.0064604,1.147745175144148,Arsenal,Ipswich,0,4,0,2.81362,0.192879,1.3996087999999998,0.9712998,0.4283089999999998,1.3857722,0.7883074,0.5974648000000001,1.010266326408968,2,4,1,-0.2171206000000001,-0.16915580000000036,-0.19127779999999972,-0.25311759999999994,0.29624647,0.2803775,0.42337605
6901,2025-04-20 13:00:00,ITA-Serie A,2425,Empoli,Venezia,1,2,2,1.14666,1.48453,1.07108768,1.5873583999999998,-0.5162707199999998,1.12341494,1.7491023,-0.6256873599999999,0.2670426769981562,Venezia,Empoli,0,2,2,1.48453,1.14666,1.2115788000000005,1.1853824,0.0261964000000003,1.0021751,1.4746131,-0.4724380000000001,0.4989143125644286,0,4,1,0.10941664000000006,0.49863440000000037,-0.14049112000000052,0.12123983999999988,0.2638515,0.41395962,0.32218888
6899,2025-04-20 13:00:00,ENG-Premier League,2425,Manchester United,Wolverhampton Wanderers,1,0,1,1.13966,0.187814,1.2673215999999998,1.3945534000000002,-0.1272318000000003,1.1519881,1.5100178,-0.3580296999999999,0.9548701459067626,Wolverhampton Wanderers,Manchester United,0,1,0,0.187814,1.13966,1.499222,1.3762192000000002,0.1230027999999998,1.4095797,1.2443264,0.1652533,1.0641462386651577,2,1,0,0.23079789999999958,-0.04225050000000019,-0.23190040000000023,-0.25759160000000003,0.26303405,0.3578829,0.37908307
6903,2025-04-20 13:30:00,GER-Bundesliga,2425,Augsburg,Eintracht Frankfurt,1,0,0,1.14215,1.39546,0.626154,1.5193552,-0.8932012000000001,0.8602003,1.369104,-0.5089036999999998,1.1625185872190615,Eintracht Frankfurt,Augsburg,0,0,0,1.39546,1.14215,2.6308646,1.197024,1.4338406,2.1917573,1.6227291,0.5690281999999998,0.6387565636229141,0,0,0,-0.3842975000000003,0.8648124000000001,-2.0047106,-1.3315569999999999,0.24859683,0.29829627,0.45310685
6904,2025-04-20 14:15:00,ESP-La Liga,2425,Villarreal,Real Sociedad,1,2,2,2.14498,2.29777,1.78879,1.2587996,0.5299903999999998,1.7718580000000004,1.1925479,0.5793101000000003,0.84656849105939,Real Sociedad,Villarreal,0,2,2,2.29777,2.14498,1.293861,1.079745,0.2141160000000002,1.1772035,1.3770205,-0.1998169999999999,1.1043111031260924,0,4,1,-0.04931970000000052,0.4139330000000001,0.4949290000000002,0.5946545000000003,0.21152377,0.63072366,0.15775262
6906,2025-04-20 15:15:00,FRA-Ligue 1,2425,Nice,Angers,1,2,1,2.72567,0.278639,1.683272,1.1293150000000003,0.5539569999999996,1.908097,1.0017557,0.9063413000000002,0.838531354259582,Angers,Nice,0,1,2,0.278639,2.72567,0.8174006,2.0603536,-1.242953,1.2203475,2.3574228,-1.1370752999999998,0.5736066377760124,1,3,1,-0.35238430000000065,-0.10587770000000019,0.8658714000000001,0.6877495,0.18953083,0.7076906,0.10277855
6905,2025-04-20 15:15:00,FRA-Ligue 1,2425,Brest,Lens,1,1,3,1.05399,2.98551,1.957206,1.3388672,0.6183388000000001,1.7286867999999995,1.5911012,0.1375855999999997,1.0412522145409948,Lens,Brest,0,3,1,2.98551,1.05399,1.540715,1.387769,0.152946,1.6292806,1.9386015,-0.3093209000000001,0.5523906978388512,2,4,1,0.4807532000000004,0.46226690000000015,0.41649099999999994,0.09940619999999956,0.22725971,0.51937604,0.25336424
6907,2025-04-20 15:15:00,FRA-Ligue 1,2425,Reims,Toulouse,1,1,0,0.659517,1.32734,1.2434918,1.7630400000000002,-0.5195482000000002,1.043678,2.298725,-1.2550470000000002,0.5748894056505881,Toulouse,Reims,0,0,1,1.32734,0.659517,1.476141,1.713617,-0.237476,1.7638425999999998,1.5137338,0.2501087999999998,1.020498642850194,1,1,0,0.7354988,-0.4875847999999998,-0.2326492,-0.7201645999999997,0.23783606,0.2760617,0.4861022
6908,2025-04-20 15:30:00,GER-Bundesliga,2425,Borussia Dortmund,Borussia M.Gladbach,1,3,2,1.18456,1.2185,2.634974,1.6876702,0.9473038,2.731311,1.3444752000000002,1.3868357999999996,0.7322488240083888,Borussia M.Gladbach,Borussia Dortmund,0,2,3,1.2185,1.18456,1.3085644000000003,2.0824474000000004,-0.7738830000000001,1.3905186,1.9196131,-0.5290945,1.1506490091905213,1,5,1,-0.4395319999999996,-0.24478850000000008,1.3264095999999999,1.3407923999999998,0.106456764,0.82241434,0.07112887
6909,2025-04-20 15:30:00,ENG-Premier League,2425,Leicester,Liverpool,1,0,1,0.232205,4.52706,0.7713585999999999,2.4235840000000004,-1.6522254000000005,0.6959307,2.199438,-1.5035073,0.5747690470199878,Liverpool,Leicester,0,1,0,4.52706,0.232205,2.104562,0.9974284,1.1071336,1.8891241,1.0208855,0.8682386000000002,1.058691136971289,2,1,0,-0.1487181000000004,0.23889499999999986,-1.3332034000000001,-1.1931934000000002,0.32851163,0.17570733,0.49578103
6910,2025-04-20 16:00:00,ITA-Serie A,2425,Bologna,Inter,1,1,0,1.0878,0.661137,1.4378509999999998,0.944423,0.4934279999999996,1.6778831,1.086227,0.5916561,0.9535819547965202,Inter,Bologna,0,0,1,0.661137,1.0878,2.315534,1.0752813999999995,1.2402526000000005,1.7978728,1.2070557,0.5908171,0.8899401059184465,1,1,0,-0.09822810000000043,0.6494355000000005,-0.8776830000000002,-0.11998969999999987,0.2726163,0.3822906,0.3450931
6911,2025-04-20 16:30:00,ESP-La Liga,2425,Sevilla,Alaves,1,1,1,1.89613,1.30312,0.8135492000000001,1.2011641999999998,-0.3876149999999997,0.9732921,1.3632683,-0.3899762,1.0274397301285707,Alaves,Sevilla,0,1,1,1.30312,1.89613,1.145553,1.6513825999999998,-0.5058295999999998,1.1717693,1.4358349,-0.2640656000000001,0.6827276642871047,0,2,0,0.0023612000000002853,-0.24176399999999965,-0.33200379999999996,-0.19847720000000002,0.2913984,0.4160871,0.2925145
6912,2025-04-20 17:30:00,GER-Bundesliga,2425,St. Pauli,Bayer Leverkusen,1,1,1,2.3164,1.13491,1.3547958,1.5007465999999998,-0.1459507999999998,0.9731843,1.4439844000000002,-0.4708001000000001,0.8220428319252254,Bayer Leverkusen,St. Pauli,0,1,1,1.13491,2.3164,1.2762564000000003,1.4091134,-0.1328569999999995,1.6881672,1.14575196,0.54241524,1.0070086618146226,0,2,0,0.32484930000000034,-0.6752722399999995,0.0785393999999997,-0.7149829000000001,0.20791726,0.3315793,0.46050343
6913,2025-04-20 18:45:00,ITA-Serie A,2425,AC Milan,Atalanta,1,0,1,0.495327,2.07826,2.387732,1.4367946,0.9509373999999996,2.074963,1.3632616,0.7117013999999999,0.867484929859024,Atalanta,AC Milan,0,1,0,2.07826,0.495327,1.5469256000000002,1.2437552,0.3031704000000002,1.9558866,0.9895248,0.9663618,0.8691706006009752,2,1,0,0.23923599999999967,-0.6631913999999999,0.8408064,0.11907639999999997,0.20449764,0.524565,0.27093735
6914,2025-04-20 18:45:00,FRA-Ligue 1,2425,Saint-Etienne,Lyon,1,2,1,1.74645,0.632299,1.30428,2.3943380000000003,-1.0900580000000004,1.2837432,3.032642,-1.7488988,1.01266280307245,Lyon,Saint-Etienne,0,1,2,0.632299,1.74645,2.4220680000000003,1.3006761999999998,1.1213918000000005,2.209554,1.6408563,0.5686976999999998,1.221965508892062,1,3,1,0.6588407999999997,0.5526941000000007,-1.1177880000000002,-0.9258107999999998,0.2570989,0.22223194,0.52066916
6915,2025-04-20 19:00:00,ESP-La Liga,2425,Real Madrid,Athletic Club,1,1,0,2.40667,0.132511,2.182718,1.4593522,0.7233658000000001,2.114459,1.365759,0.7487000000000001,0.6621075830235615,Athletic Club,Real Madrid,0,0,1,0.132511,2.40667,1.2636398,1.0926264,0.1710134000000001,1.9652924,1.06467659,0.9006158099999999,0.9158937795242176,1,1,0,-0.025334200000000084,-0.7296024099999998,0.9190782,0.14916660000000004,0.1932605,0.52141845,0.285321
6916,2025-04-21 19:00:00,ESP-La Liga,2425,Girona,Real Betis,1,1,3,1.10326,2.28252,1.1131674,1.358502,-0.2453346,1.03211549,1.6895850000000003,-0.6574695100000003,0.8719945943311108,Real Betis,Girona,0,3,1,2.28252,1.10326,1.6853624,1.1323836,0.5529788,1.8335302,1.1290988,0.7044313999999998,1.036251796533378,2,4,1,0.4121349100000003,-0.15145259999999983,-0.572195,-0.80141471,0.22774398,0.23805773,0.5341982
6917,2025-04-21 19:00:00,ENG-Premier League,2425,Tottenham,Nottingham Forest,1,1,2,2.4024,0.557682,1.687758,1.5159317999999995,0.1718262000000003,1.5501735,1.5615918999999998,-0.0114183999999997,0.967632998736594,Nottingham Forest,Tottenham,0,2,1,0.557682,2.4024,0.7424795999999998,1.4005606,-0.6580810000000001,1.2002206000000002,1.7570669000000003,-0.5568463000000001,1.4997230511432222,2,3,1,0.18324459999999998,-0.10123470000000001,0.9452784000000003,0.3499528999999999,0.26583937,0.5432038,0.19095689
6918,2025-04-22 18:45:00,FRA-Ligue 1,2425,Nantes,Paris Saint Germain,1,1,1,0.520926,2.30552,1.0769159999999998,2.468694,-1.3917780000000004,1.4709177999999998,2.5628988,-1.0919810000000003,0.815816617477457,Paris Saint Germain,Nantes,0,1,1,2.30552,0.520926,2.960652,1.0219166000000002,1.9387354,3.116899,1.0501479,2.0667511000000003,1.0587442651352306,0,2,0,-0.2997970000000001,-0.12801570000000018,-1.8837360000000003,-1.6459812000000003,0.15261401,0.20423177,0.64315426
6920,2025-04-22 19:00:00,ENG-Premier League,2425,Manchester City,Aston Villa,1,2,1,1.36232,1.85906,2.2526188,1.1208022,1.1318165999999996,1.7816449,0.9886036,0.7930412999999998,0.9541738905581632,Aston Villa,Manchester City,0,1,2,1.85906,1.36232,2.238,0.7694916,1.4685084,1.9215256,1.4423971999999998,0.4791284000000002,0.9887971366100268,1,3,1,0.3387752999999998,0.9893799999999997,0.014618800000000043,-0.13988069999999997,0.2639163,0.40519994,0.33088377
6919,2025-04-22 19:00:00,ESP-La Liga,2425,Valencia,Espanyol,1,1,1,1.07897,0.344156,1.3060888,1.3663268,-0.060238,1.4578498,1.2522717,0.2055780999999998,0.9603177499370992,Espanyol,Valencia,0,1,1,0.344156,1.07897,1.1609818,1.1254120000000003,0.0355697999999997,0.9221553,1.2864365,-0.3642811999999999,1.5181808116476567,0,2,0,-0.2658160999999998,0.3998509999999996,0.14510699999999987,0.5356945,0.26821166,0.57509136,0.15669702
6921,2025-04-22 19:30:00,ESP-La Liga,2425,Barcelona,Mallorca,1,1,0,3.43457,0.326579,2.505152,0.8756271999999999,1.6295248,2.474948,0.8134333999999999,1.6615146,1.131336443700456,Mallorca,Barcelona,0,0,1,0.326579,3.43457,1.1537018,0.7210104,0.4326913999999998,1.3782469000000002,1.0627225,0.3155244000000001,0.8706706536610721,1,1,0,-0.03198980000000007,0.11716699999999969,1.3514501999999997,1.0967010999999998,0.14782882,0.72457993,0.12759127
6923,2025-04-23 16:30:00,ITA-Serie A,2425,Torino,Udinese,1,2,0,0.949162,0.949917,0.8121516,1.5428320000000002,-0.7306804000000002,0.8974823000000001,1.7603296,-0.8628472999999999,1.448494919069803,Udinese,Torino,0,0,2,0.949917,0.949162,0.9304236,1.609327,-0.6789034,1.336796,1.5065035999999998,-0.1697075999999997,0.8228624091765616,1,2,0,0.13216689999999964,-0.5091958000000003,-0.11827200000000004,-0.43931370000000003,0.28011516,0.34867236,0.37121242
6922,2025-04-23 16:30:00,ITA-Serie A,2425,Parma Calcio 1913,Juventus,1,1,0,0.784847,0.777191,0.9765316,1.05363,-0.0770984,1.0355827,1.1690463000000002,-0.1334636000000002,0.8690750926265063,Juventus,Parma Calcio 1913,0,0,1,0.777191,0.784847,1.1995504,1.4037278,-0.2041773999999998,1.4876072,1.1484316,0.3391756000000001,0.941108014865742,1,1,0,0.05636520000000021,-0.5433529999999999,-0.22301879999999985,-0.45202450000000005,0.2744787,0.3390924,0.38642886
6924,2025-04-23 16:30:00,ITA-Serie A,2425,Genoa,Lazio,1,0,2,0.470637,1.33679,0.9041339999999998,1.1270677999999998,-0.2229338,1.0138073,0.9727876,0.0410196999999999,0.8877417949724816,Lazio,Genoa,0,2,0,1.33679,0.470637,1.1994812,1.1975175999999998,0.0019636,1.656645,1.1532903,0.5033547,0.9054438908493426,2,2,0,-0.2639534999999999,-0.5013911000000001,-0.29534720000000014,-0.6428376999999998,0.2392695,0.30292714,0.4578034
6925,2025-04-23 16:30:00,ITA-Serie A,2425,Cagliari,Fiorentina,1,1,2,0.367407,0.701424,0.9891525999999996,1.2214404,-0.2322878000000003,0.9300224,1.412864,-0.4828416000000001,0.9677175864607278,Fiorentina,Cagliari,0,2,1,0.701424,0.367407,1.4422476000000002,1.449707,-0.0074593999999998,1.2321983,1.2155683,0.0166299999999999,0.9738684318356616,2,3,1,0.2505537999999998,-0.0240893999999997,-0.4530950000000006,-0.30217590000000005,0.26213032,0.34601665,0.39185303
6926,2025-04-23 17:00:00,ESP-La Liga,2425,Celta Vigo,Villarreal,1,3,0,3.19678,0.5946,1.4686172,1.0766958000000002,0.3919213999999997,1.5585836,1.031583,0.5270006,1.026572442715012,Villarreal,Celta Vigo,0,0,3,0.5946,3.19678,1.6912119999999995,1.4753956,0.2158163999999998,1.8079,1.2500509000000002,0.5578490999999999,0.8850042120669218,1,3,1,-0.13507920000000034,-0.3420327000000001,-0.22259479999999954,-0.2493164000000001,0.275582,0.38536087,0.33905712
6927,2025-04-23 17:00:00,ESP-La Liga,2425,Athletic Club,Las Palmas,1,1,0,2.63805,1.01774,1.1024094,1.3689424,-0.2665329999999999,1.8026385,1.17362659,0.62901191,0.8875873406746052,Las Palmas,Athletic Club,0,0,1,1.01774,2.63805,1.3071534,1.553099,-0.2459456,1.050674,1.7512685,-0.7005945000000002,1.0469460108977564,1,1,0,-0.8955449099999999,0.45464890000000024,-0.20474400000000004,0.7519644999999999,0.229423,0.6656006,0.1049764
6928,2025-04-23 19:00:00,ENG-Premier League,2425,Arsenal,Crystal Palace,1,2,2,1.92149,2.50515,1.5963408,0.7476616,0.8486791999999999,1.5783984,0.7561229,0.8222754999999999,1.0770404499646922,Crystal Palace,Arsenal,0,2,2,2.50515,1.92149,1.0866206,1.9100734,-0.8234527999999999,1.8811933,1.4607374,0.4204559000000001,0.7973658010764757,0,4,1,0.02640369999999992,-1.2439087,0.5097201999999998,-0.3027949000000001,0.21375696,0.44705695,0.3391861
6930,2025-04-23 19:30:00,ESP-La Liga,2425,Getafe,Real Madrid,1,0,1,2.53565,1.74803,1.3996672,1.1360164,0.2636508000000002,1.1624585,1.2147286,-0.0522700999999998,1.204343033026097,Real Madrid,Getafe,0,1,0,1.74803,2.53565,2.345174,1.2438484,1.1013255999999998,2.20233,1.3262911,0.8760389,0.6810965290866814,2,1,0,0.3159209,0.22528669999999984,-0.9455068000000002,-1.0398714999999998,0.27665067,0.27444822,0.44890112
6929,2025-04-23 19:30:00,ESP-La Liga,2425,Alaves,Real Sociedad,1,1,0,0.815479,0.472083,1.163219,1.5040346,-0.3408156,1.2894535,1.5069219,-0.2174684,0.6979695677513243,Real Sociedad,Alaves,0,0,1,0.472083,0.815479,1.5926414000000002,1.3064170000000002,0.2862244,1.1718655,1.4804305,-0.308565,1.1946753320450751,1,1,0,-0.12334719999999999,0.5947894,-0.4294224000000002,0.11758800000000003,0.2636623,0.40959996,0.32673773
6931,2025-04-24 17:00:00,ESP-La Liga,2425,Osasuna,Sevilla,1,1,0,0.373711,0.934425,1.4446198,1.9297406,-0.4851208000000002,1.4877695000000002,1.8325021,-0.3447325999999997,0.8065760142441324,Sevilla,Osasuna,0,0,1,0.934425,0.373711,0.9904512,1.3010145999999998,-0.3105633999999997,1.0758008,1.4013072,-0.3255063999999998,1.022493176717124,1,1,0,-0.14038820000000046,0.014943000000000095,0.4541685999999999,0.4119687000000003,0.24539772,0.5197517,0.23485057
6932,2025-04-24 17:00:00,ESP-La Liga,2425,Leganes,Girona,1,1,1,0.330809,0.764098,1.5461687999999998,2.153,-0.6068311999999998,1.1721032999999998,1.6942034,-0.5221001000000001,0.853166394833634,Girona,Leganes,0,1,1,0.764098,0.330809,1.0162454,1.7499468,-0.7337014,0.92325549,1.786046,-0.86279051,0.8664981060680115,0,2,0,-0.08473109999999973,0.12908911,0.5299233999999997,0.2488478099999999,0.2959258,0.4751933,0.22888096
6933,2025-04-24 19:30:00,ESP-La Liga,2425,Atletico Madrid,Rayo Vallecano,1,3,0,3.34529,1.13186,1.6290806,1.2228964000000002,0.4061841999999998,1.5814528,1.4419892,0.1394635999999998,1.01172731065555,Rayo Vallecano,Atletico Madrid,0,0,3,1.13186,3.34529,0.8521924000000001,2.006593,-1.1544006,1.2757438,1.6667105,-0.3909667000000001,0.7054702476545467,1,3,1,0.2667206,-0.7634338999999999,0.7768881999999999,0.305709,0.2208541,0.58455074,0.19459513
6934,2025-04-24 19:30:00,ESP-La Liga,2425,Real Betis,Real Valladolid,1,5,1,2.26702,0.839722,1.6790424000000002,1.2677298,0.4113126,1.9300652,1.0635198,0.8665453999999999,1.0362338866925913,Real Valladolid,Real Betis,0,1,5,0.839722,2.26702,1.0540737999999998,2.474492,-1.4204182,0.9831253,2.4578255,-1.4747002000000002,0.813730646815165,1,6,1,-0.45523279999999994,0.05428200000000016,0.6249686000000003,0.9469399000000001,0.18338747,0.7394658,0.07714677
6935,2025-04-25 18:30:00,GER-Bundesliga,2425,VfB Stuttgart,FC Heidenheim,1,0,1,1.91698,0.522621,1.8608806,2.0795522,-0.2186715999999999,1.6379180999999998,1.8203396,-0.1824215000000002,1.1600084521879013,FC Heidenheim,VfB Stuttgart,0,1,0,0.522621,1.91698,1.2183588,1.9886386000000005,-0.7702798000000002,1.2096547000000002,1.8365643,-0.6269095999999996,0.5786770566203259,2,1,0,-0.0362500999999997,-0.14337020000000056,0.6425217999999999,0.4282633999999996,0.23381157,0.54782295,0.2183655
6936,2025-04-25 18:45:00,FRA-Ligue 1,2425,Paris Saint Germain,Nice,1,1,3,4.50698,1.63001,2.7420880000000003,0.7042578,2.0378302,2.952552,1.0385945,1.9139575,0.9822008275550008,Nice,Paris Saint Germain,0,3,1,1.63001,4.50698,1.927224,1.0290048000000005,0.8982191999999993,2.029322,0.9441645,1.0851575,0.837717800468432,2,4,1,0.12387270000000017,-0.18693830000000067,0.8148640000000003,0.9232299999999998,0.23686072,0.5865712,0.17656805
6937,2025-04-26 11:30:00,ENG-Premier League,2425,Chelsea,Everton,1,1,0,0.768313,0.916838,1.3456111999999998,1.0737654000000003,0.2718457999999994,1.5693464,1.2272203,0.3421261000000002,0.8283698051814404,Everton,Chelsea,0,0,1,0.916838,0.768313,1.0636152,1.1040296,-0.0404143999999999,1.2165439,1.1553918,0.0611521000000001,0.9042000833672476,1,1,0,-0.0702803000000008,-0.1015665,0.2819959999999997,0.3528024999999999,0.24395657,0.573728,0.18231544
6938,2025-04-26 13:30:00,GER-Bundesliga,2425,Bayer Leverkusen,Augsburg,1,2,0,1.03782,0.640893,1.2305884000000002,1.5369914,-0.3064029999999997,1.6662402,1.18244796,0.4837922400000001,0.9002298106660669,Augsburg,Bayer Leverkusen,0,0,2,0.640893,1.03782,0.8045504000000001,1.5763372,-0.7717867999999999,0.9549261999999998,1.4236622,-0.468736,0.9424802225761296,1,2,0,-0.7901952399999999,-0.3030507999999999,0.42603800000000014,0.7113140000000002,0.24966355,0.6421922,0.10814425
6942,2025-04-26 13:30:00,GER-Bundesliga,2425,Wolfsburg,Freiburg,1,0,1,0.288019,1.95821,1.4900492,1.5493496,-0.0593004000000001,1.5346713,1.5440798,-0.0094084999999999,0.6516049061418518,Freiburg,Wolfsburg,0,1,0,1.95821,0.288019,1.967504,1.7492108000000002,0.2182931999999997,1.6392816,1.487568,0.1517135999999999,0.9760367126449094,2,1,0,-0.0498919000000002,0.0665795999999998,-0.47745479999999985,-0.10461029999999982,0.30000404,0.33146325,0.36853278
6941,2025-04-26 13:30:00,GER-Bundesliga,2425,Holstein Kiel,Borussia M.Gladbach,1,4,3,3.0385,2.55098,1.0173948000000002,1.6049140000000002,-0.5875192,1.1512528000000002,1.7564090999999995,-0.6051562999999995,0.8686181969605659,Borussia M.Gladbach,Holstein Kiel,0,3,4,2.55098,3.0385,1.3011764,1.9215814,-0.6204049999999997,1.3153976,1.9429957,-0.6275980999999997,1.2163613371642634,1,7,1,0.017637099999999517,0.007193100000000063,-0.28378159999999975,-0.16414479999999987,0.27462012,0.40750057,0.3178793
6940,2025-04-26 13:30:00,GER-Bundesliga,2425,Hoffenheim,Borussia Dortmund,1,2,3,1.19025,2.41526,1.3397082,1.2088584,0.1308498,1.2510974,1.8196262,-0.5685288000000002,0.9591571694120944,Borussia Dortmund,Hoffenheim,0,3,2,2.41526,1.19025,2.649776,1.8813366,0.7684394000000003,2.581483,1.4137364,1.1677466,0.8134855765133543,2,5,1,0.6993786000000002,-0.39930719999999975,-1.3100678000000001,-1.3303856,0.23610651,0.25179413,0.5120993
6939,2025-04-26 13:30:00,GER-Bundesliga,2425,Bayern Munich,Mainz 05,1,3,0,1.70143,0.923874,2.848624,0.8919811999999998,1.9566428,2.8307610600000004,0.967747,1.8630140600000005,0.8831544110775597,Mainz 05,Bayern Munich,0,0,3,0.923874,1.70143,1.4583027999999998,2.104884,-0.6465812,1.6233044,1.5270527,0.0962516999999998,0.924040540985079,1,3,1,0.09362873999999954,-0.7428328999999998,1.3903212000000003,1.2074566600000003,0.10394337,0.7801359,0.11592075
6943,2025-04-26 14:00:00,ENG-Premier League,2425,Newcastle United,Ipswich,1,3,0,4.11539,0.127203,2.389296,1.6204686,0.7688273999999997,1.8878011,1.6441479,0.2436532,1.112404737763561,Ipswich,Newcastle United,0,0,3,0.127203,4.11539,0.9203428,2.366878,-1.4465351999999998,1.0714718,2.2036679999999995,-1.1321961999999997,1.1199537683084444,1,3,1,0.5251741999999997,-0.31433900000000015,1.4689531999999998,0.8163292999999998,0.159997,0.68521655,0.15478644
6946,2025-04-26 14:00:00,ENG-Premier League,2425,Brighton,West Ham,1,3,2,1.29433,1.24134,1.7760658,1.7234270000000005,0.0526387999999997,2.1349165,1.5898686999999998,0.5450478000000003,0.8431239146243356,West Ham,Brighton,0,2,3,1.24134,1.29433,1.1209282,1.3186354,-0.1977071999999999,1.1020103,1.3240805,-0.2220702000000001,0.8166885403080714,1,5,1,-0.4924090000000006,0.024363000000000218,0.6551376,1.0329062,0.1589683,0.7118264,0.12920535
6944,2025-04-26 14:00:00,ENG-Premier League,2425,Southampton,Fulham,1,1,2,0.935581,1.9956,0.8169951999999998,1.6219956,-0.8050004000000002,0.7745806,2.5238128,-1.7492322,1.032815651701512,Fulham,Southampton,0,2,1,1.9956,0.935581,1.1175024,1.545268,-0.4277656000000001,1.1783469,1.3619974,-0.1836504999999999,1.1881041244270898,2,3,1,0.9442317999999998,-0.24411510000000017,-0.3005072000000002,-0.4037663,0.22428153,0.28746137,0.48825708
6945,2025-04-26 14:00:00,ENG-Premier League,2425,Wolverhampton Wanderers,Leicester,1,3,0,2.57666,1.04978,1.3742984,1.3307112,0.0435871999999999,1.3768887,1.2695566,0.1073320999999998,1.1620393412776635,Leicester,Wolverhampton Wanderers,0,0,3,1.04978,2.57666,0.7961022,2.975308,-2.1792058,0.5786822,2.524661,-1.9459788,0.3456122451800916,1,3,1,-0.06374489999999991,-0.23322700000000007,0.5781962,0.7982065,0.34632894,0.5410621,0.11260891
6947,2025-04-26 15:00:00,FRA-Ligue 1,2425,Strasbourg,Saint-Etienne,1,3,1,2.8346,2.2201,1.5390668,1.593556,-0.0544891999999999,1.632705,1.3468599,0.2858450999999999,0.9187202104971748,Saint-Etienne,Strasbourg,0,1,3,2.2201,2.8346,1.37525,2.0898398,-0.7145898000000002,1.2480452,2.8210499,-1.5730046999999998,1.121753345348914,1,4,1,-0.3403342999999998,0.8584148999999996,0.16381679999999998,0.3846598000000001,0.25669512,0.6307039,0.11260099
6948,2025-04-26 16:30:00,GER-Bundesliga,2425,Eintracht Frankfurt,RasenBallsport Leipzig,1,4,0,2.23942,0.316263,2.5083346,1.2802906,1.228044,2.1616993,1.5906521,0.5710472,0.6013784612048211,RasenBallsport Leipzig,Eintracht Frankfurt,0,0,4,0.316263,2.23942,1.7314534,1.987532,-0.2560785999999999,1.7655677,1.4708505,0.2947172,0.7929456384223394,1,4,1,0.6569967999999999,-0.5507958,0.7768812,0.3961315999999999,0.18316713,0.6314703,0.1853626
6949,2025-04-26 17:00:00,FRA-Ligue 1,2425,Le Havre,Monaco,1,1,1,0.807798,3.28954,1.7463833999999998,2.5045512,-0.7581678000000001,1.5869826,2.1541606,-0.567178,1.134227222007839,Monaco,Le Havre,0,1,1,3.28954,0.807798,2.0403174,0.6448334,1.3954840000000002,2.592242,1.0756319,1.5166100999999996,0.8101092374441748,0,2,0,-0.1909898000000001,-0.12112609999999946,-0.29393400000000036,-1.0052594000000001,0.27230948,0.19322562,0.5344649
6950,2025-04-26 19:05:00,FRA-Ligue 1,2425,Lyon,Rennes,1,4,1,2.25879,0.781584,2.3924898000000003,1.3487841999999997,1.043705600000001,2.0889779,1.4535293,0.6354486000000001,1.244627219547311,Rennes,Lyon,0,1,4,0.781584,2.25879,1.920697,0.8437451999999999,1.0769518,2.1759312,1.2862207,0.8897104999999998,0.8272316573099107,1,5,1,0.40825700000000076,0.18724130000000017,0.47179280000000023,-0.08695329999999979,0.27151468,0.40099984,0.3274855
6952,2025-04-27 10:30:00,ITA-Serie A,2425,Venezia,AC Milan,1,0,2,1.00629,1.466,1.1472728,1.1601744,-0.0129015999999999,1.0143731,1.4952698999999998,-0.4808967999999998,0.4929147934672228,AC Milan,Venezia,0,2,0,1.466,1.00629,1.8308154,1.6145066,0.2163088000000002,1.9339227,1.5042088,0.4297139000000001,0.8273335706057069,2,2,0,0.4679951999999999,-0.2134050999999999,-0.6835426,-0.9195496000000001,0.2446465,0.26731429,0.4880392
6951,2025-04-27 10:30:00,ITA-Serie A,2425,Como,Genoa,1,1,0,1.80373,1.04585,1.6893619999999998,1.2562534,0.4331085999999999,1.3293594,1.2540412,0.0753181999999998,1.2035863261761068,Genoa,Como,0,0,1,1.04585,1.80373,0.7121533999999999,1.23246,-0.5203066,0.864348,1.0369218,-0.1725738,0.9255520628820072,1,1,0,0.3577904000000001,-0.34773279999999995,0.9772085999999999,0.46501139999999996,0.2557395,0.55172557,0.19253495
6956,2025-04-27 13:00:00,ENG-Premier League,2425,Bournemouth,Manchester United,1,1,1,0.60995,1.91039,1.6987986,1.0667040000000003,0.6320945999999996,1.6790683999999998,1.5060878,0.1729805999999998,0.6551247971048726,Manchester United,Bournemouth,0,1,1,1.91039,0.60995,1.2330395999999997,1.0661242000000002,0.1669153999999995,1.2457553,1.4727421,-0.2269868000000001,0.8027252200129352,0,2,0,0.4591139999999998,0.3939021999999996,0.46575900000000026,0.4333130999999999,0.2146079,0.5538411,0.23155096
6953,2025-04-27 13:00:00,ITA-Serie A,2425,Fiorentina,Empoli,1,2,1,0.655092,0.465943,1.3712984,0.9356604,0.4356379999999998,1.1970667000000002,1.1933829,0.0036838000000001,0.9189121049711724,Empoli,Fiorentina,0,1,2,0.465943,0.655092,1.2849818,1.2844404,0.0005413999999999,1.14313394,1.6967963,-0.5536623600000001,0.3499149452994587,1,3,1,0.4319541999999997,0.55420376,0.08631659999999997,0.053932760000000135,0.3163983,0.45969802,0.2239037
6955,2025-04-27 13:00:00,ITA-Serie A,2425,Inter,Roma,1,0,1,1.10299,2.79826,1.8351814,1.1370196,0.6981617999999998,1.8050604,1.2105617,0.5944986999999999,0.8863964405864532,Roma,Inter,0,1,0,2.79826,1.10299,1.2717906,1.0082154,0.2635752,1.6669483,0.79455044,0.8723978600000001,0.8398575769521005,2,1,0,0.1036630999999999,-0.6088226600000001,0.5633907999999999,0.13811209999999985,0.2251923,0.47244054,0.30236715
6954,2025-04-27 13:00:00,FRA-Ligue 1,2425,Angers,Lille,1,0,2,0.916985,2.22596,0.7752823999999999,1.6982655999999998,-0.9229832,1.0708784,2.4107358,-1.3398574,0.6536683775969545,Lille,Angers,0,2,0,2.22596,0.916985,1.7264712,1.1246578,0.6018133999999999,1.7121309,1.4378302,0.2743006999999999,0.8176940106074772,2,2,0,0.4168742000000001,0.32751270000000005,-0.9511888000000001,-0.6412525,0.24179786,0.23110557,0.52709657
6957,2025-04-27 13:30:00,GER-Bundesliga,2425,Bochum,Union Berlin,1,1,1,1.5178,0.498974,1.1508466,2.3511940000000005,-1.2003474000000005,1.5397063,2.1877402,-0.6480338999999999,0.7144215007618656,Union Berlin,Bochum,0,1,1,0.498974,1.5178,1.283299,1.2654778,0.0178211999999999,1.3927904999999998,1.7571134000000002,-0.3643229000000003,1.0769738327667853,0,2,0,-0.5523135000000006,0.3821441000000002,-0.13245240000000003,0.14691580000000015,0.2856055,0.42287317,0.29152128
6958,2025-04-27 14:15:00,ESP-La Liga,2425,Villarreal,Espanyol,1,1,0,1.35413,1.53522,1.4090539999999998,1.8947496,-0.4856956000000003,1.4780060000000002,1.4950028,-0.0169967999999998,0.744245460271839,Espanyol,Villarreal,0,0,1,1.53522,1.35413,1.1929446,0.8271340000000003,0.3658105999999999,0.9038519,1.2415375,-0.3376856,1.548924609303129,1,1,0,-0.46869880000000047,0.7034961999999998,0.2161093999999999,0.5741541000000001,0.28752938,0.4248517,0.28761888
6960,2025-04-27 15:15:00,FRA-Ligue 1,2425,Nantes,Toulouse,1,0,0,1.33764,0.410988,1.0488331999999998,2.695762,-1.6469288,1.3813584,2.6973640000000003,-1.3160056000000004,0.796317019307213,Toulouse,Nantes,0,0,0,0.410988,1.33764,1.4908249999999998,1.2740004,0.2168245999999998,1.8111215,1.4283435,0.3827779999999998,0.9386444042299736,0,0,0,-0.33092319999999953,-0.16595339999999997,-0.44199180000000005,-0.42976309999999995,0.31861743,0.23198573,0.4493969
6961,2025-04-27 15:15:00,FRA-Ligue 1,2425,Montpellier,Reims,1,0,0,0.949696,1.03714,0.7016846,2.115558,-1.4138734,0.9655221,2.175507,-1.2099849,0.2071416002372185,Reims,Montpellier,0,0,0,1.03714,0.949696,1.0079812,1.653298,-0.6453167999999998,1.0135429,2.289807,-1.2762640999999997,0.5919822515827878,0,0,0,-0.20388849999999992,0.6309472999999999,-0.3062965999999999,-0.048020799999999975,0.35602862,0.35219583,0.2917756
6959,2025-04-27 15:15:00,FRA-Ligue 1,2425,Lens,Auxerre,1,0,4,2.31455,2.38411,1.8898310000000005,1.360677,0.5291540000000001,1.6068306,1.9328795,-0.3260489,0.6223427520345007,Auxerre,Lens,0,4,0,2.38411,2.31455,1.0227657999999995,1.9802374,-0.9574716000000004,1.3251907,1.7623307,-0.4371400000000001,1.0564509270620996,2,4,1,0.8552029000000001,-0.5203316000000003,0.867065200000001,0.28163990000000005,0.19713774,0.54648095,0.2563813
6963,2025-04-27 15:30:00,GER-Bundesliga,2425,Werder Bremen,St. Pauli,1,0,0,1.55064,0.830832,2.011016,1.1298926000000002,0.8811233999999999,1.6097581,1.7187753,-0.1090172000000002,0.8696953475833745,St. Pauli,Werder Bremen,0,0,0,0.830832,1.55064,1.5706838,1.3345246,0.2361591999999999,1.1198365,1.5379863,-0.4181498000000001,0.7143893645283357,0,0,0,0.9901406000000001,0.654309,0.44033220000000006,0.4899216000000002,0.22944283,0.4970059,0.27355123
6962,2025-04-27 15:30:00,ENG-Premier League,2425,Liverpool,Tottenham,1,5,1,2.51104,0.512812,2.72992,0.9521054,1.7778146,2.0696401,0.878833,1.1908071,0.9180335663028726,Tottenham,Liverpool,0,1,5,0.512812,2.51104,1.898132,1.1823962,0.7157358,1.6629305,1.4768911,0.1860393999999998,0.9020215204294344,1,6,1,0.5870074999999999,0.5296964000000002,0.831788,0.4067095999999999,0.20599034,0.65583986,0.13816985
6964,2025-04-27 16:00:00,ITA-Serie A,2425,Juventus,Monza,1,2,0,1.14678,0.621764,1.16685,0.7736712,0.3931787999999999,1.3645672999999998,1.1319693,0.2325979999999998,0.7328325009455372,Monza,Juventus,0,0,2,0.621764,1.14678,0.8838768,1.6268296,-0.7429528,0.7263092,2.0330748,-1.3067656,0.6884110948737882,1,2,0,0.16058080000000008,0.5638128000000001,0.2829731999999999,0.6382580999999998,0.2866542,0.58739454,0.12595125
6967,2025-04-27 18:45:00,ITA-Serie A,2425,Atalanta,Lecce,1,1,1,2.45836,1.45404,1.1755516,1.154682,0.0208695999999999,1.8285846,0.9760979,0.8524867,0.929680294977714,Lecce,Atalanta,0,1,1,1.45404,2.45836,1.0014972,1.4952674,-0.4937701999999999,0.975243,1.4847489,-0.5095059,0.5126922083088951,0,2,0,-0.8316171000000001,0.015735700000000075,0.17405439999999994,0.8533415999999999,0.22308032,0.67499816,0.101921484
6966,2025-04-27 18:45:00,FRA-Ligue 1,2425,Marseille,Brest,1,4,1,1.12568,2.00913,1.5290714,1.6378924,-0.108821,2.1492097,1.3632207,0.785989,0.8840454777188668,Brest,Marseille,0,1,4,2.00913,1.12568,1.260782,1.8381232,-0.5773412,1.7704398,1.4947532,0.2756866000000002,0.96021284642785,1,5,1,-0.8948100000000001,-0.8530278000000002,0.2682894,0.3787699000000002,0.21336162,0.6301908,0.15644753
6965,2025-04-27 18:45:00,ITA-Serie A,2425,Napoli,Torino,1,2,0,1.23274,0.660531,1.4027628,1.3322418,0.070521,1.5420371999999998,1.0807286,0.4613085999999997,0.9078893116915004,Torino,Napoli,0,0,2,0.660531,1.23274,0.857712,1.4353294,-0.5776174000000001,0.9294389,1.5201933,-0.5907544,1.5062835154806673,1,2,0,-0.3907875999999997,0.013136999999999954,0.5450508000000001,0.6125982999999998,0.2593694,0.61342186,0.12720875
6968,2025-04-28 16:30:00,ITA-Serie A,2425,Udinese,Bologna,1,0,0,0.387188,1.17741,0.8726889999999999,1.5962434,-0.7235544000000002,1.3377785,1.4651648000000002,-0.1273863000000001,0.5980058746602113,Bologna,Udinese,0,0,0,1.17741,0.387188,1.379057,0.8204484000000003,0.5586085999999997,1.7016031000000005,1.0678512000000002,0.6337519,0.9990573012841236,0,0,0,-0.5961681000000001,-0.07514330000000036,-0.506368,-0.3638246000000005,0.26043433,0.3237954,0.4157702
6969,2025-04-28 18:45:00,ITA-Serie A,2425,Verona,Cagliari,1,0,2,0.27029,1.87448,0.7927500000000002,0.6284248,0.1643252000000001,0.8126038,1.1677924000000002,-0.3551886000000002,0.4922442003788312,Cagliari,Verona,0,2,0,1.87448,0.27029,0.9006681999999998,1.0756172000000002,-0.1749490000000003,0.7838741,1.2896364,-0.5057623,1.1481420955966073,2,2,0,0.5195138000000002,0.3308132999999997,-0.10791819999999963,0.02872969999999997,0.26910442,0.44215962,0.28873602
6970,2025-04-28 18:45:00,ITA-Serie A,2425,Lazio,Parma Calcio 1913,1,2,2,1.7767,1.09001,1.2639232,1.0439269999999996,0.2199962000000004,1.596954,1.017465,0.5794889999999999,0.9392875816788826,Parma Calcio 1913,Lazio,0,2,2,1.09001,1.7767,0.8360150000000001,1.0647962,-0.2287811999999999,0.9140614,1.1710767,-0.2570152999999998,0.9846154923340024,0,4,1,-0.3594927999999995,0.028234099999999873,0.42790819999999996,0.6828926,0.25390688,0.59458435,0.15150876
6971,2025-05-01 18:30:00,ENG-Premier League,2425,Nottingham Forest,Brentford,1,0,2,0.670607,1.52054,0.7537207999999999,1.7367937999999998,-0.983073,1.1563722,1.7147669,-0.5583947,1.7295454443254132,Brentford,Nottingham Forest,0,2,0,1.52054,0.670607,1.6080386,1.5559417999999998,0.0520968000000001,1.5682416,1.2872361,0.2810054999999998,0.8927190219166347,2,2,0,-0.42467829999999995,-0.2289086999999997,-0.8543178000000001,-0.41186939999999983,0.25863197,0.3394875,0.40188056
6972,2025-05-02 18:30:00,GER-Bundesliga,2425,FC Heidenheim,Bochum,1,0,0,0.463987,1.81311,0.991443,2.1420586,-1.1506155999999998,1.2184812,1.8950673,-0.6765861000000002,0.6565545233241815,Bochum,FC Heidenheim,0,0,0,1.81311,0.463987,1.0782826,1.7921827999999995,-0.7139001999999997,1.4914863,2.0376376,-0.5461513,0.6704716828631394,0,0,0,-0.47402949999999966,-0.16774889999999965,-0.08683960000000013,-0.2730051,0.29235765,0.42959258,0.27804974
6973,2025-05-02 18:45:00,ITA-Serie A,2425,Torino,Venezia,1,1,1,1.74541,1.07484,0.849604,1.3351274,-0.4855233999999999,0.9307684,1.6125991,-0.6818306999999999,1.3966939609316766,Venezia,Torino,0,1,1,1.07484,1.74541,1.1391388,1.2000744,-0.0609356,1.0244833,1.4276339,-0.4031506,0.488050426931872,0,2,0,0.19630730000000002,0.34221500000000005,-0.2895348,-0.09371489999999993,0.26524153,0.34632948,0.38842902
6974,2025-05-02 18:45:00,FRA-Ligue 1,2425,Nice,Reims,1,1,0,1.2118,0.876237,1.7949399999999998,1.8091846000000005,-0.0142446000000007,1.854976,1.2923745000000002,0.5626014999999998,0.9703624357606592,Reims,Nice,0,0,1,0.876237,1.2118,1.018356,1.7756392,-0.7572832,1.0864687,2.0597976000000005,-0.9733289000000004,0.5522473383289014,1,1,0,-0.5768461000000005,0.21604570000000034,0.7765839999999997,0.7685073,0.18428595,0.7179661,0.09774795
6975,2025-05-02 19:00:00,ENG-Premier League,2425,Manchester City,Wolverhampton Wanderers,1,1,0,0.859463,0.622455,2.1197988,1.0703762,1.0494226,1.8435578,1.0213076,0.8222501999999998,0.9763724379173586,Wolverhampton Wanderers,Manchester City,0,0,1,0.622455,0.859463,1.7814867999999997,1.2842472,0.4972395999999996,1.4344087,1.3002537,0.134155,1.1851565142092946,1,1,0,0.22717240000000016,0.36308459999999965,0.33831200000000017,0.4091490999999998,0.21451305,0.6072876,0.17819937
6976,2025-05-02 19:00:00,ESP-La Liga,2425,Rayo Vallecano,Getafe,1,1,0,1.2162,0.8041,0.9711926,2.494544,-1.5233514,1.1016688,1.9402238,-0.8385549999999997,0.7261704006046096,Getafe,Rayo Vallecano,0,0,1,0.8041,1.2162,1.7266116,1.0686504,0.6579612000000001,1.333517,1.2636766,0.0698404000000001,0.9748649812001038,1,1,0,-0.6847964000000002,0.5881208,-0.7554190000000001,-0.23184820000000017,0.349976,0.26656038,0.3834636
6977,2025-05-03 11:30:00,ENG-Premier League,2425,Aston Villa,Fulham,1,1,0,1.29013,0.702787,2.350536,0.914407,1.436129,2.0331507,1.3784832,0.6546675000000002,0.9836944287039672,Fulham,Aston Villa,0,0,1,0.702787,1.29013,1.3086904,1.4506542000000002,-0.1419638,1.2170259,1.3328395,-0.1158136,1.1503443350348297,1,1,0,0.7814614999999998,-0.0261502,1.0418456,0.8161248000000001,0.17624645,0.6832703,0.14048326
6978,2025-05-03 12:00:00,ESP-La Liga,2425,Alaves,Atletico Madrid,1,0,0,0.908148,0.391409,1.0265388,1.2096772,-0.1831384,1.2451464,1.4716237,-0.2264773,0.8031177674225558,Atletico Madrid,Alaves,0,0,0,0.391409,0.908148,2.0792686,1.0168384000000004,1.0624301999999994,1.7535187999999995,1.2996002,0.4539185999999997,1.0265068007786398,0,0,0,0.043338899999999986,0.6085115999999997,-1.0527297999999998,-0.5083723999999994,0.26737526,0.2782711,0.45435366
6980,2025-05-03 13:00:00,ITA-Serie A,2425,Cagliari,Udinese,1,1,2,0.954534,1.92066,1.0554722,0.8074652,0.2480069999999998,0.8216901,1.2015934,-0.3799032999999999,1.0953021153569755,Udinese,Cagliari,0,2,1,1.92066,0.954534,0.8865247999999999,1.7231283999999998,-0.8366035999999999,1.2477643,1.3750238,-0.1272595,0.5610029386135358,2,3,1,0.6279102999999997,-0.7093440999999999,0.1689474000000002,-0.42607420000000007,0.2697034,0.41817716,0.31211948
6979,2025-05-03 13:00:00,ITA-Serie A,2425,Parma Calcio 1913,Como,1,0,1,2.74525,1.32818,0.9307554,1.2338562,-0.3031007999999999,0.9079904,1.1991147,-0.2911242999999999,1.1013320170213066,Como,Parma Calcio 1913,0,1,0,1.32818,2.74525,1.779062,1.1198174,0.6592446000000003,1.4161632000000002,1.2262342,0.1899290000000002,1.1298124892579546,2,1,0,-0.011976500000000001,0.46931560000000005,-0.8483065999999999,-0.5081728000000002,0.29651883,0.2838426,0.41963854
6982,2025-05-03 13:30:00,GER-Bundesliga,2425,St. Pauli,VfB Stuttgart,1,0,1,0.213208,3.56335,1.4498142,1.6053984,-0.1555841999999998,1.1305986999999995,1.5034493,-0.3728506000000002,0.707589078610228,VfB Stuttgart,St. Pauli,0,1,0,3.56335,0.213208,1.6742286,1.7691984,-0.0949698000000001,1.7843336,1.7655387,0.0187949,0.952736106781766,2,1,0,0.2172664000000004,-0.11376470000000011,-0.2244143999999999,-0.6537349000000006,0.28811076,0.31452605,0.39736316
6983,2025-05-03 13:30:00,GER-Bundesliga,2425,RasenBallsport Leipzig,Bayern Munich,1,3,3,1.74905,1.97214,1.282956,1.616332,-0.3333759999999999,1.607593,1.6224715,-0.0148785,0.7464571278569092,Bayern Munich,RasenBallsport Leipzig,0,3,3,1.97214,1.74905,2.8218120000000004,0.9158759999999996,1.9059360000000007,2.55319106,1.0450293,1.50816176,0.9791664478229656,0,6,1,-0.3184974999999999,0.39777424000000083,-1.5388560000000004,-0.94559806,0.21969861,0.20301914,0.57728225
6981,2025-05-03 13:30:00,GER-Bundesliga,2425,Union Berlin,Werder Bremen,1,2,2,1.35336,1.35783,1.2222138,1.2019398,0.0202739999999999,1.0560988999999998,1.8207288,-0.7646299000000001,1.1362561439500185,Werder Bremen,Union Berlin,0,2,2,1.35783,1.35336,1.724578,0.8319470000000002,0.8926309999999997,1.749717,1.3541455,0.3955714999999999,0.8001289350626787,0,4,1,0.7849039,0.4970594999999998,-0.5023641999999999,-0.6936181000000001,0.24876761,0.2554292,0.49580324
6984,2025-05-03 13:30:00,GER-Bundesliga,2425,Borussia M.Gladbach,Hoffenheim,1,4,4,1.91833,1.91093,1.3472604,1.9327154,-0.5854549999999998,1.5048465,1.9919757,-0.4871291999999998,1.196134492033246,Hoffenheim,Borussia M.Gladbach,0,4,4,1.91093,1.91833,1.538504,1.4048744000000002,0.1336295999999999,1.2819578,1.6745632,-0.3926054000000001,1.092078778194744,0,8,1,-0.09832580000000002,0.526235,-0.19124360000000018,0.22288869999999994,0.26072654,0.44706592,0.29220754
6986,2025-05-03 14:00:00,ENG-Premier League,2425,Everton,Ipswich,1,2,2,0.808481,1.14351,1.0091828,1.1544864,-0.1453036000000001,1.2171754,1.1393128,0.0778626,0.7394162423786725,Ipswich,Everton,0,2,2,1.14351,0.808481,0.8416155999999999,2.928512,-2.0868964,0.8893471000000002,2.497641,-1.6082939,1.236861022135202,0,4,1,-0.2231662000000001,-0.47860250000000004,0.16756720000000014,0.32782829999999974,0.28185877,0.5806125,0.1375287
6985,2025-05-03 14:00:00,ENG-Premier League,2425,Leicester,Southampton,1,2,0,1.60739,0.550774,0.7451481999999999,3.262856,-2.5177078,0.6389465999999999,2.471066,-1.8321194,0.313014713569626,Southampton,Leicester,0,0,2,0.550774,1.60739,0.7476914,1.912972,-1.1652806,0.7505727,2.5285278,-1.7779551,0.9326199412529376,1,2,0,-0.6855884000000001,0.6126745,-0.0025432000000000787,-0.11162610000000006,0.44972554,0.32957405,0.22070043
6987,2025-05-03 14:15:00,ESP-La Liga,2425,Villarreal,Osasuna,1,4,2,2.30041,1.41412,1.4029379999999998,2.0137766,-0.6108386000000001,1.487398,1.4579058,0.0294921999999999,0.6723145571564859,Osasuna,Villarreal,0,2,4,1.41412,2.30041,1.41265,1.1892116,0.2234384,1.3431736,1.8086236,-0.4654499999999999,0.8934058163398861,1,6,1,-0.6403308,0.6888884,-0.009712000000000165,0.14422439999999992,0.29777586,0.43436626,0.2678579
6988,2025-05-03 15:00:00,FRA-Ligue 1,2425,Strasbourg,Paris Saint Germain,1,2,1,1.42064,2.35931,1.7085028000000002,1.758202,-0.0496991999999998,1.59895,1.3706499,0.2283000999999997,1.000656055126142,Paris Saint Germain,Strasbourg,0,1,2,2.35931,1.42064,3.121766,0.883403,2.238363,3.089286,1.1091272,1.9801588,0.8416181468410026,1,3,1,-0.2779992999999995,0.2582042,-1.4132631999999998,-1.4903359999999999,0.15746328,0.25275314,0.58978355
6989,2025-05-03 16:00:00,ITA-Serie A,2425,Lecce,Napoli,1,0,1,0.276702,0.845058,1.0514012,1.7748714,-0.7234701999999997,1.0361575000000005,1.6455249000000003,-0.6093674,0.5790619871380681,Napoli,Lecce,0,1,0,0.845058,0.276702,1.3960108,1.254956,0.1410548,1.4574292,1.0180487,0.4393804999999999,1.029208808764907,2,1,0,-0.11410279999999973,-0.2983256999999999,-0.34460960000000007,-0.42127169999999947,0.25239056,0.2848408,0.46276867
6991,2025-05-03 16:30:00,GER-Bundesliga,2425,Borussia Dortmund,Wolfsburg,1,4,0,2.54996,1.3634,2.313744,1.6076366,0.7061073999999998,2.715946,1.4874789,1.2284670999999998,0.8468501042177922,Wolfsburg,Borussia Dortmund,0,0,4,1.3634,2.54996,1.3949257999999998,1.821198,-0.4262722000000003,1.4739715,1.5735838,-0.0996122999999999,0.6784387089989806,1,4,1,-0.5223597,-0.32665990000000045,0.9188182,1.2419745000000002,0.13002248,0.7661752,0.10380232
6990,2025-05-03 16:30:00,ESP-La Liga,2425,Las Palmas,Valencia,1,2,3,1.80995,1.6731,1.1219274,1.780933,-0.6590056,0.9618289999999998,1.8890525,-0.9272235000000002,1.0396847675784704,Valencia,Las Palmas,0,3,2,1.6731,1.80995,1.2779328,1.199202,0.0787307999999999,1.3625598,1.2449311,0.1176287,0.9540858653793652,2,5,1,0.26821790000000023,-0.038897900000000096,-0.15600540000000018,-0.4007308000000003,0.26217723,0.28524944,0.4525733
6992,2025-05-03 16:30:00,ENG-Premier League,2425,Arsenal,Bournemouth,1,1,2,2.05484,1.41783,1.8414938,1.1914843999999998,0.6500094000000001,1.6173454,0.9323188,0.6850266,0.8656154303122696,Bournemouth,Arsenal,0,2,1,1.41783,2.05484,1.4153606,1.12814,0.2872205999999999,1.5747904,1.4249368,0.1498535999999999,0.7620056853244183,2,3,1,-0.03501719999999997,0.137367,0.4261332,0.04255500000000012,0.24727823,0.48385346,0.2688683
6993,2025-05-03 17:00:00,FRA-Ligue 1,2425,Toulouse,Rennes,1,2,1,1.01393,1.57739,1.2936486,1.1440444,0.1496042000000002,1.7359513,1.4904307,0.2455206000000001,0.8640790418031647,Rennes,Toulouse,0,1,2,1.57739,1.01393,1.9462928,1.1667393999999998,0.7795534,1.8470986,1.4658855000000002,0.3812130999999998,0.9203618472983266,1,3,1,-0.0959163999999999,0.39834030000000015,-0.6526441999999999,-0.11114730000000006,0.26424477,0.33190915,0.40384614
6994,2025-05-03 18:45:00,ITA-Serie A,2425,Inter,Verona,1,1,0,1.59903,0.303341,1.5994934,1.5602585999999998,0.0392348000000002,1.7278334000000002,1.3870967,0.3407367000000001,0.8102628353735751,Verona,Inter,0,0,1,0.303341,1.59903,0.7382110000000002,0.939719,-0.2015079999999998,0.6607888000000001,1.1404894,-0.4797006,0.6053362203835471,1,1,0,-0.30150189999999993,0.2781926000000002,0.8612823999999999,1.0670446,0.23140332,0.63620967,0.13238697
6995,2025-05-03 19:00:00,ESP-La Liga,2425,Real Valladolid,Barcelona,1,1,2,0.745612,2.21168,1.0541351999999995,2.564588,-1.5104528,1.0060818,2.3972665,-1.3911846999999995,0.8945585790752013,Barcelona,Real Valladolid,0,2,1,2.21168,0.745612,2.264652,0.834231,1.430421,2.625206,0.7539484,1.8712576,0.9523058562620016,2,3,1,-0.11926810000000043,-0.44083660000000013,-1.2105168000000004,-1.6191242,0.15498884,0.12781535,0.7171958
6996,2025-05-03 19:05:00,FRA-Ligue 1,2425,Saint-Etienne,Monaco,1,1,3,1.16957,1.84407,1.591694,2.3890218,-0.7973278000000001,1.423841,2.6975189,-1.2736779,1.0534876763011627,Monaco,Saint-Etienne,0,3,1,1.84407,1.16957,2.2911194,0.706834,1.5842854,2.8287277000000004,0.8424476999999999,1.9862800000000005,0.7423829651814965,2,4,1,0.4763500999999999,-0.40199460000000053,-0.6994254,-1.4048867000000005,0.22584656,0.13073333,0.6434201
6997,2025-05-04 10:30:00,ITA-Serie A,2425,Empoli,Lazio,1,0,1,0.18325,1.12653,1.0314204,1.2752446000000002,-0.2438242000000001,1.12284944,1.5717325,-0.44888306,0.4452952790400118,Lazio,Empoli,0,1,0,1.12653,0.18325,1.4991196,0.6910669999999998,0.8080526000000002,1.331631,1.039247,0.292384,0.9011498672305864,2,1,0,0.2050588599999999,0.5156686000000003,-0.4676992,-0.20878156000000003,0.26380768,0.31885973,0.4173326
6998,2025-05-04 12:00:00,ESP-La Liga,2425,Real Madrid,Celta Vigo,1,3,2,3.07408,2.13071,2.474778,1.3499004,1.1248775999999998,2.1215579999999994,1.4173931,0.7041648999999994,0.707027237988668,Celta Vigo,Real Madrid,0,2,3,2.13071,3.07408,1.7446652,1.0277328000000003,0.7169323999999997,1.7031275999999995,0.939884,0.7632435999999998,0.9394475555163598,1,5,1,0.4207127000000004,-0.04631120000000011,0.7301128000000001,0.41843039999999987,0.23455897,0.56449735,0.20094365
7002,2025-05-04 13:00:00,ITA-Serie A,2425,Monza,Atalanta,1,0,4,0.827428,3.05078,0.8219496,1.732924,-0.9109744,0.7012666,1.7047598000000002,-1.0034932000000003,0.5703956663618853,Atalanta,Monza,0,4,0,3.05078,0.827428,1.5308106,0.989204,0.5416066000000002,1.8596696,0.9426579,0.9170116999999997,0.6990485304225383,2,4,1,0.09251880000000035,-0.3754050999999995,-0.708861,-1.1584029999999998,0.23403761,0.21141274,0.5545497
7000,2025-05-04 13:00:00,ENG-Premier League,2425,Brighton,Newcastle United,1,1,1,0.687863,1.63777,1.6126938,1.566411,0.0462827999999999,2.1887199,1.3072327,0.8814871999999996,0.9594644981916152,Newcastle United,Brighton,0,1,1,1.63777,0.687863,2.759206,1.3395072,1.4196987999999997,2.1766241,1.4959872,0.6806369000000001,1.056681740920841,0,2,0,-0.8352043999999996,0.7390618999999996,-1.1465121999999999,0.01209579999999999,0.25043926,0.48052943,0.2690313
6999,2025-05-04 13:00:00,ENG-Premier League,2425,Brentford,Manchester United,1,4,3,3.58737,1.13404,1.5915046,1.2846352,0.3068694,1.5538206,1.2597613,0.2940593000000002,1.0297192419000998,Manchester United,Brentford,0,3,4,1.13404,3.58737,1.3873335999999998,0.9272042,0.4601293999999998,1.2860883,1.2891041,-0.0030157999999997,0.8553060817783026,1,7,1,0.012810099999999824,0.4631451999999995,0.2041710000000001,0.26773230000000003,0.2393993,0.57173324,0.18886743
7001,2025-05-04 13:00:00,ENG-Premier League,2425,West Ham,Tottenham,1,1,1,1.15166,0.847022,1.2659904000000002,1.3397014,-0.0737109999999998,1.1074643,1.3144475,-0.2069832,0.9029628287224892,Tottenham,West Ham,0,1,1,0.847022,1.15166,1.7189644000000002,1.4766722,0.2422922000000003,1.6196762,1.5615201,0.0581560999999999,0.8643697645432066,0,2,0,0.1332722000000002,0.18413610000000039,-0.452974,-0.5122119,0.32405975,0.2879622,0.38797802
7003,2025-05-04 13:00:00,FRA-Ligue 1,2425,Nantes,Angers,1,0,1,0.14126,0.727966,0.9143791999999996,2.2878876,-1.3735084000000002,1.3700084,2.4886978,-1.1186894000000005,0.8029141989828684,Angers,Nantes,0,1,0,0.727966,0.14126,0.8591203999999999,1.7363516,-0.8772312000000002,1.1258372,2.3457508,-1.2199136000000004,0.6217589703387219,2,1,0,-0.2548189999999997,0.34268240000000016,0.05525879999999972,0.2441711999999998,0.37314585,0.40551132,0.2213428
7004,2025-05-04 13:30:00,GER-Bundesliga,2425,Augsburg,Holstein Kiel,1,1,3,3.93001,2.10407,0.8129354,1.631174,-0.8182386000000001,0.9929412999999998,1.3274502,-0.3345089000000001,0.9063970786620736,Holstein Kiel,Augsburg,0,3,1,2.10407,3.93001,1.3951188,1.78367,-0.3885512,1.2551028,1.8115071,-0.5564043000000001,0.9560962208862726,2,4,1,-0.48372970000000004,0.1678531000000001,-0.5821834000000001,-0.26216150000000016,0.3232969,0.45554698,0.22115609
7005,2025-05-04 14:15:00,ESP-La Liga,2425,Sevilla,Leganes,1,2,2,2.33742,0.804853,1.0854716,1.0467808,0.0386907999999999,1.0771004,1.2454793,-0.1683789,0.9284176958641036,Leganes,Sevilla,0,2,2,0.804853,2.33742,1.2976725999999998,1.7202016,-0.4225290000000001,1.163428,1.5674262,-0.4039982000000002,0.9454809876666304,0,4,1,0.2070696999999999,-0.018530799999999903,-0.21220099999999986,-0.08632759999999995,0.31736663,0.442402,0.24023136
7008,2025-05-04 15:15:00,FRA-Ligue 1,2425,Lyon,Lens,1,1,2,1.1801,0.952824,2.1269378,1.192891,0.9340468,1.9898779,1.5008995,0.4889783999999997,1.3066121762485146,Lens,Lyon,0,2,1,0.952824,1.1801,2.2239772,1.706778,0.5171992000000003,1.7357976000000002,1.8339435,-0.0981458999999995,0.5761037023534873,2,3,1,0.44506840000000025,0.6153450999999998,-0.09703940000000033,0.2540802999999998,0.20595899,0.6196864,0.17435466
7007,2025-05-04 15:15:00,FRA-Ligue 1,2425,Brest,Montpellier,1,1,0,1.34191,0.413817,1.59501,1.8662060000000005,-0.2711960000000004,1.7215878,1.4622072000000002,0.2593805999999998,0.9293740758536534,Montpellier,Brest,0,0,1,0.413817,1.34191,0.6238857999999999,2.09541,-1.4715242000000002,0.8622717,1.962006,-1.0997343000000002,0.2319451839307912,1,1,0,-0.5305766000000002,-0.3717899,0.9711242000000001,0.8593161,0.20205764,0.66269374,0.1352486
7006,2025-05-04 15:15:00,FRA-Ligue 1,2425,Auxerre,Le Havre,1,1,2,0.32277,1.30285,1.3783716,1.9848614,-0.6064898000000003,1.4919249,1.8775167000000004,-0.3855918000000002,1.0724393215507553,Le Havre,Auxerre,0,2,1,1.30285,0.32277,1.595733,2.4451492000000004,-0.8494162000000003,1.5024134,2.3061356,-0.8037222000000002,1.1315120515351824,2,3,1,-0.2208980000000001,-0.04569400000000012,-0.21736140000000015,-0.0104884999999999,0.27642515,0.45145795,0.2721169
7009,2025-05-04 15:30:00,ENG-Premier League,2425,Chelsea,Liverpool,1,3,1,3.51944,1.4267,1.4420665999999998,1.1179880000000002,0.3240785999999995,1.5071117,1.2002241,0.3068876,0.7962244628420954,Liverpool,Chelsea,0,1,3,1.4267,3.51944,2.234136,0.9523546000000002,1.2817813999999998,2.2278338,0.8390619000000001,1.3887718999999998,0.9875058958590646,1,4,1,0.017190999999999512,-0.10699049999999999,-0.7920694000000001,-0.7207220999999999,0.2570843,0.15450074,0.5884149
7010,2025-05-04 15:30:00,GER-Bundesliga,2425,Freiburg,Bayer Leverkusen,1,2,2,0.904468,0.227838,1.772618,1.5402006,0.2324173999999998,1.7019076000000002,1.4729343,0.2289733000000002,0.9401209912212676,Bayer Leverkusen,Freiburg,0,2,2,0.227838,0.904468,1.0232744000000005,1.0951220000000002,-0.0718475999999999,1.6037052000000005,1.15703556,0.4466696400000003,1.060044539330209,0,4,1,0.003444099999999589,-0.5185172400000002,0.7493435999999996,0.09820239999999969,0.19691117,0.4898872,0.31320158
7011,2025-05-04 16:00:00,ITA-Serie A,2425,Roma,Fiorentina,1,1,0,1.00134,0.760529,1.5092325999999998,1.0087214,0.5005111999999998,1.7325383,0.81433064,0.91820766,0.8080624780055495,Fiorentina,Roma,0,0,1,0.760529,1.00134,1.4006660000000002,0.9093202,0.4913458000000001,1.1592849,1.0524512,0.1068337000000001,1.0351199820510195,1,1,0,-0.41769646000000016,0.3845121,0.10856659999999962,0.5732534,0.23965552,0.5885547,0.1717898
7012,2025-05-04 16:30:00,ESP-La Liga,2425,Espanyol,Real Betis,1,1,2,0.873167,1.05631,1.30298,0.8990664000000003,0.4039135999999997,0.9701232,1.2091115,-0.2389883000000001,1.340034605878299,Real Betis,Espanyol,0,2,1,1.05631,0.873167,1.5468284,1.1210162,0.4258122,2.0056082,0.972358,1.0332502,1.1467837303498607,2,3,1,0.6429018999999998,-0.6074379999999999,-0.24384840000000008,-1.0354850000000002,0.22870474,0.24226521,0.5290301
7013,2025-05-04 17:30:00,GER-Bundesliga,2425,Mainz 05,Eintracht Frankfurt,1,1,1,1.64254,1.3876,1.3764635999999997,1.858642,-0.4821784,1.5156978,1.6711215000000004,-0.1554237000000002,0.989642533199868,Eintracht Frankfurt,Mainz 05,0,1,1,1.3876,1.64254,2.2974126,0.9674192,1.3299934,2.1307713,1.5566293,0.5741420000000002,0.7509014454524305,0,2,0,-0.32675469999999984,0.7558513999999998,-0.9209490000000002,-0.6150735,0.23210406,0.24840978,0.5194861
7015,2025-05-04 18:45:00,FRA-Ligue 1,2425,Lille,Marseille,1,1,1,0.682721,1.42571,1.6815911999999995,0.9060728,0.7755183999999996,1.7577479,1.3641797,0.3935682,0.8533642091882407,Marseille,Lille,0,1,1,1.42571,0.682721,1.6073506000000002,1.5180004,0.0893502000000001,1.9741967,1.527394,0.4468026999999999,1.063723253248649,0,2,0,0.38195019999999963,-0.3574524999999998,0.07424059999999932,-0.2164488,0.22883502,0.41601884,0.35514614
7014,2025-05-04 18:45:00,ITA-Serie A,2425,Bologna,Juventus,1,1,1,0.390379,0.681163,1.0436770000000002,0.7777424000000002,0.2659346,1.4730820999999998,0.941724,0.5313580999999997,0.9503876597321632,Juventus,Bologna,0,1,1,0.681163,0.390379,1.2766772,0.7963732,0.4803039999999999,1.3468533,1.1005765,0.2462767999999999,0.7424708077183998,0,2,0,-0.2654234999999997,0.2340272,-0.23300019999999977,0.1262287999999998,0.25919214,0.47821933,0.26258856
7016,2025-05-04 19:00:00,ESP-La Liga,2425,Real Sociedad,Athletic Club,1,0,0,0.893155,0.232928,1.505951,1.362141,0.14381,1.0512348,1.4747277,-0.4234929,1.1415136356657565,Athletic Club,Real Sociedad,0,0,0,0.232928,0.893155,1.3010434,1.4806258,-0.1795823999999999,1.6845065,1.2698197,0.4146868000000001,0.8311034530864362,0,0,0,0.5673029,-0.5942691999999999,0.20490760000000008,-0.6332716999999999,0.20800392,0.35850427,0.43349183
7017,2025-05-05 18:45:00,ITA-Serie A,2425,Genoa,AC Milan,1,1,2,0.54789,1.29954,0.7092553999999998,1.352302,-0.6430466000000001,0.9380648,1.1525712,-0.2145064000000001,0.7462163101991353,AC Milan,Genoa,0,2,1,1.29954,0.54789,1.7784094,1.5447186,0.2336907999999999,1.8929727,1.5676176000000002,0.3253550999999999,0.8980579075134536,2,3,1,-0.42854020000000004,-0.0916643,-1.0691540000000002,-0.9549079,0.27868134,0.3039068,0.41741183
7018,2025-05-05 19:00:00,ESP-La Liga,2425,Girona,Mallorca,1,1,0,1.77813,0.488126,0.933109,1.5721586000000003,-0.6390496000000003,0.9940844,1.4371899,-0.4431055000000001,0.9053548115685032,Mallorca,Girona,0,0,1,0.488126,1.77813,0.7049456000000001,1.371056,-0.6661104,1.2935838,1.2242125,0.0693713,0.8503501277998937,1,1,0,-0.19594410000000023,-0.7354817,0.2281633999999999,-0.29949939999999997,0.26199868,0.43883163,0.2991697
7019,2025-05-05 19:00:00,ENG-Premier League,2425,Crystal Palace,Nottingham Forest,1,1,1,2.34037,0.63684,1.4000986000000002,2.1569106,-0.7568119999999996,1.8870753,1.5021804,0.3848949000000001,0.7948804189846483,Nottingham Forest,Crystal Palace,0,1,1,0.63684,2.34037,0.6263981999999999,1.936734,-1.3103358,0.8166629000000001,1.7911913000000002,-0.9745284,1.5918421274651666,0,2,0,-1.1417068999999997,-0.3358074000000001,0.7737004000000003,1.0704124,0.25410783,0.6293043,0.11658789
7020,2025-05-09 18:30:00,GER-Bundesliga,2425,Wolfsburg,Hoffenheim,1,2,2,1.36763,1.10881,1.4198337999999997,2.068376,-0.6485422000000001,1.4345805,1.7061138,-0.2715333,0.5576539220671674,Hoffenheim,Wolfsburg,0,2,2,1.10881,1.36763,1.531672,1.6508162000000002,-0.1191442000000002,1.2811768,1.7807312,-0.4995543999999998,1.1707976831943232,0,4,1,-0.3770089000000001,0.3804101999999996,-0.11183820000000022,0.15340370000000014,0.25242952,0.45974106,0.28782943
7021,2025-05-09 18:45:00,ITA-Serie A,2425,AC Milan,Bologna,1,3,1,1.55343,0.361364,1.5870794,1.4652778000000002,0.1218015999999997,1.8044817,1.5667483,0.2377334000000002,0.997515797740815,Bologna,AC Milan,0,1,3,0.361364,1.55343,0.8625748,0.7773056000000003,0.0852691999999997,1.4422774,0.8687303,0.5735471000000001,1.0400211221356432,1,4,1,-0.1159318000000005,-0.4882779000000004,0.7245045999999999,0.3622042999999999,0.22363359,0.5099422,0.2664242
7022,2025-05-09 19:00:00,ESP-La Liga,2425,Las Palmas,Rayo Vallecano,1,0,1,0.721442,1.00781,1.3784494,1.900227,-0.5217775999999998,1.038423,1.8229485,-0.7845255000000002,1.0592975509040623,Rayo Vallecano,Las Palmas,0,1,0,1.00781,0.721442,1.078092,2.335236,-1.2571439999999996,1.0923478,1.7378588,-0.6455110000000002,0.8239126550054342,2,1,0,0.26274790000000037,-0.6116329999999994,0.3003574,-0.053924799999999884,0.2746789,0.41588825,0.3094329
7023,2025-05-10 12:00:00,ESP-La Liga,2425,Valencia,Getafe,1,3,0,2.97396,0.590071,1.466244,1.4296309999999997,0.0366130000000004,1.4557744,1.3216981,0.1340763,1.0303787246301868,Getafe,Valencia,0,0,3,0.590071,2.97396,1.6994146,1.0349484,0.6644662000000001,1.318392,1.2565966,0.0617954,0.8343490901423172,1,3,1,-0.09746329999999961,0.6026708000000001,-0.2331706,0.1373823999999999,0.2909883,0.4115953,0.2974164
7024,2025-05-10 13:00:00,ITA-Serie A,2425,Como,Cagliari,1,3,1,1.93276,1.22492,1.657372,1.3118394,0.3455326000000001,1.4614363,1.4576377,0.0037985999999998,1.0263868316485425,Cagliari,Como,0,1,3,1.22492,1.93276,0.8547009999999997,0.9989986,-0.1442976000000002,0.9048141,1.3462846,-0.4414704999999999,1.1051981780586997,1,4,1,0.34173400000000026,0.2971728999999997,0.8026710000000004,0.5566222,0.22030775,0.55249727,0.22719495
7027,2025-05-10 13:30:00,GER-Bundesliga,2425,Bochum,Mainz 05,1,1,4,0.734972,2.48765,1.3004742,1.4688282,-0.1683540000000001,1.3359173,1.8135173,-0.4775999999999998,0.5988390158290369,Mainz 05,Bochum,0,4,1,2.48765,0.734972,1.574083,1.596718,-0.0226349999999999,1.4850198,1.7553610000000002,-0.2703412,0.942747737944142,2,5,1,0.3092459999999997,0.2477062000000001,-0.2736087999999999,-0.14910249999999992,0.2517908,0.36503604,0.38317314
7026,2025-05-10 13:30:00,GER-Bundesliga,2425,Holstein Kiel,Freiburg,1,1,2,0.974297,2.01558,1.7029808000000002,2.273358,-0.5703771999999998,1.3389508,1.9019811,-0.5630303000000001,1.045594023623554,Freiburg,Holstein Kiel,0,2,1,2.01558,0.974297,1.7514656000000002,1.3085042000000002,0.4429613999999999,1.6672824,1.4766591,0.1906232999999999,1.01962269881653,2,3,1,-0.007346899999999712,0.2523381,-0.048484799999999995,-0.32833159999999983,0.30878097,0.29145697,0.3997621
7025,2025-05-10 13:30:00,GER-Bundesliga,2425,Werder Bremen,RasenBallsport Leipzig,1,0,0,3.20616,1.39403,1.69983,0.989667,0.7101629999999999,1.7998350000000003,1.2976075000000002,0.5022275,0.833409266177585,RasenBallsport Leipzig,Werder Bremen,0,0,0,1.39403,3.20616,1.4469566,1.651682,-0.2047253999999998,1.617978,1.7142405,-0.0962624999999999,0.9270824899457903,0,0,0,0.20793549999999983,-0.1084628999999999,0.2528733999999999,0.18185700000000038,0.2083736,0.6041183,0.1875081
7028,2025-05-10 13:30:00,GER-Bundesliga,2425,Union Berlin,FC Heidenheim,1,0,3,0.528885,1.86184,1.2156218,1.2714598,-0.0558380000000002,1.0246109,1.7344757999999998,-0.7098648999999997,1.2687730837402922,FC Heidenheim,Union Berlin,0,3,0,1.86184,0.528885,0.8214264,2.2569086,-1.4354822,1.2103594,1.8814463,-0.6710868999999999,0.6609601569912565,2,3,1,0.6540268999999995,-0.7643953000000001,0.3941954000000001,-0.18574849999999987,0.24848296,0.41439006,0.33712703
7029,2025-05-10 14:00:00,ENG-Premier League,2425,Fulham,Everton,1,1,3,1.20869,1.32604,1.1608358,1.2483022,-0.0874664,1.0663116,1.4287224,-0.3624107999999999,1.125373553683976,Everton,Fulham,0,3,1,1.32604,1.20869,1.0062518,1.1237524,-0.1175006,1.1964585,1.0230178,0.1734407,0.7522193605383216,2,4,1,0.2749443999999999,-0.2909413,0.15458400000000005,-0.13014690000000018,0.24972247,0.38973677,0.36054072
7031,2025-05-10 14:00:00,ENG-Premier League,2425,Southampton,Manchester City,1,0,0,0.136995,1.58463,0.7203854,2.046898,-1.3265125999999996,0.7082083,2.4805448,-1.7723365000000002,0.8472071744892365,Manchester City,Southampton,0,0,0,1.58463,0.136995,1.8773614,1.1739190000000002,0.7034423999999997,1.7175001,1.067832,0.6496681,0.873361886056434,0,0,0,0.4458239000000006,0.05377429999999972,-1.1569760000000002,-1.0092918000000002,0.24946563,0.21853985,0.5319945
7030,2025-05-10 14:00:00,ENG-Premier League,2425,Ipswich,Brentford,1,0,1,0.717433,1.32077,0.7877915999999999,2.6909342,-1.9031426,0.9704117,2.2886481,-1.3182364,1.2365872787938574,Brentford,Ipswich,0,1,0,1.32077,0.717433,2.0025766,1.0582751999999995,0.9443014,1.7160586000000002,1.3058187,0.4102399000000001,1.107187652456826,2,1,0,-0.5849062,0.5340614999999999,-1.214785,-0.7456469000000002,0.33436415,0.21662836,0.4490075
7032,2025-05-10 14:00:00,ENG-Premier League,2425,Wolverhampton Wanderers,Brighton,1,0,2,0.73395,1.41254,1.6852598,1.1100258000000005,0.5752339999999998,1.3913252,1.199442,0.1918832000000001,1.1499819380961849,Brighton,Wolverhampton Wanderers,0,2,0,1.41254,0.73395,1.6386645999999998,1.652535,-0.0138704,2.0506142,1.4060309,0.6445833000000001,0.9265512125336826,2,2,0,0.3833507999999997,-0.6584537,0.04659520000000028,-0.659289,0.19649337,0.36478242,0.43872416
7033,2025-05-10 14:15:00,ESP-La Liga,2425,Celta Vigo,Sevilla,1,3,2,0.959531,2.61391,1.9554812,1.5370808000000002,0.4184003999999999,1.7708106,1.1783815,0.5924291000000002,0.9600117821681312,Sevilla,Celta Vigo,0,2,3,2.61391,0.959531,1.3794378,1.0289108,0.350527,1.1625724000000002,1.2727165,-0.1101440999999998,0.6881285947192667,1,5,1,-0.17402870000000026,0.4606710999999998,0.5760433999999999,0.6082381999999997,0.21544373,0.62858766,0.15596864
7034,2025-05-10 16:00:00,ITA-Serie A,2425,Lazio,Juventus,1,1,1,1.51119,1.17931,1.3368696,0.6011699999999998,0.7356996000000002,1.3559463,1.0017131999999995,0.3542331000000003,0.8112409678458742,Juventus,Lazio,0,1,1,1.17931,1.51119,1.1110938,0.8218152,0.2892785999999999,1.2783496,0.9311104,0.3472392000000001,0.7822580127861636,0,2,0,0.38146649999999993,-0.057960600000000195,0.22577580000000008,0.07759669999999996,0.2534146,0.4840741,0.2625113
7036,2025-05-10 16:30:00,ESP-La Liga,2425,Mallorca,Real Valladolid,1,2,1,1.75638,2.76393,0.6710098,1.5803732,-0.9093634,1.1089824,1.2976245,-0.1886421,0.7213814021021415,Real Valladolid,Mallorca,0,1,2,2.76393,1.75638,0.9442075999999998,2.741302,-1.7970944000000002,1.0273949,2.4701645,-1.4427696,0.973334622028373,1,3,1,-0.7207213,-0.3543248000000001,-0.2731977999999998,0.08158749999999992,0.26336414,0.5526019,0.18403395
7035,2025-05-10 16:30:00,ESP-La Liga,2425,Girona,Villarreal,1,0,1,0.280235,2.28245,1.1905656,1.1191178000000002,0.0714477999999998,1.0431974,1.3904675,-0.3472701,0.8627313845573383,Villarreal,Girona,0,1,0,2.28245,0.280235,1.544038,2.09687,-0.552832,1.6132110000000002,1.5252224,0.0879886,0.8058457288936606,2,1,0,0.4187178999999998,-0.6408206,-0.3534724,-0.5700136000000002,0.26004985,0.3435332,0.39641696
7037,2025-05-10 16:30:00,ENG-Premier League,2425,Bournemouth,Aston Villa,1,0,1,1.02272,1.12376,1.2996526,1.2565820000000003,0.0430705999999996,1.5078514,1.532979,-0.0251276,0.7295143742185907,Aston Villa,Bournemouth,0,1,0,1.12376,1.02272,2.367132,0.9433626,1.4237694000000003,1.8723227,1.4154755,0.4568472000000003,1.0681913602866857,2,1,0,0.0681981999999996,0.9669222,-1.0674793999999999,-0.36447129999999994,0.26289946,0.29330173,0.4437988
7038,2025-05-10 16:30:00,GER-Bundesliga,2425,Bayern Munich,Borussia M.Gladbach,1,2,0,2.78307,1.35544,2.415814,1.0974321999999996,1.3183818000000005,2.743201,0.9642053,1.7789957,1.020705000944152,Borussia M.Gladbach,Bayern Munich,0,0,2,1.35544,2.78307,1.3718484,2.129092,-0.7572436,1.4746435000000002,2.0162447,-0.5416011999999999,1.356259084816713,1,2,0,-0.4606138999999996,-0.21564240000000012,1.0439656000000002,1.2685574999999998,0.09131534,0.8426061,0.06607853
7039,2025-05-10 18:45:00,ITA-Serie A,2425,Empoli,Parma Calcio 1913,1,2,1,0.989813,0.404689,0.7110424,1.1132246,-0.4021822000000001,0.8937004400000002,1.3938695,-0.5001690599999999,0.5594709571017363,Parma Calcio 1913,Empoli,0,1,2,0.404689,0.989813,1.379515,1.346445,0.0330699999999999,1.1531676999999998,1.1907546999999998,-0.037587,0.8671758087086479,1,3,1,0.09798685999999984,0.0706569999999999,-0.6684726000000001,-0.25946725999999964,0.2724347,0.35256928,0.37499604
7042,2025-05-10 19:00:00,FRA-Ligue 1,2425,Auxerre,Nantes,1,1,1,0.624481,0.823377,1.0195636,2.154028,-1.1344644,1.3755559,1.8103097,-0.4347538000000002,1.0904674317725425,Nantes,Auxerre,0,1,1,0.823377,0.624481,0.7294611999999998,1.6307228000000002,-0.9012616000000004,1.2475283999999998,2.0467124,-0.7991840000000003,0.801584315367638,0,2,0,-0.6997105999999997,-0.1020776000000001,0.2901024000000001,0.12802750000000018,0.32395375,0.48888606,0.18716015
7048,2025-05-10 19:00:00,FRA-Ligue 1,2425,Montpellier,Paris Saint Germain,1,1,4,0.594471,1.78222,0.6152458,1.94043,-1.3251841999999998,0.7697604,1.93712,-1.1673596000000002,0.1299103852180688,Paris Saint Germain,Montpellier,0,4,1,1.78222,0.594471,2.801586,0.912261,1.889325,3.031936,1.1315732,1.9003628,0.8575376071468503,2,5,1,-0.15782459999999965,-0.011037799999999987,-2.1863402,-2.2621756,0.13954504,0.21870856,0.64174634
7046,2025-05-10 19:00:00,FRA-Ligue 1,2425,Le Havre,Marseille,1,1,3,1.10297,2.16132,1.0535450000000002,2.2965332,-1.2429881999999997,1.5771155,2.2161366,-0.6390210999999997,1.1413234215734858,Marseille,Le Havre,0,3,1,2.16132,1.10297,1.6767226000000002,1.4434506,0.2332720000000001,1.5225317,1.4925461,0.0299856,1.1165605835592234,2,4,1,-0.6039671,0.2032864000000001,-0.6231776,0.05458379999999985,0.3002256,0.36955872,0.33021566
7041,2025-05-10 19:00:00,FRA-Ligue 1,2425,Reims,Saint-Etienne,1,0,2,1.12267,0.71062,0.9825094,1.8022292,-0.8197198,0.9673594,1.9378296,-0.9704702,0.6202445334748042,Saint-Etienne,Reims,0,2,0,0.71062,1.12267,1.570338,1.9657938,-0.3954558000000001,1.437678,2.2876899,-0.8500118999999997,1.0433483413195852,2,2,0,0.15075039999999995,0.45455609999999963,-0.5878286,-0.47031860000000003,0.32166824,0.3292809,0.34905088
7043,2025-05-10 19:00:00,FRA-Ligue 1,2425,Angers,Strasbourg,1,2,1,1.33058,0.710143,0.7950056,1.4378396000000002,-0.6428340000000002,0.9554858000000002,2.1531438,-1.1976579999999994,0.732610853441408,Strasbourg,Angers,0,1,2,0.710143,1.33058,1.6375267999999998,1.655742,-0.0182152000000002,1.543169,1.5800248,-0.0368557999999998,1.036826791604295,1,3,1,0.5548239999999992,0.0186405999999996,-0.8425211999999999,-0.5876831999999999,0.2400794,0.2813491,0.4785715
7049,2025-05-10 19:00:00,ESP-La Liga,2425,Atletico Madrid,Real Sociedad,1,4,0,1.71528,0.298675,1.9586568,1.0014594000000003,0.9571973999999996,1.7237491999999996,1.245027,0.4787221999999997,0.9862217855000106,Real Sociedad,Atletico Madrid,0,0,4,0.298675,1.71528,1.4189600000000002,1.1496766,0.2692834000000002,1.1200213,1.2485754999999998,-0.1285541999999999,1.0714072389451532,1,4,1,0.47847519999999993,0.39783760000000007,0.5396967999999998,0.6037278999999995,0.21679139,0.59956,0.18364857
7047,2025-05-10 19:00:00,FRA-Ligue 1,2425,Monaco,Lyon,1,2,0,1.48659,0.390411,2.1547094,0.8204460000000001,1.3342634000000002,2.4983527,0.8227987000000001,1.6755539999999998,0.6804480886753546,Lyon,Monaco,0,0,2,0.390411,1.48659,1.7886358000000002,1.0283517999999998,0.7602840000000004,1.9488109,1.4622889,0.4865220000000001,1.1802062579769756,1,2,0,-0.34129059999999956,0.2737620000000003,0.3660736,0.5495417999999999,0.19894503,0.633532,0.16752295
7045,2025-05-10 19:00:00,FRA-Ligue 1,2425,Brest,Lille,1,2,0,1.88589,1.84479,1.465158,1.4606254,0.0045325999999998,1.6582868000000002,1.3549429,0.3033439000000002,0.9045474494837386,Lille,Brest,0,0,2,1.84479,1.88589,1.4271514,1.0719256,0.3552258000000001,1.524043,1.4650450000000002,0.0589979999999998,0.9186086490941208,1,2,0,-0.29881130000000045,0.29622780000000026,0.03800659999999989,0.13424380000000014,0.25346893,0.50438344,0.2421476
7044,2025-05-10 19:00:00,FRA-Ligue 1,2425,Toulouse,Lens,1,1,1,1.12406,0.766404,1.0080905999999998,1.0612884,-0.0531978000000001,1.7177262999999996,1.3548887,0.3628375999999995,0.989679793760046,Lens,Toulouse,0,1,1,0.766404,1.12406,2.2952528,1.5518139999999998,0.7434388000000003,1.8045239,1.7541084999999998,0.0504154000000001,0.6649949801191439,0,2,0,-0.4160353999999996,0.6930234000000002,-1.2871622000000003,-0.08679760000000036,0.31186986,0.38692063,0.3012095
7040,2025-05-10 19:00:00,FRA-Ligue 1,2425,Rennes,Nice,1,2,0,2.06744,1.23457,1.9350068,1.1598174,0.7751894000000001,1.9631319,1.2653015,0.6978304,0.916901754333596,Nice,Rennes,0,0,2,1.23457,2.06744,1.916998,1.4792080000000003,0.4377899999999997,1.85388,1.3244153,0.5294646999999997,0.8630543168628408,1,2,0,0.07735900000000018,-0.0916747,0.018008800000000047,0.10925190000000007,0.2209667,0.54850143,0.23053189
7050,2025-05-11 10:30:00,ITA-Serie A,2425,Udinese,Monza,1,1,2,1.45767,1.63169,1.0026968,1.4464612,-0.4437644,1.1493143,1.2230032,-0.0736889,0.5220499544380902,Monza,Udinese,0,2,1,1.63169,1.45767,0.7948366,1.9514020000000003,-1.1565654000000003,0.7562021999999999,1.8988888,-1.1426866,0.5289583540508689,2,3,1,-0.3700755,-0.013878800000000302,0.20786020000000005,0.39311209999999996,0.39555797,0.4752152,0.1292268
7051,2025-05-11 11:00:00,ENG-Premier League,2425,Newcastle United,Chelsea,1,2,0,1.6703,0.646426,2.398538,1.4061648000000002,0.9923731999999996,2.32468,1.3527695000000002,0.9719104999999996,1.0323997141973458,Chelsea,Newcastle United,0,0,2,0.646426,1.6703,1.8850686,1.12278,0.7622885999999995,1.7940769,1.1360021,0.6580747999999998,0.8360840964598026,1,2,0,0.020462700000000056,0.10421379999999969,0.5134693999999997,0.5306030999999998,0.22551998,0.5928035,0.1816765
7052,2025-05-11 12:00:00,ESP-La Liga,2425,Leganes,Espanyol,1,3,2,2.05779,1.57739,0.9819252,1.4691716,-0.4872463999999998,1.0675852999999995,1.6590481999999998,-0.5914629,0.9366924247716556,Espanyol,Leganes,0,2,3,1.57739,2.05779,0.7801313999999999,1.0100778,-0.2299464000000002,0.9378629,1.225061,-0.2871980999999999,1.386128626978819,1,5,1,0.10421650000000021,0.05725169999999971,0.20179380000000013,0.12972239999999946,0.31040817,0.39696625,0.29262558
7053,2025-05-11 13:00:00,ITA-Serie A,2425,Verona,Lecce,1,1,1,0.480962,1.24972,0.6458320000000002,1.1592346,-0.5134025999999998,0.6539027,1.1128424,-0.4589396999999999,0.6117108681293592,Lecce,Verona,0,1,1,1.24972,0.480962,0.967861,1.562365,-0.5945039999999999,0.9528787,1.7022235,-0.7493447999999999,0.6296702511345347,0,2,0,-0.054462899999999925,0.1548408,-0.3220289999999998,-0.298976,0.30875647,0.4435715,0.24767202
7056,2025-05-11 13:15:00,ENG-Premier League,2425,Manchester United,West Ham,1,0,2,2.31287,2.15985,1.2407655999999998,1.5422656,-0.3015000000000001,1.2568403,1.4507321,-0.1938918,1.1139035612531192,West Ham,Manchester United,0,2,0,2.15985,2.31287,1.1502084,1.2883878000000002,-0.1381794000000002,1.1552837,1.2026507,-0.0473669999999999,0.9521462545119832,2,2,0,-0.1076082000000001,-0.09081240000000029,0.0905571999999999,0.10155659999999989,0.2567576,0.46629262,0.27694982
7054,2025-05-11 13:15:00,ENG-Premier League,2425,Tottenham,Crystal Palace,1,0,2,0.806792,3.98546,1.6078208,1.4461181999999997,0.1617026000000003,1.5072694,1.5340341,-0.0267646999999999,0.9288313497034107,Crystal Palace,Tottenham,0,2,0,3.98546,0.806792,1.7793796,2.0298266,-0.2504469999999998,1.8904663,1.4642994,0.4261668999999999,0.793454613047261,2,2,0,0.1884673000000002,-0.6766138999999998,-0.1715587999999999,-0.38319689999999995,0.22338751,0.35238165,0.42423087
7055,2025-05-11 13:15:00,ENG-Premier League,2425,Nottingham Forest,Leicester,1,2,2,1.76909,1.22949,0.6513535999999999,2.031432,-1.3800784000000004,0.8472168,1.8042353,-0.9570184999999998,1.53443423875183,Leicester,Nottingham Forest,0,2,2,1.22949,1.76909,1.045678,2.9586808,-1.9130028,0.7763647,2.3511434,-1.5747786999999998,0.5152211129368544,0,4,1,-0.4230599000000006,-0.33822410000000014,-0.39432440000000024,0.07085209999999997,0.32851452,0.44137263,0.23011284
7057,2025-05-11 13:30:00,GER-Bundesliga,2425,Bayer Leverkusen,Borussia Dortmund,1,2,4,1.90473,1.39477,0.6526900000000002,1.1355852,-0.4828951999999997,1.3707600000000002,1.2402783,0.1304817000000002,1.3860913755206048,Borussia Dortmund,Bayer Leverkusen,0,4,2,1.39477,1.90473,2.284292,1.749428,0.5348639999999998,2.700423,1.2869389,1.4134840999999998,0.999842987619722,2,6,1,-0.6133768999999999,-0.8786201,-1.631602,-1.3296629999999996,0.23121758,0.31609482,0.45268765
7058,2025-05-11 14:15:00,ESP-La Liga,2425,Barcelona,Real Madrid,1,4,3,4.10632,2.5616,2.1563220000000003,0.885184,1.2711380000000003,2.563599,0.6975686000000001,1.8660304,1.0141987829614605,Real Madrid,Barcelona,0,3,4,2.5616,4.10632,2.37108,1.2993244000000002,1.0717556,2.155622,1.4660821,0.6895399000000002,0.7886351184785095,1,7,1,-0.5948923999999998,0.3822156999999997,-0.21475799999999978,0.4079769999999998,0.2082321,0.63600785,0.15576002
7060,2025-05-11 15:30:00,ENG-Premier League,2425,Liverpool,Arsenal,1,2,2,2.74682,2.18795,2.26004,1.4916154,0.7684246000000001,2.1837458,1.0856769,1.0980689,0.9616499495271156,Arsenal,Liverpool,0,2,2,2.18795,2.74682,1.7920837999999997,1.1866384,0.6054453999999996,1.6478293999999998,1.0507809,0.5970484999999999,0.7889161408844018,0,4,1,-0.3296442999999998,0.008396899999999707,0.4679562000000004,0.5359164000000003,0.21862324,0.6099022,0.1714746
7059,2025-05-11 15:30:00,GER-Bundesliga,2425,Eintracht Frankfurt,St. Pauli,1,2,2,1.82027,0.666882,1.8365406,1.1232946,0.713246,1.9670043,1.5943242999999998,0.3726800000000001,0.711741854483056,St. Pauli,Eintracht Frankfurt,0,2,2,0.666882,1.82027,1.324202,1.5176424000000002,-0.1934404000000003,1.1328605,1.7347123,-0.6018517999999999,0.706176350771917,0,4,1,0.3405659999999999,0.40841139999999965,0.5123385999999999,0.8341437999999999,0.18997736,0.6731922,0.13683037
7061,2025-05-11 16:00:00,ITA-Serie A,2425,Torino,Inter,1,0,2,1.76692,2.48918,1.072139,1.1625394,-0.0904004,0.9404634,1.3738211,-0.4333577,1.2759653634948862,Inter,Torino,0,2,0,2.48918,1.76692,1.4517254,1.3529667999999997,0.0987586000000002,1.6792324,1.2808108,0.3984216,0.89326474806897,2,2,0,0.3429573,-0.2996629999999998,-0.3795864,-0.7387690000000001,0.25967997,0.28977236,0.45054767
7062,2025-05-11 16:30:00,ESP-La Liga,2425,Athletic Club,Alaves,1,1,0,1.35049,0.642793,1.1957364,1.546261,-0.3505245999999999,1.6181177999999998,1.2395582,0.3785595999999998,0.8034020740627945,Alaves,Athletic Club,0,0,1,0.642793,1.35049,0.8880403999999998,1.1516183999999998,-0.263578,1.1938412,1.3344366,-0.1405954,0.5863421480661347,1,1,0,-0.7290841999999997,-0.12298259999999997,0.3076960000000001,0.4242765999999998,0.22482981,0.62240416,0.15276603
7063,2025-05-11 17:30:00,GER-Bundesliga,2425,VfB Stuttgart,Augsburg,1,4,0,4.97233,0.381838,2.214266,1.0734480000000002,1.1408179999999997,2.0182026,1.6111285,0.4070741,0.8423332512140995,Augsburg,VfB Stuttgart,0,0,4,0.381838,4.97233,1.4612132,1.66297,-0.2017568,1.2804973,1.3733372,-0.0928398999999999,0.7809459801703759,1,4,1,0.7337438999999997,-0.10891690000000008,0.7530527999999999,0.7377053,0.17692281,0.6504166,0.17266059
7064,2025-05-11 18:45:00,ITA-Serie A,2425,Napoli,Genoa,1,2,2,2.35243,0.648382,1.3760036,0.8590584,0.5169452,1.4860761999999998,0.9573812,0.5286949999999998,0.9420775717439176,Genoa,Napoli,0,2,2,0.648382,2.35243,0.7661996,1.3103939999999998,-0.5441943999999999,0.8328177999999999,1.2484069,-0.4155891,0.7204448314567348,0,4,1,-0.01174979999999981,-0.12860529999999987,0.609804,0.6532583999999999,0.2931145,0.57508874,0.13179678
7065,2025-05-11 19:00:00,ESP-La Liga,2425,Real Betis,Osasuna,1,1,1,0.359348,2.2272,1.5792498,1.1221318,0.4571179999999999,1.8617942,1.0391457000000002,0.8226484999999997,1.1816552110565115,Osasuna,Real Betis,0,1,1,2.2272,0.359348,1.5824782000000002,1.497401,0.0850772000000001,1.3202036,1.7653205999999997,-0.4451169999999997,0.9846958569906512,0,2,0,-0.36553049999999976,0.5301941999999998,-0.003228400000000242,0.5415906000000001,0.21934183,0.66385627,0.1168019
7066,2025-05-12 16:30:00,ITA-Serie A,2425,Venezia,Fiorentina,1,2,1,2.25991,0.994541,1.2174374,1.2899784,-0.0725409999999999,1.097849,1.4421389,-0.3442898999999999,0.5465227490094275,Fiorentina,Venezia,0,1,2,0.994541,2.25991,1.1674258000000002,0.9258396,0.2415862000000002,1.1922163,1.0650403000000002,0.1271759999999999,1.0065279207070723,1,3,1,0.2717489,0.1144102000000003,0.05001159999999971,-0.09436729999999982,0.25570872,0.35270467,0.39158663
7067,2025-05-12 18:45:00,ITA-Serie A,2425,Atalanta,Roma,1,2,1,2.87542,0.572288,1.9572180000000003,0.7693436,1.1878744000000003,2.1173728,1.0130713,1.1043015,0.8028813806990528,Roma,Atalanta,0,1,2,0.572288,2.87542,1.3279826,1.0219466,0.306036,1.6914943,0.8610358399999999,0.8304584600000001,0.8276700502803643,1,3,1,0.08357290000000028,-0.5244224600000001,0.6292354000000004,0.42587850000000005,0.22308011,0.58399814,0.19292176
7068,2025-05-13 17:00:00,ESP-La Liga,2425,Real Valladolid,Girona,1,0,1,1.30694,1.56752,1.4367948,2.532002,-1.0952072,1.2439114,2.1141825,-0.8702711000000001,0.8039151310011863,Girona,Real Valladolid,0,1,0,1.56752,1.30694,0.9000006,1.4144730000000003,-0.5144724000000003,1.038659,1.3823995,-0.3437405,0.8665010686846514,2,1,0,-0.22493609999999986,-0.17073190000000027,0.5367941999999999,0.2052524,0.28882197,0.42415452,0.2870235
7069,2025-05-13 18:00:00,ESP-La Liga,2425,Real Sociedad,Celta Vigo,1,0,1,3.31324,1.29945,0.915693,1.1419586000000002,-0.2262656,1.0430988,1.3944362,-0.3513373999999998,0.862812935061439,Celta Vigo,Real Sociedad,0,1,0,1.29945,3.31324,1.9232754000000003,1.9258612000000004,-0.0025858,1.6348727,1.3559249000000002,0.2789477999999998,1.1621692856151518,2,1,0,0.1250717999999998,-0.28153359999999983,-1.0075824000000004,-0.5917739,0.28543964,0.27445784,0.44010255
7070,2025-05-13 19:30:00,ESP-La Liga,2425,Sevilla,Las Palmas,1,1,0,0.93125,0.399067,1.7384814000000002,0.973511,0.7649704000000002,1.2657434,1.2037125999999998,0.0620308000000002,0.7110440306905564,Las Palmas,Sevilla,0,0,1,0.399067,0.93125,1.1719638,1.538787,-0.3668232,1.0674663,1.7572435,-0.6897772,1.0304765307564927,1,1,0,0.7029396,0.32295399999999996,0.5665176000000001,0.1982771000000001,0.244642,0.5597446,0.19561337
7072,2025-05-14 17:00:00,ESP-La Liga,2425,Alaves,Valencia,1,1,0,2.06262,0.584778,0.8554641999999999,1.0751044,-0.2196402000000001,1.1034935,1.4198974999999998,-0.3164039999999999,0.6343484267479358,Valencia,Alaves,0,0,1,0.584778,2.06262,1.843042,0.8754031999999998,0.9676388,1.6177354000000002,1.1489202,0.4688152000000001,1.112665821205482,1,1,0,0.09676379999999982,0.4988235999999999,-0.9875778000000002,-0.5142419000000003,0.26998195,0.2707571,0.45926094
7071,2025-05-14 17:00:00,ESP-La Liga,2425,Villarreal,Leganes,1,3,0,2.28885,1.19032,1.7353139999999996,1.7448249999999998,-0.0095110000000002,1.762052,1.5018123,0.2602397000000001,0.7377757649741523,Leganes,Villarreal,0,0,3,1.19032,2.28885,0.9488152,1.3698336,-0.4210184,1.247697,1.7099972,-0.4623002,1.0419187976577666,1,3,1,-0.2697507000000003,0.04128179999999998,0.7864987999999996,0.5143549999999999,0.17927912,0.66596794,0.15475291
7073,2025-05-14 19:30:00,ESP-La Liga,2425,Real Madrid,Mallorca,1,2,1,3.46174,0.475193,2.211158,1.9025944000000004,0.3085635999999994,2.175469,1.8441522,0.3313167999999997,0.8274074108123763,Mallorca,Real Madrid,0,1,2,0.475193,3.46174,0.8882842,1.9090472000000005,-1.0207630000000003,1.1196634,1.4157975,-0.2961341000000002,0.8038122851811669,1,3,1,-0.022753200000000307,-0.7246289000000001,1.3228738000000002,1.0558056,0.1519297,0.70267546,0.14539486
7075,2025-05-15 17:00:00,ESP-La Liga,2425,Rayo Vallecano,Real Betis,1,2,2,1.30199,1.17134,1.1794034,1.7820424,-0.6026389999999999,1.1416951999999998,1.7305989999999998,-0.5889038,0.875889750706011,Real Betis,Rayo Vallecano,0,2,2,1.17134,1.30199,1.6011316,1.2738838,0.3272478000000001,1.663158,1.1755987,0.4875592999999998,1.262657388740343,0,4,1,-0.013735199999999947,-0.16031149999999972,-0.4217282,-0.5214628000000001,0.25188753,0.24420574,0.5039067
7074,2025-05-15 17:00:00,ESP-La Liga,2425,Osasuna,Atletico Madrid,1,2,0,1.07473,1.34093,1.6131022000000002,1.1246026,0.4884996000000001,1.459076,1.5693644,-0.1102883999999999,0.9595107043699544,Atletico Madrid,Osasuna,0,0,2,1.34093,1.07473,2.0544068,0.8974560000000004,1.1569507999999993,1.6634922,1.1394595,0.5240326999999998,1.082060329432065,1,2,0,0.598788,0.6329180999999995,-0.44130460000000005,-0.20441620000000005,0.24763694,0.32328588,0.42907718
7076,2025-05-15 19:30:00,ESP-La Liga,2425,Getafe,Athletic Club,1,0,2,0.73382,1.33336,1.2568528,1.5695415999999998,-0.3126887999999996,1.2911321,1.3194216,-0.0282895,0.7745134874165956,Athletic Club,Getafe,0,2,0,1.33336,0.73382,1.2661037999999998,1.3558376,-0.0897338000000003,1.2215467999999998,1.243961,-0.0224142000000002,0.5730434781184987,2,2,0,-0.2843992999999996,-0.06731960000000009,-0.009250999999999676,0.06958530000000018,0.2918719,0.4360409,0.27208722
7077,2025-05-15 19:30:00,ESP-La Liga,2425,Espanyol,Barcelona,1,0,2,1.51531,0.735877,0.9394402,1.2567626000000005,-0.3173224000000003,1.0460138,1.2762129999999998,-0.2301991999999997,1.3384131849759675,Barcelona,Espanyol,0,2,0,0.735877,1.51531,2.683898,1.3475161999999998,1.3363818000000005,2.807745,0.9106277,1.8971173,0.9972412034421918,2,2,0,-0.0871232000000006,-0.5607354999999994,-1.7444578000000002,-1.7617312,0.15154131,0.24493332,0.6035254
7078,2025-05-16 18:30:00,ENG-Premier League,2425,Aston Villa,Tottenham,1,2,0,1.69061,0.523016,2.065186,0.9543686,1.1108173999999995,1.8824297,1.3134685,0.5689611999999997,1.009333305072001,Tottenham,Aston Villa,0,0,2,0.523016,1.69061,1.2395792,2.0871224,-0.8475431999999996,1.4292076,1.8171911,-0.3879835,0.699687925191606,1,2,0,0.5418561999999998,-0.4595596999999996,0.8256068000000001,0.45322210000000007,0.18541929,0.6791489,0.13543184
7079,2025-05-16 19:15:00,ENG-Premier League,2425,Chelsea,Manchester United,1,1,0,1.29571,0.337632,1.7186957999999997,1.184594,0.5341017999999995,1.6413015000000002,1.0336191,0.6076824000000003,0.8529810927601706,Manchester United,Chelsea,0,0,1,0.337632,1.29571,1.4567055999999998,1.8366568,-0.3799512000000002,1.4235588,1.4562731000000002,-0.0327143000000003,0.8429572119134019,1,1,0,-0.07358060000000077,-0.3472368999999999,0.26199019999999984,0.2177427000000003,0.22175139,0.58236396,0.19588466
7085,2025-05-17 13:30:00,GER-Bundesliga,2425,Borussia M.Gladbach,Wolfsburg,1,0,1,0.744546,1.5757,1.5136068,2.24682,-0.7332131999999996,1.5301872,2.1206367,-0.5904494999999998,1.307028769402352,Wolfsburg,Borussia M.Gladbach,0,1,0,1.5757,0.744546,1.3341237999999995,1.979996,-0.6458722000000001,1.3552055,1.6703858,-0.3151802999999999,0.6641054333786032,2,1,0,-0.14276369999999972,-0.3306919000000002,0.1794830000000005,0.17498170000000002,0.3005093,0.45948264,0.24000807
7080,2025-05-17 13:30:00,GER-Bundesliga,2425,RasenBallsport Leipzig,VfB Stuttgart,1,2,3,1.42373,3.34624,1.4455205999999998,2.055666,-0.6101454000000002,1.592871,1.9513683,-0.3584972999999998,0.8161358853693204,VfB Stuttgart,RasenBallsport Leipzig,0,3,2,3.34624,1.42373,2.679406,0.9866574,1.6927486,2.1483366,1.5787308000000002,0.5696057999999997,0.9309523791791384,2,5,1,-0.2516481000000004,1.1231428000000003,-1.2338854000000004,-0.5554656,0.25368094,0.24472034,0.5015987
7086,2025-05-17 13:30:00,GER-Bundesliga,2425,Freiburg,Eintracht Frankfurt,1,1,3,1.14001,2.61814,1.7489956,0.7923896,0.956606,1.6025973999999998,1.4486268,0.1539705999999998,0.8735813039623652,Eintracht Frankfurt,Freiburg,0,3,1,2.61814,1.14001,2.09758,1.0112489999999998,1.086331,2.0997533,1.2123135,0.8874398000000001,0.7619939151928394,2,4,1,0.8026354000000002,0.19889119999999982,-0.3485843999999998,-0.4971559000000003,0.24156788,0.3000683,0.45836383
7087,2025-05-17 13:30:00,GER-Bundesliga,2425,Hoffenheim,Bayern Munich,1,0,4,0.661398,2.21427,1.516186,1.6441002,-0.1279141999999999,1.3214763,1.5503952,-0.2289189,1.2107661629904654,Bayern Munich,Hoffenheim,0,4,0,2.21427,0.661398,2.589122,1.2549895999999998,1.3341324000000003,2.5728090000000003,1.0504713,1.5223377000000005,1.0105682114108698,2,4,1,0.10100470000000011,-0.18820530000000013,-1.0729360000000001,-1.2513327000000003,0.19925621,0.21026589,0.59047794
7083,2025-05-17 13:30:00,GER-Bundesliga,2425,Augsburg,Union Berlin,1,1,2,1.57932,1.14135,1.4240502,2.2741300000000004,-0.8500798000000005,1.1447661,1.7905699,-0.6458037999999999,0.6114780901722281,Union Berlin,Augsburg,0,2,1,1.14135,1.57932,1.0112568,1.2845917999999998,-0.2733349999999999,1.0409612,1.3765477999999998,-0.3355865999999998,1.248844578602374,2,3,1,-0.20427600000000057,0.06225159999999991,0.4127934,0.10380490000000009,0.2584074,0.42410403,0.31748852
7084,2025-05-17 13:30:00,GER-Bundesliga,2425,Borussia Dortmund,Holstein Kiel,1,3,0,2.56073,0.574499,1.852272,1.7247879999999998,0.1274840000000001,2.2957880000000004,1.4408736999999998,0.8549143000000006,1.088950247605507,Holstein Kiel,Borussia Dortmund,0,0,3,0.574499,2.56073,1.5653062,2.346064,-0.7807577999999997,1.386881,1.8479821,-0.4611011,1.08156281500517,1,3,1,-0.7274303000000004,-0.31965669999999974,0.28696579999999994,0.9089070000000004,0.18885098,0.711706,0.099443056
7082,2025-05-17 13:30:00,GER-Bundesliga,2425,St. Pauli,Bochum,1,0,2,0.802748,1.34252,1.0186924,1.7523668,-0.7336744000000002,1.1094807,1.7811363,-0.6716556,0.901321761323328,Bochum,St. Pauli,0,2,0,1.34252,0.802748,1.2843104,1.4370322,-0.1527218000000001,1.2628055,1.8461443,-0.5833387999999999,0.6335095677762191,2,2,0,-0.06201880000000015,0.4306169999999998,-0.26561800000000013,-0.15332480000000004,0.2854944,0.3615929,0.3529127
7088,2025-05-17 13:30:00,GER-Bundesliga,2425,Mainz 05,Bayer Leverkusen,1,2,2,2.89903,1.33572,1.7412029999999998,1.4111783999999998,0.3300246,1.5981818,1.7387902,-0.1406083999999998,1.001137041394764,Bayer Leverkusen,Mainz 05,0,2,2,1.33572,2.89903,0.9601574000000004,1.1540712000000002,-0.1939137999999999,1.305676,1.3302558,-0.0245797999999999,1.455183785882726,0,4,1,0.4706329999999998,-0.16933399999999998,0.7810455999999995,0.29250580000000004,0.18954317,0.5134669,0.29698995
7081,2025-05-17 13:30:00,GER-Bundesliga,2425,FC Heidenheim,Werder Bremen,1,1,4,1.75706,2.20606,0.9333264,2.289207,-1.3558806000000003,1.3130552,1.7698248,-0.4567695999999999,0.685423822681771,Werder Bremen,FC Heidenheim,0,4,1,2.20606,1.75706,2.0956400000000004,1.1654584,0.9301816000000004,1.994989,1.1707675,0.8242214999999999,0.7518834680875593,2,5,1,-0.8991110000000004,0.10596010000000045,-1.1623136000000005,-0.6819337999999999,0.2635434,0.23888233,0.49757424
7096,2025-05-17 19:00:00,FRA-Ligue 1,2425,Paris Saint Germain,Auxerre,1,3,1,3.71972,0.9013,2.8292720000000005,0.9750675999999998,1.8542044000000009,2.935575,1.0148363,1.9207387,0.9197513537377332,Auxerre,Paris Saint Germain,0,1,3,0.9013,3.71972,0.9232557999999996,2.1058514,-1.1825956000000004,1.241397,1.7704624000000002,-0.5290654000000004,1.0472064559472467,1,4,1,-0.06653429999999916,-0.6535302000000001,1.9060162000000007,1.694178,0.08769544,0.8411985,0.07110607
7089,2025-05-17 19:00:00,FRA-Ligue 1,2425,Saint-Etienne,Toulouse,1,2,3,1.32698,3.82215,1.3740059999999998,1.6894858,-0.3154798000000001,1.338709,2.0819069000000003,-0.7431979000000002,1.0457828805342455,Toulouse,Saint-Etienne,0,3,2,3.82215,1.32698,0.9716646,0.9881252,-0.0164605999999999,1.5693493,1.3272801,0.2420692000000002,0.8920889109333972,2,5,1,0.4277181000000001,-0.2585298000000001,0.40234139999999985,-0.23064030000000013,0.26285332,0.3317474,0.4053993
7095,2025-05-17 19:00:00,FRA-Ligue 1,2425,Nice,Brest,1,6,0,5.0223,0.68904,1.728068,1.7036662000000002,0.0244017999999996,1.763215,1.4394821,0.3237329,0.7940036841770947,Brest,Nice,0,0,6,0.68904,5.0223,1.660942,1.4786174,0.1823246,1.796977,1.4608873,0.3360897,0.9460327282804798,1,6,1,-0.2993311000000004,-0.1537651,0.06712600000000002,-0.03376200000000007,0.24419355,0.43822902,0.31757742
7090,2025-05-17 19:00:00,FRA-Ligue 1,2425,Strasbourg,Le Havre,1,2,3,1.74414,2.49529,1.2189274,1.7436454,-0.5247180000000002,1.5356487,1.663184,-0.1275353000000001,1.1070233009520336,Le Havre,Strasbourg,0,3,2,2.49529,1.74414,0.9281849999999998,2.5375680000000003,-1.6093830000000005,1.5831635,2.1714856,-0.5883220999999996,1.136963341459463,2,5,1,-0.3971827000000001,-1.0210609000000008,0.2907424000000003,-0.04751479999999986,0.22038285,0.48612732,0.2934898
7091,2025-05-17 19:00:00,FRA-Ligue 1,2425,Lille,Reims,1,2,1,2.31624,0.0983246,1.6647231999999998,1.0983076,0.5664155999999998,1.603566,1.3756270000000002,0.2279389999999999,0.7483316880429692,Reims,Lille,0,1,2,0.0983246,2.31624,1.0288308000000002,1.3837252,-0.3548943999999998,1.0635995,1.7025316,-0.6389320999999999,0.5641215851252421,1,3,1,0.3384765999999999,0.2840377000000001,0.6358923999999997,0.5399665,0.21288666,0.6396327,0.14748062
7097,2025-05-17 19:00:00,FRA-Ligue 1,2425,Lens,Monaco,1,4,0,2.49045,0.481188,1.9476916,1.43817,0.5095216,1.6749733000000002,1.4412414999999998,0.2337318000000003,0.7164289028195835,Monaco,Lens,0,0,4,0.481188,2.49045,2.1010614,0.7171342,1.3839271999999998,2.3690047,0.7568838,1.6121209,0.7598124394550845,1,4,1,0.27578979999999975,-0.22819370000000028,-0.1533697999999999,-0.6940313999999999,0.24223462,0.13115172,0.6266137
7092,2025-05-17 19:00:00,FRA-Ligue 1,2425,Lyon,Angers,1,2,0,3.75818,0.556633,1.515922,1.1942836,0.3216384000000001,1.8116680000000005,1.3363649,0.4753031000000003,1.1591521409264054,Angers,Lyon,0,0,2,0.556633,3.75818,1.0050339999999998,1.2511101999999998,-0.2460762,0.7704938,2.0541271,-1.2836333,0.7787203755301139,1,2,0,-0.1536647000000002,1.0375571,0.5108880000000002,1.0411742000000004,0.24197738,0.6713453,0.086677305
7094,2025-05-17 19:00:00,FRA-Ligue 1,2425,Nantes,Montpellier,1,3,0,3.00657,0.602786,0.7051067999999998,1.319775,-0.6146682000000003,0.9045930999999998,1.9029695,-0.9983764000000002,0.8843745498671727,Montpellier,Nantes,0,0,3,0.602786,3.00657,0.5429107999999999,1.95092,-1.4080092,0.7375303000000001,1.90122,-1.1636897,0.2711749318300118,1,3,1,0.38370819999999983,-0.24431950000000002,0.1621959999999999,0.16706279999999973,0.31732586,0.4372016,0.2454726
7093,2025-05-17 19:00:00,FRA-Ligue 1,2425,Marseille,Rennes,1,4,2,4.06558,1.40321,1.8825426,1.4028066,0.4797360000000001,1.6164787,1.4062361,0.2102426000000001,1.237256490137179,Rennes,Marseille,0,2,4,1.40321,4.06558,2.1356428,1.1855273999999998,0.9501154,1.8635159,1.3727316,0.4907842999999998,1.019577552529843,1,6,1,0.2694934,0.45933110000000027,-0.2531001999999998,-0.24703719999999985,0.24666822,0.3662482,0.38708356
7098,2025-05-18 11:00:00,ENG-Premier League,2425,Everton,Southampton,1,2,0,2.67793,1.05025,1.0257098,1.0848704,-0.0591606,1.1186185,1.0793183,0.0393002,0.8939590271759075,Southampton,Everton,0,0,2,1.05025,2.67793,0.5916965999999999,1.834224,-1.2425274000000002,0.7064931000000001,2.1269898,-1.4204966999999995,0.8492639924381534,1,2,0,-0.0984608,0.17796929999999933,0.4340132000000001,0.41212539999999986,0.36016485,0.5227154,0.11711976
7099,2025-05-18 13:00:00,ITA-Serie A,2425,Genoa,Atalanta,1,2,3,1.44057,1.56926,0.564904,1.558652,-0.993748,0.7463,1.3437599,-0.5974599,1.07195354153351,Atalanta,Genoa,0,3,2,1.56926,1.44057,2.3242580000000004,0.7791796,1.5450784000000004,2.1542968,0.9927058,1.161591,0.6498637282180764,2,5,1,-0.3962880999999999,0.38348740000000037,-1.7593540000000005,-1.4079968,0.17265356,0.2510756,0.5762709
7100,2025-05-18 13:15:00,ENG-Premier League,2425,West Ham,Nottingham Forest,1,1,2,0.850457,2.14756,1.4006120000000002,1.3612238,0.0393882,1.2685847,1.2966737000000002,-0.028089,0.945935304173774,Nottingham Forest,West Ham,0,2,1,2.14756,0.850457,0.8116335999999998,1.750632,-0.9389984,0.7855228000000001,1.5813263000000002,-0.7958035000000001,1.5276430835068269,2,3,1,0.0674772,-0.1431948999999999,0.5889784000000003,0.4830618999999998,0.33902702,0.5053932,0.15557979
7101,2025-05-18 14:00:00,ENG-Premier League,2425,Brentford,Fulham,1,2,3,2.43045,1.61741,1.9944846000000005,0.9061037999999996,1.0883808000000006,1.6446706,1.3047719,0.3398987,0.9728385897829088,Fulham,Brentford,0,3,2,1.61741,2.43045,1.0570458,1.2322342000000002,-0.1751884000000001,1.1637546,1.4151234,-0.2513688,1.1170730349224527,2,5,1,0.7484821000000006,0.0761803999999999,0.9374388000000005,0.4809159999999999,0.18799601,0.6405418,0.17146218
7102,2025-05-18 14:00:00,ENG-Premier League,2425,Leicester,Ipswich,1,2,0,0.788544,1.36957,1.220661,2.6242768,-1.4036157999999996,0.8265236,2.3245874,-1.4980638,0.725931206403294,Ipswich,Leicester,0,0,2,1.36957,0.788544,0.756807,2.3931682000000003,-1.6363612000000003,0.926766,2.2619841000000003,-1.3352181000000003,1.1869218476704502,1,2,0,0.09444800000000031,-0.3011431,0.463854,-0.10024239999999995,0.3768559,0.32360542,0.29953864
7103,2025-05-18 15:30:00,ENG-Premier League,2425,Arsenal,Newcastle United,1,1,0,1.15958,2.24634,1.9490538,1.4902524,0.4588013999999998,1.7293603999999998,1.2227789,0.5065814999999998,0.8673721987781156,Newcastle United,Arsenal,0,0,1,2.24634,1.15958,2.204938,1.3781364,0.8268015999999998,2.145852,1.1788091,0.9670429,1.025233322133436,1,1,0,-0.04778009999999999,-0.14024130000000024,-0.2558841999999999,-0.4164916000000003,0.25816235,0.33212948,0.4097082
7106,2025-05-18 17:00:00,ESP-La Liga,2425,Real Valladolid,Alaves,1,0,1,0.890453,1.22692,1.4221507999999998,2.032924,-0.6107732000000001,1.1572194,2.254611,-1.0973915999999997,0.7777256605569691,Alaves,Real Valladolid,0,1,0,1.22692,0.890453,1.146432,0.9389780000000002,0.2074539999999997,1.1459924999999995,1.2951803,-0.1491878000000002,0.610823708860478,2,1,0,0.48661839999999956,0.3566417999999999,0.27571879999999993,0.011226900000000484,0.28077278,0.3216552,0.397572
7113,2025-05-18 17:00:00,ESP-La Liga,2425,Celta Vigo,Rayo Vallecano,1,1,2,2.4242,0.906857,2.0182922,2.43234,-0.4140478000000001,1.6000597,1.5977459,0.0023137999999998,1.1249573219315994,Rayo Vallecano,Celta Vigo,0,2,1,0.906857,2.4242,1.0760354,1.6210024,-0.5449670000000002,1.0128852,1.7669526999999998,-0.7540674999999999,1.0860055157232869,2,3,1,-0.4163615999999999,0.2091004999999997,0.9422567999999998,0.5871745000000002,0.26607943,0.53006774,0.2038528
7109,2025-05-18 17:00:00,ESP-La Liga,2425,Real Sociedad,Girona,1,3,2,1.87253,1.64512,1.4549846000000002,1.2416234,0.2133612000000002,1.3744228,1.1606842,0.2137386000000001,0.654819859784151,Girona,Real Sociedad,0,2,3,1.64512,1.87253,1.0986486000000002,1.3381690000000002,-0.2395203999999999,1.105908,1.3483355,-0.2424275,0.7233868247749137,1,5,1,-0.0003773999999999167,0.002907100000000079,0.356336,0.26851480000000016,0.24827561,0.5743367,0.17738768
7105,2025-05-18 17:00:00,ESP-La Liga,2425,Barcelona,Villarreal,1,2,3,1.569,1.96183,2.6108634,1.5308182,1.0800452,2.5176357,1.0621587,1.455477,1.032714529463286,Villarreal,Barcelona,0,3,2,1.96183,1.569,1.7640879999999997,1.523335,0.2407529999999997,1.72765,1.4993652999999998,0.2282847000000001,0.9261129707330936,2,5,1,-0.37543179999999987,0.0124682999999996,0.8467754000000003,0.7899857000000001,0.16604795,0.71629107,0.117660984
7112,2025-05-18 17:00:00,ESP-La Liga,2425,Las Palmas,Leganes,1,0,1,0.513718,1.06274,0.9433272,1.401471,-0.4581438000000001,1.0910495,1.6329825,-0.541933,0.9165478591504244,Leganes,Las Palmas,0,1,0,1.06274,0.513718,1.0671192,1.6073936,-0.5402743999999999,1.3112766,1.8803798,-0.5691032,0.9151380302691056,2,1,0,0.0837891999999999,0.0288288000000001,-0.12379200000000001,-0.2202271,0.2597682,0.45373768,0.2864941
7108,2025-05-18 17:00:00,ESP-La Liga,2425,Sevilla,Real Madrid,1,0,2,0.484891,1.95992,1.742627,0.7680564000000001,0.9745706,1.2780881000000002,0.9846103,0.2934778000000002,0.704176258134116,Real Madrid,Sevilla,0,2,0,1.95992,0.484891,2.650424,1.8760768000000003,0.7743471999999998,2.416571,1.6677145,0.7488564999999998,0.7862376953800674,2,2,0,0.6810927999999998,0.025490699999999977,-0.9077970000000002,-1.1384828999999996,0.28251946,0.33065248,0.38682806
7110,2025-05-18 17:00:00,ESP-La Liga,2425,Osasuna,Espanyol,1,2,0,1.92502,0.572332,1.4903562,1.2779326000000002,0.2124235999999997,1.439772,1.5484744,-0.1087023999999998,0.9029201131011624,Espanyol,Osasuna,0,0,2,0.572332,1.92502,1.1690486,1.2566154000000005,-0.0875668000000002,1.1650152,1.1910137,-0.0259985,1.1158643115863969,1,2,0,0.3211259999999995,-0.061568300000000194,0.3213075999999999,0.2747568,0.23530146,0.45446277,0.3102358
7111,2025-05-18 17:00:00,ESP-La Liga,2425,Mallorca,Getafe,1,1,2,0.809089,1.55977,0.8230976,2.4780388,-1.6549411999999997,0.9839877,1.5982085,-0.6142207999999998,0.9146446498826662,Getafe,Mallorca,0,2,1,1.55977,0.809089,1.0800508,1.5277636,-0.4477128000000001,1.3060117,1.3973052,-0.0912934999999999,0.7656893382430355,2,3,1,-1.0407203999999999,-0.35641930000000016,-0.2569532,-0.322024,0.30758604,0.365668,0.326746
7104,2025-05-18 17:00:00,ESP-La Liga,2425,Atletico Madrid,Real Betis,1,4,1,4.94276,0.821908,1.5100108,0.8363700000000002,0.6736407999999997,1.5959732,1.0926034999999998,0.5033697000000001,1.0651801263454008,Real Betis,Atletico Madrid,0,1,4,0.821908,4.94276,1.4273076,1.2690677999999995,0.1582398000000002,1.556335,1.2007257,0.3556093,1.3493230253621329,1,5,1,0.17027109999999956,-0.1973694999999998,0.08270320000000009,0.03963819999999996,0.26729316,0.43504056,0.29766625
7107,2025-05-18 17:00:00,ESP-La Liga,2425,Valencia,Athletic Club,1,0,1,0.388682,1.16214,1.6747295999999998,1.1058228,0.5689067999999999,1.5212302000000002,1.2284052,0.2928250000000003,0.986043410100976,Athletic Club,Valencia,0,1,0,1.16214,0.388682,1.1374678,1.1388356,-0.0013677999999999,1.2005538,1.115731,0.0848227999999999,0.7496534102399991,2,1,0,0.27608179999999966,-0.08619059999999981,0.5372617999999998,0.3206764000000002,0.2156803,0.58593476,0.19838497
7119,2025-05-18 18:45:00,ITA-Serie A,2425,Lecce,Torino,1,1,0,0.970765,0.476384,0.917533,1.478788,-0.561255,1.0294028,1.5978837,-0.5684809000000002,0.6800052612978503,Torino,Lecce,0,0,1,0.476384,0.970765,1.2327346,1.3954934,-0.1627587999999997,1.0614971,1.4042941,-0.342797,0.9420648044494851,1,1,0,0.007225900000000229,0.18003820000000031,-0.31520159999999986,-0.03209430000000002,0.251338,0.42028472,0.32837728
7120,2025-05-18 18:45:00,ITA-Serie A,2425,Roma,AC Milan,1,3,1,1.57656,1.78592,1.1681161999999998,1.3981016,-0.2299854000000001,1.5325141,1.1153545399999998,0.4171595600000002,0.7177743305759271,AC Milan,Roma,0,1,3,1.78592,1.57656,1.4621274,0.9276766,0.5344507999999999,1.8042867,1.3708927,0.433394,1.1084706723877793,1,4,1,-0.6471449600000003,0.10105679999999989,-0.29401120000000014,-0.27177260000000003,0.26620933,0.39525792,0.33853272
7118,2025-05-18 18:45:00,ITA-Serie A,2425,Verona,Como,1,1,1,1.55405,1.12443,0.4771424000000001,1.2163902,-0.7392477999999998,0.6569191,1.1222474,-0.4653283,0.6089020567341448,Como,Verona,0,1,1,1.12443,1.55405,1.589866,1.3448814,0.2449846,1.608052,1.4698527,0.1381992999999999,0.9949920804849094,0,2,0,-0.2739194999999998,0.10678530000000011,-1.1127235999999998,-0.9511329000000001,0.28224006,0.27580827,0.4419517
7122,2025-05-18 18:45:00,ITA-Serie A,2425,Monza,Empoli,1,1,3,1.03178,1.95845,0.9092326,1.7888779999999995,-0.8796453999999998,0.8861479000000001,1.8284468,-0.9422989,0.67708711256088,Empoli,Monza,0,3,1,1.95845,1.03178,0.8316872,1.1616022,-0.3299150000000002,0.91508744,1.1837204,-0.2686329599999998,0.7649533852706083,2,4,1,0.06265350000000025,-0.06128204000000037,0.07754539999999999,-0.028939539999999875,0.3038754,0.34639546,0.34972918
7114,2025-05-18 18:45:00,ITA-Serie A,2425,Cagliari,Venezia,1,3,0,2.75115,0.773148,1.0671247999999998,1.3082328,-0.2411080000000003,1.0047424,1.3190346,-0.3142921999999999,1.0948068929838206,Venezia,Cagliari,0,0,3,0.773148,2.75115,1.4896500000000004,1.1886146,0.3010354000000004,1.2242663,1.4625043,-0.2382379999999999,0.6534520688415022,1,3,1,0.07318419999999962,0.5392734000000003,-0.4225252000000006,-0.2195239,0.30419645,0.35305184,0.34275168
7116,2025-05-18 18:45:00,ITA-Serie A,2425,Fiorentina,Bologna,1,3,2,1.43018,1.51953,0.75646,0.9421836,-0.1857235999999998,1.1761034,1.2459515,-0.0698480999999997,1.1053440493888127,Bologna,Fiorentina,0,2,3,1.51953,1.43018,0.7127536,0.8882776000000001,-0.1755240000000001,1.2464218,0.8685353000000001,0.3778864999999999,1.1232143699553634,1,5,1,-0.11587550000000009,-0.5534105,0.043706400000000034,-0.07031840000000011,0.2960149,0.38161272,0.32237232
7115,2025-05-18 18:45:00,ITA-Serie A,2425,Inter,Lazio,1,2,2,1.59363,2.33497,1.5136733999999998,1.3741208,0.1395525999999998,1.7882604,1.3061468,0.4821135999999999,0.8947237803153387,Lazio,Inter,0,2,2,2.33497,1.59363,1.534486,0.6289879999999999,0.905498,1.4279765999999998,1.0200705,0.4079060999999999,0.8403493164038428,0,4,1,-0.3425610000000001,0.49759190000000014,-0.02081260000000018,0.36028380000000015,0.25257334,0.5387792,0.20864747
7121,2025-05-18 18:45:00,ITA-Serie A,2425,Parma Calcio 1913,Napoli,1,0,0,0.296751,0.379711,1.1282228,1.1085196,0.0197032000000001,1.0525266,1.2198934,-0.1673667999999999,0.8550844652434768,Napoli,Parma Calcio 1913,0,0,0,0.379711,0.296751,1.6467756000000002,0.7666408,0.8801348000000002,1.6110422,0.9755591,0.6354831000000001,0.9310737291216028,0,0,0,0.18707000000000001,0.24465170000000014,-0.5185528000000001,-0.5585156,0.2688014,0.25517803,0.47602057
7117,2025-05-18 18:45:00,ITA-Serie A,2425,Juventus,Udinese,1,2,0,2.61362,0.358909,1.1480267999999998,0.8497292,0.2982975999999998,1.1757546,1.0596657,0.1160888999999998,0.8505168931366349,Udinese,Juventus,0,0,2,0.358909,2.61362,1.0720028,1.4418272,-0.3698243999999999,1.1426453,1.3377243,-0.195079,0.525096873809507,1,2,0,0.18220869999999997,-0.17474539999999988,0.07602399999999987,0.03310930000000001,0.29548606,0.45478246,0.24973145
7123,2025-05-19 19:00:00,ENG-Premier League,2425,Brighton,Liverpool,1,3,2,2.17789,3.065,1.6667206,1.7105320000000002,-0.0438114,1.6798502,1.4640112,0.2158389999999999,1.0119943956940949,Liverpool,Brighton,0,2,3,3.065,2.17789,2.528128,1.5836773999999998,0.9444506000000004,2.2541488000000003,1.2022029,1.0519459000000002,0.9316151038409248,1,5,1,-0.2596503999999999,-0.10749529999999985,-0.8614074,-0.5742986000000003,0.23033568,0.2985409,0.4711235
7124,2025-05-20 19:00:00,ENG-Premier League,2425,Crystal Palace,Wolverhampton Wanderers,1,4,2,1.68451,1.42886,2.3088556,1.271737,1.0371186000000003,2.1428093,1.5215526,0.6212567000000002,0.700015302334509,Wolverhampton Wanderers,Crystal Palace,0,2,4,1.42886,1.68451,1.2701298,1.2180626,0.0520671999999997,1.2545962,1.2777268999999998,-0.0231306999999998,1.1956028596269783,1,6,1,0.4158619000000001,0.0751978999999995,1.0387257999999997,0.8882131000000002,0.18376635,0.6471427,0.16909093
7125,2025-05-20 19:00:00,ENG-Premier League,2425,Manchester City,Bournemouth,1,3,1,1.59779,0.962014,2.0567086,0.954684,1.1020246,1.8177151,1.0008257,0.8168893999999998,0.8252113737673337,Bournemouth,Manchester City,0,1,3,0.962014,1.59779,1.1144586,1.2997676000000002,-0.1853090000000001,1.5471543,1.435231,0.1119232999999999,0.7109822782496367,1,4,1,0.28513520000000026,-0.2972323,0.9422499999999998,0.27056079999999993,0.19425929,0.61589825,0.1898425
7127,2025-05-23 18:45:00,ITA-Serie A,2425,Como,Inter,1,0,2,1.49032,2.27789,1.568594,1.4473614,0.1212325999999999,1.590861,1.4657397,0.1251213,1.0057440557383357,Inter,Como,0,2,0,2.27789,1.49032,1.4891934,1.6582582,-0.1690648000000001,1.9023637,1.3667698,0.5355938999999998,0.8936246556719645,2,2,0,-0.003888700000000092,-0.7046587,0.07940060000000004,-0.3115026999999999,0.21736239,0.38750395,0.39513367
7126,2025-05-23 18:45:00,ITA-Serie A,2425,Napoli,Cagliari,1,2,0,2.16118,0.0969696,1.2952838000000002,0.5514370000000001,0.7438468000000001,1.4761393,0.9599745,0.5161648,0.948419333853293,Cagliari,Napoli,0,0,2,0.0969696,2.16118,1.4344981999999995,1.1196564,0.3148417999999997,1.2118254,1.1705484,0.041277,1.0727609169102108,1,2,0,0.22768200000000016,0.2735647999999997,-0.1392143999999993,0.2643139000000001,0.25309458,0.554737,0.19216849
7128,2025-05-23 19:00:00,ESP-La Liga,2425,Real Betis,Valencia,1,1,1,1.15286,0.647724,1.1351852,2.0369678,-0.9017826000000002,1.4071138,1.6523488,-0.2452349999999998,1.4924155442043534,Valencia,Real Betis,0,1,1,0.647724,1.15286,1.339898,1.1937874,0.1461106000000001,1.3229934,1.2800570999999998,0.0429363000000002,0.9826194275652262,0,2,0,-0.6565476000000005,0.10317429999999989,-0.20471280000000003,0.08412039999999998,0.27344483,0.41838944,0.3081657
7129,2025-05-24 14:15:00,ESP-La Liga,2425,Real Madrid,Real Sociedad,1,2,0,2.61915,1.18496,2.561074,1.9465528,0.6145212000000002,2.453124,1.5952006,0.8579233999999998,0.7745222929936307,Real Sociedad,Real Madrid,0,0,2,1.18496,2.61915,1.3699366000000002,1.1416514,0.2282852000000002,1.481289,1.2240342,0.2572548000000001,0.8101047060332548,1,2,0,-0.24340219999999957,-0.02896959999999993,1.1911374,0.9718349999999998,0.18956695,0.61749476,0.19293827
7130,2025-05-24 16:00:00,ITA-Serie A,2425,Bologna,Genoa,1,1,3,0.628377,1.17343,0.9072966,0.9426196,-0.0353229999999999,1.1725738,0.9435213,0.2290524999999997,1.1939536821019865,Genoa,Bologna,0,3,1,1.17343,0.628377,0.8306657999999999,1.6723499999999998,-0.8416841999999999,0.8673999,1.3997088999999998,-0.5323089999999998,1.0375825065433988,2,4,1,-0.2643754999999996,-0.3093752000000001,0.07663080000000011,0.3051739000000001,0.28377208,0.5769413,0.13928664
7131,2025-05-24 16:30:00,ESP-La Liga,2425,Espanyol,Las Palmas,1,2,0,1.72167,0.735505,1.2146838,1.4258254,-0.2111416000000001,1.2038142,1.1264797,0.0773345,0.9968307427917508,Las Palmas,Espanyol,0,0,2,0.735505,1.72167,0.8923834000000002,1.46259,-0.5702065999999999,1.0997684,1.5078444999999998,-0.4080760999999997,0.9092815275638692,1,2,0,-0.2884761000000001,-0.16213050000000018,0.3223003999999998,0.10404579999999997,0.2694462,0.5329041,0.19764972
7132,2025-05-24 16:30:00,ESP-La Liga,2425,Leganes,Real Valladolid,1,3,0,1.74736,0.479375,1.0893024,1.4962952,-0.4069928,1.3177356,1.8246476,-0.5069119999999998,0.9106524020050744,Real Valladolid,Leganes,0,0,3,0.479375,1.74736,1.3093314,1.805904,-0.4965725999999999,1.1817026,2.140198,-0.9584954,0.6769887135826615,1,3,1,0.09991919999999982,0.4619228000000001,-0.22002900000000003,0.13603300000000007,0.27513868,0.4572706,0.26759076
7133,2025-05-24 18:45:00,ITA-Serie A,2425,AC Milan,Monza,1,2,0,1.99268,0.516606,1.3200434,1.1140728,0.2059705999999999,1.8538877,1.2754337,0.578454,1.078813415282158,Monza,AC Milan,0,0,2,0.516606,1.99268,0.9974962000000002,1.856032,-0.8585358,0.9311155,1.8810728,-0.9499572999999996,0.7517856251070624,1,2,0,-0.37248340000000013,0.0914214999999996,0.3225471999999999,0.9227722,0.23140055,0.6844564,0.08414302
7136,2025-05-24 19:00:00,ESP-La Liga,2425,Getafe,Celta Vigo,1,1,2,0.35897,1.30818,1.2446822,1.6161278,-0.3714455999999999,1.3221747,1.3760721,-0.0538973999999998,0.7563291323535896,Celta Vigo,Getafe,0,2,1,1.30818,0.35897,2.0021342,2.1005374,-0.0984031999999999,1.7353757,1.5886166,0.1467590999999999,0.9796143972660232,2,3,1,-0.31754820000000006,-0.24516229999999978,-0.757452,-0.41320100000000015,0.31761432,0.34329516,0.33909056
7135,2025-05-24 19:00:00,ESP-La Liga,2425,Rayo Vallecano,Mallorca,1,0,0,2.11982,0.747939,1.1129434000000002,1.6932744,-0.5803309999999997,0.9825679,1.8499337,-0.8673658000000001,1.2212884002333069,Mallorca,Rayo Vallecano,0,0,0,0.747939,2.11982,0.7710734,2.599628,-1.8285546,0.9623876,1.6603192,-0.6979316000000001,0.9351731722507935,0,0,0,0.28703480000000037,-1.130623,0.34187000000000023,0.02018030000000004,0.29875106,0.42797205,0.27327695
7134,2025-05-24 19:00:00,ESP-La Liga,2425,Alaves,Osasuna,1,1,1,1.57466,1.88098,1.131192,0.7378426,0.3933493999999999,1.1472055,1.1209386,0.0262668999999999,0.6101778537691339,Osasuna,Alaves,0,1,1,1.88098,1.57466,1.4029561999999998,1.101489,0.3014671999999998,1.423788,1.5156148,-0.0918267999999999,0.9832917658445176,0,2,0,0.3670825,0.3932939999999997,-0.2717641999999998,-0.27658249999999995,0.28997663,0.37934992,0.33067346
7137,2025-05-25 12:00:00,ESP-La Liga,2425,Girona,Atletico Madrid,1,0,4,0.0503369,3.10637,1.2070206,1.256171,-0.0491504,1.111633,1.5030589,-0.3914259000000002,0.8096189933017522,Atletico Madrid,Girona,0,4,0,3.10637,0.0503369,2.3471338,0.8470642000000002,1.5000695999999998,1.9881072,1.0349803,0.9531269,1.0059814651938963,2,4,1,0.34227550000000023,0.5469426999999998,-1.1401131999999998,-0.8764741999999999,0.22432156,0.23953794,0.5361405
7138,2025-05-25 14:15:00,ESP-La Liga,2425,Villarreal,Sevilla,1,4,2,1.28805,1.64829,2.037534,1.197779,0.8397549999999998,1.723294,1.5462643,0.1770296999999998,1.0445106612622912,Sevilla,Villarreal,0,2,4,1.64829,1.28805,1.4603792,0.8994164000000001,0.5609627999999999,1.2254152,1.1002155,0.1251997,0.6528394189663888,1,6,1,0.6627253,0.43576309999999985,0.5771548,0.49787880000000007,0.22780982,0.5000535,0.2721367
7142,2025-05-25 15:00:00,ENG-Premier League,2425,Liverpool,Crystal Palace,1,1,1,1.92122,1.4144,2.855324,1.7260593999999998,1.1292646000000002,2.479943,1.3617439,1.1181990999999996,0.8467933146877511,Crystal Palace,Liverpool,0,1,1,1.4144,1.92122,2.1706616,1.0916149999999998,1.0790466,1.9087383,1.5977169,0.3110214,0.7858590222352524,0,2,0,0.011065500000000617,0.7680252000000001,0.6846624000000001,0.5712047,0.19532365,0.66206205,0.14261432
7147,2025-05-25 15:00:00,ENG-Premier League,2425,Tottenham,Brighton,1,1,4,1.85265,3.11624,1.0184084,1.9792904,-0.960882,1.3530832,1.7476111,-0.3945278999999999,0.7390523073139129,Brighton,Tottenham,0,4,1,3.11624,1.85265,1.3627385999999997,1.926644,-0.5639054000000003,1.6397122,1.6003422,0.0393699999999999,1.0977529485034334,2,5,1,-0.5663541000000001,-0.6032754000000002,-0.3443301999999997,-0.286629,0.27297005,0.4115826,0.3154474
7139,2025-05-25 15:00:00,ENG-Premier League,2425,Fulham,Manchester City,1,0,2,2.21797,2.45923,1.1661218,1.3467842,-0.1806623999999999,1.1820226,1.5652711,-0.3832484999999999,1.1844095160198156,Manchester City,Fulham,0,2,0,2.45923,2.21797,1.4568186,0.8794708,0.5773478000000001,1.7388531,0.9686011,0.7702520000000002,0.9776553421014448,2,2,0,0.2025861,-0.19290420000000008,-0.2906968000000001,-0.5568305,0.23674013,0.25687978,0.50638014
7141,2025-05-25 15:00:00,ENG-Premier League,2425,Ipswich,West Ham,1,1,3,0.893095,0.967379,0.710119,1.9693610000000004,-1.2592420000000004,0.959225,2.2006365000000003,-1.2414115000000003,0.9382564692783556,West Ham,Ipswich,0,3,1,0.967379,0.893095,1.2775074,1.5049318,-0.2274244,1.1831934,1.4824719,-0.2992785,0.9296866178541752,2,4,1,-0.017830500000000082,0.0718541,-0.5673884,-0.22396839999999996,0.28251377,0.31840968,0.39907658
7145,2025-05-25 15:00:00,ENG-Premier League,2425,Nottingham Forest,Chelsea,1,0,1,1.58014,1.30874,1.1563557999999996,1.6686514,-0.5122956000000003,0.9494177,1.534606,-0.5851882999999999,1.4745865022460585,Chelsea,Nottingham Forest,0,1,0,1.30874,1.58014,1.3963217999999995,0.9315184000000002,0.4648033999999995,1.4726385,0.9828784,0.4897600999999999,0.7469580980273856,2,1,0,0.07289269999999959,-0.024956700000000442,-0.2399659999999999,-0.5232207999999999,0.2591916,0.28269836,0.45811006
7143,2025-05-25 15:00:00,ENG-Premier League,2425,Manchester United,Aston Villa,1,2,0,2.96259,0.335222,1.3669184,1.5681387999999998,-0.2012203999999999,1.3171199999999998,1.4813461,-0.1642261000000002,0.6833085191110005,Aston Villa,Manchester United,0,0,2,0.335222,2.96259,1.803454,0.9765206,0.8269333999999998,1.7820777,1.1483521,0.6337255999999998,1.0661706466723384,1,2,0,-0.0369942999999997,0.19320780000000004,-0.4365355999999998,-0.46495770000000025,0.27358603,0.28019714,0.44621685
7146,2025-05-25 15:00:00,ENG-Premier League,2425,Southampton,Arsenal,1,1,2,0.598144,2.40711,0.7192953999999999,1.769956,-1.0506606,0.7270141999999999,2.0965488,-1.3695346,0.8252922359807608,Arsenal,Southampton,0,2,1,2.40711,0.598144,2.027496,1.8218038,0.2056921999999996,1.7135524,1.3965518,0.3170006000000001,0.9337322081704604,2,3,1,0.3188739999999999,-0.11130840000000047,-1.3082006000000002,-0.9865382,0.30587938,0.23424052,0.4598801
7140,2025-05-25 15:00:00,ENG-Premier League,2425,Bournemouth,Leicester,1,2,0,2.72449,0.156702,0.9353214,1.4049196000000002,-0.4695982000000001,1.4731866999999998,1.3370830000000002,0.1361036999999996,0.74668014130175,Leicester,Bournemouth,0,0,2,0.156702,2.72449,0.9814817999999998,2.1586308,-1.1771489999999998,0.8764201999999999,2.2911074,-1.4146872,0.9128031133888592,1,2,0,-0.6057018999999997,0.23753820000000014,-0.04616039999999988,0.5967665,0.27991328,0.5972541,0.122832574
7144,2025-05-25 15:00:00,ENG-Premier League,2425,Newcastle United,Everton,1,0,1,1.1591,1.07279,2.188312,1.1349564,1.0533555999999995,2.324604,1.1547401000000002,1.1698638999999995,0.9463973449252668,Everton,Newcastle United,0,1,0,1.07279,1.1591,1.3092238000000005,1.2101306,0.0990932000000002,1.2414565,1.0503342999999998,0.1911222000000001,0.886055301933413,2,1,0,-0.11650830000000001,-0.0920289999999999,0.8790881999999993,1.0831475,0.15414102,0.7357318,0.11012718
7148,2025-05-25 15:00:00,ENG-Premier League,2425,Wolverhampton Wanderers,Brentford,1,1,1,1.10889,1.97196,1.1099477999999998,1.2291906,-0.1192428000000003,1.3045849,1.3027048999999995,0.0018800000000003,1.2264428122364346,Brentford,Wolverhampton Wanderers,0,1,1,1.97196,1.10889,2.362858,1.0761119999999995,1.2867460000000004,1.7537066,1.3215579000000002,0.4321486999999997,0.9693748262253068,0,2,0,-0.1211228000000006,0.8545973000000007,-1.2529102000000003,-0.44912169999999985,0.33037436,0.2908894,0.37873626
7151,2025-05-25 18:45:00,ITA-Serie A,2425,Torino,Roma,1,0,2,0.381059,2.64436,1.1196814000000002,1.3434884,-0.2238069999999998,0.9659165,1.4431602,-0.4772436999999999,0.8282280836613893,Roma,Torino,0,2,0,2.64436,0.381059,1.4390815999999995,1.3710416,0.0680399999999996,1.5306521,1.16431254,0.3663395599999999,0.783979074030556,2,2,0,0.25343670000000007,-0.2982995600000003,-0.31940019999999936,-0.5647356,0.25623292,0.28467718,0.4590899
7152,2025-05-25 18:45:00,ITA-Serie A,2425,Empoli,Verona,1,1,2,1.23351,0.833807,0.9488232,0.9405242,0.008299,1.00995544,1.2639413000000002,-0.2539858600000002,0.891127542094786,Verona,Empoli,0,2,1,0.833807,1.23351,0.5877984000000002,1.418924,-0.8311255999999999,0.7853403,1.0371554,-0.2518151,0.6366658674387811,2,3,1,0.2622848600000002,-0.5793104999999998,0.3610247999999998,0.22461513999999994,0.27190346,0.48592654,0.24217
7154,2025-05-25 18:45:00,ITA-Serie A,2425,Lazio,Lecce,1,0,1,1.73521,0.708667,1.617236,0.9033673999999998,0.7138686000000003,1.4083586,1.0504424999999995,0.3579161000000004,0.8520551143330155,Lecce,Lazio,0,1,0,0.708667,1.73521,0.9235928,1.1829268000000002,-0.259334,1.0148413,1.5017011,-0.4868597999999999,0.7882998176169835,2,1,0,0.3559524999999999,0.2275257999999999,0.6936431999999999,0.39351729999999985,0.19942082,0.64286244,0.1577167
7149,2025-05-25 18:45:00,ITA-Serie A,2425,Venezia,Juventus,1,2,3,1.01327,1.66948,1.3197436,1.6207521999999996,-0.3010085999999996,1.2656611999999998,1.4030673,-0.1374061000000002,0.6320801869566778,Juventus,Venezia,0,3,2,1.66948,1.01327,1.2796128,0.7334178,0.546195,1.2395816,1.0685728,0.1710088,0.8067231663303438,2,5,1,-0.16360249999999943,0.3751862,0.04013080000000002,0.02607959999999987,0.2708449,0.389949,0.33920607
7153,2025-05-25 18:45:00,ITA-Serie A,2425,Atalanta,Parma Calcio 1913,1,2,3,1.90265,2.82535,2.406416,0.9579306,1.4484854000000005,1.9766708,1.1008429,0.8758279000000002,0.8600314933414843,Parma Calcio 1913,Atalanta,0,3,2,2.82535,1.90265,1.0643094,1.050319,0.0139903999999999,1.0204205000000002,1.0519745,-0.0315539999999998,0.8819884724106655,2,5,1,0.5726575000000003,0.04554439999999969,1.3421066000000001,0.9562502999999998,0.18388765,0.66608584,0.15002652
7150,2025-05-25 18:45:00,ITA-Serie A,2425,Udinese,Fiorentina,1,2,3,1.61711,3.06465,1.0148688,1.4652832,-0.4504144000000001,0.9726462,1.5373051,-0.5646588999999999,0.5140610079379244,Fiorentina,Udinese,0,3,2,3.06465,1.61711,0.9083532,1.122826,-0.2144728000000001,1.1753004,1.2862665,-0.1109660999999999,1.2762683682670677,2,5,1,0.11424449999999975,-0.1035067000000002,0.10651559999999993,-0.2026542,0.23598672,0.36908597,0.3949273
7155,2025-05-25 19:00:00,ESP-La Liga,2425,Athletic Club,Barcelona,1,0,3,0.750806,3.36402,1.3433936,0.7352380000000001,0.6081555999999999,1.2229015,1.0520902,0.1708113,0.7359540110515761,Barcelona,Athletic Club,0,3,0,3.36402,0.750806,2.4114894,1.4221862,0.9893031999999996,2.4583207,1.1489067,1.309414,0.9762758063763584,2,3,1,0.4373442999999999,-0.3201108000000005,-1.0680957999999998,-1.2354191999999997,0.23926067,0.26921317,0.4915262
