match_id,season,match_date,home_team,away_team,home_pos,away_pos,hg,ag,actual,odds_away,odds_draw,odds_home,diff,gano,profit,league
432,2025-2026,2025-09-23,Ath Bilbao,Girona,7.0,20.0,1,1,draw,7.23,4.39,1.44,-13.0,False,-10.0,SP1
433,2025-2026,2025-09-23,Espanol,Valencia,4.0,11.0,2,2,draw,3.3,3.18,2.26,-7.0,False,-10.0,SP1
436,2025-2026,2025-09-24,Getafe,Alaves,8.0,11.0,1,1,draw,3.6,2.87,2.3,-3.0,False,-10.0,SP1
437,2025-2026,2025-09-24,Ath Madrid,Vallecano,12.0,14.0,3,2,home,6.31,4.25,1.5,-2.0,True,5.0,SP1
438,2025-2026,2025-09-24,Sociedad,Mallorca,18.0,19.0,1,0,home,4.69,3.49,1.79,-1.0,True,7.9,SP1
442,2025-2026,2025-09-27,Getafe,Levante,7.0,17.0,1,1,draw,3.95,3.13,2.05,-10.0,False,-10.0,SP1
445,2025-2026,2025-09-27,Villarreal,Ath Bilbao,3.0,8.0,1,0,home,3.64,3.3,2.08,-5.0,True,10.8,SP1
447,2025-2026,2025-09-28,Elche,Celta,7.0,14.0,2,1,home,2.57,3.14,2.78,-7.0,True,17.799999999999997,SP1
448,2025-2026,2025-09-28,Barcelona,Sociedad,2.0,16.0,2,1,home,9.61,5.88,1.27,-14.0,True,2.7,SP1
449,2025-2026,2025-09-28,Betis,Osasuna,10.0,13.0,2,0,home,4.5,3.68,1.75,-3.0,True,7.5,SP1
450,2025-2026,2025-09-30,Valencia,Oviedo,12.0,19.0,1,2,away,5.11,3.64,1.68,-7.0,False,-10.0,SP1
452,2025-2026,2025-10-04,Oviedo,Levante,14.0,15.0,0,2,away,2.86,3.26,2.48,-1.0,False,-10.0,SP1
454,2025-2026,2025-10-04,Ath Bilbao,Mallorca,10.0,20.0,2,1,home,6.8,3.92,1.52,-10.0,True,5.2,SP1
455,2025-2026,2025-10-04,Real Madrid,Villarreal,2.0,3.0,3,1,home,6.1,4.98,1.44,-1.0,True,4.3999999999999995,SP1
462,2025-2026,2025-10-18,Sevilla,Mallorca,7.0,20.0,1,3,away,4.46,3.39,1.85,-13.0,False,-10.0,SP1
463,2025-2026,2025-10-18,Barcelona,Girona,2.0,18.0,2,1,home,12.16,7.39,1.19,-16.0,True,1.8999999999999995,SP1
464,2025-2026,2025-10-18,Villarreal,Betis,3.0,4.0,2,2,draw,3.87,3.73,1.88,-1.0,False,-10.0,SP1
465,2025-2026,2025-10-18,Ath Madrid,Osasuna,6.0,12.0,1,0,home,8.72,4.68,1.37,-6.0,True,3.700000000000001,SP1
466,2025-2026,2025-10-19,Elche,Ath Bilbao,8.0,9.0,0,0,draw,2.12,3.2,3.58,-1.0,False,-10.0,SP1
467,2025-2026,2025-10-19,Celta,Sociedad,17.0,20.0,1,1,draw,3.46,3.33,2.1,-3.0,False,-10.0,SP1
468,2025-2026,2025-10-19,Levante,Vallecano,13.0,14.0,0,3,away,2.5,3.33,2.75,-1.0,False,-10.0,SP1
470,2025-2026,2025-10-20,Alaves,Valencia,11.0,16.0,0,0,draw,3.4,3.06,2.25,-5.0,False,-10.0,SP1
473,2025-2026,2025-10-25,Espanol,Elche,6.0,7.0,1,0,home,3.91,3.34,1.97,-1.0,True,9.7,SP1
474,2025-2026,2025-10-25,Ath Bilbao,Getafe,8.0,12.0,0,1,away,6.08,3.49,1.65,-4.0,False,-10.0,SP1
477,2025-2026,2025-10-26,Real Madrid,Barcelona,1.0,2.0,2,1,home,3.16,4.07,1.99,-1.0,True,9.9,SP1
478,2025-2026,2025-10-26,Osasuna,Celta,13.0,18.0,2,3,away,3.08,3.17,2.36,-5.0,False,-10.0,SP1
481,2025-2026,2025-10-31,Getafe,Girona,10.0,20.0,2,1,home,3.91,2.95,2.15,-10.0,True,11.5,SP1
482,2025-2026,2025-11-01,Villarreal,Vallecano,3.0,8.0,4,0,home,4.8,3.85,1.69,-5.0,True,6.8999999999999995,SP1
483,2025-2026,2025-11-01,Ath Madrid,Sevilla,4.0,11.0,3,0,home,8.78,5.3,1.32,-7.0,True,3.2000000000000006,SP1
485,2025-2026,2025-11-01,Real Madrid,Valencia,1.0,18.0,4,0,home,14.28,7.58,1.17,-17.0,True,1.6999999999999993,SP1
488,2025-2026,2025-11-02,Barcelona,Elche,3.0,9.0,3,1,home,12.22,6.46,1.21,-6.0,True,2.0999999999999996,SP1
489,2025-2026,2025-11-02,Betis,Mallorca,7.0,16.0,3,0,home,5.42,4.02,1.58,-9.0,True,5.800000000000001,SP1
491,2025-2026,2025-11-07,Elche,Sociedad,9.0,14.0,1,1,draw,2.7,3.13,2.71,-5.0,False,-10.0,SP1
493,2025-2026,2025-11-08,Sevilla,Osasuna,13.0,15.0,1,0,home,3.52,3.21,2.16,-2.0,True,11.600000000000001,SP1
494,2025-2026,2025-11-08,Ath Madrid,Levante,4.0,17.0,3,1,home,12.28,6.53,1.21,-13.0,True,2.0999999999999996,SP1
496,2025-2026,2025-11-09,Ath Bilbao,Oviedo,12.0,20.0,1,0,home,7.53,3.9,1.48,-8.0,True,4.8,SP1
501,2025-2026,2025-11-21,Valencia,Levante,17.0,19.0,1,0,home,3.66,3.53,2.0,-2.0,True,10.0,SP1
502,2025-2026,2025-11-22,Alaves,Celta,10.0,13.0,0,1,away,2.94,3.04,2.56,-3.0,False,-10.0,SP1
503,2025-2026,2025-11-22,Barcelona,Ath Bilbao,2.0,7.0,4,0,home,6.7,5.01,1.41,-5.0,True,4.1,SP1
505,2025-2026,2025-11-22,Villarreal,Mallorca,3.0,16.0,2,1,home,7.07,4.65,1.43,-13.0,True,4.299999999999999,SP1
507,2025-2026,2025-11-23,Betis,Girona,5.0,18.0,1,1,draw,5.46,4.35,1.53,-13.0,False,-10.0,SP1
510,2025-2026,2025-11-24,Espanol,Sevilla,6.0,9.0,2,1,home,3.59,3.29,2.07,-3.0,True,10.7,SP1
511,2025-2026,2025-11-28,Getafe,Elche,7.0,10.0,1,0,home,3.84,2.91,2.19,-3.0,True,11.899999999999999,SP1
512,2025-2026,2025-11-29,Mallorca,Osasuna,16.0,17.0,2,2,draw,3.3,3.03,2.34,-1.0,False,-10.0,SP1
513,2025-2026,2025-11-29,Barcelona,Alaves,2.0,14.0,3,1,home,12.97,7.14,1.19,-12.0,True,1.8999999999999995,SP1
515,2025-2026,2025-11-29,Ath Madrid,Oviedo,4.0,20.0,2,0,home,14.78,6.16,1.21,-16.0,True,2.0999999999999996,SP1
520,2025-2026,2025-12-01,Vallecano,Valencia,11.0,16.0,1,1,draw,4.11,3.3,1.92,-5.0,False,-10.0,SP1
521,2025-2026,2025-12-02,Barcelona,Ath Madrid,1.0,4.0,3,1,home,4.07,4.21,1.73,-3.0,True,7.3,SP1
524,2025-2026,2025-12-06,Villarreal,Getafe,3.0,7.0,2,0,home,5.95,3.79,1.6,-4.0,True,6.000000000000001,SP1
528,2025-2026,2025-12-07,Elche,Girona,11.0,18.0,3,0,home,3.34,3.41,2.12,-7.0,True,11.200000000000001,SP1
530,2025-2026,2025-12-07,Espanol,Vallecano,6.0,11.0,1,0,home,3.18,3.19,2.25,-5.0,True,12.5,SP1
531,2025-2026,2025-12-07,Real Madrid,Celta,2.0,14.0,0,2,away,8.81,5.65,1.29,-12.0,False,-10.0,SP1
532,2025-2026,2025-12-08,Osasuna,Levante,17.0,20.0,2,0,home,4.59,3.64,1.74,-3.0,True,7.4,SP1
533,2025-2026,2025-12-12,Sociedad,Girona,14.0,18.0,1,2,away,4.73,3.73,1.72,-4.0,False,-10.0,SP1
534,2025-2026,2025-12-13,Ath Madrid,Valencia,4.0,16.0,2,1,home,10.58,5.21,1.29,-12.0,True,2.9000000000000004,SP1
536,2025-2026,2025-12-13,Barcelona,Osasuna,1.0,16.0,2,0,home,11.63,7.34,1.2,-15.0,True,1.9999999999999996,SP1
538,2025-2026,2025-12-14,Sevilla,Oviedo,13.0,19.0,4,0,home,4.3,3.32,1.88,-6.0,True,8.799999999999999,SP1
546,2025-2026,2025-12-20,Real Madrid,Sevilla,2.0,9.0,2,0,home,12.31,6.82,1.21,-7.0,True,2.0999999999999996,SP1
549,2025-2026,2025-12-21,Elche,Vallecano,11.0,13.0,4,0,home,3.05,3.05,2.44,-2.0,True,14.399999999999999,SP1
550,2025-2026,2025-12-21,Betis,Getafe,6.0,11.0,4,0,home,5.36,3.44,1.7,-5.0,True,7.0,SP1
553,2025-2026,2026-01-03,Celta,Valencia,7.0,17.0,4,1,home,4.0,3.31,1.96,-10.0,True,9.6,SP1
557,2025-2026,2026-01-04,Sevilla,Levante,11.0,20.0,0,3,away,4.48,3.6,1.77,-9.0,False,-10.0,SP1
558,2025-2026,2026-01-04,Real Madrid,Betis,2.0,6.0,5,1,home,5.99,4.67,1.46,-4.0,True,4.6,SP1
559,2025-2026,2026-01-04,Alaves,Oviedo,15.0,20.0,1,1,draw,5.02,3.08,1.84,-5.0,False,-10.0,SP1
560,2025-2026,2026-01-04,Mallorca,Girona,15.0,18.0,1,2,away,3.34,3.12,2.24,-3.0,False,-10.0,SP1
562,2025-2026,2026-01-09,Getafe,Sociedad,10.0,15.0,1,2,away,2.43,2.83,3.38,-5.0,False,-10.0,SP1
564,2025-2026,2026-01-10,Villarreal,Alaves,3.0,14.0,3,1,home,6.96,4.32,1.46,-11.0,True,4.6,SP1
567,2025-2026,2026-01-11,Vallecano,Mallorca,15.0,17.0,2,1,home,4.46,3.23,1.88,-2.0,True,8.799999999999999,SP1
570,2025-2026,2026-01-16,Espanol,Girona,5.0,13.0,0,2,away,4.26,3.43,1.87,-8.0,False,-10.0,SP1
571,2025-2026,2026-01-17,Real Madrid,Levante,2.0,19.0,2,0,home,14.17,8.13,1.16,-17.0,True,1.5999999999999992,SP1
573,2025-2026,2026-01-17,Osasuna,Oviedo,16.0,20.0,3,2,home,4.99,3.39,1.77,-4.0,True,7.7,SP1
575,2025-2026,2026-01-18,Getafe,Valencia,15.0,18.0,0,1,away,3.26,2.77,2.51,-3.0,False,-10.0,SP1
576,2025-2026,2026-01-18,Ath Madrid,Alaves,4.0,18.0,1,0,home,10.03,5.12,1.3,-14.0,True,3.0000000000000004,SP1
577,2025-2026,2026-01-18,Celta,Vallecano,7.0,12.0,3,0,home,3.86,3.18,2.03,-5.0,True,10.299999999999997,SP1
579,2025-2026,2026-01-19,Elche,Sevilla,11.0,16.0,2,2,draw,3.16,3.3,2.23,-5.0,False,-10.0,SP1
585,2025-2026,2026-01-25,Ath Madrid,Mallorca,3.0,16.0,3,0,home,10.0,5.36,1.28,-13.0,True,2.8000000000000003,SP1
586,2025-2026,2026-01-25,Barcelona,Oviedo,2.0,20.0,3,0,home,20.27,9.93,1.09,-18.0,True,0.9000000000000008,SP1
589,2025-2026,2026-01-26,Girona,Getafe,13.0,18.0,1,1,draw,3.93,3.01,2.08,-5.0,False,-10.0,SP1
590,2025-2026,2026-01-30,Espanol,Alaves,5.0,15.0,1,2,away,4.47,3.07,1.95,-10.0,False,-10.0,SP1
595,2025-2026,2026-02-01,Real Madrid,Vallecano,2.0,16.0,2,1,home,10.69,5.96,1.24,-14.0,True,2.4,SP1
596,2025-2026,2026-02-01,Betis,Valencia,6.0,15.0,2,1,home,4.31,3.47,1.83,-9.0,True,8.3,SP1
600,2025-2026,2026-02-06,Celta,Osasuna,7.0,9.0,1,2,away,4.06,3.27,1.97,-2.0,False,-10.0,SP1
601,2025-2026,2026-02-07,Barcelona,Mallorca,1.0,14.0,3,0,home,14.69,8.3,1.15,-13.0,True,1.4999999999999991,SP1
602,2025-2026,2026-02-07,Sociedad,Elche,9.0,13.0,3,1,home,5.04,3.97,1.64,-4.0,True,6.399999999999999,SP1
603,2025-2026,2026-02-08,Alaves,Getafe,10.0,16.0,0,2,away,3.69,2.78,2.3,-6.0,False,-10.0,SP1
604,2025-2026,2026-02-08,Ath Bilbao,Levante,12.0,19.0,4,2,home,5.52,3.8,1.61,-7.0,True,6.100000000000001,SP1
606,2025-2026,2026-02-08,Ath Madrid,Betis,3.0,5.0,0,1,away,6.15,4.47,1.47,-2.0,False,-10.0,SP1
608,2025-2026,2026-02-09,Villarreal,Espanol,4.0,6.0,4,1,home,4.53,3.99,1.67,-2.0,True,6.699999999999999,SP1
610,2025-2026,2026-02-14,Espanol,Celta,6.0,7.0,2,2,draw,2.97,3.16,2.41,-1.0,False,-10.0,SP1
612,2025-2026,2026-02-14,Sevilla,Alaves,14.0,15.0,1,1,draw,3.71,3.12,2.09,-1.0,False,-10.0,SP1
613,2025-2026,2026-02-14,Real Madrid,Sociedad,2.0,8.0,4,1,home,7.59,5.27,1.34,-6.0,True,3.400000000000001,SP1
620,2025-2026,2026-02-20,Ath Bilbao,Elche,9.0,16.0,2,1,home,5.03,3.83,1.66,-7.0,True,6.6,SP1
621,2025-2026,2026-02-21,Sociedad,Oviedo,9.0,20.0,3,3,draw,7.52,4.06,1.46,-11.0,False,-10.0,SP1
622,2025-2026,2026-02-21,Betis,Vallecano,5.0,17.0,1,1,draw,4.19,3.45,1.88,-12.0,False,-10.0,SP1
624,2025-2026,2026-02-21,Ath Madrid,Espanol,4.0,6.0,4,2,home,6.87,4.25,1.47,-2.0,True,4.699999999999999,SP1
625,2025-2026,2026-02-22,Getafe,Sevilla,11.0,13.0,0,1,away,3.31,2.87,2.39,-2.0,False,-10.0,SP1
626,2025-2026,2026-02-22,Barcelona,Levante,2.0,19.0,3,0,home,17.54,9.98,1.1,-17.0,True,1.0000000000000009,SP1
627,2025-2026,2026-02-22,Celta,Mallorca,7.0,18.0,2,0,home,4.53,3.4,1.81,-11.0,True,8.100000000000001,SP1
628,2025-2026,2026-02-22,Villarreal,Valencia,3.0,16.0,2,1,home,4.62,3.86,1.69,-13.0,True,6.8999999999999995,SP1
632,2025-2026,2026-02-28,Barcelona,Villarreal,1.0,3.0,4,1,home,8.02,6.15,1.29,-2.0,True,2.9000000000000004,SP1
637,2025-2026,2026-03-01,Betis,Sevilla,5.0,12.0,2,2,draw,4.42,3.63,1.77,-7.0,False,-10.0,SP1
639,2025-2026,2026-03-02,Real Madrid,Getafe,2.0,13.0,0,1,away,10.52,5.12,1.28,-11.0,False,-10.0,SP1
640,2025-2026,2026-03-04,Vallecano,Oviedo,15.0,20.0,3,0,home,5.22,3.63,1.68,-5.0,True,6.799999999999999,SP1
642,2025-2026,2026-03-07,Osasuna,Mallorca,10.0,18.0,2,2,draw,4.93,3.55,1.74,-8.0,False,-10.0,SP1
644,2025-2026,2026-03-07,Ath Madrid,Sociedad,3.0,8.0,3,2,home,5.32,3.98,1.6,-5.0,True,6.000000000000001,SP1
646,2025-2026,2026-03-08,Villarreal,Elche,4.0,17.0,2,1,home,5.99,4.49,1.47,-13.0,True,4.699999999999999,SP1
649,2025-2026,2026-03-08,Valencia,Alaves,15.0,16.0,3,2,home,3.85,3.1,2.06,-1.0,True,10.600000000000001,SP1
650,2025-2026,2026-03-09,Espanol,Oviedo,7.0,20.0,1,1,draw,4.25,3.31,1.88,-13.0,False,-10.0,SP1
653,2025-2026,2026-03-14,Ath Madrid,Getafe,4.0,9.0,1,0,home,6.91,3.67,1.55,-5.0,True,5.5,SP1
655,2025-2026,2026-03-14,Real Madrid,Elche,2.0,17.0,4,1,home,8.41,5.66,1.3,-15.0,True,3.0000000000000004,SP1
657,2025-2026,2026-03-15,Barcelona,Sevilla,1.0,15.0,5,2,home,9.19,6.06,1.26,-14.0,True,2.6,SP1
658,2025-2026,2026-03-15,Betis,Celta,5.0,6.0,1,1,draw,3.29,3.25,2.18,-1.0,False,-10.0,SP1
659,2025-2026,2026-03-15,Sociedad,Osasuna,8.0,11.0,3,1,home,4.06,3.43,1.87,-3.0,True,8.700000000000001,SP1
660,2025-2026,2026-03-16,Vallecano,Levante,14.0,19.0,1,1,draw,4.92,3.74,1.67,-5.0,False,-10.0,SP1
661,2025-2026,2026-03-20,Villarreal,Sociedad,4.0,7.0,3,1,home,3.72,3.62,1.93,-3.0,True,9.299999999999999,SP1
663,2025-2026,2026-03-21,Espanol,Getafe,8.0,9.0,1,2,away,3.28,2.92,2.4,-1.0,False,-10.0,SP1
664,2025-2026,2026-03-21,Levante,Oviedo,19.0,20.0,4,2,home,3.33,3.28,2.18,-1.0,True,11.8,SP1
665,2025-2026,2026-03-21,Osasuna,Girona,11.0,12.0,1,0,home,3.29,3.35,2.17,-1.0,True,11.7,SP1
667,2025-2026,2026-03-22,Barcelona,Vallecano,1.0,14.0,1,0,home,9.96,6.54,1.22,-13.0,True,2.1999999999999997,SP1
668,2025-2026,2026-03-22,Celta,Alaves,6.0,17.0,3,4,away,4.64,3.33,1.81,-11.0,False,-10.0,SP1
670,2025-2026,2026-03-22,Real Madrid,Ath Madrid,2.0,4.0,3,2,home,3.54,3.78,1.91,-2.0,True,9.1,SP1
671,2025-2026,2026-04-03,Vallecano,Elche,14.0,17.0,1,0,home,4.7,3.77,1.72,-3.0,True,7.199999999999999,SP1
672,2025-2026,2026-04-04,Sociedad,Levante,7.0,19.0,2,0,home,5.42,4.18,1.57,-12.0,True,5.700000000000001,SP1
674,2025-2026,2026-04-04,Betis,Espanol,5.0,11.0,0,0,draw,4.59,3.88,1.71,-6.0,False,-10.0,SP1
676,2025-2026,2026-04-05,Getafe,Ath Bilbao,8.0,10.0,2,0,home,2.63,2.82,2.99,-2.0,True,19.900000000000002,SP1
681,2025-2026,2026-04-10,Real Madrid,Girona,2.0,12.0,1,1,draw,8.57,5.76,1.3,-10.0,False,-10.0,SP1
682,2025-2026,2026-04-11,Sociedad,Alaves,7.0,15.0,3,3,draw,4.76,3.68,1.72,-8.0,False,-10.0,SP1
684,2025-2026,2026-04-11,Barcelona,Espanol,1.0,10.0,4,1,home,9.39,6.26,1.26,-9.0,True,2.6,SP1
688,2025-2026,2026-04-12,Celta,Oviedo,6.0,20.0,0,3,away,4.9,3.8,1.66,-14.0,False,-10.0,SP1
694,2025-2026,2026-04-21,Real Madrid,Alaves,2.0,17.0,2,1,home,11.23,6.46,1.23,-15.0,True,2.3,SP1
696,2025-2026,2026-04-22,Sociedad,Getafe,7.0,8.0,0,1,away,3.58,3.01,2.22,-1.0,False,-10.0,SP1
697,2025-2026,2026-04-22,Barcelona,Celta,1.0,6.0,1,0,home,10.25,6.72,1.23,-5.0,True,2.3,SP1
705,2025-2026,2026-04-25,Ath Madrid,Ath Bilbao,4.0,9.0,3,2,home,3.15,3.48,2.16,-5.0,True,11.600000000000001,SP1
708,2025-2026,2026-04-26,Osasuna,Sevilla,10.0,18.0,2,1,home,3.55,3.35,2.03,-8.0,True,10.299999999999997,SP1
709,2025-2026,2026-04-26,Villarreal,Celta,3.0,6.0,2,1,home,3.57,3.35,2.03,-3.0,True,10.299999999999997,SP1
710,2025-2026,2026-04-27,Espanol,Levante,14.0,19.0,0,0,draw,3.72,3.36,1.98,-5.0,False,-10.0,SP1
711,2025-2026,2026-05-01,Girona,Mallorca,15.0,17.0,0,1,away,3.57,3.43,2.04,-2.0,False,-10.0,SP1
712,2025-2026,2026-05-02,Villarreal,Levante,3.0,19.0,5,1,home,4.31,4.09,1.7,-16.0,True,7.0,SP1
716,2025-2026,2026-05-03,Celta,Elche,6.0,14.0,3,1,home,4.24,3.81,1.75,-8.0,True,7.5,SP1
717,2025-2026,2026-05-03,Getafe,Vallecano,7.0,11.0,0,2,away,4.15,3.17,1.93,-4.0,False,-10.0,SP1
718,2025-2026,2026-05-03,Betis,Oviedo,5.0,20.0,3,0,home,5.75,4.02,1.54,-15.0,True,5.4,SP1
722,2025-2026,2026-05-09,Elche,Alaves,14.0,18.0,1,1,draw,3.2,3.32,2.22,-4.0,False,-10.0,SP1
724,2025-2026,2026-05-09,Ath Madrid,Celta,4.0,6.0,0,1,away,3.34,3.47,2.08,-2.0,False,-10.0,SP1
727,2025-2026,2026-05-10,Ath Bilbao,Valencia,9.0,15.0,0,1,away,4.73,3.67,1.71,-6.0,False,-10.0,SP1
729,2025-2026,2026-05-10,Barcelona,Real Madrid,1.0,2.0,2,0,home,4.28,4.65,1.61,-1.0,True,6.100000000000001,SP1
730,2025-2026,2026-05-11,Vallecano,Girona,11.0,17.0,1,1,draw,2.92,3.39,2.3,-6.0,False,-10.0,SP1
731,2025-2026,2026-05-12,Celta,Levante,6.0,19.0,2,3,away,4.17,3.78,1.78,-13.0,False,-10.0,SP1
732,2025-2026,2026-05-12,Betis,Elche,5.0,14.0,2,1,home,5.25,4.16,1.57,-9.0,True,5.700000000000001,SP1
735,2025-2026,2026-05-13,Villarreal,Sevilla,3.0,14.0,2,3,away,3.5,3.29,2.09,-11.0,False,-10.0,SP1
737,2025-2026,2026-05-13,Getafe,Mallorca,7.0,17.0,3,1,home,3.51,3.07,2.19,-10.0,True,11.899999999999999,SP1
740,2025-2026,2026-05-14,Real Madrid,Oviedo,2.0,20.0,2,0,home,10.42,6.28,1.23,-18.0,True,2.3,SP1
742,2025-2026,2026-05-17,Ath Madrid,Girona,4.0,16.0,1,0,home,4.25,3.74,1.74,-12.0,True,7.4,SP1
745,2025-2026,2026-05-17,Osasuna,Espanol,13.0,16.0,1,2,away,3.7,3.11,2.05,-3.0,False,-10.0,SP1
748,2025-2026,2026-05-17,Sociedad,Valencia,8.0,13.0,3,4,away,3.21,3.37,2.13,-5.0,False,-10.0,SP1
750,2025-2026,2026-05-17,Barcelona,Betis,1.0,5.0,3,1,home,7.08,5.5,1.33,-4.0,True,3.3000000000000007,SP1
752,2025-2026,2026-05-23,Betis,Levante,5.0,17.0,2,1,home,3.26,3.26,2.19,-12.0,True,11.899999999999999,SP1
753,2025-2026,2026-05-23,Celta,Sevilla,6.0,14.0,1,0,home,4.52,3.68,1.74,-8.0,True,7.4,SP1
755,2025-2026,2026-05-23,Getafe,Osasuna,8.0,15.0,1,0,home,3.38,2.77,2.41,-7.0,True,14.100000000000001,SP1
757,2025-2026,2026-05-23,Mallorca,Oviedo,19.0,20.0,3,0,home,6.9,4.33,1.45,-1.0,True,4.5,SP1
758,2025-2026,2026-05-23,Real Madrid,Ath Bilbao,2.0,12.0,4,2,home,5.84,4.63,1.46,-10.0,True,4.6,SP1
760,2025-2026,2026-05-24,Villarreal,Ath Madrid,3.0,4.0,5,1,home,2.58,3.71,2.39,-1.0,True,13.900000000000002,SP1
52,2025-2026,2025-09-27,Chelsea,Brighton,6.0,15.0,1,3,away,3.86,3.86,1.86,-9.0,False,-10.0,E0
55,2025-2026,2025-09-27,Man City,Burnley,11.0,17.0,5,1,home,15.54,7.48,1.17,-6.0,True,1.6999999999999993,E0
57,2025-2026,2025-09-27,Tottenham,Wolves,7.0,20.0,1,1,draw,6.38,4.57,1.47,-13.0,False,-10.0,E0
60,2025-2026,2025-09-29,Everton,West Ham,12.0,19.0,1,1,draw,4.83,3.69,1.72,-7.0,False,-10.0,E0
61,2025-2026,2025-10-03,Bournemouth,Fulham,6.0,11.0,3,1,home,3.85,3.5,1.97,-5.0,True,9.7,E0
63,2025-2026,2025-10-04,Arsenal,West Ham,4.0,19.0,2,0,home,15.25,6.83,1.19,-15.0,True,1.8999999999999995,E0
66,2025-2026,2025-10-05,Aston Villa,Burnley,16.0,18.0,2,1,home,5.76,4.0,1.59,-2.0,True,5.9,E0
68,2025-2026,2025-10-05,Newcastle,Nott'm Forest,16.0,17.0,2,0,home,5.46,4.21,1.58,-1.0,True,5.800000000000001,E0
75,2025-2026,2025-10-18,Man City,Everton,6.0,9.0,2,0,home,7.91,4.92,1.38,-3.0,True,3.799999999999999,E0
76,2025-2026,2025-10-18,Sunderland,Wolves,9.0,20.0,2,0,home,3.13,3.07,2.46,-11.0,True,14.6,E0
78,2025-2026,2025-10-19,Tottenham,Aston Villa,5.0,13.0,1,2,away,3.42,3.56,2.06,-8.0,False,-10.0,E0
79,2025-2026,2025-10-19,Liverpool,Man United,3.0,12.0,1,2,away,4.89,4.4,1.6,-9.0,False,-10.0,E0
81,2025-2026,2025-10-24,Leeds,West Ham,16.0,19.0,2,1,home,4.59,3.57,1.81,-3.0,True,8.100000000000001,E0
82,2025-2026,2025-10-25,Chelsea,Sunderland,5.0,7.0,1,2,away,8.31,4.99,1.37,-2.0,False,-10.0,E0
83,2025-2026,2025-10-25,Newcastle,Fulham,15.0,16.0,2,1,home,5.44,3.97,1.62,-1.0,True,6.200000000000001,E0
84,2025-2026,2025-10-25,Man United,Brighton,9.0,10.0,4,2,home,3.45,3.83,2.0,-1.0,True,10.0,E0
86,2025-2026,2025-10-26,Arsenal,Crystal Palace,1.0,9.0,1,0,home,7.76,4.6,1.41,-8.0,True,4.1,E0
88,2025-2026,2025-10-26,Bournemouth,Nott'm Forest,5.0,18.0,2,0,home,4.29,3.79,1.79,-13.0,True,7.9,E0
91,2025-2026,2025-11-01,Brighton,Leeds,13.0,15.0,3,0,home,4.11,3.74,1.85,-2.0,True,8.5,E0
93,2025-2026,2025-11-01,Crystal Palace,Brentford,11.0,12.0,2,0,home,3.85,3.65,1.92,-1.0,True,9.2,E0
94,2025-2026,2025-11-01,Fulham,Wolves,17.0,20.0,3,0,home,4.51,3.46,1.84,-3.0,True,8.4,E0
96,2025-2026,2025-11-01,Tottenham,Chelsea,3.0,11.0,0,1,away,2.5,3.52,2.71,-8.0,False,-10.0,E0
97,2025-2026,2025-11-01,Liverpool,Aston Villa,10.0,11.0,2,0,home,4.81,4.32,1.63,-1.0,True,6.299999999999999,E0
100,2025-2026,2025-11-03,Sunderland,Everton,7.0,15.0,1,1,draw,2.67,3.12,2.74,-8.0,False,-10.0,E0
101,2025-2026,2025-11-08,Tottenham,Man United,6.0,8.0,2,2,draw,2.52,3.58,2.65,-2.0,False,-10.0,E0
102,2025-2026,2025-11-08,Everton,Fulham,14.0,15.0,2,0,home,3.4,3.28,2.2,-1.0,True,12.000000000000002,E0
105,2025-2026,2025-11-08,Chelsea,Wolves,8.0,20.0,3,0,home,8.27,5.06,1.36,-12.0,True,3.600000000000001,E0
107,2025-2026,2025-11-09,Brentford,Newcastle,13.0,14.0,3,1,home,2.45,3.4,2.84,-1.0,True,18.4,E0
108,2025-2026,2025-11-09,Crystal Palace,Brighton,10.0,12.0,0,0,draw,3.04,3.52,2.27,-2.0,False,-10.0,E0
110,2025-2026,2025-11-09,Man City,Liverpool,3.0,6.0,3,0,home,3.72,3.92,1.88,-3.0,True,8.799999999999999,E0
112,2025-2026,2025-11-22,Bournemouth,West Ham,9.0,18.0,2,2,draw,5.14,4.09,1.62,-9.0,False,-10.0,E0
113,2025-2026,2025-11-22,Brighton,Brentford,11.0,12.0,2,1,home,3.82,3.66,1.93,-1.0,True,9.299999999999999,E0
115,2025-2026,2025-11-22,Liverpool,Nott'm Forest,10.0,19.0,0,3,away,6.97,4.86,1.42,-9.0,False,-10.0,E0
119,2025-2026,2025-11-23,Arsenal,Tottenham,1.0,9.0,4,1,home,8.03,4.66,1.39,-8.0,True,3.899999999999999,E0
120,2025-2026,2025-11-24,Man United,Everton,10.0,13.0,0,1,away,4.49,3.83,1.74,-3.0,False,-10.0,E0
121,2025-2026,2025-11-29,Brentford,Burnley,13.0,19.0,3,1,home,6.96,4.54,1.45,-6.0,True,4.5,E0
122,2025-2026,2025-11-29,Man City,Leeds,3.0,18.0,3,2,home,11.78,6.42,1.23,-15.0,True,2.3,E0
123,2025-2026,2025-11-29,Sunderland,Bournemouth,7.0,9.0,3,2,home,2.35,3.3,3.04,-2.0,True,20.4,E0
124,2025-2026,2025-11-29,Everton,Newcastle,12.0,14.0,1,4,away,2.55,3.31,2.79,-2.0,False,-10.0,E0
125,2025-2026,2025-11-29,Tottenham,Fulham,10.0,15.0,1,2,away,3.33,3.39,2.18,-5.0,False,-10.0,E0
126,2025-2026,2025-11-30,Crystal Palace,Man United,6.0,12.0,1,2,away,2.93,3.51,2.32,-6.0,False,-10.0,E0
127,2025-2026,2025-11-30,Aston Villa,Wolves,5.0,20.0,1,0,home,6.57,4.39,1.48,-15.0,True,4.8,E0
131,2025-2026,2025-12-02,Bournemouth,Everton,11.0,14.0,0,1,away,3.38,3.29,2.2,-3.0,False,-10.0,E0
134,2025-2026,2025-12-03,Arsenal,Brentford,1.0,12.0,2,0,home,8.94,4.97,1.35,-11.0,True,3.500000000000001,E0
140,2025-2026,2025-12-04,Man United,West Ham,9.0,18.0,1,1,draw,6.59,4.81,1.43,-9.0,False,-10.0,E0
143,2025-2026,2025-12-06,Everton,Nott'm Forest,10.0,16.0,3,0,home,3.52,3.25,2.17,-6.0,True,11.7,E0
144,2025-2026,2025-12-06,Man City,Sunderland,3.0,7.0,3,0,home,11.38,6.22,1.24,-4.0,True,2.4,E0
145,2025-2026,2025-12-06,Newcastle,Burnley,13.0,19.0,2,1,home,10.39,5.72,1.28,-6.0,True,2.8000000000000003,E0
146,2025-2026,2025-12-06,Tottenham,Brentford,13.0,14.0,2,0,home,3.03,3.44,2.31,-1.0,True,13.100000000000001,E0
148,2025-2026,2025-12-07,Brighton,West Ham,10.0,18.0,1,1,draw,5.63,4.32,1.55,-8.0,False,-10.0,E0
151,2025-2026,2025-12-13,Chelsea,Everton,5.0,7.0,2,0,home,5.09,3.9,1.66,-2.0,True,6.6,E0
154,2025-2026,2025-12-13,Arsenal,Wolves,1.0,20.0,2,1,home,22.31,8.62,1.12,-19.0,True,1.200000000000001,E0
157,2025-2026,2025-12-14,Sunderland,Newcastle,10.0,12.0,1,0,home,2.22,3.33,3.26,-2.0,True,22.599999999999998,E0
159,2025-2026,2025-12-14,Brentford,Leeds,15.0,17.0,1,1,draw,3.85,3.54,1.94,-2.0,False,-10.0,E0
160,2025-2026,2025-12-15,Man United,Bournemouth,8.0,15.0,4,4,draw,3.84,3.98,1.82,-7.0,False,-10.0,E0
162,2025-2026,2025-12-20,Bournemouth,Burnley,13.0,19.0,1,1,draw,6.59,4.44,1.47,-6.0,False,-10.0,E0
164,2025-2026,2025-12-20,Man City,West Ham,2.0,18.0,3,0,home,11.88,7.36,1.2,-16.0,True,1.9999999999999996,E0
169,2025-2026,2025-12-21,Aston Villa,Man United,3.0,7.0,2,1,home,3.26,3.64,2.1,-4.0,True,11.0,E0
170,2025-2026,2025-12-22,Fulham,Nott'm Forest,15.0,17.0,1,0,home,2.93,3.27,2.42,-2.0,True,14.2,E0
171,2025-2026,2025-12-26,Man United,Newcastle,7.0,11.0,1,0,home,2.67,3.58,2.47,-4.0,True,14.700000000000003,E0
173,2025-2026,2025-12-27,Arsenal,Brighton,2.0,9.0,2,1,home,7.34,4.73,1.41,-7.0,True,4.1,E0
174,2025-2026,2025-12-27,Brentford,Bournemouth,12.0,15.0,4,1,home,2.98,3.57,2.25,-3.0,True,12.5,E0
176,2025-2026,2025-12-27,Liverpool,Wolves,6.0,20.0,2,1,home,11.25,6.31,1.24,-14.0,True,2.4,E0
179,2025-2026,2025-12-28,Sunderland,Leeds,7.0,16.0,1,1,draw,2.8,3.18,2.56,-9.0,False,-10.0,E0
180,2025-2026,2025-12-28,Crystal Palace,Tottenham,9.0,14.0,0,1,away,3.19,3.33,2.25,-5.0,False,-10.0,E0
182,2025-2026,2025-12-30,Chelsea,Bournemouth,5.0,15.0,2,2,draw,5.81,4.56,1.51,-10.0,False,-10.0,E0
185,2025-2026,2025-12-30,Arsenal,Aston Villa,1.0,3.0,4,1,home,7.02,4.68,1.43,-2.0,True,4.299999999999999,E0
186,2025-2026,2025-12-30,Man United,Wolves,6.0,20.0,1,1,draw,8.09,5.06,1.37,-14.0,False,-10.0,E0
187,2025-2026,2026-01-01,Crystal Palace,Fulham,11.0,12.0,1,1,draw,3.4,3.34,2.17,-1.0,False,-10.0,E0
188,2025-2026,2026-01-01,Liverpool,Leeds,4.0,16.0,0,0,draw,5.83,4.41,1.53,-12.0,False,-10.0,E0
189,2025-2026,2026-01-01,Brentford,Tottenham,11.0,13.0,0,0,draw,3.35,3.49,2.11,-2.0,False,-10.0,E0
191,2025-2026,2026-01-03,Aston Villa,Nott'm Forest,3.0,17.0,3,1,home,4.54,3.74,1.76,-14.0,True,7.6,E0
192,2025-2026,2026-01-03,Brighton,Burnley,14.0,19.0,2,0,home,6.56,4.35,1.49,-5.0,True,4.9,E0
196,2025-2026,2026-01-04,Everton,Brentford,9.0,10.0,2,4,away,3.1,3.19,2.36,-1.0,False,-10.0,E0
200,2025-2026,2026-01-04,Man City,Chelsea,3.0,6.0,1,1,draw,4.66,4.39,1.63,-3.0,False,-10.0,E0
203,2025-2026,2026-01-07,Brentford,Sunderland,7.0,8.0,3,0,home,4.36,3.56,1.83,-1.0,True,8.3,E0
205,2025-2026,2026-01-07,Everton,Wolves,13.0,20.0,1,1,draw,4.85,3.55,1.76,-7.0,False,-10.0,E0
207,2025-2026,2026-01-07,Man City,Brighton,3.0,12.0,1,1,draw,7.27,5.23,1.37,-9.0,False,-10.0,E0
209,2025-2026,2026-01-07,Newcastle,Leeds,10.0,16.0,4,3,home,5.02,3.87,1.67,-6.0,True,6.699999999999999,E0
210,2025-2026,2026-01-08,Arsenal,Liverpool,1.0,4.0,0,0,draw,5.25,4.11,1.6,-3.0,False,-10.0,E0
214,2025-2026,2026-01-17,Liverpool,Burnley,5.0,19.0,1,1,draw,12.44,6.4,1.22,-14.0,False,-10.0,E0
215,2025-2026,2026-01-17,Sunderland,Crystal Palace,10.0,13.0,2,1,home,2.74,3.15,2.69,-3.0,True,16.9,E0
216,2025-2026,2026-01-17,Tottenham,West Ham,14.0,19.0,1,2,away,4.63,3.91,1.71,-5.0,False,-10.0,E0
219,2025-2026,2026-01-18,Aston Villa,Everton,3.0,12.0,0,1,away,5.09,3.87,1.66,-9.0,False,-10.0,E0
220,2025-2026,2026-01-19,Brighton,Bournemouth,12.0,15.0,1,1,draw,3.75,3.92,1.85,-3.0,False,-10.0,E0
223,2025-2026,2026-01-24,Fulham,Brighton,11.0,12.0,2,1,home,2.71,3.42,2.54,-1.0,True,15.4,E0
224,2025-2026,2026-01-24,Man City,Wolves,2.0,20.0,2,0,home,12.0,6.68,1.21,-18.0,True,2.0999999999999996,E0
226,2025-2026,2026-01-25,Brentford,Nott'm Forest,8.0,17.0,0,2,away,4.02,3.49,1.9,-9.0,False,-10.0,E0
229,2025-2026,2026-01-25,Arsenal,Man United,1.0,6.0,2,3,away,5.89,4.08,1.55,-5.0,False,-10.0,E0
230,2025-2026,2026-01-26,Everton,Leeds,11.0,16.0,1,1,draw,2.92,3.15,2.48,-5.0,False,-10.0,E0
234,2025-2026,2026-01-31,Chelsea,West Ham,5.0,18.0,3,2,home,6.05,4.53,1.49,-13.0,True,4.9,E0
235,2025-2026,2026-01-31,Liverpool,Newcastle,6.0,10.0,4,1,home,4.12,3.99,1.77,-4.0,True,7.7,E0
236,2025-2026,2026-02-01,Aston Villa,Brentford,3.0,9.0,0,1,away,3.46,3.47,2.08,-6.0,False,-10.0,E0
237,2025-2026,2026-02-01,Man United,Fulham,6.0,8.0,3,2,home,5.2,4.32,1.58,-2.0,True,5.800000000000001,E0
240,2025-2026,2026-02-02,Sunderland,Burnley,11.0,19.0,3,0,home,4.73,3.42,1.8,-8.0,True,8.0,E0
241,2025-2026,2026-02-06,Leeds,Nott'm Forest,16.0,17.0,3,1,home,3.37,3.26,2.21,-1.0,True,12.1,E0
242,2025-2026,2026-02-07,Man United,Tottenham,4.0,14.0,2,0,home,4.97,4.54,1.57,-10.0,True,5.700000000000001,E0
243,2025-2026,2026-02-07,Arsenal,Sunderland,1.0,8.0,3,0,home,14.08,6.23,1.21,-7.0,True,2.0999999999999996,E0
246,2025-2026,2026-02-07,Fulham,Everton,9.0,10.0,1,2,away,3.64,3.27,2.1,-1.0,False,-10.0,E0
249,2025-2026,2026-02-08,Brighton,Crystal Palace,13.0,15.0,0,1,away,3.68,3.57,1.96,-2.0,False,-10.0,E0
251,2025-2026,2026-02-10,Chelsea,Leeds,5.0,16.0,2,2,draw,5.66,4.28,1.55,-11.0,False,-10.0,E0
252,2025-2026,2026-02-10,Everton,Bournemouth,8.0,11.0,1,2,away,2.91,3.35,2.41,-3.0,False,-10.0,E0
255,2025-2026,2026-02-11,Aston Villa,Brighton,3.0,14.0,1,0,home,3.79,3.67,1.92,-11.0,True,9.2,E0
256,2025-2026,2026-02-11,Crystal Palace,Burnley,13.0,19.0,2,3,away,6.18,3.98,1.55,-6.0,False,-10.0,E0
257,2025-2026,2026-02-11,Man City,Fulham,2.0,12.0,3,0,home,8.08,5.33,1.34,-10.0,True,3.400000000000001,E0
258,2025-2026,2026-02-11,Nott'm Forest,Wolves,17.0,20.0,0,0,draw,5.09,3.72,1.69,-3.0,False,-10.0,E0
262,2025-2026,2026-02-21,Aston Villa,Leeds,3.0,15.0,1,1,draw,4.24,3.62,1.84,-12.0,False,-10.0,E0
263,2025-2026,2026-02-21,Brentford,Brighton,7.0,14.0,0,2,away,3.45,3.7,2.01,-7.0,False,-10.0,E0
264,2025-2026,2026-02-21,Chelsea,Burnley,5.0,19.0,1,1,draw,12.88,6.7,1.2,-14.0,False,-10.0,E0
266,2025-2026,2026-02-21,Man City,Newcastle,2.0,10.0,2,1,home,5.82,4.92,1.46,-8.0,True,4.6,E0
267,2025-2026,2026-02-22,Crystal Palace,Wolves,14.0,20.0,1,0,home,5.26,3.99,1.62,-6.0,True,6.200000000000001,E0
269,2025-2026,2026-02-22,Sunderland,Fulham,11.0,14.0,1,3,away,2.67,3.27,2.65,-3.0,False,-10.0,E0
273,2025-2026,2026-02-28,Bournemouth,Sunderland,8.0,12.0,1,1,draw,4.34,3.8,1.77,-4.0,False,-10.0,E0
275,2025-2026,2026-02-28,Liverpool,West Ham,6.0,18.0,5,2,home,6.68,5.02,1.41,-12.0,True,4.1,E0
278,2025-2026,2026-03-01,Brighton,Nott'm Forest,14.0,17.0,2,1,home,3.42,3.54,2.05,-3.0,True,10.499999999999998,E0
279,2025-2026,2026-03-01,Fulham,Tottenham,11.0,16.0,2,1,home,3.3,3.57,2.08,-5.0,True,10.8,E0
280,2025-2026,2026-03-01,Man United,Crystal Palace,4.0,14.0,2,1,home,5.61,4.31,1.53,-10.0,True,5.300000000000001,E0
281,2025-2026,2026-03-01,Arsenal,Chelsea,1.0,6.0,2,1,home,5.28,3.98,1.6,-5.0,True,6.000000000000001,E0
283,2025-2026,2026-03-03,Everton,Burnley,8.0,19.0,2,0,home,6.06,3.96,1.56,-11.0,True,5.6000000000000005,E0
286,2025-2026,2026-03-04,Aston Villa,Chelsea,4.0,6.0,1,4,away,2.46,3.57,2.67,-2.0,False,-10.0,E0
288,2025-2026,2026-03-04,Fulham,West Ham,10.0,18.0,0,1,away,3.52,3.56,2.03,-8.0,False,-10.0,E0
289,2025-2026,2026-03-04,Man City,Nott'm Forest,2.0,18.0,2,2,draw,7.65,4.95,1.37,-16.0,False,-10.0,E0
293,2025-2026,2026-03-14,Sunderland,Brighton,11.0,14.0,0,1,away,2.23,3.27,3.26,-3.0,False,-10.0,E0
294,2025-2026,2026-03-14,Arsenal,Everton,1.0,8.0,2,0,home,8.83,4.56,1.37,-7.0,True,3.700000000000001,E0
295,2025-2026,2026-03-14,Chelsea,Newcastle,5.0,13.0,0,1,away,3.86,4.12,1.79,-8.0,False,-10.0,E0
297,2025-2026,2026-03-15,Crystal Palace,Leeds,14.0,15.0,0,0,draw,2.85,3.24,2.49,-1.0,False,-10.0,E0
298,2025-2026,2026-03-15,Man United,Aston Villa,3.0,4.0,3,1,home,4.38,4.02,1.71,-1.0,True,7.1,E0
300,2025-2026,2026-03-15,Liverpool,Tottenham,6.0,16.0,1,1,draw,8.72,5.79,1.29,-10.0,False,-10.0,E0
301,2025-2026,2026-03-16,Brentford,Wolves,7.0,20.0,2,2,draw,5.68,4.15,1.54,-13.0,False,-10.0,E0
304,2025-2026,2026-03-21,Fulham,Burnley,12.0,19.0,3,1,home,6.22,4.09,1.53,-7.0,True,5.300000000000001,E0
307,2025-2026,2026-03-22,Newcastle,Sunderland,11.0,13.0,1,2,away,5.04,3.89,1.65,-2.0,False,-10.0,E0
308,2025-2026,2026-03-22,Aston Villa,West Ham,4.0,18.0,2,0,home,3.7,3.56,1.95,-14.0,True,9.5,E0
309,2025-2026,2026-03-22,Tottenham,Nott'm Forest,16.0,17.0,0,3,away,3.11,3.39,2.24,-1.0,False,-10.0,E0
310,2025-2026,2026-04-10,West Ham,Wolves,18.0,20.0,4,0,home,4.34,3.74,1.78,-2.0,True,7.800000000000001,E0
311,2025-2026,2026-04-11,Arsenal,Bournemouth,1.0,13.0,1,2,away,7.06,4.55,1.43,-12.0,False,-10.0,E0
312,2025-2026,2026-04-11,Brentford,Everton,7.0,8.0,2,2,draw,3.45,3.31,2.13,-1.0,False,-10.0,E0
314,2025-2026,2026-04-11,Liverpool,Fulham,5.0,11.0,2,0,home,4.83,4.18,1.62,-6.0,True,6.200000000000001,E0
317,2025-2026,2026-04-12,Sunderland,Tottenham,12.0,18.0,1,0,home,2.63,3.34,2.62,-6.0,True,16.200000000000003,E0
319,2025-2026,2026-04-13,Man United,Leeds,3.0,15.0,1,2,away,5.3,4.07,1.59,-12.0,False,-10.0,E0
320,2025-2026,2026-04-18,Brentford,Fulham,7.0,12.0,0,0,draw,3.26,3.63,2.09,-5.0,False,-10.0,E0
321,2025-2026,2026-04-18,Leeds,Wolves,15.0,20.0,3,0,home,5.5,3.93,1.6,-5.0,True,6.000000000000001,E0
325,2025-2026,2026-04-19,Aston Villa,Sunderland,4.0,11.0,4,3,home,5.25,3.78,1.65,-7.0,True,6.499999999999999,E0
327,2025-2026,2026-04-19,Nott'm Forest,Burnley,16.0,19.0,4,1,home,6.32,4.25,1.49,-3.0,True,4.9,E0
329,2025-2026,2026-04-20,Crystal Palace,West Ham,13.0,17.0,0,0,draw,3.11,3.21,2.31,-4.0,False,-10.0,E0
331,2025-2026,2026-04-22,Bournemouth,Leeds,9.0,15.0,2,2,draw,3.57,3.51,2.02,-6.0,False,-10.0,E0
333,2025-2026,2026-04-24,Sunderland,Nott'm Forest,11.0,16.0,0,5,away,2.66,3.18,2.67,-5.0,False,-10.0,E0
335,2025-2026,2026-04-25,Liverpool,Crystal Palace,5.0,13.0,3,1,home,6.31,4.76,1.44,-8.0,True,4.3999999999999995,E0
338,2025-2026,2026-04-25,Arsenal,Newcastle,2.0,14.0,1,0,home,6.22,4.66,1.45,-12.0,True,4.5,E0
339,2025-2026,2026-04-27,Man United,Brentford,3.0,9.0,2,1,home,3.84,3.82,1.84,-6.0,True,8.4,E0
340,2025-2026,2026-05-01,Leeds,Burnley,15.0,19.0,3,1,home,8.57,5.09,1.34,-4.0,True,3.400000000000001,E0
341,2025-2026,2026-05-02,Brentford,West Ham,9.0,17.0,3,0,home,3.62,3.77,1.91,-8.0,True,9.1,E0
344,2025-2026,2026-05-02,Arsenal,Fulham,1.0,10.0,3,0,home,7.0,4.39,1.44,-9.0,True,4.3999999999999995,E0
345,2025-2026,2026-05-03,Bournemouth,Crystal Palace,8.0,14.0,3,0,home,5.2,4.16,1.58,-6.0,True,5.800000000000001,E0
346,2025-2026,2026-05-03,Man United,Liverpool,3.0,4.0,3,2,home,2.76,3.73,2.29,-1.0,True,12.9,E0
347,2025-2026,2026-05-03,Aston Villa,Tottenham,5.0,18.0,1,2,away,3.21,3.59,2.1,-13.0,False,-10.0,E0
348,2025-2026,2026-05-04,Chelsea,Nott'm Forest,9.0,16.0,1,3,away,4.65,3.93,1.68,-7.0,False,-10.0,E0
350,2025-2026,2026-05-09,Liverpool,Chelsea,4.0,9.0,1,1,draw,3.81,3.95,1.82,-5.0,False,-10.0,E0
351,2025-2026,2026-05-09,Brighton,Wolves,8.0,20.0,3,0,home,9.98,5.88,1.27,-12.0,True,2.7,E0
354,2025-2026,2026-05-09,Man City,Brentford,2.0,8.0,3,0,home,7.23,5.51,1.35,-6.0,True,3.500000000000001,E0
360,2025-2026,2026-05-13,Man City,Crystal Palace,2.0,15.0,3,0,home,12.75,7.03,1.19,-13.0,True,1.8999999999999995,E0
362,2025-2026,2026-05-17,Man United,Nott'm Forest,3.0,16.0,3,2,home,4.94,4.23,1.58,-13.0,True,5.800000000000001,E0
363,2025-2026,2026-05-17,Brentford,Crystal Palace,8.0,15.0,2,2,draw,4.17,4.09,1.71,-7.0,False,-10.0,E0
364,2025-2026,2026-05-17,Everton,Sunderland,10.0,12.0,1,3,away,4.18,3.63,1.81,-2.0,False,-10.0,E0
367,2025-2026,2026-05-17,Newcastle,West Ham,14.0,18.0,3,1,home,3.15,3.78,2.05,-4.0,True,10.499999999999998,E0
368,2025-2026,2026-05-18,Arsenal,Burnley,1.0,19.0,1,0,home,22.13,10.12,1.08,-18.0,True,0.8000000000000007,E0
370,2025-2026,2026-05-19,Chelsea,Tottenham,10.0,17.0,2,1,home,3.76,3.64,1.9,-7.0,True,9.0,E0
372,2025-2026,2026-05-24,Burnley,Wolves,19.0,20.0,1,1,draw,2.77,3.5,2.36,-1.0,False,-10.0,E0
375,2025-2026,2026-05-24,Liverpool,Brentford,5.0,9.0,1,1,draw,3.73,4.09,1.8,-4.0,False,-10.0,E0
376,2025-2026,2026-05-24,Man City,Aston Villa,2.0,4.0,1,2,away,8.39,5.93,1.28,-2.0,False,-10.0,E0
805,2025-2026,2025-09-19,Sparta Rotterdam,Twente,8.0,13.0,1,5,away,2.33,3.48,2.85,-5.0,False,-10.0,N1
806,2025-2026,2025-09-20,Volendam,Excelsior,13.0,16.0,1,2,away,2.78,3.68,2.3,-3.0,False,-10.0,N1
807,2025-2026,2025-09-20,Groningen,Telstar,7.0,15.0,2,0,home,4.37,3.67,1.78,-8.0,True,7.800000000000001,N1
809,2025-2026,2025-09-20,NAC Breda,Heracles,15.0,18.0,2,1,home,3.48,3.52,2.01,-3.0,True,10.099999999999998,N1
812,2025-2026,2025-09-21,PSV Eindhoven,Ajax,2.0,4.0,2,2,draw,4.24,4.08,1.71,-2.0,False,-10.0,N1
814,2025-2026,2025-09-24,AZ Alkmaar,Zwolle,5.0,13.0,2,2,draw,8.04,5.35,1.33,-8.0,False,-10.0,N1
816,2025-2026,2025-09-27,Ajax,NAC Breda,3.0,13.0,2,1,home,9.25,6.15,1.26,-10.0,True,2.6,N1
822,2025-2026,2025-09-28,Utrecht,Heerenveen,9.0,16.0,2,2,draw,3.95,3.87,1.8,-7.0,False,-10.0,N1
826,2025-2026,2025-10-04,For Sittard,Volendam,9.0,12.0,1,0,home,3.87,3.83,1.83,-3.0,True,8.3,N1
828,2025-2026,2025-10-04,Heerenveen,Excelsior,16.0,17.0,2,1,home,4.9,4.28,1.6,-1.0,True,6.000000000000001,N1
829,2025-2026,2025-10-05,Twente,Heracles,9.0,18.0,2,1,home,8.13,5.5,1.32,-9.0,True,3.2000000000000006,N1
830,2025-2026,2025-10-05,Feyenoord,Utrecht,2.0,9.0,3,2,home,6.26,4.56,1.46,-7.0,True,4.6,N1
831,2025-2026,2025-10-05,AZ Alkmaar,Telstar,8.0,14.0,2,1,home,9.08,5.94,1.27,-6.0,True,2.7,N1
833,2025-2026,2025-10-18,Nijmegen,Twente,6.0,7.0,3,3,draw,2.66,3.66,2.37,-1.0,False,-10.0,N1
834,2025-2026,2025-10-18,PSV Eindhoven,Go Ahead Eagles,2.0,10.0,2,1,home,8.92,6.66,1.24,-8.0,True,2.4,N1
835,2025-2026,2025-10-18,Utrecht,Volendam,9.0,13.0,3,1,home,7.4,5.02,1.36,-4.0,True,3.600000000000001,N1
836,2025-2026,2025-10-18,Ajax,AZ Alkmaar,3.0,4.0,0,2,away,3.39,3.76,1.97,-1.0,False,-10.0,N1
837,2025-2026,2025-10-18,NAC Breda,Zwolle,15.0,16.0,2,2,draw,3.28,3.56,2.06,-1.0,False,-10.0,N1
840,2025-2026,2025-10-19,Groningen,Sparta Rotterdam,5.0,12.0,0,2,away,4.0,3.62,1.84,-7.0,False,-10.0,N1
842,2025-2026,2025-10-24,Heerenveen,NAC Breda,11.0,14.0,3,3,draw,4.48,3.89,1.7,-3.0,False,-10.0,N1
844,2025-2026,2025-10-25,Sparta Rotterdam,Telstar,11.0,16.0,1,0,home,3.78,3.91,1.83,-5.0,True,8.3,N1
845,2025-2026,2025-10-25,Volendam,Heracles,16.0,18.0,3,0,home,3.07,3.74,2.11,-2.0,True,11.099999999999998,N1
848,2025-2026,2025-10-26,Feyenoord,PSV Eindhoven,1.0,2.0,2,3,away,2.57,3.82,2.4,-1.0,False,-10.0,N1
849,2025-2026,2025-10-26,AZ Alkmaar,Utrecht,4.0,9.0,4,1,home,4.84,4.26,1.59,-5.0,True,5.9,N1
850,2025-2026,2025-10-26,Go Ahead Eagles,Excelsior,12.0,16.0,2,0,home,3.94,4.08,1.75,-4.0,True,7.5,N1
851,2025-2026,2025-10-31,PSV Eindhoven,For Sittard,2.0,12.0,5,2,home,14.13,8.11,1.15,-10.0,True,1.4999999999999991,N1
852,2025-2026,2025-11-01,Ajax,Heerenveen,4.0,11.0,1,1,draw,5.12,4.52,1.53,-7.0,False,-10.0,N1
854,2025-2026,2025-11-01,Feyenoord,Volendam,2.0,14.0,3,1,home,18.63,9.64,1.1,-12.0,True,1.0000000000000009,N1
857,2025-2026,2025-11-02,Groningen,Twente,5.0,8.0,1,1,draw,2.42,3.35,2.76,-3.0,False,-10.0,N1
860,2025-2026,2025-11-07,Twente,Telstar,9.0,17.0,0,0,draw,8.11,5.32,1.32,-8.0,False,-10.0,N1
861,2025-2026,2025-11-08,Excelsior,Heracles,15.0,18.0,1,2,away,3.52,3.81,1.92,-3.0,False,-10.0,N1
870,2025-2026,2025-11-22,Ajax,Excelsior,4.0,16.0,1,2,away,7.33,5.26,1.35,-12.0,False,-10.0,N1
875,2025-2026,2025-11-23,Feyenoord,Nijmegen,2.0,7.0,2,4,away,6.57,5.14,1.38,-5.0,False,-10.0,N1
877,2025-2026,2025-11-23,Groningen,Zwolle,7.0,16.0,2,2,draw,5.69,4.06,1.54,-9.0,False,-10.0,N1
879,2025-2026,2025-11-29,Excelsior,NAC Breda,15.0,16.0,1,0,home,2.84,3.49,2.28,-1.0,True,12.799999999999997,N1
880,2025-2026,2025-11-29,For Sittard,Heracles,10.0,17.0,1,1,draw,3.24,3.56,2.09,-7.0,False,-10.0,N1
881,2025-2026,2025-11-29,Nijmegen,Sparta Rotterdam,4.0,11.0,3,1,home,4.63,4.29,1.61,-7.0,True,6.100000000000001,N1
882,2025-2026,2025-11-30,PSV Eindhoven,Volendam,1.0,15.0,3,0,home,18.5,10.63,1.09,-14.0,True,0.9000000000000008,N1
886,2025-2026,2025-12-02,Ajax,Groningen,6.0,8.0,2,0,home,4.49,3.91,1.69,-2.0,True,6.8999999999999995,N1
890,2025-2026,2025-12-06,Heracles,Telstar,16.0,18.0,1,1,draw,2.98,3.62,2.19,-2.0,False,-10.0,N1
891,2025-2026,2025-12-06,Feyenoord,Zwolle,2.0,13.0,6,1,home,13.72,7.72,1.16,-11.0,True,1.5999999999999992,N1
892,2025-2026,2025-12-07,Utrecht,Twente,7.0,8.0,1,1,draw,2.71,3.45,2.44,-1.0,False,-10.0,N1
893,2025-2026,2025-12-07,AZ Alkmaar,Go Ahead Eagles,5.0,10.0,2,2,draw,6.47,4.96,1.4,-5.0,False,-10.0,N1
895,2025-2026,2025-12-07,Sparta Rotterdam,NAC Breda,12.0,17.0,1,0,home,3.31,3.56,2.04,-5.0,True,10.4,N1
897,2025-2026,2025-12-13,Groningen,Volendam,6.0,15.0,3,0,home,6.65,4.64,1.42,-9.0,True,4.199999999999999,N1
898,2025-2026,2025-12-13,PSV Eindhoven,Heracles,1.0,16.0,4,3,home,16.47,9.44,1.11,-15.0,True,1.100000000000001,N1
900,2025-2026,2025-12-14,Sparta Rotterdam,Heerenveen,9.0,13.0,0,3,away,2.21,3.65,2.9,-4.0,False,-10.0,N1
902,2025-2026,2025-12-14,Twente,Go Ahead Eagles,8.0,12.0,2,0,home,6.89,4.79,1.39,-4.0,True,3.899999999999999,N1
907,2025-2026,2025-12-20,NAC Breda,Telstar,17.0,18.0,0,1,away,3.86,3.76,1.83,-1.0,False,-10.0,N1
909,2025-2026,2025-12-21,Feyenoord,Twente,2.0,7.0,1,1,draw,4.48,4.01,1.68,-5.0,False,-10.0,N1
913,2025-2026,2026-01-10,AZ Alkmaar,Volendam,7.0,16.0,1,0,home,11.28,6.86,1.2,-9.0,True,1.9999999999999996,N1
914,2025-2026,2026-01-10,Twente,Zwolle,7.0,14.0,1,1,draw,9.11,5.69,1.28,-7.0,False,-10.0,N1
915,2025-2026,2026-01-10,PSV Eindhoven,Excelsior,1.0,14.0,5,1,home,14.53,8.41,1.14,-13.0,True,1.399999999999999,N1
916,2025-2026,2026-01-10,Groningen,NAC Breda,6.0,18.0,0,0,draw,4.79,3.86,1.67,-12.0,False,-10.0,N1
920,2025-2026,2026-01-11,Sparta Rotterdam,Heracles,10.0,18.0,2,0,home,3.93,3.78,1.81,-8.0,True,8.100000000000001,N1
921,2025-2026,2026-01-17,Ajax,Go Ahead Eagles,3.0,12.0,2,2,draw,5.93,4.66,1.46,-9.0,False,-10.0,N1
923,2025-2026,2026-01-17,Excelsior,Telstar,14.0,15.0,2,2,draw,3.0,3.48,2.23,-1.0,False,-10.0,N1
929,2025-2026,2026-01-18,Feyenoord,Sparta Rotterdam,2.0,8.0,3,4,away,6.69,4.81,1.4,-6.0,False,-10.0,N1
930,2025-2026,2026-01-21,AZ Alkmaar,Excelsior,8.0,14.0,1,1,draw,8.64,5.82,1.28,-6.0,False,-10.0,N1
931,2025-2026,2026-01-24,Ajax,Volendam,3.0,15.0,2,0,home,8.77,5.74,1.28,-12.0,True,2.8000000000000003,N1
932,2025-2026,2026-01-24,Nijmegen,Zwolle,4.0,11.0,2,1,home,5.95,4.66,1.45,-7.0,True,4.5,N1
933,2025-2026,2026-01-24,PSV Eindhoven,NAC Breda,1.0,17.0,2,2,draw,10.31,6.35,1.22,-16.0,False,-10.0,N1
934,2025-2026,2026-01-24,Twente,Excelsior,6.0,14.0,0,0,draw,8.12,5.16,1.32,-8.0,False,-10.0,N1
936,2025-2026,2026-01-25,Groningen,For Sittard,6.0,12.0,1,2,away,5.28,4.02,1.57,-6.0,False,-10.0,N1
937,2025-2026,2026-01-25,Feyenoord,Heracles,3.0,18.0,4,2,home,9.8,6.27,1.23,-15.0,True,2.3,N1
941,2025-2026,2026-01-31,Zwolle,Telstar,12.0,16.0,4,1,home,2.82,3.53,2.31,-4.0,True,13.100000000000001,N1
942,2025-2026,2026-01-31,Sparta Rotterdam,Groningen,6.0,8.0,2,0,home,2.53,3.37,2.64,-2.0,True,16.400000000000002,N1
945,2025-2026,2026-02-01,PSV Eindhoven,Feyenoord,1.0,2.0,3,0,home,4.25,4.13,1.69,-1.0,True,6.8999999999999995,N1
946,2025-2026,2026-02-01,Heerenveen,Utrecht,11.0,12.0,1,1,draw,3.81,3.72,1.85,-1.0,False,-10.0,N1
949,2025-2026,2026-02-07,Nijmegen,Heracles,3.0,16.0,4,1,home,6.12,4.8,1.42,-13.0,True,4.199999999999999,N1
950,2025-2026,2026-02-07,Zwolle,Volendam,9.0,15.0,1,2,away,4.78,3.8,1.68,-6.0,False,-10.0,N1
951,2025-2026,2026-02-07,Twente,Heerenveen,7.0,11.0,5,0,home,4.3,3.89,1.72,-4.0,True,7.199999999999999,N1
955,2025-2026,2026-02-08,Go Ahead Eagles,Telstar,14.0,17.0,1,1,draw,3.65,3.71,1.89,-3.0,False,-10.0,N1
958,2025-2026,2026-02-11,Nijmegen,Utrecht,3.0,13.0,1,3,away,4.33,3.91,1.72,-10.0,False,-10.0,N1
960,2025-2026,2026-02-14,Heracles,NAC Breda,17.0,18.0,0,1,away,2.54,3.38,2.61,-1.0,False,-10.0,N1
962,2025-2026,2026-02-14,Ajax,For Sittard,4.0,11.0,4,1,home,7.49,5.06,1.35,-7.0,True,3.500000000000001,N1
963,2025-2026,2026-02-14,Groningen,Utrecht,8.0,10.0,1,2,away,3.63,3.34,2.01,-2.0,False,-10.0,N1
964,2025-2026,2026-02-15,Feyenoord,Go Ahead Eagles,2.0,15.0,1,0,home,6.89,4.99,1.37,-13.0,True,3.700000000000001,N1
965,2025-2026,2026-02-15,Heerenveen,Zwolle,10.0,12.0,4,2,home,5.4,4.34,1.52,-2.0,True,5.2,N1
968,2025-2026,2026-02-20,For Sittard,Excelsior,11.0,12.0,2,1,home,3.04,3.46,2.21,-1.0,True,12.1,N1
969,2025-2026,2026-02-21,PSV Eindhoven,Heerenveen,1.0,8.0,3,1,home,6.89,5.36,1.36,-7.0,True,3.600000000000001,N1
972,2025-2026,2026-02-22,Twente,Groningen,7.0,8.0,2,1,home,5.65,4.16,1.53,-1.0,True,5.300000000000001,N1
973,2025-2026,2026-02-22,Go Ahead Eagles,Heracles,15.0,18.0,4,0,home,4.39,3.91,1.71,-3.0,True,7.1,N1
974,2025-2026,2026-02-22,Utrecht,Zwolle,10.0,14.0,1,1,draw,4.99,3.97,1.62,-4.0,False,-10.0,N1
976,2025-2026,2026-02-22,Feyenoord,Telstar,2.0,17.0,2,1,home,10.33,5.98,1.23,-15.0,True,2.3,N1
980,2025-2026,2026-02-28,Nijmegen,For Sittard,3.0,11.0,2,3,away,6.17,4.86,1.41,-8.0,False,-10.0,N1
988,2025-2026,2026-03-07,PSV Eindhoven,AZ Alkmaar,1.0,6.0,2,1,home,7.52,5.58,1.31,-5.0,True,3.1000000000000005,N1
990,2025-2026,2026-03-08,Sparta Rotterdam,Zwolle,8.0,13.0,1,1,draw,4.42,4.04,1.66,-5.0,False,-10.0,N1
991,2025-2026,2026-03-08,For Sittard,Telstar,11.0,17.0,1,4,away,3.17,3.6,2.07,-6.0,False,-10.0,N1
994,2025-2026,2026-03-08,Nijmegen,Volendam,5.0,14.0,3,0,home,7.61,5.42,1.32,-9.0,True,3.2000000000000006,N1
997,2025-2026,2026-03-14,PSV Eindhoven,Nijmegen,1.0,3.0,2,3,away,5.77,5.02,1.42,-2.0,False,-10.0,N1
998,2025-2026,2026-03-14,Heerenveen,Telstar,8.0,16.0,3,0,home,4.23,4.09,1.69,-8.0,True,6.8999999999999995,N1
999,2025-2026,2026-03-14,Ajax,Sparta Rotterdam,5.0,8.0,4,0,home,4.81,4.24,1.59,-3.0,True,5.9,N1
1000,2025-2026,2026-03-15,Twente,Utrecht,5.0,9.0,0,2,away,5.42,4.15,1.53,-4.0,False,-10.0,N1
1001,2025-2026,2026-03-15,AZ Alkmaar,Heracles,7.0,18.0,4,0,home,6.69,4.7,1.41,-11.0,True,4.1,N1
1002,2025-2026,2026-03-15,Feyenoord,Excelsior,3.0,15.0,2,1,home,8.61,5.59,1.29,-12.0,True,2.9000000000000004,N1
1003,2025-2026,2026-03-15,Go Ahead Eagles,NAC Breda,13.0,17.0,6,0,home,2.97,3.57,2.19,-4.0,True,11.899999999999999,N1
1006,2025-2026,2026-03-21,Sparta Rotterdam,Volendam,9.0,14.0,2,0,home,5.65,4.42,1.49,-5.0,True,4.9,N1
1007,2025-2026,2026-03-21,Zwolle,NAC Breda,13.0,17.0,2,1,home,2.97,3.55,2.19,-4.0,True,11.899999999999999,N1
1008,2025-2026,2026-03-22,Nijmegen,Heerenveen,3.0,8.0,2,2,draw,4.11,4.22,1.68,-5.0,False,-10.0,N1
1009,2025-2026,2026-03-22,Feyenoord,Ajax,2.0,4.0,1,1,draw,3.17,3.79,2.01,-2.0,False,-10.0,N1
1010,2025-2026,2026-03-22,Utrecht,Go Ahead Eagles,9.0,13.0,2,0,home,4.52,3.71,1.71,-4.0,True,7.1,N1
1013,2025-2026,2026-04-04,PSV Eindhoven,Utrecht,1.0,7.0,4,3,home,5.72,4.38,1.48,-6.0,True,4.8,N1
1014,2025-2026,2026-04-04,AZ Alkmaar,For Sittard,6.0,11.0,2,0,home,7.92,5.32,1.31,-5.0,True,3.1000000000000005,N1
1016,2025-2026,2026-04-04,Ajax,Twente,4.0,5.0,1,2,away,2.77,3.64,2.27,-1.0,False,-10.0,N1
1019,2025-2026,2026-04-05,Heerenveen,Heracles,9.0,18.0,4,1,home,5.63,4.63,1.46,-9.0,True,4.6,N1
1022,2025-2026,2026-04-10,Twente,Volendam,4.0,14.0,2,1,home,11.42,6.84,1.18,-10.0,True,1.7999999999999994,N1
1023,2025-2026,2026-04-11,Utrecht,Telstar,9.0,15.0,4,1,home,5.33,3.92,1.58,-6.0,True,5.800000000000001,N1
1025,2025-2026,2026-04-11,Groningen,Go Ahead Eagles,10.0,11.0,0,0,draw,3.69,3.88,1.82,-1.0,False,-10.0,N1
1027,2025-2026,2026-04-12,For Sittard,NAC Breda,12.0,17.0,1,1,draw,2.54,3.48,2.52,-5.0,False,-10.0,N1
1029,2025-2026,2026-04-12,Zwolle,Excelsior,13.0,16.0,2,2,draw,3.04,3.65,2.11,-3.0,False,-10.0,N1
1030,2025-2026,2026-04-12,AZ Alkmaar,Heerenveen,6.0,8.0,3,0,home,4.18,4.28,1.65,-2.0,True,6.499999999999999,N1
1033,2025-2026,2026-04-23,PSV Eindhoven,Zwolle,1.0,13.0,6,1,home,10.75,7.09,1.19,-12.0,True,1.8999999999999995,N1
1034,2025-2026,2026-04-25,Feyenoord,Groningen,2.0,9.0,3,1,home,4.63,4.22,1.6,-7.0,True,6.000000000000001,N1
1035,2025-2026,2026-04-25,Heerenveen,For Sittard,8.0,12.0,2,1,home,5.26,4.51,1.5,-4.0,True,5.0,N1
1040,2025-2026,2026-05-02,Utrecht,NAC Breda,8.0,17.0,2,0,home,3.96,3.85,1.75,-9.0,True,7.5,N1
1041,2025-2026,2026-05-02,Groningen,Excelsior,9.0,14.0,2,3,away,4.41,4.08,1.65,-5.0,False,-10.0,N1
1043,2025-2026,2026-05-02,Nijmegen,Telstar,3.0,16.0,1,1,draw,5.47,4.71,1.47,-13.0,False,-10.0,N1
1046,2025-2026,2026-05-03,Zwolle,Heracles,14.0,18.0,1,0,home,5.81,4.68,1.44,-4.0,True,4.3999999999999995,N1
1048,2025-2026,2026-05-03,Sparta Rotterdam,Go Ahead Eagles,10.0,11.0,2,2,draw,3.2,3.7,2.01,-1.0,False,-10.0,N1
1049,2025-2026,2026-05-10,Ajax,Utrecht,4.0,8.0,1,2,away,4.41,4.31,1.62,-4.0,False,-10.0,N1
1050,2025-2026,2026-05-10,Excelsior,Volendam,14.0,16.0,1,1,draw,3.98,3.91,1.74,-2.0,False,-10.0,N1
1051,2025-2026,2026-05-10,Feyenoord,AZ Alkmaar,2.0,7.0,1,1,draw,3.7,4.01,1.79,-5.0,False,-10.0,N1
1056,2025-2026,2026-05-10,Telstar,Heracles,16.0,18.0,3,0,home,7.38,5.39,1.32,-2.0,True,3.2000000000000006,N1
1057,2025-2026,2026-05-10,Twente,Sparta Rotterdam,5.0,10.0,4,0,home,7.51,5.22,1.33,-5.0,True,3.3000000000000007,N1
1058,2025-2026,2026-05-17,AZ Alkmaar,NAC Breda,6.0,17.0,3,3,draw,7.19,5.17,1.34,-11.0,False,-10.0,N1
1061,2025-2026,2026-05-17,Nijmegen,Go Ahead Eagles,4.0,12.0,2,1,home,6.98,5.25,1.35,-8.0,True,3.500000000000001,N1
1062,2025-2026,2026-05-17,PSV Eindhoven,Twente,1.0,4.0,5,1,home,2.91,4.06,2.04,-3.0,True,10.4,N1
1063,2025-2026,2026-05-17,Sparta Rotterdam,Excelsior,10.0,14.0,2,3,away,3.04,3.9,2.02,-4.0,False,-10.0,N1
1064,2025-2026,2026-05-17,Utrecht,For Sittard,8.0,11.0,2,0,home,5.61,4.66,1.46,-3.0,True,4.6,N1
1113,2025-2026,2025-09-20,Santa Clara,Alverca,12.0,13.0,2,1,home,5.4,3.33,1.69,-1.0,True,6.8999999999999995,P1
1117,2025-2026,2025-09-21,Gil Vicente,Estoril,6.0,12.0,2,0,home,3.13,3.16,2.27,-6.0,True,12.7,P1
1119,2025-2026,2025-09-22,Sp Lisbon,Moreirense,4.0,5.0,3,0,home,13.75,6.45,1.18,-1.0,True,1.7999999999999994,P1
1120,2025-2026,2025-09-23,Benfica,Rio Ave,3.0,16.0,1,1,draw,12.13,6.87,1.18,-13.0,False,-10.0,P1
1121,2025-2026,2025-09-26,Benfica,Gil Vicente,3.0,4.0,2,1,home,9.28,4.98,1.3,-1.0,True,3.0000000000000004,P1
1122,2025-2026,2025-09-27,Moreirense,Casa Pia,5.0,11.0,2,1,home,3.61,3.09,2.09,-6.0,True,10.899999999999999,P1
1123,2025-2026,2025-09-27,Santa Clara,Tondela,9.0,17.0,1,2,away,5.18,3.39,1.7,-8.0,False,-10.0,P1
1124,2025-2026,2025-09-27,Estrela,AVS,14.0,18.0,3,0,home,3.73,3.15,2.04,-4.0,True,10.4,P1
1127,2025-2026,2025-09-28,Sp Braga,Nacional,7.0,17.0,0,1,away,6.93,4.36,1.42,-10.0,False,-10.0,P1
1128,2025-2026,2025-09-28,Famalicao,Rio Ave,6.0,17.0,0,0,draw,4.29,3.66,1.76,-11.0,False,-10.0,P1
1130,2025-2026,2025-10-03,Casa Pia,Estoril,14.0,15.0,2,2,draw,2.79,3.22,2.44,-1.0,False,-10.0,P1
1131,2025-2026,2025-10-04,Gil Vicente,Estrela,5.0,12.0,2,0,home,5.38,3.54,1.65,-7.0,True,6.499999999999999,P1
1136,2025-2026,2025-10-05,Rio Ave,Tondela,16.0,17.0,3,0,home,2.93,3.34,2.3,-1.0,True,12.999999999999998,P1
1137,2025-2026,2025-10-05,Sp Lisbon,Sp Braga,2.0,10.0,1,1,draw,6.26,4.4,1.45,-8.0,False,-10.0,P1
1138,2025-2026,2025-10-05,Porto,Benfica,1.0,3.0,0,0,draw,3.51,3.38,2.02,-2.0,False,-10.0,P1
1140,2025-2026,2025-10-25,Santa Clara,AVS,13.0,18.0,2,0,home,6.74,3.78,1.51,-5.0,True,5.1,P1
1141,2025-2026,2025-10-25,Benfica,Arouca,4.0,12.0,5,0,home,14.09,7.13,1.16,-8.0,True,1.5999999999999992,P1
1144,2025-2026,2025-10-26,Famalicao,Guimaraes,6.0,10.0,2,0,home,3.95,3.3,1.92,-4.0,True,9.2,P1
1146,2025-2026,2025-10-26,Sp Braga,Casa Pia,11.0,14.0,4,0,home,7.27,4.39,1.41,-3.0,True,4.1,P1
1148,2025-2026,2025-10-31,Sp Lisbon,Alverca,2.0,12.0,2,0,home,18.81,8.55,1.11,-10.0,True,1.100000000000001,P1
1150,2025-2026,2025-11-01,Casa Pia,Estrela,14.0,16.0,3,5,away,3.73,3.14,2.04,-2.0,False,-10.0,P1
1151,2025-2026,2025-11-01,Rio Ave,Estoril,8.0,16.0,0,4,away,2.83,3.26,2.4,-8.0,False,-10.0,P1
1155,2025-2026,2025-11-02,Porto,Sp Braga,2.0,7.0,2,1,home,6.18,4.09,1.5,-5.0,True,5.0,P1
1156,2025-2026,2025-11-03,Gil Vicente,Santa Clara,4.0,8.0,1,0,home,3.23,3.0,2.32,-4.0,True,13.2,P1
1157,2025-2026,2025-11-07,Estoril,Arouca,12.0,15.0,4,3,home,3.55,3.46,1.99,-3.0,True,9.9,P1
1164,2025-2026,2025-11-09,Benfica,Casa Pia,3.0,16.0,2,2,draw,14.47,7.01,1.16,-13.0,False,-10.0,P1
1166,2025-2026,2025-11-28,Guimaraes,AVS,8.0,18.0,4,0,home,4.94,3.5,1.7,-10.0,True,7.0,P1
1170,2025-2026,2025-11-29,Gil Vicente,Tondela,4.0,17.0,0,1,away,5.57,3.65,1.61,-13.0,False,-10.0,P1
1171,2025-2026,2025-11-30,Rio Ave,Santa Clara,11.0,14.0,1,1,draw,2.44,3.05,2.94,-3.0,False,-10.0,P1
1172,2025-2026,2025-11-30,Sp Lisbon,Estrela,2.0,14.0,4,0,home,19.69,8.68,1.1,-12.0,True,1.0000000000000009,P1
1173,2025-2026,2025-11-30,Porto,Estoril,2.0,10.0,1,0,home,10.72,5.64,1.24,-8.0,True,2.4,P1
1176,2025-2026,2025-12-06,Santa Clara,Casa Pia,12.0,15.0,1,0,home,4.53,3.11,1.88,-3.0,True,8.799999999999999,P1
1178,2025-2026,2025-12-06,Famalicao,Sp Braga,5.0,6.0,1,2,away,2.11,3.34,3.28,-1.0,False,-10.0,P1
1180,2025-2026,2025-12-07,Alverca,Nacional,12.0,13.0,1,0,home,3.38,3.15,2.16,-1.0,True,11.600000000000001,P1
1181,2025-2026,2025-12-07,Estrela,Arouca,14.0,17.0,3,1,home,3.24,3.21,2.19,-3.0,True,11.899999999999999,P1
1186,2025-2026,2025-12-13,Sp Lisbon,AVS,2.0,18.0,6,0,home,23.38,9.83,1.07,-16.0,True,0.7000000000000006,P1
1187,2025-2026,2025-12-14,Famalicao,Estoril,7.0,12.0,4,0,home,4.13,3.58,1.8,-5.0,True,8.0,P1
1190,2025-2026,2025-12-15,Nacional,Tondela,14.0,17.0,3,1,home,3.11,3.15,2.27,-3.0,True,12.7,P1
1191,2025-2026,2025-12-15,Sp Braga,Santa Clara,6.0,11.0,1,0,home,6.74,3.88,1.49,-5.0,True,4.9,P1
1192,2025-2026,2025-12-15,Porto,Estrela,1.0,14.0,3,1,home,14.34,6.24,1.18,-13.0,True,1.7999999999999994,P1
1194,2025-2026,2025-12-20,Gil Vicente,Rio Ave,5.0,11.0,2,2,draw,4.8,3.53,1.71,-6.0,False,-10.0,P1
1198,2025-2026,2025-12-21,Santa Clara,Arouca,13.0,16.0,0,0,draw,4.64,3.29,1.79,-3.0,False,-10.0,P1
1200,2025-2026,2025-12-22,Benfica,Famalicao,3.0,6.0,1,0,home,8.55,4.74,1.33,-3.0,True,3.3000000000000007,P1
1202,2025-2026,2025-12-27,Famalicao,Estrela,6.0,14.0,2,3,away,5.61,3.81,1.56,-8.0,False,-10.0,P1
1203,2025-2026,2025-12-27,Estoril,Alverca,10.0,12.0,4,1,home,3.21,3.3,2.17,-2.0,True,11.7,P1
1207,2025-2026,2025-12-28,Sp Lisbon,Rio Ave,2.0,11.0,4,0,home,14.63,7.56,1.14,-9.0,True,1.399999999999999,P1
1208,2025-2026,2025-12-29,Porto,AVS,1.0,18.0,2,0,home,17.82,7.87,1.12,-17.0,True,1.200000000000001,P1
1210,2025-2026,2026-01-02,Guimaraes,Nacional,7.0,13.0,2,1,home,4.17,3.38,1.85,-6.0,True,8.5,P1
1212,2025-2026,2026-01-03,Benfica,Estoril,3.0,9.0,3,1,home,11.31,5.89,1.22,-6.0,True,2.1999999999999997,P1
1215,2025-2026,2026-01-04,Rio Ave,Casa Pia,11.0,15.0,3,1,home,3.14,3.1,2.29,-4.0,True,12.9,P1
1218,2025-2026,2026-01-11,Nacional,Santa Clara,13.0,14.0,3,3,draw,2.65,2.95,2.75,-1.0,False,-10.0,P1
1219,2025-2026,2026-01-11,Moreirense,Tondela,7.0,17.0,1,0,home,3.49,3.21,2.09,-10.0,True,10.899999999999999,P1
1220,2025-2026,2026-01-16,Sp Lisbon,Casa Pia,2.0,15.0,3,0,home,12.88,6.44,1.19,-13.0,True,1.8999999999999995,P1
1221,2025-2026,2026-01-17,Gil Vicente,Nacional,4.0,13.0,2,1,home,5.3,3.68,1.62,-9.0,True,6.200000000000001,P1
1229,2025-2026,2026-01-23,Casa Pia,AVS,16.0,18.0,3,3,draw,3.83,3.16,2.0,-2.0,False,-10.0,P1
1230,2025-2026,2026-01-24,Moreirense,Santa Clara,6.0,14.0,1,0,home,2.76,2.87,2.71,-8.0,True,17.1,P1
1234,2025-2026,2026-01-25,Benfica,Estrela,3.0,13.0,4,0,home,18.86,7.72,1.12,-10.0,True,1.200000000000001,P1
1235,2025-2026,2026-01-25,Famalicao,Tondela,7.0,17.0,3,0,home,5.58,3.7,1.59,-10.0,True,5.9,P1
1236,2025-2026,2026-01-25,Sp Braga,Alverca,5.0,10.0,5,0,home,7.53,4.48,1.38,-5.0,True,3.799999999999999,P1
1237,2025-2026,2026-01-26,Porto,Gil Vicente,1.0,5.0,3,0,home,8.24,4.38,1.37,-4.0,True,3.700000000000001,P1
1240,2025-2026,2026-01-31,Rio Ave,Arouca,12.0,15.0,0,3,away,2.8,3.15,2.46,-3.0,False,-10.0,P1
1241,2025-2026,2026-01-31,Alverca,Estrela,10.0,14.0,1,1,draw,3.54,3.11,2.09,-4.0,False,-10.0,P1
1242,2025-2026,2026-02-01,Gil Vicente,Famalicao,5.0,7.0,5,0,home,2.69,3.06,2.64,-2.0,True,16.400000000000002,P1
1243,2025-2026,2026-02-01,Sp Lisbon,Nacional,2.0,11.0,2,1,home,16.71,7.87,1.13,-9.0,True,1.299999999999999,P1
1247,2025-2026,2026-02-07,Estrela,Santa Clara,12.0,16.0,1,0,home,2.29,2.9,3.33,-4.0,True,23.3,P1
1249,2025-2026,2026-02-07,Estoril,Tondela,7.0,17.0,2,2,draw,4.6,3.76,1.68,-10.0,False,-10.0,P1
1251,2025-2026,2026-02-08,Nacional,Casa Pia,13.0,15.0,0,0,draw,3.57,3.18,2.06,-2.0,False,-10.0,P1
1252,2025-2026,2026-02-08,Sp Braga,Rio Ave,5.0,14.0,3,0,home,10.56,5.77,1.23,-9.0,True,2.3,P1
1253,2025-2026,2026-02-08,Benfica,Alverca,3.0,10.0,2,1,home,15.65,6.23,1.17,-7.0,True,1.6999999999999993,P1
1254,2025-2026,2026-02-09,Famalicao,AVS,8.0,18.0,3,1,home,7.68,4.49,1.37,-10.0,True,3.700000000000001,P1
1255,2025-2026,2026-02-09,Porto,Sp Lisbon,1.0,2.0,1,1,draw,3.27,3.03,2.24,-1.0,False,-10.0,P1
1259,2025-2026,2026-02-14,Guimaraes,Estrela,9.0,11.0,2,1,home,5.02,3.5,1.68,-2.0,True,6.799999999999999,P1
1263,2025-2026,2026-02-15,Sp Lisbon,Famalicao,2.0,6.0,1,0,home,8.8,5.03,1.3,-4.0,True,3.0000000000000004,P1
1265,2025-2026,2026-02-20,Estrela,Tondela,11.0,17.0,0,2,away,2.79,3.05,2.55,-6.0,False,-10.0,P1
1266,2025-2026,2026-02-21,Alverca,Santa Clara,10.0,17.0,1,1,draw,2.62,2.88,2.85,-7.0,False,-10.0,P1
1267,2025-2026,2026-02-21,Arouca,Nacional,12.0,14.0,3,0,home,2.94,3.29,2.3,-2.0,True,12.999999999999998,P1
1268,2025-2026,2026-02-21,Benfica,AVS,3.0,18.0,3,0,home,22.63,9.3,1.08,-15.0,True,0.8000000000000007,P1
1270,2025-2026,2026-02-21,Sp Braga,Guimaraes,5.0,8.0,3,2,home,5.46,3.89,1.56,-3.0,True,5.6000000000000005,P1
1272,2025-2026,2026-02-22,Porto,Rio Ave,1.0,15.0,1,0,home,19.15,8.15,1.11,-14.0,True,1.100000000000001,P1
1273,2025-2026,2026-02-23,Famalicao,Casa Pia,8.0,13.0,2,0,home,5.18,3.65,1.63,-5.0,True,6.299999999999999,P1
1274,2025-2026,2026-02-27,Porto,Arouca,1.0,11.0,3,1,home,12.23,5.77,1.21,-10.0,True,2.0999999999999996,P1
1275,2025-2026,2026-02-27,Sp Lisbon,Estoril,2.0,7.0,3,0,home,11.65,7.15,1.17,-5.0,True,1.6999999999999993,P1
1278,2025-2026,2026-02-28,Guimaraes,Alverca,9.0,10.0,1,1,draw,4.5,3.46,1.75,-1.0,False,-10.0,P1
1283,2025-2026,2026-03-06,Famalicao,Arouca,6.0,11.0,1,0,home,4.37,3.55,1.75,-5.0,True,7.5,P1
1284,2025-2026,2026-03-07,Alverca,AVS,10.0,18.0,0,0,draw,4.68,3.56,1.7,-8.0,False,-10.0,P1
1285,2025-2026,2026-03-07,Moreirense,Nacional,7.0,14.0,1,1,draw,2.97,3.19,2.31,-7.0,False,-10.0,P1
1287,2025-2026,2026-03-07,Estoril,Casa Pia,8.0,13.0,0,0,draw,4.43,3.77,1.69,-5.0,False,-10.0,P1
1293,2025-2026,2026-03-14,Gil Vicente,Alverca,6.0,10.0,2,2,draw,5.05,3.6,1.65,-4.0,False,-10.0,P1
1298,2025-2026,2026-03-15,Porto,Moreirense,1.0,8.0,3,0,home,15.54,6.0,1.17,-7.0,True,1.6999999999999993,P1
1299,2025-2026,2026-03-20,Estrela,Casa Pia,14.0,15.0,4,0,home,2.98,3.09,2.38,-1.0,True,13.799999999999999,P1
1300,2025-2026,2026-03-21,Famalicao,Nacional,6.0,16.0,1,0,home,4.59,3.72,1.67,-10.0,True,6.699999999999999,P1
1301,2025-2026,2026-03-21,Moreirense,Arouca,8.0,13.0,0,1,away,2.92,3.19,2.36,-5.0,False,-10.0,P1
1302,2025-2026,2026-03-21,Benfica,Guimaraes,3.0,9.0,3,0,home,9.35,5.22,1.28,-6.0,True,2.8000000000000003,P1
1304,2025-2026,2026-03-21,Tondela,AVS,17.0,18.0,0,0,draw,4.03,3.35,1.87,-1.0,False,-10.0,P1
1305,2025-2026,2026-03-22,Estoril,Rio Ave,7.0,14.0,1,2,away,4.27,3.79,1.71,-7.0,False,-10.0,P1
1308,2025-2026,2026-04-03,Gil Vicente,AVS,6.0,18.0,3,0,home,8.66,4.62,1.33,-12.0,True,3.3000000000000007,P1
1309,2025-2026,2026-04-03,Guimaraes,Tondela,9.0,17.0,5,0,home,4.32,3.4,1.79,-8.0,True,7.9,P1
1310,2025-2026,2026-04-03,Sp Lisbon,Santa Clara,2.0,13.0,4,2,home,9.58,5.0,1.29,-11.0,True,2.9000000000000004,P1
1313,2025-2026,2026-04-04,Rio Ave,Alverca,10.0,11.0,1,2,away,2.68,3.29,2.45,-1.0,False,-10.0,P1
1314,2025-2026,2026-04-04,Porto,Famalicao,1.0,6.0,2,2,draw,8.3,4.41,1.36,-5.0,False,-10.0,P1
1317,2025-2026,2026-04-10,Famalicao,Moreirense,5.0,9.0,1,1,draw,6.72,4.05,1.46,-4.0,False,-10.0,P1
1321,2025-2026,2026-04-12,Alverca,Casa Pia,11.0,16.0,3,1,home,3.74,3.22,1.98,-5.0,True,9.8,P1
1322,2025-2026,2026-04-12,Benfica,Nacional,3.0,15.0,2,0,home,14.75,7.56,1.13,-12.0,True,1.299999999999999,P1
1323,2025-2026,2026-04-12,Sp Braga,Arouca,4.0,12.0,1,0,home,7.19,4.59,1.37,-8.0,True,3.700000000000001,P1
1326,2025-2026,2026-04-17,Rio Ave,AVS,11.0,18.0,2,2,draw,4.61,3.68,1.69,-7.0,False,-10.0,P1
1329,2025-2026,2026-04-18,Gil Vicente,Guimaraes,6.0,8.0,0,1,away,3.34,3.22,2.11,-2.0,False,-10.0,P1
1330,2025-2026,2026-04-19,Arouca,Estrela,12.0,15.0,1,0,home,3.54,3.23,2.03,-3.0,True,10.299999999999997,P1
1331,2025-2026,2026-04-19,Sp Lisbon,Benfica,2.0,3.0,1,2,away,3.11,3.5,2.1,-1.0,False,-10.0,P1
1332,2025-2026,2026-04-19,Porto,Tondela,1.0,17.0,2,0,home,15.35,6.09,1.17,-16.0,True,1.6999999999999993,P1
1333,2025-2026,2026-04-19,Sp Braga,Famalicao,4.0,5.0,2,2,draw,4.2,3.51,1.78,-1.0,False,-10.0,P1
1336,2025-2026,2026-04-24,Alverca,Arouca,10.0,11.0,2,1,home,3.12,3.28,2.19,-1.0,True,11.899999999999999,P1
1338,2025-2026,2026-04-25,Benfica,Moreirense,2.0,8.0,4,1,home,15.6,7.63,1.13,-6.0,True,1.299999999999999,P1
1339,2025-2026,2026-04-25,Guimaraes,Rio Ave,7.0,12.0,2,0,home,4.18,3.42,1.8,-5.0,True,8.0,P1
1344,2025-2026,2026-04-27,Gil Vicente,Casa Pia,6.0,16.0,2,1,home,5.72,3.75,1.54,-10.0,True,5.4,P1
1345,2025-2026,2026-04-29,Sp Lisbon,Tondela,3.0,17.0,2,2,draw,15.63,7.89,1.12,-14.0,False,-10.0,P1
1346,2025-2026,2026-05-02,Arouca,Santa Clara,11.0,13.0,2,2,draw,2.5,3.05,2.81,-2.0,False,-10.0,P1
1347,2025-2026,2026-05-02,Moreirense,Estrela,8.0,15.0,3,2,home,2.8,3.15,2.43,-7.0,True,14.3,P1
1348,2025-2026,2026-05-02,Nacional,AVS,14.0,18.0,1,2,away,6.2,4.37,1.44,-4.0,False,-10.0,P1
1350,2025-2026,2026-05-02,Porto,Alverca,1.0,9.0,1,0,home,12.91,6.18,1.19,-8.0,True,1.8999999999999995,P1
1351,2025-2026,2026-05-03,Casa Pia,Tondela,16.0,17.0,0,1,away,3.07,3.15,2.26,-1.0,False,-10.0,P1
1352,2025-2026,2026-05-03,Sp Braga,Estoril,4.0,10.0,1,1,draw,4.33,3.86,1.69,-6.0,False,-10.0,P1
1354,2025-2026,2026-05-04,Sp Lisbon,Guimaraes,3.0,7.0,5,1,home,9.45,5.64,1.25,-4.0,True,2.5,P1
1357,2025-2026,2026-05-11,Benfica,Sp Braga,3.0,4.0,2,2,draw,6.61,4.45,1.4,-1.0,False,-10.0,P1
1359,2025-2026,2026-05-11,Gil Vicente,Arouca,6.0,11.0,1,3,away,4.55,3.67,1.69,-5.0,False,-10.0,P1
1360,2025-2026,2026-05-11,Guimaraes,Casa Pia,7.0,16.0,0,1,away,4.3,3.67,1.72,-9.0,False,-10.0,P1
1362,2025-2026,2026-05-11,Santa Clara,Nacional,13.0,14.0,2,0,home,3.44,3.26,2.04,-1.0,True,10.4,P1
1364,2025-2026,2026-05-16,Moreirense,AVS,8.0,18.0,0,0,draw,4.16,3.62,1.76,-10.0,False,-10.0,P1
1365,2025-2026,2026-05-16,Porto,Santa Clara,1.0,12.0,1,0,home,8.82,4.81,1.31,-11.0,True,3.1000000000000005,P1
1366,2025-2026,2026-05-16,Arouca,Tondela,11.0,17.0,3,1,home,2.15,3.46,3.0,-6.0,True,20.0,P1
1369,2025-2026,2026-05-16,Sp Braga,Estrela,4.0,16.0,2,2,draw,4.84,3.86,1.61,-12.0,False,-10.0,P1
1371,2025-2026,2026-05-16,Famalicao,Alverca,5.0,11.0,1,0,home,4.92,3.93,1.59,-6.0,True,5.9,P1
1372,2025-2026,2026-05-16,Sp Lisbon,Gil Vicente,3.0,6.0,3,0,home,10.07,5.78,1.23,-3.0,True,2.3,P1
9129,2025-2026,2025-09-19,Middlesbrough,West Brom,1.0,5.0,2,1,home,3.28,3.33,2.19,-4.0,True,11.899999999999999,E1
9131,2025-2026,2025-09-20,Leicester,Coventry,4.0,7.0,0,0,draw,2.71,3.46,2.46,-3.0,False,-10.0,E1
9135,2025-2026,2025-09-20,Norwich,Wrexham,13.0,21.0,2,3,away,4.17,3.76,1.8,-8.0,False,-10.0,E1
9136,2025-2026,2025-09-20,Portsmouth,Sheffield Weds,11.0,23.0,0,2,away,5.74,4.11,1.55,-12.0,False,-10.0,E1
9138,2025-2026,2025-09-21,Bristol City,Oxford,3.0,23.0,1,3,away,5.43,3.94,1.59,-20.0,False,-10.0,E1
9139,2025-2026,2025-09-22,Millwall,Watford,16.0,21.0,1,0,home,3.65,3.23,2.07,-5.0,True,10.7,E1
9141,2025-2026,2025-09-27,Coventry,Birmingham,7.0,8.0,3,0,home,3.4,3.45,2.09,-1.0,True,10.899999999999999,E1
9143,2025-2026,2025-09-27,Wrexham,Derby,16.0,22.0,1,1,draw,3.59,3.22,2.12,-6.0,False,-10.0,E1
9144,2025-2026,2025-09-27,Charlton,Blackburn,13.0,18.0,3,0,home,3.11,3.19,2.35,-5.0,True,13.5,E1
9146,2025-2026,2025-09-27,Oxford,Sheffield United,21.0,24.0,0,1,away,2.32,3.34,3.03,-3.0,False,-10.0,E1
9150,2025-2026,2025-09-27,Stoke,Norwich,4.0,17.0,1,1,draw,3.53,3.51,2.02,-13.0,False,-10.0,E1
9152,2025-2026,2025-09-30,Birmingham,Sheffield Weds,11.0,23.0,2,2,draw,7.07,4.25,1.46,-12.0,False,-10.0,E1
9154,2025-2026,2025-09-30,Bristol City,Ipswich,4.0,13.0,1,1,draw,2.44,3.41,2.77,-9.0,False,-10.0,E1
9156,2025-2026,2025-09-30,Leicester,Wrexham,6.0,16.0,1,1,draw,4.92,3.86,1.66,-10.0,False,-10.0,E1
9157,2025-2026,2025-09-30,Middlesbrough,Stoke,1.0,4.0,0,0,draw,4.17,3.5,1.86,-3.0,False,-10.0,E1
9163,2025-2026,2025-10-01,QPR,Oxford,10.0,23.0,0,0,draw,3.46,3.42,2.08,-13.0,False,-10.0,E1
9166,2025-2026,2025-10-04,Hull,Sheffield United,18.0,24.0,1,0,home,2.61,3.35,2.62,-6.0,True,16.200000000000003,E1
9168,2025-2026,2025-10-04,Bristol City,QPR,5.0,11.0,1,2,away,4.24,3.7,1.8,-6.0,False,-10.0,E1
9172,2025-2026,2025-10-04,Preston,Charlton,9.0,11.0,2,0,home,2.87,3.2,2.5,-2.0,True,15.0,E1
9174,2025-2026,2025-10-04,Watford,Oxford,18.0,22.0,2,1,home,3.73,3.37,2.02,-4.0,True,10.2,E1
9175,2025-2026,2025-10-05,Ipswich,Norwich,17.0,19.0,3,1,home,5.38,4.17,1.57,-2.0,True,5.700000000000001,E1
9176,2025-2026,2025-10-17,Middlesbrough,Ipswich,2.0,9.0,2,1,home,2.55,3.22,2.79,-7.0,True,17.9,E1
9178,2025-2026,2025-10-18,QPR,Millwall,6.0,8.0,1,2,away,2.81,3.04,2.65,-2.0,False,-10.0,E1
9181,2025-2026,2025-10-18,Charlton,Sheffield Weds,14.0,23.0,2,1,home,5.42,3.64,1.66,-9.0,True,6.6,E1
9182,2025-2026,2025-10-18,Coventry,Blackburn,2.0,22.0,2,0,home,5.82,4.17,1.54,-20.0,True,5.4,E1
9185,2025-2026,2025-10-18,Stoke,Wrexham,7.0,18.0,1,0,home,3.87,3.46,1.95,-11.0,True,9.5,E1
9187,2025-2026,2025-10-18,Leicester,Portsmouth,7.0,16.0,1,1,draw,5.0,3.74,1.68,-9.0,False,-10.0,E1
9188,2025-2026,2025-10-21,Blackburn,Sheffield United,22.0,23.0,1,3,away,2.95,3.23,2.42,-1.0,False,-10.0,E1
9194,2025-2026,2025-10-21,Preston,Birmingham,10.0,17.0,0,1,away,2.49,3.14,2.92,-7.0,False,-10.0,E1
9195,2025-2026,2025-10-21,Bristol City,Southampton,9.0,17.0,3,1,home,2.77,3.41,2.46,-8.0,True,14.6,E1
9198,2025-2026,2025-10-22,Wrexham,Oxford,19.0,20.0,1,0,home,3.73,3.44,1.99,-1.0,True,9.9,E1
9200,2025-2026,2025-10-24,Preston,Sheffield United,11.0,21.0,3,2,home,2.82,3.09,2.62,-10.0,True,16.200000000000003,E1
9201,2025-2026,2025-10-25,Coventry,Watford,1.0,12.0,3,1,home,6.08,4.43,1.49,-11.0,True,4.9,E1
9205,2025-2026,2025-10-25,Bristol City,Birmingham,5.0,14.0,1,0,home,3.19,3.29,2.26,-9.0,True,12.599999999999998,E1
9208,2025-2026,2025-10-25,Middlesbrough,Wrexham,2.0,16.0,1,1,draw,4.51,3.65,1.77,-14.0,False,-10.0,E1
9209,2025-2026,2025-10-25,Millwall,Leicester,5.0,10.0,1,0,home,2.64,3.26,2.66,-5.0,True,16.6,E1
9211,2025-2026,2025-10-25,Swansea,Norwich,17.0,23.0,2,1,home,3.21,3.39,2.2,-6.0,True,12.000000000000002,E1
9213,2025-2026,2025-11-01,Leicester,Blackburn,10.0,21.0,0,2,away,4.47,3.63,1.78,-11.0,False,-10.0,E1
9215,2025-2026,2025-11-01,West Brom,Sheffield Weds,12.0,24.0,0,0,draw,6.28,4.26,1.5,-12.0,False,-10.0,E1
9216,2025-2026,2025-11-01,Birmingham,Portsmouth,16.0,18.0,4,0,home,4.57,3.53,1.79,-2.0,True,7.9,E1
9217,2025-2026,2025-11-01,Charlton,Swansea,7.0,15.0,1,1,draw,3.61,3.27,2.09,-8.0,False,-10.0,E1
9219,2025-2026,2025-11-01,QPR,Ipswich,10.0,15.0,1,4,away,2.0,3.57,3.59,-5.0,False,-10.0,E1
9225,2025-2026,2025-11-04,Bristol City,Blackburn,5.0,19.0,0,1,away,3.51,3.35,2.1,-14.0,False,-10.0,E1
9226,2025-2026,2025-11-04,Charlton,West Brom,9.0,12.0,1,0,home,2.9,3.08,2.54,-3.0,True,15.4,E1
9228,2025-2026,2025-11-04,Ipswich,Watford,11.0,12.0,1,1,draw,4.94,3.74,1.69,-1.0,False,-10.0,E1
9231,2025-2026,2025-11-04,Coventry,Sheffield United,1.0,22.0,3,1,home,5.15,4.2,1.59,-21.0,True,5.9,E1
9232,2025-2026,2025-11-05,Preston,Swansea,6.0,17.0,2,1,home,3.3,3.2,2.24,-11.0,True,12.400000000000002,E1
9233,2025-2026,2025-11-05,QPR,Southampton,15.0,21.0,1,2,away,2.51,3.35,2.75,-6.0,False,-10.0,E1
9238,2025-2026,2025-11-08,Hull,Portsmouth,9.0,20.0,3,2,home,3.34,3.49,2.1,-11.0,True,11.0,E1
9240,2025-2026,2025-11-08,Middlesbrough,Birmingham,4.0,10.0,2,1,home,2.77,3.16,2.61,-6.0,True,16.099999999999998,E1
9243,2025-2026,2025-11-08,Southampton,Sheffield Weds,19.0,24.0,3,1,home,7.14,4.67,1.41,-5.0,True,4.1,E1
9246,2025-2026,2025-11-08,West Brom,Oxford,17.0,21.0,2,1,home,4.78,3.58,1.75,-4.0,True,7.5,E1
9248,2025-2026,2025-11-21,Preston,Blackburn,4.0,19.0,1,2,away,3.03,3.11,2.44,-15.0,False,-10.0,E1
9249,2025-2026,2025-11-22,Bristol City,Swansea,8.0,19.0,3,0,home,3.38,3.26,2.17,-11.0,True,11.7,E1
9250,2025-2026,2025-11-22,Charlton,Southampton,9.0,18.0,1,5,away,2.65,3.18,2.7,-9.0,False,-10.0,E1
9251,2025-2026,2025-11-22,Coventry,West Brom,1.0,15.0,3,2,home,4.55,3.67,1.76,-14.0,True,7.6,E1
9252,2025-2026,2025-11-22,Birmingham,Norwich,11.0,23.0,4,1,home,4.88,3.76,1.69,-12.0,True,6.8999999999999995,E1
9253,2025-2026,2025-11-22,Derby,Watford,10.0,16.0,2,3,away,2.88,3.14,2.53,-6.0,False,-10.0,E1
9254,2025-2026,2025-11-22,Ipswich,Wrexham,9.0,15.0,0,0,draw,5.88,4.06,1.55,-6.0,False,-10.0,E1
9260,2025-2026,2025-11-25,Hull,Ipswich,6.0,8.0,0,2,away,1.79,3.67,4.27,-2.0,False,-10.0,E1
9263,2025-2026,2025-11-25,Stoke,Charlton,4.0,13.0,3,0,home,4.58,3.61,1.76,-9.0,True,7.6,E1
9268,2025-2026,2025-11-26,Millwall,Sheffield Weds,10.0,24.0,1,0,home,5.17,3.68,1.67,-14.0,True,6.699999999999999,E1
9273,2025-2026,2025-11-29,Leicester,Sheffield United,15.0,22.0,2,3,away,3.1,3.32,2.29,-7.0,False,-10.0,E1
9275,2025-2026,2025-11-29,Stoke,Hull,2.0,11.0,1,2,away,4.82,3.88,1.68,-9.0,False,-10.0,E1
9276,2025-2026,2025-11-29,Coventry,Charlton,1.0,16.0,3,1,home,7.24,4.49,1.42,-15.0,True,4.199999999999999,E1
9277,2025-2026,2025-11-29,Middlesbrough,Derby,3.0,9.0,2,1,home,4.93,3.55,1.74,-6.0,True,7.4,E1
9278,2025-2026,2025-11-29,Millwall,Southampton,6.0,13.0,3,2,home,2.22,3.39,3.18,-7.0,True,21.8,E1
9281,2025-2026,2025-11-29,West Brom,Swansea,17.0,21.0,3,2,home,4.6,3.4,1.8,-4.0,True,8.0,E1
9282,2025-2026,2025-11-29,Wrexham,Blackburn,11.0,18.0,1,1,draw,3.18,3.26,2.27,-7.0,False,-10.0,E1
9283,2025-2026,2025-12-01,Birmingham,Watford,11.0,15.0,2,1,home,4.33,3.47,1.82,-4.0,True,8.200000000000001,E1
9286,2025-2026,2025-12-06,Derby,Leicester,11.0,16.0,1,3,away,2.66,3.17,2.7,-5.0,False,-10.0,E1
9287,2025-2026,2025-12-06,Watford,Norwich,16.0,23.0,3,2,home,3.77,3.56,1.94,-7.0,True,9.399999999999999,E1
9290,2025-2026,2025-12-06,Preston,Wrexham,6.0,12.0,1,1,draw,3.05,3.12,2.41,-6.0,False,-10.0,E1
9295,2025-2026,2025-12-09,Blackburn,Oxford,19.0,21.0,1,1,draw,4.62,3.56,1.77,-2.0,False,-10.0,E1
9298,2025-2026,2025-12-09,Sheffield United,Norwich,18.0,23.0,1,1,draw,5.1,4.07,1.61,-5.0,False,-10.0,E1
9299,2025-2026,2025-12-09,Southampton,West Brom,11.0,16.0,3,2,home,3.97,3.75,1.83,-5.0,True,8.3,E1
9300,2025-2026,2025-12-09,Swansea,Portsmouth,20.0,22.0,1,0,home,3.46,3.35,2.11,-2.0,True,11.099999999999998,E1
9301,2025-2026,2025-12-09,Watford,Sheffield Weds,13.0,24.0,1,1,draw,5.39,4.31,1.55,-11.0,False,-10.0,E1
9303,2025-2026,2025-12-10,Bristol City,Leicester,9.0,14.0,2,2,draw,3.0,3.37,2.32,-5.0,False,-10.0,E1
9305,2025-2026,2025-12-10,Ipswich,Stoke,5.0,7.0,1,0,home,5.15,3.86,1.64,-2.0,True,6.399999999999999,E1
9306,2025-2026,2025-12-10,Hull,Wrexham,13.0,14.0,2,0,home,2.94,3.37,2.35,-1.0,True,13.5,E1
9307,2025-2026,2025-12-12,West Brom,Sheffield United,16.0,17.0,2,0,home,2.88,3.34,2.4,-1.0,True,14.0,E1
9310,2025-2026,2025-12-13,Stoke,Swansea,8.0,18.0,2,1,home,4.21,3.47,1.86,-10.0,True,8.600000000000001,E1
9311,2025-2026,2025-12-13,Birmingham,Charlton,11.0,18.0,1,1,draw,5.79,3.9,1.57,-7.0,False,-10.0,E1
9312,2025-2026,2025-12-13,Coventry,Bristol City,1.0,10.0,1,0,home,4.61,3.93,1.69,-9.0,True,6.8999999999999995,E1
9314,2025-2026,2025-12-13,Middlesbrough,QPR,2.0,9.0,3,1,home,3.8,3.57,1.92,-7.0,True,9.2,E1
9315,2025-2026,2025-12-13,Millwall,Hull,4.0,8.0,1,3,away,3.71,3.5,1.96,-4.0,False,-10.0,E1
9321,2025-2026,2025-12-20,Preston,Norwich,3.0,23.0,1,1,draw,3.22,3.43,2.16,-20.0,False,-10.0,E1
9324,2025-2026,2025-12-20,Charlton,Oxford,19.0,22.0,1,0,home,3.53,3.26,2.1,-3.0,True,11.0,E1
9325,2025-2026,2025-12-20,Derby,Portsmouth,12.0,21.0,1,1,draw,3.87,3.23,2.02,-9.0,False,-10.0,E1
9326,2025-2026,2025-12-20,Hull,West Brom,6.0,16.0,1,0,home,2.46,3.35,2.77,-10.0,True,17.7,E1
9327,2025-2026,2025-12-20,Ipswich,Sheffield Weds,6.0,24.0,3,1,home,12.22,6.19,1.22,-18.0,True,2.1999999999999997,E1
9333,2025-2026,2025-12-26,Coventry,Swansea,1.0,19.0,1,0,home,5.82,4.17,1.52,-18.0,True,5.2,E1
9335,2025-2026,2025-12-26,Middlesbrough,Blackburn,2.0,20.0,0,0,draw,4.26,3.6,1.79,-18.0,False,-10.0,E1
9342,2025-2026,2025-12-26,Wrexham,Sheffield United,15.0,18.0,5,3,home,2.18,3.34,3.24,-3.0,True,22.400000000000002,E1
9343,2025-2026,2025-12-29,Coventry,Ipswich,1.0,3.0,0,2,away,2.91,3.35,2.37,-2.0,False,-10.0,E1
9345,2025-2026,2025-12-29,Middlesbrough,Hull,2.0,4.0,0,1,away,4.79,3.96,1.65,-2.0,False,-10.0,E1
9351,2025-2026,2025-12-29,Stoke,Sheffield United,10.0,20.0,1,2,away,2.49,3.27,2.81,-10.0,False,-10.0,E1
9356,2025-2026,2026-01-01,Bristol City,Portsmouth,9.0,21.0,5,0,home,4.65,3.78,1.71,-12.0,True,7.1,E1
9359,2025-2026,2026-01-01,Hull,Stoke,4.0,12.0,0,1,away,3.02,3.27,2.35,-8.0,False,-10.0,E1
9360,2025-2026,2026-01-01,Ipswich,Oxford,3.0,22.0,2,1,home,9.58,5.08,1.31,-19.0,True,3.1000000000000005,E1
9361,2025-2026,2026-01-01,Preston,Sheffield Weds,9.0,24.0,3,0,home,6.29,4.16,1.5,-15.0,True,5.0,E1
9362,2025-2026,2026-01-01,QPR,Norwich,12.0,23.0,1,2,away,3.34,3.44,2.11,-11.0,False,-10.0,E1
9365,2025-2026,2026-01-01,Watford,Birmingham,8.0,16.0,3,0,home,2.97,3.33,2.35,-8.0,True,13.5,E1
9368,2025-2026,2026-01-04,QPR,Sheffield Weds,12.0,24.0,3,0,home,7.43,4.59,1.41,-12.0,True,4.1,E1
9372,2025-2026,2026-01-04,Middlesbrough,Southampton,4.0,15.0,4,0,home,3.11,3.56,2.15,-11.0,True,11.5,E1
9373,2025-2026,2026-01-04,Millwall,Swansea,8.0,17.0,2,1,home,3.42,3.2,2.16,-9.0,True,11.600000000000001,E1
9375,2025-2026,2026-01-05,Leicester,West Brom,14.0,18.0,2,1,home,2.72,3.32,2.5,-4.0,True,15.0,E1
9377,2025-2026,2026-01-17,Coventry,Leicester,1.0,12.0,2,1,home,4.98,4.03,1.62,-11.0,True,6.200000000000001,E1
9378,2025-2026,2026-01-17,Ipswich,Blackburn,3.0,20.0,3,0,home,6.38,4.06,1.51,-17.0,True,5.1,E1
9382,2025-2026,2026-01-17,Preston,Derby,5.0,13.0,0,1,away,3.29,3.12,2.28,-8.0,False,-10.0,E1
9385,2025-2026,2026-01-17,Stoke,QPR,9.0,12.0,0,0,draw,3.48,3.29,2.11,-3.0,False,-10.0,E1
9386,2025-2026,2026-01-17,Wrexham,Norwich,10.0,22.0,1,2,away,3.08,3.42,2.24,-12.0,False,-10.0,E1
9389,2025-2026,2026-01-20,Coventry,Millwall,1.0,4.0,2,1,home,4.34,3.64,1.79,-3.0,True,7.9,E1
9390,2025-2026,2026-01-20,Ipswich,Bristol City,3.0,10.0,2,0,home,5.19,3.78,1.65,-7.0,True,6.499999999999999,E1
9394,2025-2026,2026-01-20,Swansea,Blackburn,16.0,20.0,3,1,home,3.65,3.23,2.08,-4.0,True,10.8,E1
9395,2025-2026,2026-01-20,West Brom,Norwich,19.0,22.0,0,5,away,3.72,3.44,1.99,-3.0,False,-10.0,E1
9396,2025-2026,2026-01-20,Wrexham,Leicester,11.0,14.0,1,1,draw,3.12,3.47,2.2,-3.0,False,-10.0,E1
9397,2025-2026,2026-01-21,Southampton,Sheffield United,16.0,17.0,1,0,home,2.77,3.65,2.32,-1.0,True,13.2,E1
9398,2025-2026,2026-01-21,Watford,Portsmouth,8.0,22.0,1,1,draw,4.84,3.68,1.71,-14.0,False,-10.0,E1
9400,2025-2026,2026-01-23,Derby,West Brom,10.0,19.0,1,1,draw,2.86,3.04,2.58,-9.0,False,-10.0,E1
9401,2025-2026,2026-01-24,Middlesbrough,Preston,2.0,6.0,4,0,home,5.68,4.03,1.55,-4.0,True,5.5,E1
9402,2025-2026,2026-01-24,Millwall,Charlton,5.0,18.0,4,0,home,4.73,3.39,1.78,-13.0,True,7.800000000000001,E1
9405,2025-2026,2026-01-24,Bristol City,Sheffield Weds,11.0,24.0,2,0,home,10.58,5.66,1.26,-13.0,True,2.6,E1
9406,2025-2026,2026-01-24,Hull,Swansea,5.0,16.0,2,1,home,2.97,3.22,2.4,-11.0,True,14.0,E1
9407,2025-2026,2026-01-24,Leicester,Oxford,14.0,23.0,1,2,away,4.07,3.51,1.87,-9.0,False,-10.0,E1
9412,2025-2026,2026-01-30,Bristol City,Derby,7.0,11.0,0,5,away,3.44,3.28,2.14,-4.0,False,-10.0,E1
9413,2025-2026,2026-01-31,Leicester,Charlton,14.0,19.0,0,2,away,3.56,3.32,2.08,-5.0,False,-10.0,E1
9415,2025-2026,2026-01-31,Stoke,Southampton,11.0,15.0,0,2,away,2.42,3.37,2.82,-4.0,False,-10.0,E1
9417,2025-2026,2026-01-31,Ipswich,Preston,4.0,10.0,1,1,draw,8.34,4.71,1.36,-6.0,False,-10.0,E1
9418,2025-2026,2026-01-31,Middlesbrough,Norwich,2.0,19.0,1,0,home,4.42,3.84,1.73,-17.0,True,7.3,E1
9419,2025-2026,2026-01-31,Millwall,Sheffield United,5.0,17.0,1,1,draw,2.77,3.3,2.5,-12.0,False,-10.0,E1
9423,2025-2026,2026-01-31,Watford,Swansea,9.0,17.0,0,2,away,3.48,3.3,2.11,-8.0,False,-10.0,E1
9424,2025-2026,2026-02-03,Blackburn,Sheffield Weds,22.0,24.0,1,0,home,8.57,4.85,1.35,-2.0,True,3.500000000000001,E1
9425,2025-2026,2026-02-03,Hull,Watford,3.0,10.0,0,0,draw,3.16,3.35,2.23,-7.0,False,-10.0,E1
9426,2025-2026,2026-02-03,Sheffield United,Oxford,17.0,23.0,3,1,home,7.94,4.65,1.38,-6.0,True,3.799999999999999,E1
9429,2025-2026,2026-02-07,Norwich,Blackburn,19.0,21.0,2,0,home,3.84,3.44,1.95,-2.0,True,9.5,E1
9431,2025-2026,2026-02-07,Birmingham,Leicester,14.0,17.0,2,1,home,4.61,3.78,1.71,-3.0,True,7.1,E1
9432,2025-2026,2026-02-07,Coventry,Oxford,1.0,23.0,0,0,draw,7.15,4.7,1.41,-22.0,False,-10.0,E1
9433,2025-2026,2026-02-07,Hull,Bristol City,4.0,12.0,2,3,away,3.0,3.32,2.33,-8.0,False,-10.0,E1
9434,2025-2026,2026-02-07,Preston,Portsmouth,11.0,20.0,1,0,home,3.06,3.15,2.38,-9.0,True,13.799999999999999,E1
9437,2025-2026,2026-02-08,Swansea,Sheffield Weds,16.0,24.0,4,0,home,9.79,5.03,1.31,-8.0,True,3.1000000000000005,E1
9441,2025-2026,2026-02-10,Birmingham,West Brom,11.0,21.0,0,0,draw,4.27,3.46,1.86,-10.0,False,-10.0,E1
9443,2025-2026,2026-02-14,Derby,Swansea,11.0,15.0,2,0,home,3.4,3.16,2.17,-4.0,True,11.7,E1
9445,2025-2026,2026-02-14,Preston,Watford,8.0,12.0,2,2,draw,2.33,3.19,3.07,-4.0,False,-10.0,E1
9446,2025-2026,2026-02-14,QPR,Blackburn,13.0,22.0,1,3,away,3.26,3.19,2.22,-9.0,False,-10.0,E1
9450,2025-2026,2026-02-17,Charlton,Portsmouth,18.0,22.0,1,3,away,3.01,3.1,2.45,-4.0,False,-10.0,E1
9452,2025-2026,2026-02-21,Hull,QPR,5.0,13.0,1,3,away,3.09,3.3,2.29,-8.0,False,-10.0,E1
9453,2025-2026,2026-02-21,Stoke,Leicester,14.0,19.0,2,2,draw,3.39,3.33,2.14,-5.0,False,-10.0,E1
9456,2025-2026,2026-02-21,Middlesbrough,Oxford,2.0,23.0,0,0,draw,7.6,4.59,1.4,-21.0,False,-10.0,E1
9457,2025-2026,2026-02-21,Millwall,Portsmouth,3.0,21.0,1,3,away,4.15,3.5,1.86,-18.0,False,-10.0,E1
9459,2025-2026,2026-02-21,Southampton,Charlton,12.0,20.0,1,1,draw,5.59,4.1,1.56,-8.0,False,-10.0,E1
9462,2025-2026,2026-02-22,Sheffield United,Sheffield Weds,16.0,24.0,2,1,home,16.13,8.0,1.14,-8.0,True,1.399999999999999,E1
9464,2025-2026,2026-02-24,Hull,Derby,5.0,9.0,4,2,home,2.78,3.24,2.51,-4.0,True,15.099999999999998,E1
9465,2025-2026,2026-02-24,Middlesbrough,Leicester,2.0,19.0,1,1,draw,5.87,4.3,1.5,-17.0,False,-10.0,E1
9469,2025-2026,2026-02-24,Wrexham,Portsmouth,6.0,20.0,2,1,home,3.58,3.37,2.04,-14.0,True,10.4,E1
9470,2025-2026,2026-02-24,Southampton,QPR,12.0,13.0,5,0,home,4.58,3.87,1.68,-1.0,True,6.799999999999999,E1
9471,2025-2026,2026-02-25,Millwall,Birmingham,5.0,9.0,3,0,home,2.85,3.25,2.45,-4.0,True,14.500000000000002,E1
9472,2025-2026,2026-02-25,Norwich,Sheffield Weds,19.0,24.0,2,0,home,14.17,6.78,1.18,-5.0,True,1.7999999999999994,E1
9474,2025-2026,2026-02-25,Stoke,Oxford,16.0,23.0,2,1,home,4.56,3.41,1.81,-7.0,True,8.100000000000001,E1
9475,2025-2026,2026-02-27,Bristol City,Watford,8.0,12.0,1,2,away,2.79,3.29,2.46,-4.0,False,-10.0,E1
9476,2025-2026,2026-02-28,Derby,Blackburn,12.0,21.0,3,1,home,3.39,3.23,2.16,-9.0,True,11.600000000000001,E1
9480,2025-2026,2026-02-28,Coventry,Stoke,1.0,13.0,2,1,home,5.76,4.27,1.52,-12.0,True,5.2,E1
9481,2025-2026,2026-02-28,Ipswich,Swansea,5.0,15.0,3,0,home,5.38,3.97,1.59,-10.0,True,5.9,E1
9484,2025-2026,2026-02-28,QPR,Sheffield United,14.0,17.0,0,2,away,2.3,3.44,2.91,-3.0,False,-10.0,E1
9487,2025-2026,2026-03-03,Ipswich,Hull,4.0,5.0,1,0,home,6.49,4.42,1.45,-1.0,True,4.5,E1
9488,2025-2026,2026-03-06,Preston,Oxford,11.0,23.0,1,3,away,3.51,3.23,2.12,-12.0,False,-10.0,E1
9493,2025-2026,2026-03-07,Derby,Sheffield Weds,8.0,24.0,2,1,home,10.96,5.41,1.26,-16.0,True,2.6,E1
9494,2025-2026,2026-03-07,Ipswich,Leicester,4.0,19.0,1,1,draw,6.37,4.4,1.46,-15.0,False,-10.0,E1
9495,2025-2026,2026-03-07,Sheffield United,West Brom,13.0,23.0,1,1,draw,4.61,3.68,1.73,-10.0,False,-10.0,E1
9499,2025-2026,2026-03-10,Millwall,Derby,3.0,7.0,1,0,home,3.63,3.31,2.04,-4.0,True,10.4,E1
9504,2025-2026,2026-03-11,Birmingham,QPR,13.0,16.0,1,0,home,4.6,3.66,1.73,-3.0,True,7.3,E1
9505,2025-2026,2026-03-11,Middlesbrough,Charlton,2.0,19.0,0,1,away,7.86,4.68,1.38,-17.0,False,-10.0,E1
9509,2025-2026,2026-03-11,Coventry,Preston,1.0,14.0,3,0,home,6.47,4.64,1.44,-13.0,True,4.3999999999999995,E1
9510,2025-2026,2026-03-13,Wrexham,Swansea,6.0,11.0,2,0,home,3.08,3.33,2.27,-5.0,True,12.7,E1
9511,2025-2026,2026-03-14,Coventry,Southampton,1.0,7.0,1,2,away,4.03,3.9,1.78,-6.0,False,-10.0,E1
9512,2025-2026,2026-03-14,Middlesbrough,Bristol City,2.0,12.0,1,1,draw,6.24,4.5,1.47,-10.0,False,-10.0,E1
9514,2025-2026,2026-03-14,Birmingham,Sheffield United,10.0,13.0,1,1,draw,3.41,3.45,2.06,-3.0,False,-10.0,E1
9516,2025-2026,2026-03-14,Millwall,Blackburn,3.0,22.0,1,2,away,4.94,3.56,1.71,-19.0,False,-10.0,E1
9523,2025-2026,2026-03-18,Southampton,Norwich,7.0,12.0,1,0,home,3.63,3.64,1.93,-5.0,True,9.299999999999999,E1
9526,2025-2026,2026-03-21,Derby,Birmingham,8.0,10.0,1,0,home,2.53,3.33,2.7,-2.0,True,17.0,E1
9527,2025-2026,2026-03-21,Ipswich,Millwall,3.0,4.0,1,1,draw,4.63,3.78,1.7,-1.0,False,-10.0,E1
9528,2025-2026,2026-03-21,Bristol City,West Brom,15.0,22.0,0,1,away,2.83,3.3,2.43,-7.0,False,-10.0,E1
9530,2025-2026,2026-03-21,Hull,Sheffield Weds,5.0,24.0,3,1,home,8.43,5.11,1.33,-19.0,True,3.3000000000000007,E1
9531,2025-2026,2026-03-21,QPR,Portsmouth,17.0,22.0,6,1,home,2.59,3.14,2.74,-5.0,True,17.400000000000002,E1
9533,2025-2026,2026-03-21,Southampton,Oxford,7.0,23.0,2,0,home,5.87,4.17,1.52,-16.0,True,5.2,E1
9534,2025-2026,2026-03-21,Watford,Leicester,9.0,19.0,0,0,draw,3.47,3.53,2.02,-10.0,False,-10.0,E1
9536,2025-2026,2026-04-03,Middlesbrough,Millwall,2.0,4.0,1,2,away,4.48,3.85,1.71,-2.0,False,-10.0,E1
9537,2025-2026,2026-04-03,Birmingham,Blackburn,11.0,20.0,0,1,away,4.41,3.37,1.84,-9.0,False,-10.0,E1
9540,2025-2026,2026-04-03,Norwich,Portsmouth,10.0,22.0,1,1,draw,3.8,3.47,1.94,-12.0,False,-10.0,E1
9544,2025-2026,2026-04-03,Stoke,Sheffield Weds,16.0,24.0,2,0,home,9.56,5.03,1.31,-8.0,True,3.1000000000000005,E1
9546,2025-2026,2026-04-03,Coventry,Derby,1.0,8.0,3,2,home,5.39,4.1,1.57,-7.0,True,5.700000000000001,E1
9547,2025-2026,2026-04-06,Portsmouth,Oxford,22.0,23.0,2,2,draw,4.2,3.43,1.85,-1.0,False,-10.0,E1
9548,2025-2026,2026-04-06,Millwall,Norwich,2.0,11.0,1,2,away,3.18,3.39,2.16,-9.0,False,-10.0,E1
9549,2025-2026,2026-04-06,Blackburn,West Brom,20.0,21.0,0,0,draw,2.75,3.11,2.59,-1.0,False,-10.0,E1
9550,2025-2026,2026-04-06,Bristol City,Sheffield United,13.0,17.0,1,0,home,2.34,3.46,2.83,-4.0,True,18.3,E1
9551,2025-2026,2026-04-06,Derby,Stoke,8.0,13.0,2,0,home,3.85,3.44,1.91,-5.0,True,9.1,E1
9552,2025-2026,2026-04-06,Ipswich,Birmingham,4.0,14.0,2,1,home,5.03,3.87,1.62,-10.0,True,6.200000000000001,E1
9555,2025-2026,2026-04-06,Watford,Charlton,12.0,18.0,1,1,draw,4.16,3.48,1.84,-6.0,False,-10.0,E1
9558,2025-2026,2026-04-07,Wrexham,Southampton,6.0,7.0,1,5,away,2.57,3.45,2.58,-1.0,False,-10.0,E1
9560,2025-2026,2026-04-11,Coventry,Sheffield Weds,1.0,24.0,0,0,draw,17.81,8.53,1.12,-23.0,False,-10.0,E1
9565,2025-2026,2026-04-11,Middlesbrough,Portsmouth,4.0,22.0,0,1,away,5.77,4.15,1.53,-18.0,False,-10.0,E1
9568,2025-2026,2026-04-11,Southampton,Derby,6.0,8.0,2,1,home,4.22,3.74,1.77,-2.0,True,7.7,E1
9569,2025-2026,2026-04-11,Stoke,Blackburn,15.0,20.0,1,1,draw,2.75,3.22,2.55,-5.0,False,-10.0,E1
9572,2025-2026,2026-04-14,Southampton,Blackburn,5.0,19.0,3,0,home,5.79,4.01,1.55,-14.0,True,5.5,E1
9574,2025-2026,2026-04-18,Derby,Oxford,8.0,23.0,1,0,home,4.03,3.46,1.89,-15.0,True,8.899999999999999,E1
9575,2025-2026,2026-04-18,Millwall,QPR,3.0,11.0,2,0,home,4.75,3.8,1.69,-8.0,True,6.8999999999999995,E1
9576,2025-2026,2026-04-18,Portsmouth,Leicester,20.0,21.0,1,0,home,3.13,3.28,2.26,-1.0,True,12.599999999999998,E1
9578,2025-2026,2026-04-18,Hull,Birmingham,6.0,15.0,1,1,draw,2.74,3.42,2.44,-9.0,False,-10.0,E1
9579,2025-2026,2026-04-18,Preston,West Brom,14.0,22.0,0,2,away,2.1,3.28,3.49,-8.0,False,-10.0,E1
9582,2025-2026,2026-04-18,Watford,Sheffield United,12.0,17.0,0,2,away,2.46,3.42,2.72,-5.0,False,-10.0,E1
9583,2025-2026,2026-04-18,Wrexham,Stoke,8.0,17.0,2,0,home,4.51,3.75,1.73,-9.0,True,7.3,E1
9584,2025-2026,2026-04-19,Ipswich,Middlesbrough,3.0,5.0,2,2,draw,3.01,3.5,2.21,-2.0,False,-10.0,E1
9585,2025-2026,2026-04-21,Coventry,Portsmouth,1.0,18.0,5,1,home,4.99,3.93,1.64,-17.0,True,6.399999999999999,E1
9589,2025-2026,2026-04-21,QPR,Swansea,11.0,15.0,1,2,away,3.09,3.37,2.26,-4.0,False,-10.0,E1
9590,2025-2026,2026-04-21,Southampton,Bristol City,4.0,11.0,2,2,draw,7.31,4.67,1.4,-7.0,False,-10.0,E1
9593,2025-2026,2026-04-22,Birmingham,Preston,14.0,16.0,2,1,home,5.04,3.79,1.65,-2.0,True,6.499999999999999,E1
9595,2025-2026,2026-04-22,Middlesbrough,Sheffield Weds,5.0,24.0,1,0,home,14.22,7.62,1.16,-19.0,True,1.5999999999999992,E1
9596,2025-2026,2026-04-22,Sheffield United,Blackburn,14.0,21.0,1,3,away,4.36,3.7,1.76,-7.0,False,-10.0,E1
9599,2025-2026,2026-04-25,Middlesbrough,Watford,5.0,15.0,5,1,home,6.45,4.7,1.42,-10.0,True,4.199999999999999,E1
9601,2025-2026,2026-04-25,Birmingham,Bristol City,10.0,12.0,2,1,home,4.64,3.8,1.7,-2.0,True,7.0,E1
9602,2025-2026,2026-04-25,Norwich,Swansea,9.0,11.0,1,1,draw,4.63,3.96,1.67,-2.0,False,-10.0,E1
9603,2025-2026,2026-04-25,Oxford,Sheffield Weds,23.0,24.0,4,1,home,6.93,4.44,1.43,-1.0,True,4.299999999999999,E1
9605,2025-2026,2026-04-25,Sheffield United,Preston,14.0,15.0,2,3,away,4.76,4.19,1.62,-1.0,False,-10.0,E1
9606,2025-2026,2026-04-25,Stoke,Portsmouth,17.0,21.0,1,3,away,2.56,3.28,2.67,-4.0,False,-10.0,E1
9607,2025-2026,2026-04-26,Coventry,Wrexham,1.0,6.0,3,1,home,3.11,3.65,2.12,-5.0,True,11.200000000000001,E1
9609,2025-2026,2026-05-02,Blackburn,Leicester,21.0,22.0,0,1,away,3.11,3.53,2.15,-1.0,False,-10.0,E1
9610,2025-2026,2026-05-02,Bristol City,Stoke,13.0,17.0,2,0,home,3.48,3.76,1.94,-4.0,True,9.399999999999999,E1
9611,2025-2026,2026-05-02,Derby,Sheffield United,8.0,15.0,1,2,away,3.94,3.8,1.81,-7.0,False,-10.0,E1
9612,2025-2026,2026-05-02,Hull,Norwich,7.0,9.0,2,1,home,3.82,3.86,1.83,-2.0,True,8.3,E1
9613,2025-2026,2026-05-02,Ipswich,QPR,2.0,15.0,3,0,home,9.84,5.67,1.27,-13.0,True,2.7,E1
9614,2025-2026,2026-05-02,Millwall,Oxford,3.0,23.0,2,0,home,8.18,5.01,1.34,-20.0,True,3.400000000000001,E1
9618,2025-2026,2026-05-02,Swansea,Charlton,12.0,20.0,3,1,home,4.28,3.8,1.75,-8.0,True,7.5,E1
10895,2025-2026,2025-08-30,Mechelen,RAAL La Louviere,7.0,11.0,3,2,home,4.76,3.97,1.63,-4.0,True,6.299999999999999,B1
10906,2025-2026,2025-09-14,Antwerp,Gent,6.0,15.0,1,2,away,2.79,3.45,2.36,-9.0,False,-10.0,B1
10907,2025-2026,2025-09-14,Cercle Brugge,Charleroi,7.0,14.0,2,3,away,3.16,3.45,2.14,-7.0,False,-10.0,B1
10908,2025-2026,2025-09-14,Anderlecht,Genk,5.0,11.0,1,1,draw,2.65,3.53,2.43,-6.0,False,-10.0,B1
10909,2025-2026,2025-09-14,St Truiden,Westerlo,2.0,15.0,0,3,away,3.1,3.74,2.08,-13.0,False,-10.0,B1
10911,2025-2026,2025-09-19,Gent,Dender,11.0,16.0,3,0,home,4.1,3.84,1.77,-5.0,True,7.7,B1
10913,2025-2026,2025-09-20,Charleroi,Waregem,3.0,14.0,1,2,away,4.18,3.77,1.76,-11.0,False,-10.0,B1
10914,2025-2026,2025-09-20,Anderlecht,Antwerp,6.0,11.0,0,0,draw,4.59,3.9,1.66,-5.0,False,-10.0,B1
10916,2025-2026,2025-09-21,Westerlo,Standard,11.0,14.0,0,2,away,3.86,3.6,1.86,-3.0,False,-10.0,B1
10918,2025-2026,2025-09-21,Mechelen,Cercle Brugge,5.0,13.0,0,0,draw,2.61,3.5,2.47,-8.0,False,-10.0,B1
10919,2025-2026,2025-09-23,Anderlecht,Gent,6.0,7.0,1,0,home,4.34,3.87,1.72,-1.0,True,7.199999999999999,B1
10920,2025-2026,2025-09-24,Club Brugge,Westerlo,4.0,13.0,5,5,draw,7.95,5.69,1.3,-9.0,False,-10.0,B1
10924,2025-2026,2025-09-27,St. Gilloise,Westerlo,1.0,10.0,2,0,home,7.77,5.3,1.33,-9.0,True,3.3000000000000007,B1
10925,2025-2026,2025-09-28,St Truiden,Genk,4.0,14.0,1,2,away,2.16,3.59,3.01,-10.0,False,-10.0,B1
10929,2025-2026,2025-10-03,Gent,Charleroi,5.0,8.0,2,1,home,3.35,3.58,2.04,-3.0,True,10.4,B1
10930,2025-2026,2025-10-04,Mechelen,St Truiden,4.0,6.0,1,3,away,3.1,3.58,2.12,-2.0,False,-10.0,B1
10932,2025-2026,2025-10-04,Antwerp,Cercle Brugge,12.0,14.0,1,1,draw,2.77,3.48,2.35,-2.0,False,-10.0,B1
10933,2025-2026,2025-10-05,Anderlecht,Standard,6.0,12.0,1,0,home,5.42,4.02,1.57,-6.0,True,5.700000000000001,B1
10934,2025-2026,2025-10-05,Genk,Dender,10.0,16.0,2,1,home,7.68,4.95,1.35,-6.0,True,3.500000000000001,B1
10936,2025-2026,2025-10-05,Westerlo,Oud-Heverlee Leuven,14.0,15.0,2,0,home,3.74,3.78,1.84,-1.0,True,8.4,B1
10939,2025-2026,2025-10-18,St. Gilloise,Charleroi,1.0,11.0,3,1,home,7.48,4.68,1.38,-10.0,True,3.799999999999999,B1
10946,2025-2026,2025-10-25,Westerlo,Dender,10.0,16.0,1,1,draw,4.31,3.91,1.71,-6.0,False,-10.0,B1
10947,2025-2026,2025-10-25,Mechelen,Oud-Heverlee Leuven,4.0,15.0,1,1,draw,3.19,3.45,2.12,-11.0,False,-10.0,B1
10948,2025-2026,2025-10-25,Gent,Standard,7.0,11.0,4,0,home,3.92,3.59,1.86,-4.0,True,8.600000000000001,B1
10951,2025-2026,2025-10-26,Genk,RAAL La Louviere,8.0,12.0,1,1,draw,6.12,4.39,1.47,-4.0,False,-10.0,B1
10952,2025-2026,2025-10-26,St. Gilloise,St Truiden,1.0,7.0,2,0,home,7.66,4.92,1.35,-6.0,True,3.500000000000001,B1
10955,2025-2026,2025-11-01,Club Brugge,Dender,2.0,16.0,2,1,home,10.5,6.11,1.23,-14.0,True,2.3,B1
10959,2025-2026,2025-11-02,St Truiden,Antwerp,7.0,15.0,1,0,home,3.45,3.49,2.03,-8.0,True,10.299999999999997,B1
10960,2025-2026,2025-11-02,RAAL La Louviere,Cercle Brugge,12.0,13.0,2,1,home,2.65,3.21,2.62,-1.0,True,16.200000000000003,B1
10962,2025-2026,2025-11-08,Cercle Brugge,Oud-Heverlee Leuven,13.0,14.0,1,2,away,3.36,3.47,2.05,-1.0,False,-10.0,B1
10966,2025-2026,2025-11-09,St Truiden,Standard,4.0,11.0,1,0,home,3.43,3.49,2.02,-7.0,True,10.2,B1
10967,2025-2026,2025-11-09,Gent,Genk,6.0,7.0,1,1,draw,2.14,3.54,3.08,-1.0,False,-10.0,B1
10970,2025-2026,2025-11-22,St. Gilloise,Cercle Brugge,1.0,15.0,2,0,home,6.69,4.72,1.4,-14.0,True,3.999999999999999,B1
10972,2025-2026,2025-11-22,Club Brugge,Charleroi,2.0,9.0,1,0,home,6.33,4.46,1.45,-7.0,True,4.5,B1
10974,2025-2026,2025-11-23,Antwerp,Dender,14.0,16.0,1,2,away,3.95,3.54,1.86,-2.0,False,-10.0,B1
10977,2025-2026,2025-11-28,Mechelen,Standard,5.0,10.0,0,1,away,3.08,3.32,2.25,-5.0,False,-10.0,B1
10979,2025-2026,2025-11-29,Waregem,Cercle Brugge,8.0,15.0,1,1,draw,2.54,3.53,2.52,-7.0,False,-10.0,B1
10980,2025-2026,2025-11-29,Charleroi,RAAL La Louviere,10.0,11.0,0,0,draw,4.47,3.33,1.82,-1.0,False,-10.0,B1
10981,2025-2026,2025-11-30,Club Brugge,Antwerp,2.0,14.0,0,1,away,7.47,4.85,1.36,-12.0,False,-10.0,B1
10982,2025-2026,2025-11-30,Genk,Oud-Heverlee Leuven,9.0,14.0,2,1,home,5.64,4.15,1.52,-5.0,True,5.2,B1
10985,2025-2026,2025-12-05,RAAL La Louviere,Dender,11.0,16.0,1,2,away,3.41,3.14,2.18,-5.0,False,-10.0,B1
10987,2025-2026,2025-12-06,St. Gilloise,Gent,1.0,8.0,1,1,draw,7.36,4.72,1.38,-7.0,False,-10.0,B1
10989,2025-2026,2025-12-07,Mechelen,Charleroi,5.0,10.0,1,0,home,2.35,3.37,2.85,-5.0,True,18.5,B1
10993,2025-2026,2025-12-12,Standard,Oud-Heverlee Leuven,6.0,14.0,0,1,away,3.12,3.13,2.32,-8.0,False,-10.0,B1
10995,2025-2026,2025-12-13,Waregem,RAAL La Louviere,9.0,14.0,2,2,draw,3.14,3.23,2.24,-5.0,False,-10.0,B1
10997,2025-2026,2025-12-14,Gent,Antwerp,8.0,10.0,0,2,away,3.12,3.39,2.18,-2.0,False,-10.0,B1
11000,2025-2026,2025-12-14,Genk,Westerlo,10.0,11.0,1,1,draw,4.35,4.11,1.66,-1.0,False,-10.0,B1
11003,2025-2026,2025-12-20,Westerlo,RAAL La Louviere,11.0,13.0,2,1,home,4.27,3.71,1.75,-2.0,True,7.5,B1
11004,2025-2026,2025-12-20,St. Gilloise,Waregem,1.0,10.0,2,0,home,9.88,5.61,1.26,-9.0,True,2.6,B1
11005,2025-2026,2025-12-21,Club Brugge,Gent,2.0,11.0,2,1,home,6.28,4.66,1.42,-9.0,True,4.199999999999999,B1
11006,2025-2026,2025-12-21,St Truiden,Mechelen,4.0,5.0,1,0,home,4.49,3.86,1.69,-1.0,True,6.8999999999999995,B1
11008,2025-2026,2025-12-21,Oud-Heverlee Leuven,Cercle Brugge,14.0,15.0,0,2,away,2.6,3.42,2.51,-1.0,False,-10.0,B1
11012,2025-2026,2025-12-26,Anderlecht,Charleroi,4.0,12.0,1,2,away,4.44,3.54,1.76,-8.0,False,-10.0,B1
11013,2025-2026,2025-12-27,Antwerp,Waregem,8.0,11.0,2,1,home,3.42,3.46,2.02,-3.0,True,10.2,B1
11014,2025-2026,2025-12-27,RAAL La Louviere,Oud-Heverlee Leuven,13.0,14.0,0,0,draw,2.95,2.98,2.5,-1.0,False,-10.0,B1
11015,2025-2026,2025-12-27,Mechelen,Dender,5.0,16.0,1,1,draw,3.19,3.48,2.1,-11.0,False,-10.0,B1
11017,2025-2026,2026-01-16,Club Brugge,RAAL La Louviere,2.0,13.0,2,3,away,8.58,5.4,1.3,-11.0,False,-10.0,B1
11019,2025-2026,2026-01-17,Westerlo,Cercle Brugge,11.0,15.0,0,2,away,3.2,3.64,2.05,-4.0,False,-10.0,B1
11020,2025-2026,2026-01-17,St. Gilloise,Mechelen,1.0,5.0,1,0,home,8.88,5.11,1.3,-4.0,True,3.0000000000000004,B1
11024,2025-2026,2026-01-18,St Truiden,Oud-Heverlee Leuven,3.0,15.0,1,0,home,4.27,3.63,1.77,-12.0,True,7.7,B1
11027,2025-2026,2026-01-24,Club Brugge,Waregem,3.0,10.0,4,3,home,6.86,5.0,1.37,-7.0,True,3.700000000000001,B1
11029,2025-2026,2026-01-25,Antwerp,Charleroi,7.0,8.0,0,2,away,3.02,3.2,2.32,-1.0,False,-10.0,B1
11030,2025-2026,2026-01-25,Genk,Cercle Brugge,11.0,15.0,1,1,draw,3.84,3.62,1.85,-4.0,False,-10.0,B1
11031,2025-2026,2026-01-25,Anderlecht,Dender,4.0,16.0,0,0,draw,6.15,4.24,1.48,-12.0,False,-10.0,B1
11032,2025-2026,2026-01-25,Mechelen,Westerlo,6.0,12.0,1,1,draw,2.39,3.54,2.67,-6.0,False,-10.0,B1
11035,2025-2026,2026-01-31,Waregem,Westerlo,10.0,12.0,0,1,away,2.7,3.44,2.41,-2.0,False,-10.0,B1
11036,2025-2026,2026-01-31,St Truiden,Charleroi,2.0,8.0,0,2,away,3.52,3.4,2.0,-6.0,False,-10.0,B1
11039,2025-2026,2026-02-01,St. Gilloise,Club Brugge,1.0,3.0,1,0,home,3.15,3.37,2.18,-2.0,True,11.8,B1
11042,2025-2026,2026-02-07,Waregem,Dender,12.0,16.0,1,0,home,3.23,3.36,2.14,-4.0,True,11.400000000000002,B1
11043,2025-2026,2026-02-07,Charleroi,Cercle Brugge,6.0,15.0,3,4,away,3.58,3.38,1.99,-9.0,False,-10.0,B1
11044,2025-2026,2026-02-07,Gent,Oud-Heverlee Leuven,5.0,15.0,1,3,away,4.15,3.55,1.8,-10.0,False,-10.0,B1
11046,2025-2026,2026-02-08,St. Gilloise,RAAL La Louviere,1.0,15.0,2,1,home,7.38,4.2,1.42,-14.0,True,4.199999999999999,B1
11047,2025-2026,2026-02-08,Club Brugge,Standard,3.0,10.0,3,0,home,7.81,4.9,1.34,-7.0,True,3.400000000000001,B1
11048,2025-2026,2026-02-08,Mechelen,Antwerp,7.0,9.0,2,0,home,2.7,3.28,2.48,-2.0,True,14.8,B1
11049,2025-2026,2026-02-13,Mechelen,Genk,4.0,8.0,2,3,away,2.08,3.39,3.33,-4.0,False,-10.0,B1
11050,2025-2026,2026-02-14,Oud-Heverlee Leuven,Dender,13.0,16.0,3,2,home,3.73,3.31,1.97,-3.0,True,9.7,B1
11054,2025-2026,2026-02-15,Antwerp,Westerlo,10.0,12.0,0,2,away,3.23,3.43,2.09,-2.0,False,-10.0,B1
11055,2025-2026,2026-02-15,Anderlecht,RAAL La Louviere,6.0,15.0,0,0,draw,4.35,3.52,1.78,-9.0,False,-10.0,B1
11056,2025-2026,2026-02-15,St Truiden,Waregem,3.0,12.0,3,2,home,4.38,3.81,1.71,-9.0,True,7.1,B1
11057,2025-2026,2026-02-20,Gent,Cercle Brugge,5.0,15.0,0,1,away,2.95,3.5,2.24,-10.0,False,-10.0,B1
11059,2025-2026,2026-02-21,Club Brugge,Oud-Heverlee Leuven,3.0,13.0,2,1,home,7.55,4.92,1.36,-10.0,True,3.600000000000001,B1
11060,2025-2026,2026-02-21,St. Gilloise,Antwerp,2.0,11.0,2,1,home,7.06,4.32,1.42,-9.0,True,4.199999999999999,B1
11061,2025-2026,2026-02-22,Genk,Standard,7.0,10.0,0,3,away,6.15,4.14,1.49,-3.0,False,-10.0,B1
11065,2025-2026,2026-02-27,Standard,RAAL La Louviere,9.0,15.0,1,1,draw,3.05,3.01,2.39,-6.0,False,-10.0,B1
11066,2025-2026,2026-02-28,Mechelen,Waregem,5.0,12.0,2,1,home,3.11,3.44,2.14,-7.0,True,11.400000000000002,B1
11068,2025-2026,2026-02-28,Anderlecht,Oud-Heverlee Leuven,5.0,13.0,5,1,home,4.67,3.7,1.68,-8.0,True,6.799999999999999,B1
11072,2025-2026,2026-03-01,Cercle Brugge,Dender,14.0,16.0,0,0,draw,4.5,3.68,1.71,-2.0,False,-10.0,B1
11076,2025-2026,2026-03-07,St. Gilloise,Genk,1.0,6.0,2,1,home,4.85,3.8,1.64,-5.0,True,6.399999999999999,B1
11077,2025-2026,2026-03-08,Club Brugge,Anderlecht,2.0,4.0,2,2,draw,4.98,4.12,1.57,-2.0,False,-10.0,B1
11080,2025-2026,2026-03-08,St Truiden,Cercle Brugge,3.0,13.0,2,1,home,3.64,3.73,1.88,-10.0,True,8.799999999999999,B1
11081,2025-2026,2026-03-13,Gent,Waregem,6.0,12.0,2,0,home,2.76,3.43,2.36,-6.0,True,13.599999999999998,B1
11082,2025-2026,2026-03-14,Charleroi,Oud-Heverlee Leuven,11.0,14.0,0,2,away,3.93,3.53,1.85,-3.0,False,-10.0,B1
11083,2025-2026,2026-03-14,St. Gilloise,Dender,1.0,16.0,2,0,home,11.38,5.39,1.24,-15.0,True,2.4,B1
11088,2025-2026,2026-03-15,Cercle Brugge,RAAL La Louviere,14.0,15.0,1,3,away,3.67,3.42,1.93,-1.0,False,-10.0,B1
11089,2025-2026,2026-03-22,Anderlecht,Cercle Brugge,5.0,15.0,2,3,away,3.75,3.7,1.83,-10.0,False,-10.0,B1
11090,2025-2026,2026-03-22,Club Brugge,Mechelen,2.0,4.0,4,1,home,8.16,5.59,1.28,-2.0,True,2.8000000000000003,B1
11095,2025-2026,2026-03-22,Standard,Westerlo,8.0,9.0,0,0,draw,2.78,3.25,2.4,-1.0,False,-10.0,B1
11098,2025-2026,2026-04-04,Waregem,Cercle Brugge,13.0,15.0,2,2,draw,2.76,3.53,2.27,-2.0,False,-10.0,B1
11100,2025-2026,2026-04-04,St. Gilloise,St Truiden,1.0,3.0,1,0,home,4.49,3.65,1.7,-2.0,True,7.0,B1
11101,2025-2026,2026-04-05,Westerlo,Charleroi,9.0,11.0,2,0,home,2.66,3.28,2.49,-2.0,True,14.900000000000002,B1
11102,2025-2026,2026-04-06,Club Brugge,Anderlecht,2.0,7.0,4,2,home,5.72,4.43,1.47,-5.0,True,4.699999999999999,B1
11103,2025-2026,2026-04-06,RAAL La Louviere,Dender,15.0,16.0,0,1,away,4.34,3.4,1.77,-1.0,False,-10.0,B1
11104,2025-2026,2026-04-06,Gent,Mechelen,4.0,5.0,1,1,draw,3.47,3.59,1.91,-1.0,False,-10.0,B1
11106,2025-2026,2026-04-11,Cercle Brugge,RAAL La Louviere,14.0,15.0,3,0,home,3.69,3.6,1.89,-1.0,True,8.899999999999999,B1
11107,2025-2026,2026-04-11,Standard,Westerlo,8.0,9.0,1,2,away,2.66,3.26,2.49,-1.0,False,-10.0,B1
11110,2025-2026,2026-04-12,Genk,Oud-Heverlee Leuven,6.0,13.0,0,0,draw,4.71,3.93,1.62,-7.0,False,-10.0,B1
11113,2025-2026,2026-04-18,Antwerp,Oud-Heverlee Leuven,12.0,14.0,2,0,home,3.1,3.3,2.18,-2.0,True,11.8,B1
11119,2025-2026,2026-04-19,St. Gilloise,Club Brugge,1.0,2.0,2,1,home,2.97,3.32,2.23,-1.0,True,12.3,B1
11121,2025-2026,2026-04-21,Genk,Charleroi,5.0,13.0,1,1,draw,3.93,3.53,1.86,-8.0,False,-10.0,B1
11123,2025-2026,2026-04-21,Standard,Antwerp,9.0,11.0,1,2,away,2.68,3.18,2.57,-2.0,False,-10.0,B1
11124,2025-2026,2026-04-22,Club Brugge,Mechelen,2.0,8.0,6,1,home,10.47,6.3,1.21,-6.0,True,2.0999999999999996,B1
11125,2025-2026,2026-04-22,St. Gilloise,Gent,1.0,7.0,0,0,draw,6.7,4.28,1.44,-6.0,False,-10.0,B1
11126,2025-2026,2026-04-23,St Truiden,Anderlecht,3.0,4.0,2,0,home,3.09,3.58,2.09,-1.0,True,10.899999999999999,B1
11127,2025-2026,2026-04-24,Cercle Brugge,Dender,12.0,16.0,2,1,home,6.65,4.84,1.39,-4.0,True,3.899999999999999,B1
11129,2025-2026,2026-04-25,Genk,Standard,5.0,9.0,1,1,draw,4.92,3.8,1.62,-4.0,False,-10.0,B1
11130,2025-2026,2026-04-25,Westerlo,Antwerp,7.0,10.0,2,4,away,3.25,3.47,2.05,-3.0,False,-10.0,B1
11134,2025-2026,2026-04-26,Waregem,RAAL La Louviere,13.0,15.0,4,0,home,3.52,3.41,1.98,-2.0,True,9.8,B1
11136,2025-2026,2026-05-02,Westerlo,Oud-Heverlee Leuven,7.0,14.0,3,3,draw,3.58,3.69,1.88,-7.0,False,-10.0,B1
11142,2025-2026,2026-05-08,Standard,Oud-Heverlee Leuven,6.0,14.0,2,1,home,3.48,3.41,2.01,-8.0,True,10.099999999999998,B1
11144,2025-2026,2026-05-09,Waregem,Dender,10.0,16.0,2,1,home,5.38,4.1,1.54,-6.0,True,5.4,B1
11145,2025-2026,2026-05-09,Club Brugge,St Truiden,2.0,3.0,2,0,home,5.5,4.6,1.47,-1.0,True,4.699999999999999,B1
11148,2025-2026,2026-05-10,St. Gilloise,Mechelen,2.0,9.0,3,0,home,8.7,5.06,1.31,-7.0,True,3.1000000000000005,B1
11149,2025-2026,2026-05-10,Genk,Westerlo,6.0,8.0,3,0,home,4.63,4.16,1.6,-2.0,True,6.000000000000001,B1
11153,2025-2026,2026-05-16,St Truiden,Gent,3.0,8.0,1,1,draw,3.4,3.67,1.92,-5.0,False,-10.0,B1
11154,2025-2026,2026-05-17,Anderlecht,Mechelen,7.0,9.0,2,2,draw,3.79,3.72,1.8,-2.0,False,-10.0,B1
11156,2025-2026,2026-05-19,Charleroi,Oud-Heverlee Leuven,11.0,14.0,1,1,draw,3.91,3.84,1.77,-3.0,False,-10.0,B1
11157,2025-2026,2026-05-19,Genk,Antwerp,4.0,12.0,0,0,draw,5.36,4.15,1.53,-8.0,False,-10.0,B1
11164,2025-2026,2026-05-23,Standard,Charleroi,5.0,11.0,0,2,away,3.4,3.35,2.03,-6.0,False,-10.0,B1
11165,2025-2026,2026-05-24,Club Brugge,Gent,1.0,8.0,5,0,home,3.67,4.15,1.72,-7.0,True,7.199999999999999,B1
11166,2025-2026,2026-05-24,St Truiden,Mechelen,3.0,10.0,3,0,home,3.53,3.85,1.82,-7.0,True,8.200000000000001,B1
11167,2025-2026,2026-05-24,St. Gilloise,Anderlecht,2.0,6.0,5,1,home,6.26,4.2,1.44,-4.0,True,4.3999999999999995,B1
12657,2025-2026,2025-09-20,Trabzonspor,Gaziantep,4.0,6.0,1,1,draw,4.63,3.88,1.65,-2.0,False,-10.0,T1
12661,2025-2026,2025-09-21,Samsunspor,Karagumruk,8.0,17.0,3,2,home,5.86,3.89,1.53,-9.0,True,5.300000000000001,T1
12668,2025-2026,2025-09-28,Konyaspor,Buyuksehyr,10.0,11.0,2,1,home,3.1,3.31,2.21,-1.0,True,12.1,T1
12670,2025-2026,2025-09-28,Fenerbahce,Antalyaspor,4.0,8.0,2,0,home,12.79,6.43,1.19,-4.0,True,1.8999999999999995,T1
12671,2025-2026,2025-09-28,Kayserispor,Genclerbirligi,15.0,16.0,1,1,draw,3.47,3.46,2.0,-1.0,False,-10.0,T1
12672,2025-2026,2025-09-29,Besiktas,Kocaelispor,10.0,18.0,3,1,home,7.05,4.63,1.38,-8.0,True,3.799999999999999,T1
12673,2025-2026,2025-10-03,Antalyaspor,Rizespor,9.0,13.0,2,5,away,2.44,3.22,2.8,-4.0,False,-10.0,T1
12674,2025-2026,2025-10-03,Trabzonspor,Kayserispor,3.0,15.0,4,0,home,6.43,4.53,1.43,-12.0,True,4.299999999999999,T1
12677,2025-2026,2025-10-04,Galatasaray,Besiktas,1.0,5.0,1,1,draw,4.58,4.34,1.59,-4.0,False,-10.0,T1
12680,2025-2026,2025-10-05,Goztep,Buyuksehyr,5.0,13.0,1,0,home,4.09,3.47,1.84,-8.0,True,8.4,T1
12682,2025-2026,2025-10-18,Konyaspor,Kocaelispor,8.0,15.0,2,3,away,3.79,3.48,1.89,-7.0,False,-10.0,T1
12683,2025-2026,2025-10-18,Besiktas,Genclerbirligi,6.0,15.0,1,2,away,9.55,5.72,1.25,-9.0,False,-10.0,T1
12688,2025-2026,2025-10-19,Gaziantep,Antalyaspor,6.0,10.0,3,2,home,3.95,3.49,1.86,-4.0,True,8.600000000000001,T1
12689,2025-2026,2025-10-19,Fenerbahce,Karagumruk,5.0,18.0,2,1,home,12.0,6.64,1.18,-13.0,True,1.7999999999999994,T1
12692,2025-2026,2025-10-22,Rizespor,Buyuksehyr,12.0,16.0,0,0,draw,2.91,3.32,2.3,-4.0,False,-10.0,T1
12695,2025-2026,2025-10-25,Trabzonspor,Eyupspor,2.0,15.0,2,0,home,5.44,4.03,1.54,-13.0,True,5.4,T1
12696,2025-2026,2025-10-26,Antalyaspor,Buyuksehyr,11.0,16.0,0,4,away,2.3,3.33,2.91,-5.0,False,-10.0,T1
12697,2025-2026,2025-10-26,Galatasaray,Goztep,1.0,5.0,3,1,home,6.58,4.55,1.42,-4.0,True,4.199999999999999,T1
12701,2025-2026,2025-10-27,Samsunspor,Rizespor,7.0,14.0,1,1,draw,3.78,3.41,1.91,-7.0,False,-10.0,T1
12703,2025-2026,2025-11-01,Goztep,Genclerbirligi,7.0,15.0,1,0,home,6.46,4.11,1.47,-8.0,True,4.699999999999999,T1
12704,2025-2026,2025-11-01,Galatasaray,Trabzonspor,1.0,2.0,0,0,draw,6.2,4.85,1.4,-1.0,False,-10.0,T1
12710,2025-2026,2025-11-03,Rizespor,Karagumruk,13.0,18.0,1,0,home,4.41,3.73,1.71,-5.0,True,7.1,T1
12712,2025-2026,2025-11-08,Gaziantep,Rizespor,6.0,11.0,2,2,draw,3.18,3.46,2.11,-5.0,False,-10.0,T1
12713,2025-2026,2025-11-08,Trabzonspor,Alanyaspor,3.0,9.0,1,1,draw,4.85,3.79,1.64,-6.0,False,-10.0,T1
12718,2025-2026,2025-11-09,Fenerbahce,Kayserispor,2.0,16.0,4,2,home,12.39,6.81,1.16,-14.0,True,1.5999999999999992,T1
12719,2025-2026,2025-11-09,Samsunspor,Eyupspor,5.0,17.0,1,0,home,4.32,3.64,1.74,-12.0,True,7.4,T1
12721,2025-2026,2025-11-22,Eyupspor,Karagumruk,17.0,18.0,1,1,draw,3.99,3.53,1.84,-1.0,False,-10.0,T1
12722,2025-2026,2025-11-22,Galatasaray,Genclerbirligi,1.0,14.0,3,2,home,14.19,7.48,1.15,-13.0,True,1.4999999999999991,T1
12723,2025-2026,2025-11-23,Goztep,Kocaelispor,5.0,11.0,0,0,draw,5.16,3.57,1.66,-6.0,False,-10.0,T1
12724,2025-2026,2025-11-23,Alanyaspor,Kasimpasa,8.0,15.0,1,2,away,3.93,3.53,1.85,-7.0,False,-10.0,T1
12728,2025-2026,2025-11-24,Konyaspor,Antalyaspor,10.0,14.0,0,0,draw,4.71,3.7,1.67,-4.0,False,-10.0,T1
12729,2025-2026,2025-11-28,Kocaelispor,Genclerbirligi,10.0,15.0,1,0,home,4.05,3.3,1.89,-5.0,True,8.899999999999999,T1
12730,2025-2026,2025-11-29,Rizespor,Kayserispor,11.0,17.0,0,1,away,3.66,3.64,1.88,-6.0,False,-10.0,T1
12731,2025-2026,2025-11-29,Gaziantep,Eyupspor,6.0,17.0,1,2,away,3.86,3.59,1.85,-11.0,False,-10.0,T1
12733,2025-2026,2025-11-29,Trabzonspor,Konyaspor,3.0,11.0,3,1,home,4.66,3.89,1.65,-8.0,True,6.499999999999999,T1
12737,2025-2026,2025-12-01,Samsunspor,Alanyaspor,6.0,10.0,1,1,draw,4.12,3.53,1.8,-4.0,False,-10.0,T1
12738,2025-2026,2025-12-05,Galatasaray,Samsunspor,1.0,5.0,3,2,home,5.83,4.43,1.47,-4.0,True,4.699999999999999,T1
12739,2025-2026,2025-12-06,Eyupspor,Kayserispor,15.0,16.0,1,1,draw,3.49,3.53,1.97,-1.0,False,-10.0,T1
12740,2025-2026,2025-12-06,Konyaspor,Rizespor,11.0,12.0,1,1,draw,3.43,3.44,2.02,-1.0,False,-10.0,T1
12742,2025-2026,2025-12-07,Genclerbirligi,Karagumruk,17.0,18.0,3,0,home,3.14,3.25,2.21,-1.0,True,12.1,T1
12743,2025-2026,2025-12-07,Kocaelispor,Kasimpasa,8.0,15.0,0,0,draw,4.17,3.41,1.83,-7.0,False,-10.0,T1
12745,2025-2026,2025-12-08,Alanyaspor,Antalyaspor,10.0,15.0,0,0,draw,4.75,3.7,1.67,-5.0,False,-10.0,T1
12746,2025-2026,2025-12-08,Besiktas,Gaziantep,6.0,7.0,2,2,draw,5.69,4.57,1.46,-1.0,False,-10.0,T1
12748,2025-2026,2025-12-13,Rizespor,Eyupspor,13.0,16.0,3,0,home,3.32,3.41,2.06,-3.0,True,10.600000000000001,T1
12753,2025-2026,2025-12-14,Samsunspor,Buyuksehyr,6.0,11.0,0,2,away,3.3,3.37,2.08,-5.0,False,-10.0,T1
12754,2025-2026,2025-12-14,Trabzonspor,Besiktas,2.0,5.0,3,3,draw,2.57,3.53,2.45,-3.0,False,-10.0,T1
12755,2025-2026,2025-12-15,Fenerbahce,Konyaspor,3.0,12.0,4,0,home,10.2,5.76,1.24,-9.0,True,2.4,T1
12756,2025-2026,2025-12-19,Kocaelispor,Antalyaspor,9.0,15.0,2,1,home,5.1,3.53,1.68,-6.0,True,6.799999999999999,T1
12757,2025-2026,2025-12-20,Konyaspor,Kayserispor,12.0,16.0,1,1,draw,3.73,3.54,1.89,-4.0,False,-10.0,T1
12759,2025-2026,2025-12-20,Besiktas,Rizespor,5.0,11.0,1,0,home,4.57,3.93,1.65,-6.0,True,6.499999999999999,T1
12760,2025-2026,2025-12-21,Alanyaspor,Karagumruk,10.0,18.0,2,0,home,4.78,3.74,1.66,-8.0,True,6.6,T1
12761,2025-2026,2025-12-21,Galatasaray,Kasimpasa,2.0,14.0,3,0,home,10.84,6.58,1.2,-12.0,True,1.9999999999999996,T1
12762,2025-2026,2025-12-21,Goztep,Samsunspor,4.0,6.0,2,0,home,3.15,3.18,2.23,-2.0,True,12.3,T1
12765,2025-2026,2026-01-17,Buyuksehyr,Karagumruk,7.0,18.0,2,1,home,6.05,4.23,1.47,-11.0,True,4.699999999999999,T1
12766,2025-2026,2026-01-17,Galatasaray,Gaziantep,1.0,9.0,1,1,draw,11.95,7.04,1.17,-8.0,False,-10.0,T1
12767,2025-2026,2026-01-18,Kasimpasa,Antalyaspor,14.0,15.0,0,0,draw,3.29,3.21,2.13,-1.0,False,-10.0,T1
12771,2025-2026,2026-01-19,Konyaspor,Eyupspor,13.0,17.0,1,1,draw,5.32,3.96,1.56,-4.0,False,-10.0,T1
12772,2025-2026,2026-01-19,Besiktas,Kayserispor,5.0,16.0,1,0,home,6.51,4.77,1.39,-11.0,True,3.899999999999999,T1
12773,2025-2026,2026-01-19,Goztep,Rizespor,4.0,12.0,3,1,home,3.9,3.29,1.91,-8.0,True,9.1,T1
12774,2025-2026,2026-01-23,Trabzonspor,Kasimpasa,3.0,14.0,2,1,home,5.61,4.22,1.5,-11.0,True,5.0,T1
12776,2025-2026,2026-01-24,Samsunspor,Kocaelispor,7.0,9.0,0,0,draw,3.46,3.12,2.1,-2.0,False,-10.0,T1
12778,2025-2026,2026-01-25,Gaziantep,Konyaspor,9.0,13.0,1,1,draw,2.92,3.33,2.27,-4.0,False,-10.0,T1
12781,2025-2026,2026-01-25,Fenerbahce,Goztep,2.0,4.0,1,1,draw,7.2,4.31,1.4,-2.0,False,-10.0,T1
12785,2025-2026,2026-01-31,Alanyaspor,Eyupspor,10.0,16.0,1,3,away,6.89,4.04,1.44,-6.0,False,-10.0,T1
12786,2025-2026,2026-01-31,Buyuksehyr,Rizespor,7.0,13.0,2,2,draw,3.85,3.62,1.84,-6.0,False,-10.0,T1
12787,2025-2026,2026-01-31,Besiktas,Konyaspor,5.0,14.0,2,1,home,5.29,4.34,1.51,-9.0,True,5.1,T1
12788,2025-2026,2026-01-31,Goztep,Karagumruk,4.0,18.0,2,1,home,6.95,4.13,1.43,-14.0,True,4.299999999999999,T1
12790,2025-2026,2026-02-01,Galatasaray,Kayserispor,1.0,17.0,4,0,home,14.11,7.71,1.14,-16.0,True,1.399999999999999,T1
12797,2025-2026,2026-02-08,Besiktas,Alanyaspor,5.0,10.0,2,2,draw,5.35,4.16,1.52,-5.0,False,-10.0,T1
12799,2025-2026,2026-02-09,Fenerbahce,Genclerbirligi,2.0,11.0,3,1,home,11.27,5.87,1.21,-9.0,True,2.0999999999999996,T1
12800,2025-2026,2026-02-09,Gaziantep,Kasimpasa,9.0,16.0,2,1,home,3.56,3.34,1.97,-7.0,True,9.7,T1
12802,2025-2026,2026-02-13,Galatasaray,Eyupspor,1.0,15.0,5,1,home,16.73,8.76,1.1,-14.0,True,1.0000000000000009,T1
12803,2025-2026,2026-02-14,Genclerbirligi,Rizespor,12.0,13.0,2,2,draw,2.73,3.07,2.55,-1.0,False,-10.0,T1
12804,2025-2026,2026-02-14,Alanyaspor,Konyaspor,10.0,14.0,2,1,home,3.29,3.3,2.09,-4.0,True,10.899999999999999,T1
12807,2025-2026,2026-02-15,Goztep,Kayserispor,4.0,17.0,0,0,draw,5.59,3.75,1.56,-13.0,False,-10.0,T1
12809,2025-2026,2026-02-16,Kasimpasa,Karagumruk,16.0,18.0,3,2,home,3.94,3.41,1.87,-2.0,True,8.700000000000001,T1
12818,2025-2026,2026-02-23,Fenerbahce,Kasimpasa,2.0,16.0,1,1,draw,10.05,5.66,1.23,-14.0,False,-10.0,T1
12819,2025-2026,2026-02-27,Buyuksehyr,Konyaspor,6.0,13.0,2,0,home,4.36,3.69,1.71,-7.0,True,7.1,T1
12820,2025-2026,2026-02-27,Trabzonspor,Karagumruk,3.0,18.0,3,1,home,7.01,4.35,1.4,-15.0,True,3.999999999999999,T1
12823,2025-2026,2026-02-28,Galatasaray,Alanyaspor,1.0,11.0,3,1,home,8.56,5.35,1.27,-10.0,True,2.7,T1
12824,2025-2026,2026-02-28,Goztep,Eyupspor,5.0,15.0,0,0,draw,5.51,3.8,1.55,-10.0,False,-10.0,T1
12825,2025-2026,2026-03-01,Genclerbirligi,Kayserispor,12.0,17.0,0,0,draw,3.31,3.28,2.06,-5.0,False,-10.0,T1
12827,2025-2026,2026-03-01,Samsunspor,Gaziantep,7.0,9.0,0,0,draw,4.46,3.65,1.7,-2.0,False,-10.0,T1
12830,2025-2026,2026-03-08,Gaziantep,Karagumruk,9.0,18.0,1,1,draw,3.67,3.49,1.89,-9.0,False,-10.0,T1
12831,2025-2026,2026-03-08,Rizespor,Antalyaspor,10.0,13.0,1,0,home,5.35,3.85,1.55,-3.0,True,5.5,T1
12832,2025-2026,2026-03-08,Konyaspor,Kasimpasa,14.0,16.0,1,1,draw,3.68,3.12,2.02,-2.0,False,-10.0,T1
12833,2025-2026,2026-03-08,Fenerbahce,Samsunspor,2.0,7.0,3,2,home,6.45,4.28,1.43,-5.0,True,4.299999999999999,T1
12835,2025-2026,2026-03-09,Alanyaspor,Genclerbirligi,11.0,12.0,0,0,draw,3.94,3.43,1.83,-1.0,False,-10.0,T1
12839,2025-2026,2026-03-14,Kocaelispor,Konyaspor,7.0,13.0,1,2,away,3.25,3.0,2.24,-6.0,False,-10.0,T1
12840,2025-2026,2026-03-14,Galatasaray,Buyuksehyr,1.0,5.0,3,0,home,4.6,4.17,1.57,-4.0,True,5.700000000000001,T1
12841,2025-2026,2026-03-14,Goztep,Alanyaspor,6.0,11.0,2,2,draw,3.44,3.18,2.07,-5.0,False,-10.0,T1
12842,2025-2026,2026-03-14,Trabzonspor,Rizespor,3.0,10.0,1,0,home,4.31,3.81,1.68,-7.0,True,6.799999999999999,T1
12845,2025-2026,2026-03-15,Samsunspor,Kayserispor,9.0,17.0,2,1,home,3.82,3.38,1.89,-8.0,True,8.899999999999999,T1
12846,2025-2026,2026-03-17,Fenerbahce,Gaziantep,2.0,9.0,4,1,home,9.67,5.75,1.23,-7.0,True,2.3,T1
12848,2025-2026,2026-03-18,Buyuksehyr,Antalyaspor,6.0,15.0,0,0,draw,5.74,4.21,1.47,-9.0,False,-10.0,T1
12850,2025-2026,2026-03-19,Kayserispor,Karagumruk,17.0,18.0,1,0,home,3.65,3.42,1.9,-1.0,True,9.0,T1
12851,2025-2026,2026-03-19,Besiktas,Kasimpasa,4.0,15.0,2,1,home,7.56,4.79,1.33,-11.0,True,3.3000000000000007,T1
12852,2025-2026,2026-03-19,Konyaspor,Genclerbirligi,12.0,13.0,1,0,home,4.16,3.45,1.78,-1.0,True,7.800000000000001,T1
12854,2025-2026,2026-04-04,Kasimpasa,Kayserispor,15.0,16.0,2,0,home,3.13,3.36,2.12,-1.0,True,11.200000000000001,T1
12855,2025-2026,2026-04-04,Gaziantep,Alanyaspor,9.0,10.0,1,1,draw,2.34,3.4,2.71,-1.0,False,-10.0,T1
12858,2025-2026,2026-04-05,Samsunspor,Konyaspor,7.0,12.0,2,2,draw,3.11,3.12,2.25,-5.0,False,-10.0,T1
12859,2025-2026,2026-04-05,Antalyaspor,Eyupspor,15.0,17.0,3,0,home,3.52,3.02,2.11,-2.0,True,11.099999999999998,T1
12860,2025-2026,2026-04-05,Fenerbahce,Besiktas,3.0,4.0,1,0,home,3.34,3.63,1.94,-1.0,True,9.399999999999999,T1
12864,2025-2026,2026-04-10,Besiktas,Antalyaspor,4.0,13.0,4,2,home,8.15,5.26,1.29,-9.0,True,2.9000000000000004,T1
12865,2025-2026,2026-04-11,Buyuksehyr,Genclerbirligi,6.0,15.0,3,0,home,5.22,3.85,1.57,-9.0,True,5.700000000000001,T1
12868,2025-2026,2026-04-12,Konyaspor,Karagumruk,12.0,18.0,3,0,home,4.98,3.61,1.64,-6.0,True,6.399999999999999,T1
12869,2025-2026,2026-04-12,Goztep,Kasimpasa,6.0,14.0,3,3,draw,4.02,3.34,1.85,-8.0,False,-10.0,T1
12870,2025-2026,2026-04-12,Galatasaray,Kocaelispor,1.0,9.0,1,1,draw,11.29,5.8,1.21,-8.0,False,-10.0,T1
12874,2025-2026,2026-04-17,Fenerbahce,Rizespor,2.0,9.0,2,2,draw,7.75,5.12,1.31,-7.0,False,-10.0,T1
12880,2025-2026,2026-04-19,Trabzonspor,Buyuksehyr,3.0,6.0,1,1,draw,3.49,3.61,1.89,-3.0,False,-10.0,T1
12881,2025-2026,2026-04-20,Gaziantep,Kayserispor,11.0,17.0,3,0,home,3.1,3.39,2.11,-6.0,True,11.099999999999998,T1
12882,2025-2026,2026-04-24,Buyuksehyr,Kasimpasa,5.0,13.0,4,0,home,4.51,3.76,1.67,-8.0,True,6.699999999999999,T1
12885,2025-2026,2026-04-25,Goztep,Antalyaspor,6.0,14.0,2,0,home,4.74,3.6,1.66,-8.0,True,6.6,T1
12887,2025-2026,2026-04-26,Galatasaray,Fenerbahce,1.0,2.0,3,0,home,2.98,3.25,2.22,-1.0,True,12.200000000000003,T1
12889,2025-2026,2026-04-27,Besiktas,Karagumruk,4.0,18.0,0,0,draw,8.14,5.1,1.3,-14.0,False,-10.0,T1
12893,2025-2026,2026-05-02,Fenerbahce,Buyuksehyr,2.0,5.0,3,1,home,4.57,4.04,1.6,-3.0,True,6.000000000000001,T1
12895,2025-2026,2026-05-02,Trabzonspor,Goztep,3.0,6.0,1,1,draw,4.06,3.63,1.76,-3.0,False,-10.0,T1
12900,2025-2026,2026-05-09,Alanyaspor,Kayserispor,12.0,17.0,3,1,home,2.93,3.47,2.18,-5.0,True,11.8,T1
12902,2025-2026,2026-05-09,Buyuksehyr,Samsunspor,6.0,7.0,3,0,home,3.68,3.58,1.87,-1.0,True,8.700000000000001,T1
12904,2025-2026,2026-05-09,Galatasaray,Antalyaspor,1.0,15.0,4,2,home,12.91,7.25,1.15,-14.0,True,1.4999999999999991,T1
12906,2025-2026,2026-05-09,Goztep,Gaziantep,6.0,12.0,2,1,home,5.77,4.09,1.49,-6.0,True,4.9,T1
12907,2025-2026,2026-05-09,Kocaelispor,Karagumruk,11.0,18.0,0,1,away,3.72,3.33,1.9,-7.0,False,-10.0,T1
12915,2025-2026,2026-05-17,Fenerbahce,Eyupspor,2.0,13.0,3,3,draw,9.53,5.9,1.23,-11.0,False,-10.0,T1
12917,2025-2026,2026-05-17,Trabzonspor,Genclerbirligi,3.0,16.0,0,3,away,2.15,3.55,2.96,-13.0,False,-10.0,T1
13909,2025-2026,2025-10-05,Levadeiakos,Panetolikos,6.0,12.0,6,0,home,5.26,3.35,1.66,-6.0,True,6.6,G1
13916,2025-2026,2025-10-19,Volos NFC,Panserraikos,6.0,12.0,2,1,home,4.51,3.64,1.68,-6.0,True,6.799999999999999,G1
13917,2025-2026,2025-10-19,Aris,Panathinaikos,6.0,7.0,1,1,draw,2.22,3.15,3.08,-1.0,False,-10.0,G1
13918,2025-2026,2025-10-19,AEK,PAOK,2.0,3.0,0,2,away,2.98,3.11,2.3,-1.0,False,-10.0,G1
13919,2025-2026,2025-10-25,Kifisia,Panetolikos,8.0,9.0,1,1,draw,4.05,3.3,1.85,-1.0,False,-10.0,G1
13920,2025-2026,2025-10-25,Panserraikos,Larisa,12.0,13.0,0,2,away,2.96,3.22,2.26,-1.0,False,-10.0,G1
13922,2025-2026,2025-10-26,Levadeiakos,Aris,5.0,6.0,1,1,draw,2.58,3.15,2.56,-1.0,False,-10.0,G1
13923,2025-2026,2025-10-26,Panathinaikos,Asteras Tripolis,8.0,14.0,2,0,home,10.06,5.57,1.23,-6.0,True,2.3,G1
13924,2025-2026,2025-10-26,PAOK,Volos NFC,1.0,6.0,3,0,home,9.25,5.19,1.27,-5.0,True,2.7,G1
13925,2025-2026,2025-10-26,Olympiakos,AEK,2.0,3.0,2,0,home,4.17,3.48,1.77,-1.0,True,7.7,G1
13927,2025-2026,2025-11-01,Atromitos,Kifisia,8.0,9.0,1,2,away,3.16,3.12,2.2,-1.0,False,-10.0,G1
13928,2025-2026,2025-11-01,Olympiakos,Aris,2.0,8.0,2,1,home,9.56,4.72,1.29,-6.0,True,2.9000000000000004,G1
13931,2025-2026,2025-11-02,AEK,Panetolikos,3.0,10.0,1,0,home,12.41,6.13,1.18,-7.0,True,1.7999999999999994,G1
13933,2025-2026,2025-11-08,Panetolikos,Larisa,10.0,11.0,3,0,home,3.21,3.13,2.18,-1.0,True,11.8,G1
13934,2025-2026,2025-11-09,Aris,Asteras Tripolis,8.0,12.0,0,0,draw,4.71,3.5,1.69,-4.0,False,-10.0,G1
13936,2025-2026,2025-11-09,Levadeiakos,Panserraikos,4.0,14.0,5,2,home,7.08,4.35,1.4,-10.0,True,3.999999999999999,G1
13941,2025-2026,2025-11-22,Olympiakos,Atromitos,1.0,10.0,3,0,home,16.5,7.02,1.13,-9.0,True,1.299999999999999,G1
13943,2025-2026,2025-11-23,PAOK,Kifisia,2.0,8.0,3,0,home,11.92,5.99,1.19,-6.0,True,1.8999999999999995,G1
13944,2025-2026,2025-11-23,AEK,Aris,3.0,7.0,1,0,home,6.83,4.03,1.44,-4.0,True,4.3999999999999995,G1
13946,2025-2026,2025-11-24,Larisa,OFI Crete,12.0,13.0,1,2,away,2.98,3.23,2.24,-1.0,False,-10.0,G1
13948,2025-2026,2025-11-29,Aris,Larisa,7.0,13.0,2,1,home,5.53,3.72,1.56,-6.0,True,5.6000000000000005,G1
13949,2025-2026,2025-11-29,Kifisia,Panserraikos,8.0,14.0,3,0,home,5.55,3.95,1.52,-6.0,True,5.2,G1
13950,2025-2026,2025-11-30,Atromitos,Asteras Tripolis,10.0,12.0,0,1,away,3.3,3.1,2.15,-2.0,False,-10.0,G1
13954,2025-2026,2025-12-06,Olympiakos,OFI Crete,1.0,12.0,3,0,home,16.34,7.95,1.11,-11.0,True,1.100000000000001,G1
13955,2025-2026,2025-12-06,Volos NFC,Kifisia,5.0,8.0,1,1,draw,3.45,3.19,2.06,-3.0,False,-10.0,G1
13958,2025-2026,2025-12-07,PAOK,Aris,2.0,8.0,3,1,home,6.28,3.96,1.47,-6.0,True,4.699999999999999,G1
13959,2025-2026,2025-12-07,AEK,Atromitos,3.0,11.0,4,1,home,10.75,5.23,1.24,-8.0,True,2.4,G1
13961,2025-2026,2025-12-13,Levadeiakos,Larisa,4.0,13.0,3,0,home,7.31,4.41,1.37,-9.0,True,3.700000000000001,G1
13962,2025-2026,2025-12-13,OFI Crete,Panserraikos,12.0,14.0,3,0,home,3.87,3.37,1.86,-2.0,True,8.600000000000001,G1
13963,2025-2026,2025-12-13,Kifisia,Asteras Tripolis,7.0,10.0,0,0,draw,3.53,3.24,1.99,-3.0,False,-10.0,G1
13969,2025-2026,2025-12-20,Volos NFC,Panetolikos,6.0,9.0,1,0,home,4.0,3.21,1.89,-3.0,True,8.899999999999999,G1
13970,2025-2026,2025-12-20,Olympiakos,Kifisia,1.0,8.0,1,1,draw,16.38,7.49,1.12,-7.0,False,-10.0,G1
13972,2025-2026,2025-12-21,PAOK,Panathinaikos,3.0,6.0,2,0,home,3.6,3.26,1.96,-3.0,True,9.6,G1
13973,2025-2026,2025-12-21,AEK,OFI Crete,3.0,12.0,2,1,home,14.16,6.7,1.15,-9.0,True,1.4999999999999991,G1
13975,2025-2026,2026-01-10,Kifisia,Larisa,8.0,13.0,1,1,draw,4.99,3.71,1.61,-5.0,False,-10.0,G1
13978,2025-2026,2026-01-11,Levadeiakos,Volos NFC,4.0,5.0,3,1,home,5.0,3.65,1.62,-1.0,True,6.200000000000001,G1
13981,2025-2026,2026-01-11,Panathinaikos,Panserraikos,6.0,14.0,3,0,home,16.88,7.57,1.11,-8.0,True,1.100000000000001,G1
13984,2025-2026,2026-01-18,PAOK,OFI Crete,2.0,9.0,3,0,home,15.44,7.5,1.12,-7.0,True,1.200000000000001,G1
13985,2025-2026,2026-01-18,AEK,Panathinaikos,3.0,5.0,4,0,home,3.6,3.25,1.97,-2.0,True,9.7,G1
13987,2025-2026,2026-01-19,Volos NFC,Atromitos,6.0,12.0,0,3,away,3.54,3.12,2.03,-6.0,False,-10.0,G1
13988,2025-2026,2026-01-24,Olympiakos,Volos NFC,3.0,6.0,1,0,home,16.0,6.82,1.14,-3.0,True,1.399999999999999,G1
13990,2025-2026,2026-01-24,Larisa,Panserraikos,13.0,14.0,1,0,home,4.78,3.23,1.75,-1.0,True,7.5,G1
13992,2025-2026,2026-01-25,OFI Crete,Panetolikos,11.0,12.0,1,0,home,3.7,3.21,1.97,-1.0,True,9.7,G1
13996,2025-2026,2026-01-31,Volos NFC,Larisa,7.0,11.0,0,2,away,3.56,3.13,2.05,-4.0,False,-10.0,G1
13997,2025-2026,2026-02-01,Levadeiakos,Asteras Tripolis,4.0,13.0,3,1,home,5.73,3.7,1.55,-9.0,True,5.5,G1
13998,2025-2026,2026-02-01,Panathinaikos,Kifisia,5.0,9.0,3,0,home,8.58,4.74,1.32,-4.0,True,3.2000000000000006,G1
13999,2025-2026,2026-02-01,PAOK,Panserraikos,3.0,14.0,4,1,home,25.64,10.61,1.05,-11.0,True,0.5000000000000004,G1
14000,2025-2026,2026-02-01,AEK,Olympiakos,2.0,3.0,1,1,draw,2.62,3.05,2.62,-1.0,False,-10.0,G1
14002,2025-2026,2026-02-07,Larisa,Panetolikos,10.0,12.0,1,4,away,4.64,3.31,1.75,-2.0,False,-10.0,G1
14004,2025-2026,2026-02-07,Kifisia,Atromitos,9.0,12.0,0,1,away,2.93,3.03,2.4,-3.0,False,-10.0,G1
14008,2025-2026,2026-02-08,Olympiakos,Panathinaikos,2.0,5.0,0,1,away,5.98,3.81,1.51,-3.0,False,-10.0,G1
14009,2025-2026,2026-02-14,Panetolikos,Asteras Tripolis,12.0,13.0,3,1,home,2.19,3.01,3.29,-1.0,True,22.9,G1
14014,2025-2026,2026-02-15,Panathinaikos,Larisa,5.0,12.0,1,1,draw,8.93,4.58,1.31,-7.0,False,-10.0,G1
14015,2025-2026,2026-02-16,Atromitos,Panserraikos,10.0,14.0,2,2,draw,6.77,3.92,1.45,-4.0,False,-10.0,G1
14017,2025-2026,2026-02-21,Olympiakos,Panetolikos,2.0,10.0,2,0,home,20.12,8.16,1.09,-8.0,True,0.9000000000000008,G1
14021,2025-2026,2026-02-22,Aris,Kifisia,6.0,12.0,1,1,draw,4.71,3.35,1.73,-6.0,False,-10.0,G1
14022,2025-2026,2026-02-22,AEK,Levadeiakos,2.0,4.0,4,0,home,7.23,4.21,1.4,-2.0,True,3.999999999999999,G1
14023,2025-2026,2026-02-28,OFI Crete,Larisa,8.0,11.0,3,0,home,2.8,2.99,2.48,-3.0,True,14.8,G1
14024,2025-2026,2026-02-28,Atromitos,Panetolikos,9.0,11.0,1,0,home,4.0,3.07,1.93,-2.0,True,9.299999999999999,G1
14028,2025-2026,2026-03-01,PAOK,Asteras Tripolis,3.0,13.0,2,0,home,9.97,5.14,1.24,-10.0,True,2.4,G1
14029,2025-2026,2026-03-01,Panathinaikos,Aris,5.0,6.0,3,1,home,4.34,3.1,1.83,-1.0,True,8.3,G1
14030,2025-2026,2026-03-04,Panathinaikos,OFI Crete,5.0,7.0,4,1,home,7.25,4.27,1.38,-2.0,True,3.799999999999999,G1
14032,2025-2026,2026-03-07,Aris,Atromitos,6.0,8.0,0,0,draw,4.0,3.14,1.91,-2.0,False,-10.0,G1
14033,2025-2026,2026-03-07,AEK,Larisa,3.0,12.0,1,0,home,11.62,5.54,1.21,-9.0,True,2.0999999999999996,G1
14034,2025-2026,2026-03-08,Asteras Tripolis,Panserraikos,13.0,14.0,0,1,away,6.4,3.77,1.48,-1.0,False,-10.0,G1
14041,2025-2026,2026-03-14,Larisa,Asteras Tripolis,12.0,13.0,1,1,draw,3.06,2.98,2.31,-1.0,False,-10.0,G1
14043,2025-2026,2026-03-15,PAOK,Levadeiakos,3.0,5.0,3,0,home,8.43,4.77,1.3,-2.0,True,3.0000000000000004,G1
14045,2025-2026,2026-03-15,Panathinaikos,Panetolikos,4.0,11.0,0,0,draw,9.32,4.79,1.29,-7.0,False,-10.0,G1
14046,2025-2026,2026-03-22,AEK,Kifisia,3.0,10.0,3,0,home,14.67,6.43,1.15,-7.0,True,1.4999999999999991,G1
14047,2025-2026,2026-03-22,Aris,OFI Crete,6.0,8.0,0,2,away,5.32,3.63,1.58,-2.0,False,-10.0,G1
14049,2025-2026,2026-03-22,Levadeiakos,Atromitos,5.0,8.0,1,0,home,3.47,3.18,2.03,-3.0,True,10.299999999999997,G1
14050,2025-2026,2026-03-22,Olympiakos,Larisa,3.0,12.0,0,0,draw,13.64,5.86,1.18,-9.0,False,-10.0,G1
14051,2025-2026,2026-03-22,Panetolikos,Panserraikos,11.0,14.0,0,0,draw,4.16,3.21,1.84,-3.0,False,-10.0,G1
14053,2025-2026,2026-04-04,Kifisia,Panserraikos,10.0,14.0,1,2,away,5.07,3.71,1.59,-4.0,False,-10.0,G1
14056,2025-2026,2026-04-05,Levadeiakos,Aris,5.0,9.0,1,1,draw,2.95,3.08,2.32,-4.0,False,-10.0,G1
14058,2025-2026,2026-04-05,PAOK,Panathinaikos,3.0,4.0,0,0,draw,4.83,3.45,1.67,-1.0,False,-10.0,G1
14062,2025-2026,2026-04-08,Atromitos,Kifisia,9.0,11.0,0,0,draw,3.52,3.29,1.98,-2.0,False,-10.0,G1
14063,2025-2026,2026-04-18,Kifisia,Asteras Tripolis,11.0,13.0,0,0,draw,3.76,3.18,1.95,-2.0,False,-10.0,G1
14064,2025-2026,2026-04-18,Atromitos,Larisa,8.0,12.0,3,2,home,3.91,3.06,1.96,-4.0,True,9.6,G1
14067,2025-2026,2026-04-18,Panetolikos,Panserraikos,10.0,14.0,2,3,away,4.6,3.24,1.76,-4.0,False,-10.0,G1
14068,2025-2026,2026-04-19,AEK,PAOK,1.0,2.0,3,0,home,3.12,3.11,2.22,-1.0,True,12.200000000000003,G1
14073,2025-2026,2026-04-26,Kifisia,Panetolikos,10.0,11.0,0,0,draw,3.63,3.09,2.01,-1.0,False,-10.0,G1
14074,2025-2026,2026-04-26,Atromitos,Asteras Tripolis,6.0,12.0,2,1,home,3.16,2.99,2.24,-6.0,True,12.400000000000002,G1
14075,2025-2026,2026-04-26,Larisa,Panserraikos,13.0,14.0,0,1,away,4.04,3.2,1.86,-1.0,False,-10.0,G1
14077,2025-2026,2026-05-02,Panserraikos,Larisa,12.0,14.0,1,1,draw,2.51,3.03,2.71,-2.0,False,-10.0,G1
14079,2025-2026,2026-05-03,Levadeiakos,Volos NFC,5.0,10.0,5,2,home,4.59,3.55,1.67,-5.0,True,6.699999999999999,G1
14080,2025-2026,2026-05-03,OFI Crete,Aris,7.0,8.0,0,2,away,2.14,3.2,3.14,-1.0,False,-10.0,G1
14085,2025-2026,2026-05-09,Atromitos,Panetolikos,6.0,11.0,1,2,away,3.16,3.2,2.13,-5.0,False,-10.0,G1
14086,2025-2026,2026-05-10,Aris,OFI Crete,7.0,9.0,3,1,home,5.18,3.56,1.61,-2.0,True,6.100000000000001,G1
14088,2025-2026,2026-05-10,AEK,Panathinaikos,1.0,4.0,2,1,home,6.18,3.81,1.48,-3.0,True,4.8,G1
14090,2025-2026,2026-05-12,Asteras Tripolis,Panserraikos,12.0,13.0,1,0,home,4.36,3.31,1.78,-1.0,True,7.800000000000001,G1
14092,2025-2026,2026-05-12,Panetolikos,Larisa,10.0,14.0,1,1,draw,3.13,3.08,2.21,-4.0,False,-10.0,G1
14093,2025-2026,2026-05-13,Levadeiakos,OFI Crete,5.0,9.0,3,2,home,4.66,3.89,1.6,-4.0,True,6.000000000000001,G1
14095,2025-2026,2026-05-13,Olympiakos,Panathinaikos,3.0,5.0,1,0,home,7.59,4.21,1.38,-2.0,True,3.799999999999999,G1
14101,2025-2026,2026-05-17,OFI Crete,Volos NFC,9.0,12.0,3,1,home,3.53,3.59,1.85,-3.0,True,8.5,G1
14102,2025-2026,2026-05-17,AEK,Olympiakos,1.0,2.0,1,1,draw,2.22,3.15,3.01,-1.0,False,-10.0,G1
14104,2025-2026,2026-05-21,Atromitos,Panserraikos,7.0,14.0,6,0,home,5.28,3.71,1.57,-7.0,True,5.700000000000001,G1
14105,2025-2026,2026-05-21,Kifisia,Larisa,9.0,13.0,3,2,home,2.98,3.13,2.22,-4.0,True,12.200000000000003,G1
14106,2025-2026,2026-05-21,Panetolikos,Asteras Tripolis,10.0,11.0,1,2,away,2.9,3.13,2.29,-1.0,False,-10.0,G1
15050,2025-2026,2025-09-27,Celtic,Hibernian,1.0,4.0,0,0,draw,9.43,5.75,1.26,-3.0,False,-10.0,SC0
15051,2025-2026,2025-09-27,Dundee United,Kilmarnock,3.0,10.0,0,2,away,3.36,3.4,2.08,-7.0,False,-10.0,SC0
15052,2025-2026,2025-09-27,Hearts,Falkirk,2.0,9.0,3,0,home,5.07,4.01,1.6,-7.0,True,6.000000000000001,SC0
15053,2025-2026,2025-09-27,St Mirren,Dundee,6.0,7.0,1,0,home,5.42,3.92,1.58,-1.0,True,5.800000000000001,SC0
15054,2025-2026,2025-09-27,Motherwell,Aberdeen,8.0,12.0,2,0,home,3.2,3.43,2.14,-4.0,True,11.400000000000002,SC0
15055,2025-2026,2025-09-28,Livingston,Rangers,9.0,11.0,1,2,away,1.66,3.94,4.58,-2.0,False,-10.0,SC0
15056,2025-2026,2025-10-04,Dundee United,Livingston,5.0,10.0,1,1,draw,3.7,3.52,1.93,-5.0,False,-10.0,SC0
15058,2025-2026,2025-10-04,Hearts,Hibernian,1.0,7.0,1,0,home,4.05,3.64,1.82,-6.0,True,8.200000000000001,SC0
15060,2025-2026,2025-10-05,Celtic,Motherwell,2.0,6.0,3,2,home,12.21,6.97,1.19,-4.0,True,1.8999999999999995,SC0
15062,2025-2026,2025-10-18,Hibernian,Livingston,7.0,9.0,4,0,home,5.6,4.24,1.52,-2.0,True,5.2,SC0
15063,2025-2026,2025-10-18,Motherwell,Falkirk,7.0,9.0,1,2,away,3.57,3.63,1.94,-2.0,False,-10.0,SC0
15065,2025-2026,2025-10-18,St Mirren,Aberdeen,7.0,12.0,0,1,away,2.81,3.31,2.42,-5.0,False,-10.0,SC0
15068,2025-2026,2025-10-25,Dundee United,St Mirren,4.0,7.0,3,1,home,2.96,3.42,2.27,-3.0,True,12.7,SC0
15069,2025-2026,2025-10-25,Falkirk,Dundee,7.0,9.0,2,1,home,4.7,3.88,1.67,-2.0,True,6.699999999999999,SC0
15071,2025-2026,2025-10-26,Hearts,Celtic,1.0,2.0,3,1,home,2.1,3.58,3.19,-1.0,True,21.9,SC0
15074,2025-2026,2025-10-29,Celtic,Falkirk,2.0,6.0,4,0,home,14.47,7.66,1.15,-4.0,True,1.4999999999999991,SC0
15075,2025-2026,2025-10-29,Hibernian,Rangers,3.0,5.0,0,1,away,2.29,3.56,2.82,-2.0,False,-10.0,SC0
15076,2025-2026,2025-10-29,Kilmarnock,Aberdeen,8.0,11.0,0,1,away,2.48,3.33,2.73,-3.0,False,-10.0,SC0
15079,2025-2026,2025-11-01,Falkirk,Kilmarnock,7.0,8.0,3,1,home,3.32,3.57,2.04,-1.0,True,10.4,SC0
15080,2025-2026,2025-11-01,Hearts,Dundee,1.0,11.0,4,0,home,9.81,5.46,1.27,-10.0,True,2.7,SC0
15082,2025-2026,2025-11-08,Falkirk,Livingston,5.0,12.0,1,1,draw,3.83,3.64,1.87,-7.0,False,-10.0,SC0
15086,2025-2026,2025-11-09,Hearts,Dundee United,1.0,7.0,1,1,draw,6.81,4.63,1.41,-6.0,False,-10.0,SC0
15087,2025-2026,2025-11-09,Celtic,Kilmarnock,2.0,9.0,4,0,home,14.38,7.58,1.15,-7.0,True,1.4999999999999991,SC0
15089,2025-2026,2025-11-22,Hibernian,Dundee,4.0,11.0,2,0,home,8.83,5.04,1.32,-7.0,True,3.2000000000000006,SC0
15091,2025-2026,2025-11-22,Rangers,Livingston,6.0,12.0,2,1,home,10.54,5.72,1.25,-6.0,True,2.5,SC0
15099,2025-2026,2025-11-30,Rangers,Falkirk,5.0,6.0,0,0,draw,7.4,4.99,1.36,-1.0,False,-10.0,SC0
15101,2025-2026,2025-12-03,Aberdeen,St Mirren,7.0,11.0,3,3,draw,3.15,3.32,2.2,-4.0,False,-10.0,SC0
15102,2025-2026,2025-12-03,Celtic,Dundee,2.0,9.0,1,0,home,20.81,9.84,1.09,-7.0,True,0.9000000000000008,SC0
15105,2025-2026,2025-12-03,Hearts,Kilmarnock,2.0,11.0,1,1,draw,8.39,4.81,1.34,-9.0,False,-10.0,SC0
15107,2025-2026,2025-12-06,Hibernian,Falkirk,5.0,7.0,3,0,home,5.25,4.02,1.58,-2.0,True,5.800000000000001,SC0
15108,2025-2026,2025-12-06,Motherwell,Livingston,4.0,12.0,3,0,home,4.68,3.75,1.69,-8.0,True,6.8999999999999995,SC0
15115,2025-2026,2025-12-14,Aberdeen,Kilmarnock,6.0,11.0,2,1,home,4.5,3.53,1.76,-5.0,True,7.6,SC0
15116,2025-2026,2025-12-15,Rangers,Hibernian,4.0,5.0,1,0,home,3.94,3.57,1.85,-1.0,True,8.5,SC0
15120,2025-2026,2025-12-20,Motherwell,Dundee,4.0,10.0,1,0,home,6.23,4.39,1.47,-6.0,True,4.699999999999999,SC0
15121,2025-2026,2025-12-20,St Mirren,Livingston,9.0,12.0,1,0,home,4.14,3.55,1.82,-3.0,True,8.200000000000001,SC0
15122,2025-2026,2025-12-21,Hearts,Rangers,1.0,4.0,2,1,home,3.35,3.38,2.09,-3.0,True,10.899999999999999,SC0
15123,2025-2026,2025-12-21,Celtic,Aberdeen,2.0,6.0,3,1,home,7.84,5.46,1.32,-4.0,True,3.2000000000000006,SC0
15128,2025-2026,2025-12-27,St Mirren,Kilmarnock,9.0,11.0,0,0,draw,4.37,3.53,1.77,-2.0,False,-10.0,SC0
15129,2025-2026,2025-12-27,Aberdeen,Dundee United,6.0,8.0,1,1,draw,3.86,3.59,1.85,-2.0,False,-10.0,SC0
15130,2025-2026,2025-12-30,Dundee,Kilmarnock,10.0,11.0,2,1,home,2.59,3.12,2.73,-1.0,True,17.3,SC0
15131,2025-2026,2025-12-30,Hibernian,Aberdeen,5.0,6.0,2,0,home,3.93,3.58,1.86,-1.0,True,8.600000000000001,SC0
15133,2025-2026,2025-12-30,Rangers,St Mirren,3.0,10.0,2,1,home,5.39,3.94,1.58,-7.0,True,5.800000000000001,SC0
15135,2025-2026,2026-01-03,Celtic,Rangers,2.0,3.0,1,3,away,3.55,3.78,1.9,-1.0,False,-10.0,SC0
15136,2025-2026,2026-01-03,Dundee United,Dundee,6.0,9.0,0,1,away,4.04,3.61,1.82,-3.0,False,-10.0,SC0
15138,2025-2026,2026-01-03,Hearts,Livingston,1.0,12.0,1,0,home,8.67,5.04,1.32,-11.0,True,3.2000000000000006,SC0
15140,2025-2026,2026-01-03,Motherwell,St Mirren,5.0,10.0,2,0,home,3.76,3.26,2.0,-5.0,True,10.0,SC0
15141,2025-2026,2026-01-06,Rangers,Aberdeen,3.0,8.0,2,0,home,5.89,4.21,1.51,-5.0,True,5.1,SC0
15142,2025-2026,2026-01-10,Celtic,Dundee United,3.0,7.0,4,0,home,8.97,5.98,1.26,-4.0,True,2.6,SC0
15149,2025-2026,2026-01-14,Hearts,St Mirren,1.0,10.0,2,0,home,7.37,4.39,1.41,-9.0,True,4.1,SC0
15151,2025-2026,2026-01-24,Aberdeen,Livingston,8.0,12.0,6,2,home,4.4,3.62,1.75,-4.0,True,7.5,SC0
15153,2025-2026,2026-01-24,Motherwell,Kilmarnock,4.0,11.0,4,0,home,6.41,4.13,1.47,-7.0,True,4.699999999999999,SC0
15154,2025-2026,2026-01-25,Hearts,Celtic,1.0,2.0,2,2,draw,2.23,3.39,3.03,-1.0,False,-10.0,SC0
15155,2025-2026,2026-01-25,Rangers,Dundee,3.0,9.0,3,0,home,11.27,5.77,1.23,-6.0,True,2.3,SC0
15161,2025-2026,2026-02-01,Celtic,Falkirk,3.0,6.0,2,0,home,8.88,5.49,1.28,-3.0,True,2.8000000000000003,SC0
15163,2025-2026,2026-02-04,Hibernian,Dundee United,5.0,8.0,3,2,home,5.43,3.92,1.58,-3.0,True,5.800000000000001,SC0
15165,2025-2026,2026-02-04,Rangers,Kilmarnock,3.0,11.0,5,1,home,9.6,5.31,1.28,-8.0,True,2.8000000000000003,SC0
15166,2025-2026,2026-02-10,Hearts,Hibernian,1.0,5.0,1,0,home,4.25,3.45,1.83,-4.0,True,8.3,SC0
15167,2025-2026,2026-02-11,Celtic,Livingston,3.0,12.0,2,1,home,15.38,7.75,1.14,-9.0,True,1.399999999999999,SC0
15168,2025-2026,2026-02-11,Falkirk,Dundee,6.0,10.0,1,0,home,4.86,3.67,1.68,-4.0,True,6.799999999999999,SC0
15171,2025-2026,2026-02-14,Dundee,Livingston,10.0,12.0,2,2,draw,3.43,3.26,2.1,-2.0,False,-10.0,SC0
15172,2025-2026,2026-02-14,Falkirk,Dundee United,6.0,8.0,2,3,away,3.94,3.62,1.84,-2.0,False,-10.0,SC0
15173,2025-2026,2026-02-14,Hibernian,St Mirren,5.0,10.0,2,0,home,4.01,3.51,1.85,-5.0,True,8.5,SC0
15175,2025-2026,2026-02-15,Motherwell,Aberdeen,4.0,7.0,2,0,home,5.13,4.02,1.58,-3.0,True,5.800000000000001,SC0
15177,2025-2026,2026-02-21,Aberdeen,Dundee,8.0,9.0,2,3,away,3.78,3.47,1.91,-1.0,False,-10.0,SC0
15178,2025-2026,2026-02-21,Dundee United,Kilmarnock,7.0,11.0,1,1,draw,3.6,3.52,1.95,-4.0,False,-10.0,SC0
15179,2025-2026,2026-02-21,Hearts,Falkirk,1.0,6.0,1,0,home,5.07,3.83,1.62,-5.0,True,6.200000000000001,SC0
15181,2025-2026,2026-02-22,Celtic,Hibernian,3.0,5.0,1,2,away,6.36,4.64,1.42,-2.0,False,-10.0,SC0
15183,2025-2026,2026-02-24,Dundee United,Aberdeen,7.0,8.0,0,0,draw,3.24,3.4,2.13,-1.0,False,-10.0,SC0
15185,2025-2026,2026-02-28,Falkirk,Kilmarnock,6.0,11.0,5,1,home,4.59,3.78,1.68,-5.0,True,6.799999999999999,SC0
15186,2025-2026,2026-02-28,Hearts,Aberdeen,1.0,8.0,1,0,home,7.34,4.52,1.39,-7.0,True,3.899999999999999,SC0
15188,2025-2026,2026-02-28,Motherwell,Dundee United,4.0,7.0,2,0,home,6.2,4.26,1.47,-3.0,True,4.699999999999999,SC0
15189,2025-2026,2026-03-01,Rangers,Celtic,2.0,3.0,2,2,draw,3.03,3.57,2.13,-1.0,False,-10.0,SC0
15190,2025-2026,2026-03-03,Dundee United,St Mirren,7.0,10.0,2,1,home,2.93,3.19,2.38,-3.0,True,13.799999999999999,SC0
15194,2025-2026,2026-03-14,Celtic,Motherwell,2.0,4.0,3,1,home,4.67,3.97,1.63,-2.0,True,6.299999999999999,SC0
15195,2025-2026,2026-03-14,Hibernian,Livingston,5.0,12.0,0,0,draw,6.66,4.64,1.4,-7.0,False,-10.0,SC0
15199,2025-2026,2026-03-21,Falkirk,St Mirren,6.0,10.0,1,2,away,3.95,3.47,1.85,-4.0,False,-10.0,SC0
15200,2025-2026,2026-03-21,Hearts,Dundee,1.0,8.0,1,0,home,7.19,4.49,1.39,-7.0,True,3.899999999999999,SC0
15201,2025-2026,2026-03-21,Kilmarnock,Livingston,11.0,12.0,2,0,home,3.74,3.56,1.88,-1.0,True,8.799999999999999,SC0
15202,2025-2026,2026-03-21,Motherwell,Hibernian,4.0,5.0,0,0,draw,3.9,3.49,1.87,-1.0,False,-10.0,SC0
15203,2025-2026,2026-03-21,Rangers,Aberdeen,3.0,9.0,4,1,home,9.12,5.43,1.28,-6.0,True,2.8000000000000003,SC0
15205,2025-2026,2026-04-04,Hibernian,Kilmarnock,5.0,11.0,3,0,home,5.69,4.24,1.5,-6.0,True,5.0,SC0
15206,2025-2026,2026-04-04,Motherwell,Falkirk,4.0,6.0,2,3,away,4.16,3.57,1.79,-2.0,False,-10.0,SC0
15207,2025-2026,2026-04-04,Rangers,Dundee United,2.0,7.0,4,2,home,10.56,6.0,1.22,-5.0,True,2.1999999999999997,SC0
15212,2025-2026,2026-04-11,Celtic,St Mirren,3.0,10.0,1,0,home,8.52,5.47,1.28,-7.0,True,2.8000000000000003,SC0
15213,2025-2026,2026-04-11,Dundee United,Livingston,7.0,12.0,3,2,home,5.04,3.94,1.6,-5.0,True,6.000000000000001,SC0
15214,2025-2026,2026-04-11,Hearts,Motherwell,1.0,4.0,3,1,home,3.68,3.41,1.95,-3.0,True,9.5,SC0
15217,2025-2026,2026-04-25,Aberdeen,Kilmarnock,8.0,11.0,1,0,home,3.48,3.51,1.97,-3.0,True,9.7,SC0
15218,2025-2026,2026-04-25,St Mirren,Livingston,10.0,12.0,0,2,away,4.81,3.81,1.65,-2.0,False,-10.0,SC0
15219,2025-2026,2026-04-25,Celtic,Falkirk,3.0,6.0,3,1,home,6.18,4.76,1.42,-3.0,True,4.199999999999999,SC0
15220,2025-2026,2026-04-26,Dundee United,Dundee,7.0,9.0,3,0,home,3.34,3.58,2.0,-2.0,True,10.0,SC0
15221,2025-2026,2026-04-26,Rangers,Motherwell,3.0,4.0,2,3,away,5.49,4.33,1.5,-1.0,False,-10.0,SC0
15224,2025-2026,2026-05-02,Dundee,St Mirren,9.0,10.0,1,0,home,2.72,3.26,2.46,-1.0,True,14.6,SC0
15228,2025-2026,2026-05-04,Hearts,Rangers,1.0,3.0,2,1,home,2.39,3.45,2.68,-2.0,True,16.8,SC0
15230,2025-2026,2026-05-09,Dundee,Livingston,9.0,12.0,3,0,home,4.11,3.71,1.77,-3.0,True,7.7,SC0
15234,2025-2026,2026-05-10,Celtic,Rangers,2.0,3.0,3,1,home,3.19,3.67,2.04,-1.0,True,10.4,SC0
15235,2025-2026,2026-05-12,Aberdeen,St Mirren,8.0,11.0,0,2,away,3.1,3.41,2.18,-3.0,False,-10.0,SC0
15236,2025-2026,2026-05-12,Dundee United,Livingston,7.0,12.0,0,0,draw,4.37,3.95,1.69,-5.0,False,-10.0,SC0
15238,2025-2026,2026-05-13,Hearts,Falkirk,1.0,6.0,3,0,home,6.82,4.6,1.4,-5.0,True,3.999999999999999,SC0
15240,2025-2026,2026-05-13,Rangers,Hibernian,3.0,5.0,1,2,away,5.62,4.52,1.48,-2.0,False,-10.0,SC0
